Simulator report for Datapath_pipelining
Tue Dec 03 10:04:02 2024
Quartus II 64-Bit Version 13.0.1 Build 232 06/12/2013 Service Pack 1 SJ Web Edition


---------------------
; Table of Contents ;
---------------------
  1. Legal Notice
  2. Simulator Summary
  3. Simulator Settings
  4. Simulation Waveforms
  5. Coverage Summary
  6. Complete 1/0-Value Coverage
  7. Missing 1-Value Coverage
  8. Missing 0-Value Coverage
  9. Simulator INI Usage
 10. Simulator Messages



----------------
; Legal Notice ;
----------------
Copyright (C) 1991-2013 Altera Corporation
Your use of Altera Corporation's design tools, logic functions 
and other software and tools, and its AMPP partner logic 
functions, and any output files from any of the foregoing 
(including device programming or simulation files), and any 
associated documentation or information are expressly subject 
to the terms and conditions of the Altera Program License 
Subscription Agreement, Altera MegaCore Function License 
Agreement, or other applicable license agreement, including, 
without limitation, that your use is for the sole purpose of 
programming logic devices manufactured by Altera and sold by 
Altera or its authorized distributors.  Please refer to the 
applicable agreement for further details.



+--------------------------------------------+
; Simulator Summary                          ;
+-----------------------------+--------------+
; Type                        ; Value        ;
+-----------------------------+--------------+
; Simulation Start Time       ; 0 ps         ;
; Simulation End Time         ; 1.0 us       ;
; Simulation Netlist Size     ; 639 nodes    ;
; Simulation Coverage         ;      79.03 % ;
; Total Number of Transitions ; 8312         ;
; Simulation Breakpoints      ; 0            ;
; Family                      ; Cyclone II   ;
+-----------------------------+--------------+


+------------------------------------------------------------------------------------------------------------------------------------------------------------------------------------------------------+
; Simulator Settings                                                                                                                                                                                   ;
+--------------------------------------------------------------------------------------------+-----------------------------------------------------------------------------------------+---------------+
; Option                                                                                     ; Setting                                                                                 ; Default Value ;
+--------------------------------------------------------------------------------------------+-----------------------------------------------------------------------------------------+---------------+
; Simulation mode                                                                            ; Functional                                                                              ; Timing        ;
; Start time                                                                                 ; 0 ns                                                                                    ; 0 ns          ;
; Simulation results format                                                                  ; VWF                                                                                     ;               ;
; Vector input source                                                                        ; D:/Documents/HK5/Thiet_Ke_Luan_Ly_So/Final_do_an/Pipeline/DATAPATH_PIPELINING_FINAL.vwf ;               ;
; Add pins automatically to simulation output waveforms                                      ; On                                                                                      ; On            ;
; Check outputs                                                                              ; Off                                                                                     ; Off           ;
; Report simulation coverage                                                                 ; On                                                                                      ; On            ;
; Display complete 1/0 value coverage report                                                 ; On                                                                                      ; On            ;
; Display missing 1-value coverage report                                                    ; On                                                                                      ; On            ;
; Display missing 0-value coverage report                                                    ; On                                                                                      ; On            ;
; Detect setup and hold time violations                                                      ; Off                                                                                     ; Off           ;
; Detect glitches                                                                            ; Off                                                                                     ; Off           ;
; Disable timing delays in Timing Simulation                                                 ; Off                                                                                     ; Off           ;
; Generate Signal Activity File                                                              ; Off                                                                                     ; Off           ;
; Generate VCD File for PowerPlay Power Analyzer                                             ; Off                                                                                     ; Off           ;
; Group bus channels in simulation results                                                   ; Off                                                                                     ; Off           ;
; Preserve fewer signal transitions to reduce memory requirements                            ; On                                                                                      ; On            ;
; Trigger vector comparison with the specified mode                                          ; INPUT_EDGE                                                                              ; INPUT_EDGE    ;
; Disable setup and hold time violations detection in input registers of bi-directional pins ; Off                                                                                     ; Off           ;
; Overwrite Waveform Inputs With Simulation Outputs                                          ; Off                                                                                     ;               ;
; Perform Glitch Filtering in Timing Simulation                                              ; Auto                                                                                    ; Auto          ;
+--------------------------------------------------------------------------------------------+-----------------------------------------------------------------------------------------+---------------+


+----------------------+
; Simulation Waveforms ;
+----------------------+
Waveform report data cannot be output to ASCII.
Please use Quartus II 64-Bit to view the waveform report data.


+--------------------------------------------------------------------+
; Coverage Summary                                                   ;
+-----------------------------------------------------+--------------+
; Type                                                ; Value        ;
+-----------------------------------------------------+--------------+
; Total coverage as a percentage                      ;      79.03 % ;
; Total nodes checked                                 ; 639          ;
; Total output ports checked                          ; 639          ;
; Total output ports with complete 1/0-value coverage ; 505          ;
; Total output ports with no 1/0-value coverage       ; 56           ;
; Total output ports with no 1-value coverage         ; 131          ;
; Total output ports with no 0-value coverage         ; 59           ;
+-----------------------------------------------------+--------------+


The following table displays output ports that toggle between 1 and 0 during simulation.
+----------------------------------------------------------------------------------------------------------------------------------------------------------------------------------------------------------------------------------------------------+
; Complete 1/0-Value Coverage                                                                                                                                                                                                                        ;
+----------------------------------------------------------------------------------------------------------------+----------------------------------------------------------------------------------------------------------------+------------------+
; Node Name                                                                                                      ; Output Port Name                                                                                               ; Output Port Type ;
+----------------------------------------------------------------------------------------------------------------+----------------------------------------------------------------------------------------------------------------+------------------+
; |final2|DONE                                                                                                   ; |final2|DONE                                                                                                   ; pin_out          ;
; |final2|CLK                                                                                                    ; |final2|CLK                                                                                                    ; out              ;
; |final2|START                                                                                                  ; |final2|START                                                                                                  ; out              ;
; |final2|RESULT[4]                                                                                              ; |final2|RESULT[4]                                                                                              ; pin_out          ;
; |final2|RESULT[3]                                                                                              ; |final2|RESULT[3]                                                                                              ; pin_out          ;
; |final2|RESULT[2]                                                                                              ; |final2|RESULT[2]                                                                                              ; pin_out          ;
; |final2|RESULT[1]                                                                                              ; |final2|RESULT[1]                                                                                              ; pin_out          ;
; |final2|RESULT[0]                                                                                              ; |final2|RESULT[0]                                                                                              ; pin_out          ;
; |final2|IN1[7]                                                                                                 ; |final2|IN1[7]                                                                                                 ; out              ;
; |final2|IN1[6]                                                                                                 ; |final2|IN1[6]                                                                                                 ; out              ;
; |final2|IN1[5]                                                                                                 ; |final2|IN1[5]                                                                                                 ; out              ;
; |final2|IN1[4]                                                                                                 ; |final2|IN1[4]                                                                                                 ; out              ;
; |final2|IN1[3]                                                                                                 ; |final2|IN1[3]                                                                                                 ; out              ;
; |final2|IN1[2]                                                                                                 ; |final2|IN1[2]                                                                                                 ; out              ;
; |final2|IN1[1]                                                                                                 ; |final2|IN1[1]                                                                                                 ; out              ;
; |final2|IN2[7]                                                                                                 ; |final2|IN2[7]                                                                                                 ; out              ;
; |final2|IN2[6]                                                                                                 ; |final2|IN2[6]                                                                                                 ; out              ;
; |final2|IN2[5]                                                                                                 ; |final2|IN2[5]                                                                                                 ; out              ;
; |final2|IN2[4]                                                                                                 ; |final2|IN2[4]                                                                                                 ; out              ;
; |final2|IN2[3]                                                                                                 ; |final2|IN2[3]                                                                                                 ; out              ;
; |final2|IN2[2]                                                                                                 ; |final2|IN2[2]                                                                                                 ; out              ;
; |final2|IN2[1]                                                                                                 ; |final2|IN2[1]                                                                                                 ; out              ;
; |final2|IN2[0]                                                                                                 ; |final2|IN2[0]                                                                                                 ; out              ;
; |final2|Datapath2:inst12|inst18[4]                                                                             ; |final2|Datapath2:inst12|inst18[4]                                                                             ; out              ;
; |final2|Datapath2:inst12|inst18[3]                                                                             ; |final2|Datapath2:inst12|inst18[3]                                                                             ; out              ;
; |final2|Datapath2:inst12|inst18[2]                                                                             ; |final2|Datapath2:inst12|inst18[2]                                                                             ; out              ;
; |final2|Datapath2:inst12|inst18[1]                                                                             ; |final2|Datapath2:inst12|inst18[1]                                                                             ; out              ;
; |final2|Datapath2:inst12|inst18[0]                                                                             ; |final2|Datapath2:inst12|inst18[0]                                                                             ; out              ;
; |final2|Datapath2:inst12|IN_R3[5]                                                                              ; |final2|Datapath2:inst12|IN_R3[5]                                                                              ; out0             ;
; |final2|Datapath2:inst12|IN_R3[4]                                                                              ; |final2|Datapath2:inst12|IN_R3[4]                                                                              ; out0             ;
; |final2|Datapath2:inst12|IN_R3[3]                                                                              ; |final2|Datapath2:inst12|IN_R3[3]                                                                              ; out0             ;
; |final2|Datapath2:inst12|IN_R3[2]                                                                              ; |final2|Datapath2:inst12|IN_R3[2]                                                                              ; out0             ;
; |final2|Datapath2:inst12|IN_R3[1]                                                                              ; |final2|Datapath2:inst12|IN_R3[1]                                                                              ; out0             ;
; |final2|Datapath2:inst12|IN_R3[0]                                                                              ; |final2|Datapath2:inst12|IN_R3[0]                                                                              ; out0             ;
; |final2|Datapath2:inst12|inst15[7]                                                                             ; |final2|Datapath2:inst12|inst15[7]                                                                             ; out              ;
; |final2|Datapath2:inst12|inst15[6]                                                                             ; |final2|Datapath2:inst12|inst15[6]                                                                             ; out              ;
; |final2|Datapath2:inst12|inst15[5]                                                                             ; |final2|Datapath2:inst12|inst15[5]                                                                             ; out              ;
; |final2|Datapath2:inst12|inst15[4]                                                                             ; |final2|Datapath2:inst12|inst15[4]                                                                             ; out              ;
; |final2|Datapath2:inst12|inst15[3]                                                                             ; |final2|Datapath2:inst12|inst15[3]                                                                             ; out              ;
; |final2|Datapath2:inst12|inst15[2]                                                                             ; |final2|Datapath2:inst12|inst15[2]                                                                             ; out              ;
; |final2|Datapath2:inst12|inst15[1]                                                                             ; |final2|Datapath2:inst12|inst15[1]                                                                             ; out              ;
; |final2|Datapath2:inst12|inst15[0]                                                                             ; |final2|Datapath2:inst12|inst15[0]                                                                             ; out              ;
; |final2|Datapath2:inst12|A_AU2[4]                                                                              ; |final2|Datapath2:inst12|A_AU2[4]                                                                              ; out0             ;
; |final2|Datapath2:inst12|A_AU2[3]                                                                              ; |final2|Datapath2:inst12|A_AU2[3]                                                                              ; out0             ;
; |final2|Datapath2:inst12|A_AU2[2]                                                                              ; |final2|Datapath2:inst12|A_AU2[2]                                                                              ; out0             ;
; |final2|Datapath2:inst12|A_AU2[1]                                                                              ; |final2|Datapath2:inst12|A_AU2[1]                                                                              ; out0             ;
; |final2|Datapath2:inst12|A_AU2[0]                                                                              ; |final2|Datapath2:inst12|A_AU2[0]                                                                              ; out0             ;
; |final2|Datapath2:inst12|inst16[4]                                                                             ; |final2|Datapath2:inst12|inst16[4]                                                                             ; out              ;
; |final2|Datapath2:inst12|inst16[3]                                                                             ; |final2|Datapath2:inst12|inst16[3]                                                                             ; out              ;
; |final2|Datapath2:inst12|inst16[2]                                                                             ; |final2|Datapath2:inst12|inst16[2]                                                                             ; out              ;
; |final2|Datapath2:inst12|inst16[1]                                                                             ; |final2|Datapath2:inst12|inst16[1]                                                                             ; out              ;
; |final2|Datapath2:inst12|IN_R1[7]                                                                              ; |final2|Datapath2:inst12|IN_R1[7]                                                                              ; out0             ;
; |final2|Datapath2:inst12|IN_R1[6]                                                                              ; |final2|Datapath2:inst12|IN_R1[6]                                                                              ; out0             ;
; |final2|Datapath2:inst12|IN_R1[5]                                                                              ; |final2|Datapath2:inst12|IN_R1[5]                                                                              ; out0             ;
; |final2|Datapath2:inst12|IN_R1[4]                                                                              ; |final2|Datapath2:inst12|IN_R1[4]                                                                              ; out0             ;
; |final2|Datapath2:inst12|IN_R1[3]                                                                              ; |final2|Datapath2:inst12|IN_R1[3]                                                                              ; out0             ;
; |final2|Datapath2:inst12|IN_R1[2]                                                                              ; |final2|Datapath2:inst12|IN_R1[2]                                                                              ; out0             ;
; |final2|Datapath2:inst12|IN_R1[1]                                                                              ; |final2|Datapath2:inst12|IN_R1[1]                                                                              ; out0             ;
; |final2|Datapath2:inst12|inst11[4]                                                                             ; |final2|Datapath2:inst12|inst11[4]                                                                             ; out              ;
; |final2|Datapath2:inst12|inst11[2]                                                                             ; |final2|Datapath2:inst12|inst11[2]                                                                             ; out              ;
; |final2|Datapath2:inst12|inst11[1]                                                                             ; |final2|Datapath2:inst12|inst11[1]                                                                             ; out              ;
; |final2|Datapath2:inst12|inst13[7]                                                                             ; |final2|Datapath2:inst12|inst13[7]                                                                             ; out              ;
; |final2|Datapath2:inst12|inst13[6]                                                                             ; |final2|Datapath2:inst12|inst13[6]                                                                             ; out              ;
; |final2|Datapath2:inst12|inst13[5]                                                                             ; |final2|Datapath2:inst12|inst13[5]                                                                             ; out              ;
; |final2|Datapath2:inst12|inst13[4]                                                                             ; |final2|Datapath2:inst12|inst13[4]                                                                             ; out              ;
; |final2|Datapath2:inst12|inst13[3]                                                                             ; |final2|Datapath2:inst12|inst13[3]                                                                             ; out              ;
; |final2|Datapath2:inst12|inst13[2]                                                                             ; |final2|Datapath2:inst12|inst13[2]                                                                             ; out              ;
; |final2|Datapath2:inst12|inst13[1]                                                                             ; |final2|Datapath2:inst12|inst13[1]                                                                             ; out              ;
; |final2|Datapath2:inst12|B~0                                                                                   ; |final2|Datapath2:inst12|B~0                                                                                   ; out0             ;
; |final2|Datapath2:inst12|B~1                                                                                   ; |final2|Datapath2:inst12|B~1                                                                                   ; out0             ;
; |final2|Datapath2:inst12|B~2                                                                                   ; |final2|Datapath2:inst12|B~2                                                                                   ; out0             ;
; |final2|Datapath2:inst12|B~3                                                                                   ; |final2|Datapath2:inst12|B~3                                                                                   ; out0             ;
; |final2|Datapath2:inst12|B~4                                                                                   ; |final2|Datapath2:inst12|B~4                                                                                   ; out0             ;
; |final2|Datapath2:inst12|B~5                                                                                   ; |final2|Datapath2:inst12|B~5                                                                                   ; out0             ;
; |final2|Datapath2:inst12|B~6                                                                                   ; |final2|Datapath2:inst12|B~6                                                                                   ; out0             ;
; |final2|Datapath2:inst12|B~7                                                                                   ; |final2|Datapath2:inst12|B~7                                                                                   ; out0             ;
; |final2|Datapath2:inst12|inst10[7]                                                                             ; |final2|Datapath2:inst12|inst10[7]                                                                             ; out              ;
; |final2|Datapath2:inst12|inst10[6]                                                                             ; |final2|Datapath2:inst12|inst10[6]                                                                             ; out              ;
; |final2|Datapath2:inst12|inst10[5]                                                                             ; |final2|Datapath2:inst12|inst10[5]                                                                             ; out              ;
; |final2|Datapath2:inst12|inst10[4]                                                                             ; |final2|Datapath2:inst12|inst10[4]                                                                             ; out              ;
; |final2|Datapath2:inst12|inst10[3]                                                                             ; |final2|Datapath2:inst12|inst10[3]                                                                             ; out              ;
; |final2|Datapath2:inst12|inst10[2]                                                                             ; |final2|Datapath2:inst12|inst10[2]                                                                             ; out              ;
; |final2|Datapath2:inst12|inst10[1]                                                                             ; |final2|Datapath2:inst12|inst10[1]                                                                             ; out              ;
; |final2|Datapath2:inst12|inst10[0]                                                                             ; |final2|Datapath2:inst12|inst10[0]                                                                             ; out              ;
; |final2|Datapath2:inst12|IN_R2[7]                                                                              ; |final2|Datapath2:inst12|IN_R2[7]                                                                              ; out0             ;
; |final2|Datapath2:inst12|IN_R2[6]                                                                              ; |final2|Datapath2:inst12|IN_R2[6]                                                                              ; out0             ;
; |final2|Datapath2:inst12|IN_R2[5]                                                                              ; |final2|Datapath2:inst12|IN_R2[5]                                                                              ; out0             ;
; |final2|Datapath2:inst12|IN_R2[4]                                                                              ; |final2|Datapath2:inst12|IN_R2[4]                                                                              ; out0             ;
; |final2|Datapath2:inst12|IN_R2[3]                                                                              ; |final2|Datapath2:inst12|IN_R2[3]                                                                              ; out0             ;
; |final2|Datapath2:inst12|IN_R2[2]                                                                              ; |final2|Datapath2:inst12|IN_R2[2]                                                                              ; out0             ;
; |final2|Datapath2:inst12|IN_R2[1]                                                                              ; |final2|Datapath2:inst12|IN_R2[1]                                                                              ; out0             ;
; |final2|Datapath2:inst12|IN_R2[0]                                                                              ; |final2|Datapath2:inst12|IN_R2[0]                                                                              ; out0             ;
; |final2|Datapath2:inst12|inst12[5]                                                                             ; |final2|Datapath2:inst12|inst12[5]                                                                             ; out              ;
; |final2|Datapath2:inst12|inst12[4]                                                                             ; |final2|Datapath2:inst12|inst12[4]                                                                             ; out              ;
; |final2|Datapath2:inst12|inst12[3]                                                                             ; |final2|Datapath2:inst12|inst12[3]                                                                             ; out              ;
; |final2|Datapath2:inst12|inst12[2]                                                                             ; |final2|Datapath2:inst12|inst12[2]                                                                             ; out              ;
; |final2|Datapath2:inst12|inst12[1]                                                                             ; |final2|Datapath2:inst12|inst12[1]                                                                             ; out              ;
; |final2|Datapath2:inst12|inst12[0]                                                                             ; |final2|Datapath2:inst12|inst12[0]                                                                             ; out              ;
; |final2|Datapath2:inst12|inst14[7]                                                                             ; |final2|Datapath2:inst12|inst14[7]                                                                             ; out              ;
; |final2|Datapath2:inst12|inst14[6]                                                                             ; |final2|Datapath2:inst12|inst14[6]                                                                             ; out              ;
; |final2|Datapath2:inst12|inst14[5]                                                                             ; |final2|Datapath2:inst12|inst14[5]                                                                             ; out              ;
; |final2|Datapath2:inst12|inst14[4]                                                                             ; |final2|Datapath2:inst12|inst14[4]                                                                             ; out              ;
; |final2|Datapath2:inst12|inst14[3]                                                                             ; |final2|Datapath2:inst12|inst14[3]                                                                             ; out              ;
; |final2|Datapath2:inst12|inst14[2]                                                                             ; |final2|Datapath2:inst12|inst14[2]                                                                             ; out              ;
; |final2|Datapath2:inst12|inst14[1]                                                                             ; |final2|Datapath2:inst12|inst14[1]                                                                             ; out              ;
; |final2|Datapath2:inst12|inst14[0]                                                                             ; |final2|Datapath2:inst12|inst14[0]                                                                             ; out              ;
; |final2|Datapath2:inst12|inst9[7]                                                                              ; |final2|Datapath2:inst12|inst9[7]                                                                              ; out              ;
; |final2|Datapath2:inst12|inst9[6]                                                                              ; |final2|Datapath2:inst12|inst9[6]                                                                              ; out              ;
; |final2|Datapath2:inst12|inst9[5]                                                                              ; |final2|Datapath2:inst12|inst9[5]                                                                              ; out              ;
; |final2|Datapath2:inst12|inst9[4]                                                                              ; |final2|Datapath2:inst12|inst9[4]                                                                              ; out              ;
; |final2|Datapath2:inst12|inst9[3]                                                                              ; |final2|Datapath2:inst12|inst9[3]                                                                              ; out              ;
; |final2|Datapath2:inst12|inst9[2]                                                                              ; |final2|Datapath2:inst12|inst9[2]                                                                              ; out              ;
; |final2|Datapath2:inst12|inst9[1]                                                                              ; |final2|Datapath2:inst12|inst9[1]                                                                              ; out              ;
; |final2|Datapath2:inst12|inst17[3]                                                                             ; |final2|Datapath2:inst12|inst17[3]                                                                             ; out              ;
; |final2|Datapath2:inst12|inst17[1]                                                                             ; |final2|Datapath2:inst12|inst17[1]                                                                             ; out              ;
; |final2|Datapath2:inst12|inst17[0]                                                                             ; |final2|Datapath2:inst12|inst17[0]                                                                             ; out              ;
; |final2|Datapath2:inst12|inst19[1]                                                                             ; |final2|Datapath2:inst12|inst19[1]                                                                             ; out              ;
; |final2|Datapath2:inst12|inst19[0]                                                                             ; |final2|Datapath2:inst12|inst19[0]                                                                             ; out              ;
; |final2|Datapath2:inst12|Register1x8:inst7|RFC:inst10|inst4                                                    ; |final2|Datapath2:inst12|Register1x8:inst7|RFC:inst10|inst4                                                    ; out0             ;
; |final2|Datapath2:inst12|Register1x8:inst7|RFC:inst10|inst3                                                    ; |final2|Datapath2:inst12|Register1x8:inst7|RFC:inst10|inst3                                                    ; out0             ;
; |final2|Datapath2:inst12|Register1x8:inst7|RFC:inst11|inst1                                                    ; |final2|Datapath2:inst12|Register1x8:inst7|RFC:inst11|inst1                                                    ; out              ;
; |final2|Datapath2:inst12|Register1x8:inst7|RFC:inst11|inst                                                     ; |final2|Datapath2:inst12|Register1x8:inst7|RFC:inst11|inst                                                     ; regout           ;
; |final2|Datapath2:inst12|Register1x8:inst7|RFC:inst11|inst4                                                    ; |final2|Datapath2:inst12|Register1x8:inst7|RFC:inst11|inst4                                                    ; out0             ;
; |final2|Datapath2:inst12|Register1x8:inst7|RFC:inst11|inst3                                                    ; |final2|Datapath2:inst12|Register1x8:inst7|RFC:inst11|inst3                                                    ; out0             ;
; |final2|Datapath2:inst12|Register1x8:inst7|RFC:inst11|inst2                                                    ; |final2|Datapath2:inst12|Register1x8:inst7|RFC:inst11|inst2                                                    ; out0             ;
; |final2|Datapath2:inst12|Register1x8:inst7|RFC:inst9|inst1                                                     ; |final2|Datapath2:inst12|Register1x8:inst7|RFC:inst9|inst1                                                     ; out              ;
; |final2|Datapath2:inst12|Register1x8:inst7|RFC:inst9|inst                                                      ; |final2|Datapath2:inst12|Register1x8:inst7|RFC:inst9|inst                                                      ; regout           ;
; |final2|Datapath2:inst12|Register1x8:inst7|RFC:inst9|inst4                                                     ; |final2|Datapath2:inst12|Register1x8:inst7|RFC:inst9|inst4                                                     ; out0             ;
; |final2|Datapath2:inst12|Register1x8:inst7|RFC:inst9|inst3                                                     ; |final2|Datapath2:inst12|Register1x8:inst7|RFC:inst9|inst3                                                     ; out0             ;
; |final2|Datapath2:inst12|Register1x8:inst7|RFC:inst9|inst2                                                     ; |final2|Datapath2:inst12|Register1x8:inst7|RFC:inst9|inst2                                                     ; out0             ;
; |final2|Datapath2:inst12|Register1x8:inst7|RFC:inst4|inst4                                                     ; |final2|Datapath2:inst12|Register1x8:inst7|RFC:inst4|inst4                                                     ; out0             ;
; |final2|Datapath2:inst12|Register1x8:inst7|RFC:inst4|inst3                                                     ; |final2|Datapath2:inst12|Register1x8:inst7|RFC:inst4|inst3                                                     ; out0             ;
; |final2|Datapath2:inst12|Register1x8:inst7|RFC:inst12|inst1                                                    ; |final2|Datapath2:inst12|Register1x8:inst7|RFC:inst12|inst1                                                    ; out              ;
; |final2|Datapath2:inst12|Register1x8:inst7|RFC:inst12|inst                                                     ; |final2|Datapath2:inst12|Register1x8:inst7|RFC:inst12|inst                                                     ; regout           ;
; |final2|Datapath2:inst12|Register1x8:inst7|RFC:inst12|inst4                                                    ; |final2|Datapath2:inst12|Register1x8:inst7|RFC:inst12|inst4                                                    ; out0             ;
; |final2|Datapath2:inst12|Register1x8:inst7|RFC:inst12|inst3                                                    ; |final2|Datapath2:inst12|Register1x8:inst7|RFC:inst12|inst3                                                    ; out0             ;
; |final2|Datapath2:inst12|Register1x8:inst7|RFC:inst12|inst2                                                    ; |final2|Datapath2:inst12|Register1x8:inst7|RFC:inst12|inst2                                                    ; out0             ;
; |final2|Datapath2:inst12|Register1x8:inst7|RFC:inst8|inst4                                                     ; |final2|Datapath2:inst12|Register1x8:inst7|RFC:inst8|inst4                                                     ; out0             ;
; |final2|Datapath2:inst12|Register1x8:inst7|RFC:inst8|inst3                                                     ; |final2|Datapath2:inst12|Register1x8:inst7|RFC:inst8|inst3                                                     ; out0             ;
; |final2|Datapath2:inst12|Register1x8:inst7|RFC:inst7|inst4                                                     ; |final2|Datapath2:inst12|Register1x8:inst7|RFC:inst7|inst4                                                     ; out0             ;
; |final2|Datapath2:inst12|Register1x8:inst7|RFC:inst7|inst3                                                     ; |final2|Datapath2:inst12|Register1x8:inst7|RFC:inst7|inst3                                                     ; out0             ;
; |final2|Datapath2:inst12|Register1x8:inst23|RFC:inst10|inst1                                                   ; |final2|Datapath2:inst12|Register1x8:inst23|RFC:inst10|inst1                                                   ; out              ;
; |final2|Datapath2:inst12|Register1x8:inst23|RFC:inst10|inst                                                    ; |final2|Datapath2:inst12|Register1x8:inst23|RFC:inst10|inst                                                    ; regout           ;
; |final2|Datapath2:inst12|Register1x8:inst23|RFC:inst10|inst4                                                   ; |final2|Datapath2:inst12|Register1x8:inst23|RFC:inst10|inst4                                                   ; out0             ;
; |final2|Datapath2:inst12|Register1x8:inst23|RFC:inst10|inst3                                                   ; |final2|Datapath2:inst12|Register1x8:inst23|RFC:inst10|inst3                                                   ; out0             ;
; |final2|Datapath2:inst12|Register1x8:inst23|RFC:inst10|inst2                                                   ; |final2|Datapath2:inst12|Register1x8:inst23|RFC:inst10|inst2                                                   ; out0             ;
; |final2|Datapath2:inst12|Register1x8:inst23|RFC:inst11|inst1                                                   ; |final2|Datapath2:inst12|Register1x8:inst23|RFC:inst11|inst1                                                   ; out              ;
; |final2|Datapath2:inst12|Register1x8:inst23|RFC:inst11|inst                                                    ; |final2|Datapath2:inst12|Register1x8:inst23|RFC:inst11|inst                                                    ; regout           ;
; |final2|Datapath2:inst12|Register1x8:inst23|RFC:inst11|inst4                                                   ; |final2|Datapath2:inst12|Register1x8:inst23|RFC:inst11|inst4                                                   ; out0             ;
; |final2|Datapath2:inst12|Register1x8:inst23|RFC:inst11|inst3                                                   ; |final2|Datapath2:inst12|Register1x8:inst23|RFC:inst11|inst3                                                   ; out0             ;
; |final2|Datapath2:inst12|Register1x8:inst23|RFC:inst11|inst2                                                   ; |final2|Datapath2:inst12|Register1x8:inst23|RFC:inst11|inst2                                                   ; out0             ;
; |final2|Datapath2:inst12|Register1x8:inst23|RFC:inst9|inst1                                                    ; |final2|Datapath2:inst12|Register1x8:inst23|RFC:inst9|inst1                                                    ; out              ;
; |final2|Datapath2:inst12|Register1x8:inst23|RFC:inst9|inst                                                     ; |final2|Datapath2:inst12|Register1x8:inst23|RFC:inst9|inst                                                     ; regout           ;
; |final2|Datapath2:inst12|Register1x8:inst23|RFC:inst9|inst4                                                    ; |final2|Datapath2:inst12|Register1x8:inst23|RFC:inst9|inst4                                                    ; out0             ;
; |final2|Datapath2:inst12|Register1x8:inst23|RFC:inst9|inst3                                                    ; |final2|Datapath2:inst12|Register1x8:inst23|RFC:inst9|inst3                                                    ; out0             ;
; |final2|Datapath2:inst12|Register1x8:inst23|RFC:inst9|inst2                                                    ; |final2|Datapath2:inst12|Register1x8:inst23|RFC:inst9|inst2                                                    ; out0             ;
; |final2|Datapath2:inst12|Register1x8:inst23|RFC:inst4|inst1                                                    ; |final2|Datapath2:inst12|Register1x8:inst23|RFC:inst4|inst1                                                    ; out              ;
; |final2|Datapath2:inst12|Register1x8:inst23|RFC:inst4|inst                                                     ; |final2|Datapath2:inst12|Register1x8:inst23|RFC:inst4|inst                                                     ; regout           ;
; |final2|Datapath2:inst12|Register1x8:inst23|RFC:inst4|inst4                                                    ; |final2|Datapath2:inst12|Register1x8:inst23|RFC:inst4|inst4                                                    ; out0             ;
; |final2|Datapath2:inst12|Register1x8:inst23|RFC:inst4|inst3                                                    ; |final2|Datapath2:inst12|Register1x8:inst23|RFC:inst4|inst3                                                    ; out0             ;
; |final2|Datapath2:inst12|Register1x8:inst23|RFC:inst4|inst2                                                    ; |final2|Datapath2:inst12|Register1x8:inst23|RFC:inst4|inst2                                                    ; out0             ;
; |final2|Datapath2:inst12|Register1x8:inst23|RFC:inst12|inst1                                                   ; |final2|Datapath2:inst12|Register1x8:inst23|RFC:inst12|inst1                                                   ; out              ;
; |final2|Datapath2:inst12|Register1x8:inst23|RFC:inst12|inst                                                    ; |final2|Datapath2:inst12|Register1x8:inst23|RFC:inst12|inst                                                    ; regout           ;
; |final2|Datapath2:inst12|Register1x8:inst23|RFC:inst12|inst4                                                   ; |final2|Datapath2:inst12|Register1x8:inst23|RFC:inst12|inst4                                                   ; out0             ;
; |final2|Datapath2:inst12|Register1x8:inst23|RFC:inst12|inst3                                                   ; |final2|Datapath2:inst12|Register1x8:inst23|RFC:inst12|inst3                                                   ; out0             ;
; |final2|Datapath2:inst12|Register1x8:inst23|RFC:inst12|inst2                                                   ; |final2|Datapath2:inst12|Register1x8:inst23|RFC:inst12|inst2                                                   ; out0             ;
; |final2|Datapath2:inst12|Register1x8:inst23|RFC:inst8|inst1                                                    ; |final2|Datapath2:inst12|Register1x8:inst23|RFC:inst8|inst1                                                    ; out              ;
; |final2|Datapath2:inst12|Register1x8:inst23|RFC:inst8|inst                                                     ; |final2|Datapath2:inst12|Register1x8:inst23|RFC:inst8|inst                                                     ; regout           ;
; |final2|Datapath2:inst12|Register1x8:inst23|RFC:inst8|inst4                                                    ; |final2|Datapath2:inst12|Register1x8:inst23|RFC:inst8|inst4                                                    ; out0             ;
; |final2|Datapath2:inst12|Register1x8:inst23|RFC:inst8|inst3                                                    ; |final2|Datapath2:inst12|Register1x8:inst23|RFC:inst8|inst3                                                    ; out0             ;
; |final2|Datapath2:inst12|Register1x8:inst23|RFC:inst8|inst2                                                    ; |final2|Datapath2:inst12|Register1x8:inst23|RFC:inst8|inst2                                                    ; out0             ;
; |final2|Datapath2:inst12|Register1x8:inst23|RFC:inst7|inst1                                                    ; |final2|Datapath2:inst12|Register1x8:inst23|RFC:inst7|inst1                                                    ; out              ;
; |final2|Datapath2:inst12|Register1x8:inst23|RFC:inst7|inst                                                     ; |final2|Datapath2:inst12|Register1x8:inst23|RFC:inst7|inst                                                     ; regout           ;
; |final2|Datapath2:inst12|Register1x8:inst23|RFC:inst7|inst4                                                    ; |final2|Datapath2:inst12|Register1x8:inst23|RFC:inst7|inst4                                                    ; out0             ;
; |final2|Datapath2:inst12|Register1x8:inst23|RFC:inst7|inst3                                                    ; |final2|Datapath2:inst12|Register1x8:inst23|RFC:inst7|inst3                                                    ; out0             ;
; |final2|Datapath2:inst12|Register1x8:inst23|RFC:inst7|inst2                                                    ; |final2|Datapath2:inst12|Register1x8:inst23|RFC:inst7|inst2                                                    ; out0             ;
; |final2|Datapath2:inst12|Register1x8:inst23|RFC:inst3|inst1                                                    ; |final2|Datapath2:inst12|Register1x8:inst23|RFC:inst3|inst1                                                    ; out              ;
; |final2|Datapath2:inst12|Register1x8:inst23|RFC:inst3|inst                                                     ; |final2|Datapath2:inst12|Register1x8:inst23|RFC:inst3|inst                                                     ; regout           ;
; |final2|Datapath2:inst12|Register1x8:inst23|RFC:inst3|inst4                                                    ; |final2|Datapath2:inst12|Register1x8:inst23|RFC:inst3|inst4                                                    ; out0             ;
; |final2|Datapath2:inst12|Register1x8:inst23|RFC:inst3|inst3                                                    ; |final2|Datapath2:inst12|Register1x8:inst23|RFC:inst3|inst3                                                    ; out0             ;
; |final2|Datapath2:inst12|Register1x8:inst23|RFC:inst3|inst2                                                    ; |final2|Datapath2:inst12|Register1x8:inst23|RFC:inst3|inst2                                                    ; out0             ;
; |final2|Datapath2:inst12|Register1x8:inst|RFC:inst10|inst1                                                     ; |final2|Datapath2:inst12|Register1x8:inst|RFC:inst10|inst1                                                     ; out              ;
; |final2|Datapath2:inst12|Register1x8:inst|RFC:inst10|inst                                                      ; |final2|Datapath2:inst12|Register1x8:inst|RFC:inst10|inst                                                      ; regout           ;
; |final2|Datapath2:inst12|Register1x8:inst|RFC:inst10|inst4                                                     ; |final2|Datapath2:inst12|Register1x8:inst|RFC:inst10|inst4                                                     ; out0             ;
; |final2|Datapath2:inst12|Register1x8:inst|RFC:inst10|inst3                                                     ; |final2|Datapath2:inst12|Register1x8:inst|RFC:inst10|inst3                                                     ; out0             ;
; |final2|Datapath2:inst12|Register1x8:inst|RFC:inst10|inst2                                                     ; |final2|Datapath2:inst12|Register1x8:inst|RFC:inst10|inst2                                                     ; out0             ;
; |final2|Datapath2:inst12|Register1x8:inst|RFC:inst11|inst1                                                     ; |final2|Datapath2:inst12|Register1x8:inst|RFC:inst11|inst1                                                     ; out              ;
; |final2|Datapath2:inst12|Register1x8:inst|RFC:inst11|inst                                                      ; |final2|Datapath2:inst12|Register1x8:inst|RFC:inst11|inst                                                      ; regout           ;
; |final2|Datapath2:inst12|Register1x8:inst|RFC:inst11|inst4                                                     ; |final2|Datapath2:inst12|Register1x8:inst|RFC:inst11|inst4                                                     ; out0             ;
; |final2|Datapath2:inst12|Register1x8:inst|RFC:inst11|inst3                                                     ; |final2|Datapath2:inst12|Register1x8:inst|RFC:inst11|inst3                                                     ; out0             ;
; |final2|Datapath2:inst12|Register1x8:inst|RFC:inst11|inst2                                                     ; |final2|Datapath2:inst12|Register1x8:inst|RFC:inst11|inst2                                                     ; out0             ;
; |final2|Datapath2:inst12|Register1x8:inst|RFC:inst9|inst1                                                      ; |final2|Datapath2:inst12|Register1x8:inst|RFC:inst9|inst1                                                      ; out              ;
; |final2|Datapath2:inst12|Register1x8:inst|RFC:inst9|inst                                                       ; |final2|Datapath2:inst12|Register1x8:inst|RFC:inst9|inst                                                       ; regout           ;
; |final2|Datapath2:inst12|Register1x8:inst|RFC:inst9|inst4                                                      ; |final2|Datapath2:inst12|Register1x8:inst|RFC:inst9|inst4                                                      ; out0             ;
; |final2|Datapath2:inst12|Register1x8:inst|RFC:inst9|inst3                                                      ; |final2|Datapath2:inst12|Register1x8:inst|RFC:inst9|inst3                                                      ; out0             ;
; |final2|Datapath2:inst12|Register1x8:inst|RFC:inst4|inst1                                                      ; |final2|Datapath2:inst12|Register1x8:inst|RFC:inst4|inst1                                                      ; out              ;
; |final2|Datapath2:inst12|Register1x8:inst|RFC:inst4|inst                                                       ; |final2|Datapath2:inst12|Register1x8:inst|RFC:inst4|inst                                                       ; regout           ;
; |final2|Datapath2:inst12|Register1x8:inst|RFC:inst4|inst4                                                      ; |final2|Datapath2:inst12|Register1x8:inst|RFC:inst4|inst4                                                      ; out0             ;
; |final2|Datapath2:inst12|Register1x8:inst|RFC:inst4|inst3                                                      ; |final2|Datapath2:inst12|Register1x8:inst|RFC:inst4|inst3                                                      ; out0             ;
; |final2|Datapath2:inst12|Register1x8:inst|RFC:inst8|inst1                                                      ; |final2|Datapath2:inst12|Register1x8:inst|RFC:inst8|inst1                                                      ; out              ;
; |final2|Datapath2:inst12|Register1x8:inst|RFC:inst8|inst                                                       ; |final2|Datapath2:inst12|Register1x8:inst|RFC:inst8|inst                                                       ; regout           ;
; |final2|Datapath2:inst12|Register1x8:inst|RFC:inst8|inst4                                                      ; |final2|Datapath2:inst12|Register1x8:inst|RFC:inst8|inst4                                                      ; out0             ;
; |final2|Datapath2:inst12|Register1x8:inst|RFC:inst8|inst3                                                      ; |final2|Datapath2:inst12|Register1x8:inst|RFC:inst8|inst3                                                      ; out0             ;
; |final2|Datapath2:inst12|Register1x8:inst|RFC:inst8|inst2                                                      ; |final2|Datapath2:inst12|Register1x8:inst|RFC:inst8|inst2                                                      ; out0             ;
; |final2|Datapath2:inst12|Register1x8:inst|RFC:inst7|inst1                                                      ; |final2|Datapath2:inst12|Register1x8:inst|RFC:inst7|inst1                                                      ; out              ;
; |final2|Datapath2:inst12|Register1x8:inst|RFC:inst7|inst                                                       ; |final2|Datapath2:inst12|Register1x8:inst|RFC:inst7|inst                                                       ; regout           ;
; |final2|Datapath2:inst12|Register1x8:inst|RFC:inst7|inst4                                                      ; |final2|Datapath2:inst12|Register1x8:inst|RFC:inst7|inst4                                                      ; out0             ;
; |final2|Datapath2:inst12|Register1x8:inst|RFC:inst7|inst3                                                      ; |final2|Datapath2:inst12|Register1x8:inst|RFC:inst7|inst3                                                      ; out0             ;
; |final2|Datapath2:inst12|Register1x8:inst|RFC:inst3|inst1                                                      ; |final2|Datapath2:inst12|Register1x8:inst|RFC:inst3|inst1                                                      ; out              ;
; |final2|Datapath2:inst12|Register1x8:inst|RFC:inst3|inst                                                       ; |final2|Datapath2:inst12|Register1x8:inst|RFC:inst3|inst                                                       ; regout           ;
; |final2|Datapath2:inst12|Register1x8:inst|RFC:inst3|inst4                                                      ; |final2|Datapath2:inst12|Register1x8:inst|RFC:inst3|inst4                                                      ; out0             ;
; |final2|Datapath2:inst12|Register1x8:inst|RFC:inst3|inst3                                                      ; |final2|Datapath2:inst12|Register1x8:inst|RFC:inst3|inst3                                                      ; out0             ;
; |final2|Datapath2:inst12|AbsMinMax:inst2|inst8                                                                 ; |final2|Datapath2:inst12|AbsMinMax:inst2|inst8                                                                 ; out0             ;
; |final2|Datapath2:inst12|AbsMinMax:inst2|inst6                                                                 ; |final2|Datapath2:inst12|AbsMinMax:inst2|inst6                                                                 ; out0             ;
; |final2|Datapath2:inst12|AbsMinMax:inst2|inst5                                                                 ; |final2|Datapath2:inst12|AbsMinMax:inst2|inst5                                                                 ; out0             ;
; |final2|Datapath2:inst12|AbsMinMax:inst2|inst7[7]                                                              ; |final2|Datapath2:inst12|AbsMinMax:inst2|inst7[7]                                                              ; out0             ;
; |final2|Datapath2:inst12|AbsMinMax:inst2|inst7[6]                                                              ; |final2|Datapath2:inst12|AbsMinMax:inst2|inst7[6]                                                              ; out0             ;
; |final2|Datapath2:inst12|AbsMinMax:inst2|inst7[5]                                                              ; |final2|Datapath2:inst12|AbsMinMax:inst2|inst7[5]                                                              ; out0             ;
; |final2|Datapath2:inst12|AbsMinMax:inst2|inst7[4]                                                              ; |final2|Datapath2:inst12|AbsMinMax:inst2|inst7[4]                                                              ; out0             ;
; |final2|Datapath2:inst12|AbsMinMax:inst2|inst7[3]                                                              ; |final2|Datapath2:inst12|AbsMinMax:inst2|inst7[3]                                                              ; out0             ;
; |final2|Datapath2:inst12|AbsMinMax:inst2|inst7[2]                                                              ; |final2|Datapath2:inst12|AbsMinMax:inst2|inst7[2]                                                              ; out0             ;
; |final2|Datapath2:inst12|AbsMinMax:inst2|inst7[1]                                                              ; |final2|Datapath2:inst12|AbsMinMax:inst2|inst7[1]                                                              ; out0             ;
; |final2|Datapath2:inst12|AbsMinMax:inst2|inst11                                                                ; |final2|Datapath2:inst12|AbsMinMax:inst2|inst11                                                                ; out0             ;
; |final2|Datapath2:inst12|AbsMinMax:inst2|inst4                                                                 ; |final2|Datapath2:inst12|AbsMinMax:inst2|inst4                                                                 ; out0             ;
; |final2|Datapath2:inst12|AbsMinMax:inst2|busmux:inst12|lpm_mux:$00000|mux_smc:auto_generated|result_node[5]~4  ; |final2|Datapath2:inst12|AbsMinMax:inst2|busmux:inst12|lpm_mux:$00000|mux_smc:auto_generated|result_node[5]~4  ; out0             ;
; |final2|Datapath2:inst12|AbsMinMax:inst2|busmux:inst12|lpm_mux:$00000|mux_smc:auto_generated|result_node[5]    ; |final2|Datapath2:inst12|AbsMinMax:inst2|busmux:inst12|lpm_mux:$00000|mux_smc:auto_generated|result_node[5]    ; out0             ;
; |final2|Datapath2:inst12|AbsMinMax:inst2|busmux:inst12|lpm_mux:$00000|mux_smc:auto_generated|result_node[4]~6  ; |final2|Datapath2:inst12|AbsMinMax:inst2|busmux:inst12|lpm_mux:$00000|mux_smc:auto_generated|result_node[4]~6  ; out0             ;
; |final2|Datapath2:inst12|AbsMinMax:inst2|busmux:inst12|lpm_mux:$00000|mux_smc:auto_generated|result_node[4]~7  ; |final2|Datapath2:inst12|AbsMinMax:inst2|busmux:inst12|lpm_mux:$00000|mux_smc:auto_generated|result_node[4]~7  ; out0             ;
; |final2|Datapath2:inst12|AbsMinMax:inst2|busmux:inst12|lpm_mux:$00000|mux_smc:auto_generated|result_node[4]    ; |final2|Datapath2:inst12|AbsMinMax:inst2|busmux:inst12|lpm_mux:$00000|mux_smc:auto_generated|result_node[4]    ; out0             ;
; |final2|Datapath2:inst12|AbsMinMax:inst2|busmux:inst12|lpm_mux:$00000|mux_smc:auto_generated|result_node[3]~8  ; |final2|Datapath2:inst12|AbsMinMax:inst2|busmux:inst12|lpm_mux:$00000|mux_smc:auto_generated|result_node[3]~8  ; out0             ;
; |final2|Datapath2:inst12|AbsMinMax:inst2|busmux:inst12|lpm_mux:$00000|mux_smc:auto_generated|result_node[3]~9  ; |final2|Datapath2:inst12|AbsMinMax:inst2|busmux:inst12|lpm_mux:$00000|mux_smc:auto_generated|result_node[3]~9  ; out0             ;
; |final2|Datapath2:inst12|AbsMinMax:inst2|busmux:inst12|lpm_mux:$00000|mux_smc:auto_generated|result_node[3]    ; |final2|Datapath2:inst12|AbsMinMax:inst2|busmux:inst12|lpm_mux:$00000|mux_smc:auto_generated|result_node[3]    ; out0             ;
; |final2|Datapath2:inst12|AbsMinMax:inst2|busmux:inst12|lpm_mux:$00000|mux_smc:auto_generated|result_node[2]~10 ; |final2|Datapath2:inst12|AbsMinMax:inst2|busmux:inst12|lpm_mux:$00000|mux_smc:auto_generated|result_node[2]~10 ; out0             ;
; |final2|Datapath2:inst12|AbsMinMax:inst2|busmux:inst12|lpm_mux:$00000|mux_smc:auto_generated|result_node[2]    ; |final2|Datapath2:inst12|AbsMinMax:inst2|busmux:inst12|lpm_mux:$00000|mux_smc:auto_generated|result_node[2]    ; out0             ;
; |final2|Datapath2:inst12|AbsMinMax:inst2|busmux:inst12|lpm_mux:$00000|mux_smc:auto_generated|result_node[1]~12 ; |final2|Datapath2:inst12|AbsMinMax:inst2|busmux:inst12|lpm_mux:$00000|mux_smc:auto_generated|result_node[1]~12 ; out0             ;
; |final2|Datapath2:inst12|AbsMinMax:inst2|busmux:inst12|lpm_mux:$00000|mux_smc:auto_generated|result_node[1]~13 ; |final2|Datapath2:inst12|AbsMinMax:inst2|busmux:inst12|lpm_mux:$00000|mux_smc:auto_generated|result_node[1]~13 ; out0             ;
; |final2|Datapath2:inst12|AbsMinMax:inst2|busmux:inst12|lpm_mux:$00000|mux_smc:auto_generated|result_node[1]    ; |final2|Datapath2:inst12|AbsMinMax:inst2|busmux:inst12|lpm_mux:$00000|mux_smc:auto_generated|result_node[1]    ; out0             ;
; |final2|Datapath2:inst12|AbsMinMax:inst2|busmux:inst12|lpm_mux:$00000|mux_smc:auto_generated|result_node[0]~14 ; |final2|Datapath2:inst12|AbsMinMax:inst2|busmux:inst12|lpm_mux:$00000|mux_smc:auto_generated|result_node[0]~14 ; out0             ;
; |final2|Datapath2:inst12|AbsMinMax:inst2|busmux:inst12|lpm_mux:$00000|mux_smc:auto_generated|result_node[0]~15 ; |final2|Datapath2:inst12|AbsMinMax:inst2|busmux:inst12|lpm_mux:$00000|mux_smc:auto_generated|result_node[0]~15 ; out0             ;
; |final2|Datapath2:inst12|AbsMinMax:inst2|busmux:inst12|lpm_mux:$00000|mux_smc:auto_generated|result_node[0]    ; |final2|Datapath2:inst12|AbsMinMax:inst2|busmux:inst12|lpm_mux:$00000|mux_smc:auto_generated|result_node[0]    ; out0             ;
; |final2|Datapath2:inst12|AbsMinMax:inst2|Adder8bit:inst|FullAdder:inst4|inst                                   ; |final2|Datapath2:inst12|AbsMinMax:inst2|Adder8bit:inst|FullAdder:inst4|inst                                   ; out0             ;
; |final2|Datapath2:inst12|AbsMinMax:inst2|Adder8bit:inst|FullAdder:inst4|inst2                                  ; |final2|Datapath2:inst12|AbsMinMax:inst2|Adder8bit:inst|FullAdder:inst4|inst2                                  ; out0             ;
; |final2|Datapath2:inst12|AbsMinMax:inst2|Adder8bit:inst|FullAdder:inst6|inst1                                  ; |final2|Datapath2:inst12|AbsMinMax:inst2|Adder8bit:inst|FullAdder:inst6|inst1                                  ; out0             ;
; |final2|Datapath2:inst12|AbsMinMax:inst2|Adder8bit:inst|FullAdder:inst6|inst                                   ; |final2|Datapath2:inst12|AbsMinMax:inst2|Adder8bit:inst|FullAdder:inst6|inst                                   ; out0             ;
; |final2|Datapath2:inst12|AbsMinMax:inst2|Adder8bit:inst|FullAdder:inst6|inst2                                  ; |final2|Datapath2:inst12|AbsMinMax:inst2|Adder8bit:inst|FullAdder:inst6|inst2                                  ; out0             ;
; |final2|Datapath2:inst12|AbsMinMax:inst2|Adder8bit:inst|FullAdder:inst6|inst4                                  ; |final2|Datapath2:inst12|AbsMinMax:inst2|Adder8bit:inst|FullAdder:inst6|inst4                                  ; out0             ;
; |final2|Datapath2:inst12|AbsMinMax:inst2|Adder8bit:inst|FullAdder:inst6|inst5                                  ; |final2|Datapath2:inst12|AbsMinMax:inst2|Adder8bit:inst|FullAdder:inst6|inst5                                  ; out0             ;
; |final2|Datapath2:inst12|AbsMinMax:inst2|Adder8bit:inst|FullAdder:inst6|inst3                                  ; |final2|Datapath2:inst12|AbsMinMax:inst2|Adder8bit:inst|FullAdder:inst6|inst3                                  ; out0             ;
; |final2|Datapath2:inst12|AbsMinMax:inst2|Adder8bit:inst|FullAdder:inst7|inst1                                  ; |final2|Datapath2:inst12|AbsMinMax:inst2|Adder8bit:inst|FullAdder:inst7|inst1                                  ; out0             ;
; |final2|Datapath2:inst12|AbsMinMax:inst2|Adder8bit:inst|FullAdder:inst7|inst                                   ; |final2|Datapath2:inst12|AbsMinMax:inst2|Adder8bit:inst|FullAdder:inst7|inst                                   ; out0             ;
; |final2|Datapath2:inst12|AbsMinMax:inst2|Adder8bit:inst|FullAdder:inst7|inst2                                  ; |final2|Datapath2:inst12|AbsMinMax:inst2|Adder8bit:inst|FullAdder:inst7|inst2                                  ; out0             ;
; |final2|Datapath2:inst12|AbsMinMax:inst2|Adder8bit:inst|FullAdder:inst7|inst4                                  ; |final2|Datapath2:inst12|AbsMinMax:inst2|Adder8bit:inst|FullAdder:inst7|inst4                                  ; out0             ;
; |final2|Datapath2:inst12|AbsMinMax:inst2|Adder8bit:inst|FullAdder:inst7|inst5                                  ; |final2|Datapath2:inst12|AbsMinMax:inst2|Adder8bit:inst|FullAdder:inst7|inst5                                  ; out0             ;
; |final2|Datapath2:inst12|AbsMinMax:inst2|Adder8bit:inst|FullAdder:inst7|inst3                                  ; |final2|Datapath2:inst12|AbsMinMax:inst2|Adder8bit:inst|FullAdder:inst7|inst3                                  ; out0             ;
; |final2|Datapath2:inst12|AbsMinMax:inst2|Adder8bit:inst|FullAdder:inst8|inst1                                  ; |final2|Datapath2:inst12|AbsMinMax:inst2|Adder8bit:inst|FullAdder:inst8|inst1                                  ; out0             ;
; |final2|Datapath2:inst12|AbsMinMax:inst2|Adder8bit:inst|FullAdder:inst8|inst                                   ; |final2|Datapath2:inst12|AbsMinMax:inst2|Adder8bit:inst|FullAdder:inst8|inst                                   ; out0             ;
; |final2|Datapath2:inst12|AbsMinMax:inst2|Adder8bit:inst|FullAdder:inst8|inst2                                  ; |final2|Datapath2:inst12|AbsMinMax:inst2|Adder8bit:inst|FullAdder:inst8|inst2                                  ; out0             ;
; |final2|Datapath2:inst12|AbsMinMax:inst2|Adder8bit:inst|FullAdder:inst8|inst4                                  ; |final2|Datapath2:inst12|AbsMinMax:inst2|Adder8bit:inst|FullAdder:inst8|inst4                                  ; out0             ;
; |final2|Datapath2:inst12|AbsMinMax:inst2|Adder8bit:inst|FullAdder:inst3|inst1                                  ; |final2|Datapath2:inst12|AbsMinMax:inst2|Adder8bit:inst|FullAdder:inst3|inst1                                  ; out0             ;
; |final2|Datapath2:inst12|AbsMinMax:inst2|Adder8bit:inst|FullAdder:inst3|inst                                   ; |final2|Datapath2:inst12|AbsMinMax:inst2|Adder8bit:inst|FullAdder:inst3|inst                                   ; out0             ;
; |final2|Datapath2:inst12|AbsMinMax:inst2|Adder8bit:inst|FullAdder:inst3|inst2                                  ; |final2|Datapath2:inst12|AbsMinMax:inst2|Adder8bit:inst|FullAdder:inst3|inst2                                  ; out0             ;
; |final2|Datapath2:inst12|AbsMinMax:inst2|Adder8bit:inst|FullAdder:inst3|inst4                                  ; |final2|Datapath2:inst12|AbsMinMax:inst2|Adder8bit:inst|FullAdder:inst3|inst4                                  ; out0             ;
; |final2|Datapath2:inst12|AbsMinMax:inst2|Adder8bit:inst|FullAdder:inst3|inst3                                  ; |final2|Datapath2:inst12|AbsMinMax:inst2|Adder8bit:inst|FullAdder:inst3|inst3                                  ; out0             ;
; |final2|Datapath2:inst12|AbsMinMax:inst2|Adder8bit:inst|FullAdder:inst2|inst1                                  ; |final2|Datapath2:inst12|AbsMinMax:inst2|Adder8bit:inst|FullAdder:inst2|inst1                                  ; out0             ;
; |final2|Datapath2:inst12|AbsMinMax:inst2|Adder8bit:inst|FullAdder:inst2|inst                                   ; |final2|Datapath2:inst12|AbsMinMax:inst2|Adder8bit:inst|FullAdder:inst2|inst                                   ; out0             ;
; |final2|Datapath2:inst12|AbsMinMax:inst2|Adder8bit:inst|FullAdder:inst2|inst2                                  ; |final2|Datapath2:inst12|AbsMinMax:inst2|Adder8bit:inst|FullAdder:inst2|inst2                                  ; out0             ;
; |final2|Datapath2:inst12|AbsMinMax:inst2|Adder8bit:inst|FullAdder:inst2|inst4                                  ; |final2|Datapath2:inst12|AbsMinMax:inst2|Adder8bit:inst|FullAdder:inst2|inst4                                  ; out0             ;
; |final2|Datapath2:inst12|AbsMinMax:inst2|Adder8bit:inst|FullAdder:inst1|inst1                                  ; |final2|Datapath2:inst12|AbsMinMax:inst2|Adder8bit:inst|FullAdder:inst1|inst1                                  ; out0             ;
; |final2|Datapath2:inst12|AbsMinMax:inst2|Adder8bit:inst|FullAdder:inst1|inst                                   ; |final2|Datapath2:inst12|AbsMinMax:inst2|Adder8bit:inst|FullAdder:inst1|inst                                   ; out0             ;
; |final2|Datapath2:inst12|AbsMinMax:inst2|Adder8bit:inst|FullAdder:inst1|inst2                                  ; |final2|Datapath2:inst12|AbsMinMax:inst2|Adder8bit:inst|FullAdder:inst1|inst2                                  ; out0             ;
; |final2|Datapath2:inst12|AbsMinMax:inst2|Adder8bit:inst|FullAdder:inst1|inst4                                  ; |final2|Datapath2:inst12|AbsMinMax:inst2|Adder8bit:inst|FullAdder:inst1|inst4                                  ; out0             ;
; |final2|Datapath2:inst12|AbsMinMax:inst2|Adder8bit:inst|FullAdder:inst|inst1                                   ; |final2|Datapath2:inst12|AbsMinMax:inst2|Adder8bit:inst|FullAdder:inst|inst1                                   ; out0             ;
; |final2|Datapath2:inst12|AbsMinMax:inst2|Adder8bit:inst|FullAdder:inst|inst                                    ; |final2|Datapath2:inst12|AbsMinMax:inst2|Adder8bit:inst|FullAdder:inst|inst                                    ; out0             ;
; |final2|Datapath2:inst12|AbsMinMax:inst2|busmux:inst14|lpm_mux:$00000|mux_smc:auto_generated|result_node[7]~0  ; |final2|Datapath2:inst12|AbsMinMax:inst2|busmux:inst14|lpm_mux:$00000|mux_smc:auto_generated|result_node[7]~0  ; out0             ;
; |final2|Datapath2:inst12|AbsMinMax:inst2|busmux:inst14|lpm_mux:$00000|mux_smc:auto_generated|result_node[7]    ; |final2|Datapath2:inst12|AbsMinMax:inst2|busmux:inst14|lpm_mux:$00000|mux_smc:auto_generated|result_node[7]    ; out0             ;
; |final2|Datapath2:inst12|AbsMinMax:inst2|busmux:inst14|lpm_mux:$00000|mux_smc:auto_generated|result_node[6]~2  ; |final2|Datapath2:inst12|AbsMinMax:inst2|busmux:inst14|lpm_mux:$00000|mux_smc:auto_generated|result_node[6]~2  ; out0             ;
; |final2|Datapath2:inst12|AbsMinMax:inst2|busmux:inst14|lpm_mux:$00000|mux_smc:auto_generated|result_node[6]    ; |final2|Datapath2:inst12|AbsMinMax:inst2|busmux:inst14|lpm_mux:$00000|mux_smc:auto_generated|result_node[6]    ; out0             ;
; |final2|Datapath2:inst12|AbsMinMax:inst2|busmux:inst14|lpm_mux:$00000|mux_smc:auto_generated|result_node[5]~4  ; |final2|Datapath2:inst12|AbsMinMax:inst2|busmux:inst14|lpm_mux:$00000|mux_smc:auto_generated|result_node[5]~4  ; out0             ;
; |final2|Datapath2:inst12|AbsMinMax:inst2|busmux:inst14|lpm_mux:$00000|mux_smc:auto_generated|result_node[5]    ; |final2|Datapath2:inst12|AbsMinMax:inst2|busmux:inst14|lpm_mux:$00000|mux_smc:auto_generated|result_node[5]    ; out0             ;
; |final2|Datapath2:inst12|AbsMinMax:inst2|busmux:inst14|lpm_mux:$00000|mux_smc:auto_generated|result_node[4]~6  ; |final2|Datapath2:inst12|AbsMinMax:inst2|busmux:inst14|lpm_mux:$00000|mux_smc:auto_generated|result_node[4]~6  ; out0             ;
; |final2|Datapath2:inst12|AbsMinMax:inst2|busmux:inst14|lpm_mux:$00000|mux_smc:auto_generated|result_node[4]~7  ; |final2|Datapath2:inst12|AbsMinMax:inst2|busmux:inst14|lpm_mux:$00000|mux_smc:auto_generated|result_node[4]~7  ; out0             ;
; |final2|Datapath2:inst12|AbsMinMax:inst2|busmux:inst14|lpm_mux:$00000|mux_smc:auto_generated|result_node[4]    ; |final2|Datapath2:inst12|AbsMinMax:inst2|busmux:inst14|lpm_mux:$00000|mux_smc:auto_generated|result_node[4]    ; out0             ;
; |final2|Datapath2:inst12|AbsMinMax:inst2|busmux:inst14|lpm_mux:$00000|mux_smc:auto_generated|result_node[3]~8  ; |final2|Datapath2:inst12|AbsMinMax:inst2|busmux:inst14|lpm_mux:$00000|mux_smc:auto_generated|result_node[3]~8  ; out0             ;
; |final2|Datapath2:inst12|AbsMinMax:inst2|busmux:inst14|lpm_mux:$00000|mux_smc:auto_generated|result_node[3]    ; |final2|Datapath2:inst12|AbsMinMax:inst2|busmux:inst14|lpm_mux:$00000|mux_smc:auto_generated|result_node[3]    ; out0             ;
; |final2|Datapath2:inst12|AbsMinMax:inst2|busmux:inst14|lpm_mux:$00000|mux_smc:auto_generated|result_node[2]~10 ; |final2|Datapath2:inst12|AbsMinMax:inst2|busmux:inst14|lpm_mux:$00000|mux_smc:auto_generated|result_node[2]~10 ; out0             ;
; |final2|Datapath2:inst12|AbsMinMax:inst2|busmux:inst14|lpm_mux:$00000|mux_smc:auto_generated|result_node[2]~11 ; |final2|Datapath2:inst12|AbsMinMax:inst2|busmux:inst14|lpm_mux:$00000|mux_smc:auto_generated|result_node[2]~11 ; out0             ;
; |final2|Datapath2:inst12|AbsMinMax:inst2|busmux:inst14|lpm_mux:$00000|mux_smc:auto_generated|result_node[2]    ; |final2|Datapath2:inst12|AbsMinMax:inst2|busmux:inst14|lpm_mux:$00000|mux_smc:auto_generated|result_node[2]    ; out0             ;
; |final2|Datapath2:inst12|AbsMinMax:inst2|busmux:inst14|lpm_mux:$00000|mux_smc:auto_generated|result_node[1]~12 ; |final2|Datapath2:inst12|AbsMinMax:inst2|busmux:inst14|lpm_mux:$00000|mux_smc:auto_generated|result_node[1]~12 ; out0             ;
; |final2|Datapath2:inst12|AbsMinMax:inst2|busmux:inst14|lpm_mux:$00000|mux_smc:auto_generated|result_node[1]~13 ; |final2|Datapath2:inst12|AbsMinMax:inst2|busmux:inst14|lpm_mux:$00000|mux_smc:auto_generated|result_node[1]~13 ; out0             ;
; |final2|Datapath2:inst12|AbsMinMax:inst2|busmux:inst14|lpm_mux:$00000|mux_smc:auto_generated|result_node[1]    ; |final2|Datapath2:inst12|AbsMinMax:inst2|busmux:inst14|lpm_mux:$00000|mux_smc:auto_generated|result_node[1]    ; out0             ;
; |final2|Datapath2:inst12|AbsMinMax:inst2|busmux:inst14|lpm_mux:$00000|mux_smc:auto_generated|result_node[0]~14 ; |final2|Datapath2:inst12|AbsMinMax:inst2|busmux:inst14|lpm_mux:$00000|mux_smc:auto_generated|result_node[0]~14 ; out0             ;
; |final2|Datapath2:inst12|AbsMinMax:inst2|busmux:inst14|lpm_mux:$00000|mux_smc:auto_generated|result_node[0]    ; |final2|Datapath2:inst12|AbsMinMax:inst2|busmux:inst14|lpm_mux:$00000|mux_smc:auto_generated|result_node[0]    ; out0             ;
; |final2|Datapath2:inst12|AbsMinMax:inst2|busmux:inst10|lpm_mux:$00000|mux_smc:auto_generated|result_node[7]~1  ; |final2|Datapath2:inst12|AbsMinMax:inst2|busmux:inst10|lpm_mux:$00000|mux_smc:auto_generated|result_node[7]~1  ; out0             ;
; |final2|Datapath2:inst12|AbsMinMax:inst2|busmux:inst10|lpm_mux:$00000|mux_smc:auto_generated|result_node[7]    ; |final2|Datapath2:inst12|AbsMinMax:inst2|busmux:inst10|lpm_mux:$00000|mux_smc:auto_generated|result_node[7]    ; out0             ;
; |final2|Datapath2:inst12|AbsMinMax:inst2|busmux:inst10|lpm_mux:$00000|mux_smc:auto_generated|result_node[6]~3  ; |final2|Datapath2:inst12|AbsMinMax:inst2|busmux:inst10|lpm_mux:$00000|mux_smc:auto_generated|result_node[6]~3  ; out0             ;
; |final2|Datapath2:inst12|AbsMinMax:inst2|busmux:inst10|lpm_mux:$00000|mux_smc:auto_generated|result_node[6]    ; |final2|Datapath2:inst12|AbsMinMax:inst2|busmux:inst10|lpm_mux:$00000|mux_smc:auto_generated|result_node[6]    ; out0             ;
; |final2|Datapath2:inst12|AbsMinMax:inst2|busmux:inst10|lpm_mux:$00000|mux_smc:auto_generated|result_node[5]~4  ; |final2|Datapath2:inst12|AbsMinMax:inst2|busmux:inst10|lpm_mux:$00000|mux_smc:auto_generated|result_node[5]~4  ; out0             ;
; |final2|Datapath2:inst12|AbsMinMax:inst2|busmux:inst10|lpm_mux:$00000|mux_smc:auto_generated|result_node[5]~5  ; |final2|Datapath2:inst12|AbsMinMax:inst2|busmux:inst10|lpm_mux:$00000|mux_smc:auto_generated|result_node[5]~5  ; out0             ;
; |final2|Datapath2:inst12|AbsMinMax:inst2|busmux:inst10|lpm_mux:$00000|mux_smc:auto_generated|result_node[5]    ; |final2|Datapath2:inst12|AbsMinMax:inst2|busmux:inst10|lpm_mux:$00000|mux_smc:auto_generated|result_node[5]    ; out0             ;
; |final2|Datapath2:inst12|AbsMinMax:inst2|busmux:inst10|lpm_mux:$00000|mux_smc:auto_generated|result_node[4]~6  ; |final2|Datapath2:inst12|AbsMinMax:inst2|busmux:inst10|lpm_mux:$00000|mux_smc:auto_generated|result_node[4]~6  ; out0             ;
; |final2|Datapath2:inst12|AbsMinMax:inst2|busmux:inst10|lpm_mux:$00000|mux_smc:auto_generated|result_node[4]~7  ; |final2|Datapath2:inst12|AbsMinMax:inst2|busmux:inst10|lpm_mux:$00000|mux_smc:auto_generated|result_node[4]~7  ; out0             ;
; |final2|Datapath2:inst12|AbsMinMax:inst2|busmux:inst10|lpm_mux:$00000|mux_smc:auto_generated|result_node[4]    ; |final2|Datapath2:inst12|AbsMinMax:inst2|busmux:inst10|lpm_mux:$00000|mux_smc:auto_generated|result_node[4]    ; out0             ;
; |final2|Datapath2:inst12|AbsMinMax:inst2|busmux:inst10|lpm_mux:$00000|mux_smc:auto_generated|result_node[3]~8  ; |final2|Datapath2:inst12|AbsMinMax:inst2|busmux:inst10|lpm_mux:$00000|mux_smc:auto_generated|result_node[3]~8  ; out0             ;
; |final2|Datapath2:inst12|AbsMinMax:inst2|busmux:inst10|lpm_mux:$00000|mux_smc:auto_generated|result_node[3]~9  ; |final2|Datapath2:inst12|AbsMinMax:inst2|busmux:inst10|lpm_mux:$00000|mux_smc:auto_generated|result_node[3]~9  ; out0             ;
; |final2|Datapath2:inst12|AbsMinMax:inst2|busmux:inst10|lpm_mux:$00000|mux_smc:auto_generated|result_node[3]    ; |final2|Datapath2:inst12|AbsMinMax:inst2|busmux:inst10|lpm_mux:$00000|mux_smc:auto_generated|result_node[3]    ; out0             ;
; |final2|Datapath2:inst12|AbsMinMax:inst2|busmux:inst10|lpm_mux:$00000|mux_smc:auto_generated|result_node[2]~10 ; |final2|Datapath2:inst12|AbsMinMax:inst2|busmux:inst10|lpm_mux:$00000|mux_smc:auto_generated|result_node[2]~10 ; out0             ;
; |final2|Datapath2:inst12|AbsMinMax:inst2|busmux:inst10|lpm_mux:$00000|mux_smc:auto_generated|result_node[2]~11 ; |final2|Datapath2:inst12|AbsMinMax:inst2|busmux:inst10|lpm_mux:$00000|mux_smc:auto_generated|result_node[2]~11 ; out0             ;
; |final2|Datapath2:inst12|AbsMinMax:inst2|busmux:inst10|lpm_mux:$00000|mux_smc:auto_generated|result_node[2]    ; |final2|Datapath2:inst12|AbsMinMax:inst2|busmux:inst10|lpm_mux:$00000|mux_smc:auto_generated|result_node[2]    ; out0             ;
; |final2|Datapath2:inst12|AbsMinMax:inst2|busmux:inst10|lpm_mux:$00000|mux_smc:auto_generated|result_node[1]~12 ; |final2|Datapath2:inst12|AbsMinMax:inst2|busmux:inst10|lpm_mux:$00000|mux_smc:auto_generated|result_node[1]~12 ; out0             ;
; |final2|Datapath2:inst12|AbsMinMax:inst2|busmux:inst10|lpm_mux:$00000|mux_smc:auto_generated|result_node[1]~13 ; |final2|Datapath2:inst12|AbsMinMax:inst2|busmux:inst10|lpm_mux:$00000|mux_smc:auto_generated|result_node[1]~13 ; out0             ;
; |final2|Datapath2:inst12|AbsMinMax:inst2|busmux:inst10|lpm_mux:$00000|mux_smc:auto_generated|result_node[1]    ; |final2|Datapath2:inst12|AbsMinMax:inst2|busmux:inst10|lpm_mux:$00000|mux_smc:auto_generated|result_node[1]    ; out0             ;
; |final2|Datapath2:inst12|AbsMinMax:inst2|busmux:inst10|lpm_mux:$00000|mux_smc:auto_generated|result_node[0]~14 ; |final2|Datapath2:inst12|AbsMinMax:inst2|busmux:inst10|lpm_mux:$00000|mux_smc:auto_generated|result_node[0]~14 ; out0             ;
; |final2|Datapath2:inst12|AbsMinMax:inst2|busmux:inst10|lpm_mux:$00000|mux_smc:auto_generated|result_node[0]~15 ; |final2|Datapath2:inst12|AbsMinMax:inst2|busmux:inst10|lpm_mux:$00000|mux_smc:auto_generated|result_node[0]~15 ; out0             ;
; |final2|Datapath2:inst12|AbsMinMax:inst2|busmux:inst10|lpm_mux:$00000|mux_smc:auto_generated|result_node[0]    ; |final2|Datapath2:inst12|AbsMinMax:inst2|busmux:inst10|lpm_mux:$00000|mux_smc:auto_generated|result_node[0]    ; out0             ;
; |final2|Datapath2:inst12|Register1x8:inst6|RFC:inst10|inst1                                                    ; |final2|Datapath2:inst12|Register1x8:inst6|RFC:inst10|inst1                                                    ; out              ;
; |final2|Datapath2:inst12|Register1x8:inst6|RFC:inst10|inst                                                     ; |final2|Datapath2:inst12|Register1x8:inst6|RFC:inst10|inst                                                     ; regout           ;
; |final2|Datapath2:inst12|Register1x8:inst6|RFC:inst10|inst4                                                    ; |final2|Datapath2:inst12|Register1x8:inst6|RFC:inst10|inst4                                                    ; out0             ;
; |final2|Datapath2:inst12|Register1x8:inst6|RFC:inst10|inst3                                                    ; |final2|Datapath2:inst12|Register1x8:inst6|RFC:inst10|inst3                                                    ; out0             ;
; |final2|Datapath2:inst12|Register1x8:inst6|RFC:inst10|inst2                                                    ; |final2|Datapath2:inst12|Register1x8:inst6|RFC:inst10|inst2                                                    ; out0             ;
; |final2|Datapath2:inst12|Register1x8:inst6|RFC:inst11|inst1                                                    ; |final2|Datapath2:inst12|Register1x8:inst6|RFC:inst11|inst1                                                    ; out              ;
; |final2|Datapath2:inst12|Register1x8:inst6|RFC:inst11|inst                                                     ; |final2|Datapath2:inst12|Register1x8:inst6|RFC:inst11|inst                                                     ; regout           ;
; |final2|Datapath2:inst12|Register1x8:inst6|RFC:inst11|inst4                                                    ; |final2|Datapath2:inst12|Register1x8:inst6|RFC:inst11|inst4                                                    ; out0             ;
; |final2|Datapath2:inst12|Register1x8:inst6|RFC:inst11|inst3                                                    ; |final2|Datapath2:inst12|Register1x8:inst6|RFC:inst11|inst3                                                    ; out0             ;
; |final2|Datapath2:inst12|Register1x8:inst6|RFC:inst11|inst2                                                    ; |final2|Datapath2:inst12|Register1x8:inst6|RFC:inst11|inst2                                                    ; out0             ;
; |final2|Datapath2:inst12|Register1x8:inst6|RFC:inst9|inst1                                                     ; |final2|Datapath2:inst12|Register1x8:inst6|RFC:inst9|inst1                                                     ; out              ;
; |final2|Datapath2:inst12|Register1x8:inst6|RFC:inst9|inst                                                      ; |final2|Datapath2:inst12|Register1x8:inst6|RFC:inst9|inst                                                      ; regout           ;
; |final2|Datapath2:inst12|Register1x8:inst6|RFC:inst9|inst4                                                     ; |final2|Datapath2:inst12|Register1x8:inst6|RFC:inst9|inst4                                                     ; out0             ;
; |final2|Datapath2:inst12|Register1x8:inst6|RFC:inst9|inst3                                                     ; |final2|Datapath2:inst12|Register1x8:inst6|RFC:inst9|inst3                                                     ; out0             ;
; |final2|Datapath2:inst12|Register1x8:inst6|RFC:inst9|inst2                                                     ; |final2|Datapath2:inst12|Register1x8:inst6|RFC:inst9|inst2                                                     ; out0             ;
; |final2|Datapath2:inst12|Register1x8:inst6|RFC:inst12|inst4                                                    ; |final2|Datapath2:inst12|Register1x8:inst6|RFC:inst12|inst4                                                    ; out0             ;
; |final2|Datapath2:inst12|Register1x8:inst6|RFC:inst12|inst3                                                    ; |final2|Datapath2:inst12|Register1x8:inst6|RFC:inst12|inst3                                                    ; out0             ;
; |final2|Datapath2:inst12|Register1x8:inst6|RFC:inst8|inst1                                                     ; |final2|Datapath2:inst12|Register1x8:inst6|RFC:inst8|inst1                                                     ; out              ;
; |final2|Datapath2:inst12|Register1x8:inst6|RFC:inst8|inst                                                      ; |final2|Datapath2:inst12|Register1x8:inst6|RFC:inst8|inst                                                      ; regout           ;
; |final2|Datapath2:inst12|Register1x8:inst6|RFC:inst8|inst4                                                     ; |final2|Datapath2:inst12|Register1x8:inst6|RFC:inst8|inst4                                                     ; out0             ;
; |final2|Datapath2:inst12|Register1x8:inst6|RFC:inst8|inst3                                                     ; |final2|Datapath2:inst12|Register1x8:inst6|RFC:inst8|inst3                                                     ; out0             ;
; |final2|Datapath2:inst12|Register1x8:inst6|RFC:inst8|inst2                                                     ; |final2|Datapath2:inst12|Register1x8:inst6|RFC:inst8|inst2                                                     ; out0             ;
; |final2|Datapath2:inst12|AddSubMax:inst8|inst4                                                                 ; |final2|Datapath2:inst12|AddSubMax:inst8|inst4                                                                 ; out0             ;
; |final2|Datapath2:inst12|AddSubMax:inst8|inst2[7]                                                              ; |final2|Datapath2:inst12|AddSubMax:inst8|inst2[7]                                                              ; out0             ;
; |final2|Datapath2:inst12|AddSubMax:inst8|inst2[6]                                                              ; |final2|Datapath2:inst12|AddSubMax:inst8|inst2[6]                                                              ; out0             ;
; |final2|Datapath2:inst12|AddSubMax:inst8|inst2[5]                                                              ; |final2|Datapath2:inst12|AddSubMax:inst8|inst2[5]                                                              ; out0             ;
; |final2|Datapath2:inst12|AddSubMax:inst8|inst2[4]                                                              ; |final2|Datapath2:inst12|AddSubMax:inst8|inst2[4]                                                              ; out0             ;
; |final2|Datapath2:inst12|AddSubMax:inst8|inst2[3]                                                              ; |final2|Datapath2:inst12|AddSubMax:inst8|inst2[3]                                                              ; out0             ;
; |final2|Datapath2:inst12|AddSubMax:inst8|inst2[2]                                                              ; |final2|Datapath2:inst12|AddSubMax:inst8|inst2[2]                                                              ; out0             ;
; |final2|Datapath2:inst12|AddSubMax:inst8|inst2[1]                                                              ; |final2|Datapath2:inst12|AddSubMax:inst8|inst2[1]                                                              ; out0             ;
; |final2|Datapath2:inst12|AddSubMax:inst8|inst2[0]                                                              ; |final2|Datapath2:inst12|AddSubMax:inst8|inst2[0]                                                              ; out0             ;
; |final2|Datapath2:inst12|AddSubMax:inst8|busmux:inst14|lpm_mux:$00000|mux_smc:auto_generated|result_node[4]~6  ; |final2|Datapath2:inst12|AddSubMax:inst8|busmux:inst14|lpm_mux:$00000|mux_smc:auto_generated|result_node[4]~6  ; out0             ;
; |final2|Datapath2:inst12|AddSubMax:inst8|busmux:inst14|lpm_mux:$00000|mux_smc:auto_generated|result_node[4]~7  ; |final2|Datapath2:inst12|AddSubMax:inst8|busmux:inst14|lpm_mux:$00000|mux_smc:auto_generated|result_node[4]~7  ; out0             ;
; |final2|Datapath2:inst12|AddSubMax:inst8|busmux:inst14|lpm_mux:$00000|mux_smc:auto_generated|result_node[4]    ; |final2|Datapath2:inst12|AddSubMax:inst8|busmux:inst14|lpm_mux:$00000|mux_smc:auto_generated|result_node[4]    ; out0             ;
; |final2|Datapath2:inst12|AddSubMax:inst8|busmux:inst14|lpm_mux:$00000|mux_smc:auto_generated|result_node[3]~8  ; |final2|Datapath2:inst12|AddSubMax:inst8|busmux:inst14|lpm_mux:$00000|mux_smc:auto_generated|result_node[3]~8  ; out0             ;
; |final2|Datapath2:inst12|AddSubMax:inst8|busmux:inst14|lpm_mux:$00000|mux_smc:auto_generated|result_node[3]~9  ; |final2|Datapath2:inst12|AddSubMax:inst8|busmux:inst14|lpm_mux:$00000|mux_smc:auto_generated|result_node[3]~9  ; out0             ;
; |final2|Datapath2:inst12|AddSubMax:inst8|busmux:inst14|lpm_mux:$00000|mux_smc:auto_generated|result_node[3]    ; |final2|Datapath2:inst12|AddSubMax:inst8|busmux:inst14|lpm_mux:$00000|mux_smc:auto_generated|result_node[3]    ; out0             ;
; |final2|Datapath2:inst12|AddSubMax:inst8|busmux:inst14|lpm_mux:$00000|mux_smc:auto_generated|result_node[2]~10 ; |final2|Datapath2:inst12|AddSubMax:inst8|busmux:inst14|lpm_mux:$00000|mux_smc:auto_generated|result_node[2]~10 ; out0             ;
; |final2|Datapath2:inst12|AddSubMax:inst8|busmux:inst14|lpm_mux:$00000|mux_smc:auto_generated|result_node[2]~11 ; |final2|Datapath2:inst12|AddSubMax:inst8|busmux:inst14|lpm_mux:$00000|mux_smc:auto_generated|result_node[2]~11 ; out0             ;
; |final2|Datapath2:inst12|AddSubMax:inst8|busmux:inst14|lpm_mux:$00000|mux_smc:auto_generated|result_node[2]    ; |final2|Datapath2:inst12|AddSubMax:inst8|busmux:inst14|lpm_mux:$00000|mux_smc:auto_generated|result_node[2]    ; out0             ;
; |final2|Datapath2:inst12|AddSubMax:inst8|busmux:inst14|lpm_mux:$00000|mux_smc:auto_generated|result_node[1]~12 ; |final2|Datapath2:inst12|AddSubMax:inst8|busmux:inst14|lpm_mux:$00000|mux_smc:auto_generated|result_node[1]~12 ; out0             ;
; |final2|Datapath2:inst12|AddSubMax:inst8|busmux:inst14|lpm_mux:$00000|mux_smc:auto_generated|result_node[1]~13 ; |final2|Datapath2:inst12|AddSubMax:inst8|busmux:inst14|lpm_mux:$00000|mux_smc:auto_generated|result_node[1]~13 ; out0             ;
; |final2|Datapath2:inst12|AddSubMax:inst8|busmux:inst14|lpm_mux:$00000|mux_smc:auto_generated|result_node[1]    ; |final2|Datapath2:inst12|AddSubMax:inst8|busmux:inst14|lpm_mux:$00000|mux_smc:auto_generated|result_node[1]    ; out0             ;
; |final2|Datapath2:inst12|AddSubMax:inst8|busmux:inst14|lpm_mux:$00000|mux_smc:auto_generated|result_node[0]~14 ; |final2|Datapath2:inst12|AddSubMax:inst8|busmux:inst14|lpm_mux:$00000|mux_smc:auto_generated|result_node[0]~14 ; out0             ;
; |final2|Datapath2:inst12|AddSubMax:inst8|busmux:inst14|lpm_mux:$00000|mux_smc:auto_generated|result_node[0]~15 ; |final2|Datapath2:inst12|AddSubMax:inst8|busmux:inst14|lpm_mux:$00000|mux_smc:auto_generated|result_node[0]~15 ; out0             ;
; |final2|Datapath2:inst12|AddSubMax:inst8|busmux:inst14|lpm_mux:$00000|mux_smc:auto_generated|result_node[0]    ; |final2|Datapath2:inst12|AddSubMax:inst8|busmux:inst14|lpm_mux:$00000|mux_smc:auto_generated|result_node[0]    ; out0             ;
; |final2|Datapath2:inst12|AddSubMax:inst8|Adder8bit:inst|FullAdder:inst4|inst1                                  ; |final2|Datapath2:inst12|AddSubMax:inst8|Adder8bit:inst|FullAdder:inst4|inst1                                  ; out0             ;
; |final2|Datapath2:inst12|AddSubMax:inst8|Adder8bit:inst|FullAdder:inst4|inst                                   ; |final2|Datapath2:inst12|AddSubMax:inst8|Adder8bit:inst|FullAdder:inst4|inst                                   ; out0             ;
; |final2|Datapath2:inst12|AddSubMax:inst8|Adder8bit:inst|FullAdder:inst4|inst2                                  ; |final2|Datapath2:inst12|AddSubMax:inst8|Adder8bit:inst|FullAdder:inst4|inst2                                  ; out0             ;
; |final2|Datapath2:inst12|AddSubMax:inst8|Adder8bit:inst|FullAdder:inst4|inst4                                  ; |final2|Datapath2:inst12|AddSubMax:inst8|Adder8bit:inst|FullAdder:inst4|inst4                                  ; out0             ;
; |final2|Datapath2:inst12|AddSubMax:inst8|Adder8bit:inst|FullAdder:inst4|inst5                                  ; |final2|Datapath2:inst12|AddSubMax:inst8|Adder8bit:inst|FullAdder:inst4|inst5                                  ; out0             ;
; |final2|Datapath2:inst12|AddSubMax:inst8|Adder8bit:inst|FullAdder:inst4|inst3                                  ; |final2|Datapath2:inst12|AddSubMax:inst8|Adder8bit:inst|FullAdder:inst4|inst3                                  ; out0             ;
; |final2|Datapath2:inst12|AddSubMax:inst8|Adder8bit:inst|FullAdder:inst6|inst1                                  ; |final2|Datapath2:inst12|AddSubMax:inst8|Adder8bit:inst|FullAdder:inst6|inst1                                  ; out0             ;
; |final2|Datapath2:inst12|AddSubMax:inst8|Adder8bit:inst|FullAdder:inst6|inst                                   ; |final2|Datapath2:inst12|AddSubMax:inst8|Adder8bit:inst|FullAdder:inst6|inst                                   ; out0             ;
; |final2|Datapath2:inst12|AddSubMax:inst8|Adder8bit:inst|FullAdder:inst6|inst2                                  ; |final2|Datapath2:inst12|AddSubMax:inst8|Adder8bit:inst|FullAdder:inst6|inst2                                  ; out0             ;
; |final2|Datapath2:inst12|AddSubMax:inst8|Adder8bit:inst|FullAdder:inst6|inst4                                  ; |final2|Datapath2:inst12|AddSubMax:inst8|Adder8bit:inst|FullAdder:inst6|inst4                                  ; out0             ;
; |final2|Datapath2:inst12|AddSubMax:inst8|Adder8bit:inst|FullAdder:inst6|inst5                                  ; |final2|Datapath2:inst12|AddSubMax:inst8|Adder8bit:inst|FullAdder:inst6|inst5                                  ; out0             ;
; |final2|Datapath2:inst12|AddSubMax:inst8|Adder8bit:inst|FullAdder:inst6|inst3                                  ; |final2|Datapath2:inst12|AddSubMax:inst8|Adder8bit:inst|FullAdder:inst6|inst3                                  ; out0             ;
; |final2|Datapath2:inst12|AddSubMax:inst8|Adder8bit:inst|FullAdder:inst7|inst1                                  ; |final2|Datapath2:inst12|AddSubMax:inst8|Adder8bit:inst|FullAdder:inst7|inst1                                  ; out0             ;
; |final2|Datapath2:inst12|AddSubMax:inst8|Adder8bit:inst|FullAdder:inst7|inst                                   ; |final2|Datapath2:inst12|AddSubMax:inst8|Adder8bit:inst|FullAdder:inst7|inst                                   ; out0             ;
; |final2|Datapath2:inst12|AddSubMax:inst8|Adder8bit:inst|FullAdder:inst7|inst2                                  ; |final2|Datapath2:inst12|AddSubMax:inst8|Adder8bit:inst|FullAdder:inst7|inst2                                  ; out0             ;
; |final2|Datapath2:inst12|AddSubMax:inst8|Adder8bit:inst|FullAdder:inst7|inst4                                  ; |final2|Datapath2:inst12|AddSubMax:inst8|Adder8bit:inst|FullAdder:inst7|inst4                                  ; out0             ;
; |final2|Datapath2:inst12|AddSubMax:inst8|Adder8bit:inst|FullAdder:inst7|inst5                                  ; |final2|Datapath2:inst12|AddSubMax:inst8|Adder8bit:inst|FullAdder:inst7|inst5                                  ; out0             ;
; |final2|Datapath2:inst12|AddSubMax:inst8|Adder8bit:inst|FullAdder:inst7|inst3                                  ; |final2|Datapath2:inst12|AddSubMax:inst8|Adder8bit:inst|FullAdder:inst7|inst3                                  ; out0             ;
; |final2|Datapath2:inst12|AddSubMax:inst8|Adder8bit:inst|FullAdder:inst8|inst1                                  ; |final2|Datapath2:inst12|AddSubMax:inst8|Adder8bit:inst|FullAdder:inst8|inst1                                  ; out0             ;
; |final2|Datapath2:inst12|AddSubMax:inst8|Adder8bit:inst|FullAdder:inst8|inst                                   ; |final2|Datapath2:inst12|AddSubMax:inst8|Adder8bit:inst|FullAdder:inst8|inst                                   ; out0             ;
; |final2|Datapath2:inst12|AddSubMax:inst8|Adder8bit:inst|FullAdder:inst8|inst2                                  ; |final2|Datapath2:inst12|AddSubMax:inst8|Adder8bit:inst|FullAdder:inst8|inst2                                  ; out0             ;
; |final2|Datapath2:inst12|AddSubMax:inst8|Adder8bit:inst|FullAdder:inst8|inst4                                  ; |final2|Datapath2:inst12|AddSubMax:inst8|Adder8bit:inst|FullAdder:inst8|inst4                                  ; out0             ;
; |final2|Datapath2:inst12|AddSubMax:inst8|Adder8bit:inst|FullAdder:inst8|inst5                                  ; |final2|Datapath2:inst12|AddSubMax:inst8|Adder8bit:inst|FullAdder:inst8|inst5                                  ; out0             ;
; |final2|Datapath2:inst12|AddSubMax:inst8|Adder8bit:inst|FullAdder:inst8|inst3                                  ; |final2|Datapath2:inst12|AddSubMax:inst8|Adder8bit:inst|FullAdder:inst8|inst3                                  ; out0             ;
; |final2|Datapath2:inst12|AddSubMax:inst8|Adder8bit:inst|FullAdder:inst3|inst1                                  ; |final2|Datapath2:inst12|AddSubMax:inst8|Adder8bit:inst|FullAdder:inst3|inst1                                  ; out0             ;
; |final2|Datapath2:inst12|AddSubMax:inst8|Adder8bit:inst|FullAdder:inst3|inst                                   ; |final2|Datapath2:inst12|AddSubMax:inst8|Adder8bit:inst|FullAdder:inst3|inst                                   ; out0             ;
; |final2|Datapath2:inst12|AddSubMax:inst8|Adder8bit:inst|FullAdder:inst3|inst2                                  ; |final2|Datapath2:inst12|AddSubMax:inst8|Adder8bit:inst|FullAdder:inst3|inst2                                  ; out0             ;
; |final2|Datapath2:inst12|AddSubMax:inst8|Adder8bit:inst|FullAdder:inst3|inst4                                  ; |final2|Datapath2:inst12|AddSubMax:inst8|Adder8bit:inst|FullAdder:inst3|inst4                                  ; out0             ;
; |final2|Datapath2:inst12|AddSubMax:inst8|Adder8bit:inst|FullAdder:inst3|inst5                                  ; |final2|Datapath2:inst12|AddSubMax:inst8|Adder8bit:inst|FullAdder:inst3|inst5                                  ; out0             ;
; |final2|Datapath2:inst12|AddSubMax:inst8|Adder8bit:inst|FullAdder:inst3|inst3                                  ; |final2|Datapath2:inst12|AddSubMax:inst8|Adder8bit:inst|FullAdder:inst3|inst3                                  ; out0             ;
; |final2|Datapath2:inst12|AddSubMax:inst8|Adder8bit:inst|FullAdder:inst2|inst1                                  ; |final2|Datapath2:inst12|AddSubMax:inst8|Adder8bit:inst|FullAdder:inst2|inst1                                  ; out0             ;
; |final2|Datapath2:inst12|AddSubMax:inst8|Adder8bit:inst|FullAdder:inst2|inst                                   ; |final2|Datapath2:inst12|AddSubMax:inst8|Adder8bit:inst|FullAdder:inst2|inst                                   ; out0             ;
; |final2|Datapath2:inst12|AddSubMax:inst8|Adder8bit:inst|FullAdder:inst2|inst2                                  ; |final2|Datapath2:inst12|AddSubMax:inst8|Adder8bit:inst|FullAdder:inst2|inst2                                  ; out0             ;
; |final2|Datapath2:inst12|AddSubMax:inst8|Adder8bit:inst|FullAdder:inst2|inst4                                  ; |final2|Datapath2:inst12|AddSubMax:inst8|Adder8bit:inst|FullAdder:inst2|inst4                                  ; out0             ;
; |final2|Datapath2:inst12|AddSubMax:inst8|Adder8bit:inst|FullAdder:inst1|inst1                                  ; |final2|Datapath2:inst12|AddSubMax:inst8|Adder8bit:inst|FullAdder:inst1|inst1                                  ; out0             ;
; |final2|Datapath2:inst12|AddSubMax:inst8|Adder8bit:inst|FullAdder:inst1|inst                                   ; |final2|Datapath2:inst12|AddSubMax:inst8|Adder8bit:inst|FullAdder:inst1|inst                                   ; out0             ;
; |final2|Datapath2:inst12|AddSubMax:inst8|Adder8bit:inst|FullAdder:inst1|inst2                                  ; |final2|Datapath2:inst12|AddSubMax:inst8|Adder8bit:inst|FullAdder:inst1|inst2                                  ; out0             ;
; |final2|Datapath2:inst12|AddSubMax:inst8|Adder8bit:inst|FullAdder:inst1|inst4                                  ; |final2|Datapath2:inst12|AddSubMax:inst8|Adder8bit:inst|FullAdder:inst1|inst4                                  ; out0             ;
; |final2|Datapath2:inst12|AddSubMax:inst8|Adder8bit:inst|FullAdder:inst|inst1                                   ; |final2|Datapath2:inst12|AddSubMax:inst8|Adder8bit:inst|FullAdder:inst|inst1                                   ; out0             ;
; |final2|Datapath2:inst12|AddSubMax:inst8|Adder8bit:inst|FullAdder:inst|inst                                    ; |final2|Datapath2:inst12|AddSubMax:inst8|Adder8bit:inst|FullAdder:inst|inst                                    ; out0             ;
; |final2|Datapath2:inst12|AddSubMax:inst8|busmux:inst12|lpm_mux:$00000|mux_smc:auto_generated|result_node[7]~1  ; |final2|Datapath2:inst12|AddSubMax:inst8|busmux:inst12|lpm_mux:$00000|mux_smc:auto_generated|result_node[7]~1  ; out0             ;
; |final2|Datapath2:inst12|AddSubMax:inst8|busmux:inst12|lpm_mux:$00000|mux_smc:auto_generated|result_node[7]    ; |final2|Datapath2:inst12|AddSubMax:inst8|busmux:inst12|lpm_mux:$00000|mux_smc:auto_generated|result_node[7]    ; out0             ;
; |final2|Datapath2:inst12|AddSubMax:inst8|busmux:inst12|lpm_mux:$00000|mux_smc:auto_generated|result_node[6]~3  ; |final2|Datapath2:inst12|AddSubMax:inst8|busmux:inst12|lpm_mux:$00000|mux_smc:auto_generated|result_node[6]~3  ; out0             ;
; |final2|Datapath2:inst12|AddSubMax:inst8|busmux:inst12|lpm_mux:$00000|mux_smc:auto_generated|result_node[6]    ; |final2|Datapath2:inst12|AddSubMax:inst8|busmux:inst12|lpm_mux:$00000|mux_smc:auto_generated|result_node[6]    ; out0             ;
; |final2|Datapath2:inst12|AddSubMax:inst8|busmux:inst12|lpm_mux:$00000|mux_smc:auto_generated|result_node[5]~5  ; |final2|Datapath2:inst12|AddSubMax:inst8|busmux:inst12|lpm_mux:$00000|mux_smc:auto_generated|result_node[5]~5  ; out0             ;
; |final2|Datapath2:inst12|AddSubMax:inst8|busmux:inst12|lpm_mux:$00000|mux_smc:auto_generated|result_node[5]    ; |final2|Datapath2:inst12|AddSubMax:inst8|busmux:inst12|lpm_mux:$00000|mux_smc:auto_generated|result_node[5]    ; out0             ;
; |final2|Datapath2:inst12|AddSubMax:inst8|busmux:inst12|lpm_mux:$00000|mux_smc:auto_generated|result_node[4]~6  ; |final2|Datapath2:inst12|AddSubMax:inst8|busmux:inst12|lpm_mux:$00000|mux_smc:auto_generated|result_node[4]~6  ; out0             ;
; |final2|Datapath2:inst12|AddSubMax:inst8|busmux:inst12|lpm_mux:$00000|mux_smc:auto_generated|result_node[4]~7  ; |final2|Datapath2:inst12|AddSubMax:inst8|busmux:inst12|lpm_mux:$00000|mux_smc:auto_generated|result_node[4]~7  ; out0             ;
; |final2|Datapath2:inst12|AddSubMax:inst8|busmux:inst12|lpm_mux:$00000|mux_smc:auto_generated|result_node[4]    ; |final2|Datapath2:inst12|AddSubMax:inst8|busmux:inst12|lpm_mux:$00000|mux_smc:auto_generated|result_node[4]    ; out0             ;
; |final2|Datapath2:inst12|AddSubMax:inst8|busmux:inst12|lpm_mux:$00000|mux_smc:auto_generated|result_node[3]~8  ; |final2|Datapath2:inst12|AddSubMax:inst8|busmux:inst12|lpm_mux:$00000|mux_smc:auto_generated|result_node[3]~8  ; out0             ;
; |final2|Datapath2:inst12|AddSubMax:inst8|busmux:inst12|lpm_mux:$00000|mux_smc:auto_generated|result_node[3]~9  ; |final2|Datapath2:inst12|AddSubMax:inst8|busmux:inst12|lpm_mux:$00000|mux_smc:auto_generated|result_node[3]~9  ; out0             ;
; |final2|Datapath2:inst12|AddSubMax:inst8|busmux:inst12|lpm_mux:$00000|mux_smc:auto_generated|result_node[3]    ; |final2|Datapath2:inst12|AddSubMax:inst8|busmux:inst12|lpm_mux:$00000|mux_smc:auto_generated|result_node[3]    ; out0             ;
; |final2|Datapath2:inst12|AddSubMax:inst8|busmux:inst12|lpm_mux:$00000|mux_smc:auto_generated|result_node[2]~10 ; |final2|Datapath2:inst12|AddSubMax:inst8|busmux:inst12|lpm_mux:$00000|mux_smc:auto_generated|result_node[2]~10 ; out0             ;
; |final2|Datapath2:inst12|AddSubMax:inst8|busmux:inst12|lpm_mux:$00000|mux_smc:auto_generated|result_node[2]~11 ; |final2|Datapath2:inst12|AddSubMax:inst8|busmux:inst12|lpm_mux:$00000|mux_smc:auto_generated|result_node[2]~11 ; out0             ;
; |final2|Datapath2:inst12|AddSubMax:inst8|busmux:inst12|lpm_mux:$00000|mux_smc:auto_generated|result_node[2]    ; |final2|Datapath2:inst12|AddSubMax:inst8|busmux:inst12|lpm_mux:$00000|mux_smc:auto_generated|result_node[2]    ; out0             ;
; |final2|Datapath2:inst12|AddSubMax:inst8|busmux:inst12|lpm_mux:$00000|mux_smc:auto_generated|result_node[1]~12 ; |final2|Datapath2:inst12|AddSubMax:inst8|busmux:inst12|lpm_mux:$00000|mux_smc:auto_generated|result_node[1]~12 ; out0             ;
; |final2|Datapath2:inst12|AddSubMax:inst8|busmux:inst12|lpm_mux:$00000|mux_smc:auto_generated|result_node[1]~13 ; |final2|Datapath2:inst12|AddSubMax:inst8|busmux:inst12|lpm_mux:$00000|mux_smc:auto_generated|result_node[1]~13 ; out0             ;
; |final2|Datapath2:inst12|AddSubMax:inst8|busmux:inst12|lpm_mux:$00000|mux_smc:auto_generated|result_node[1]    ; |final2|Datapath2:inst12|AddSubMax:inst8|busmux:inst12|lpm_mux:$00000|mux_smc:auto_generated|result_node[1]    ; out0             ;
; |final2|Datapath2:inst12|AddSubMax:inst8|busmux:inst12|lpm_mux:$00000|mux_smc:auto_generated|result_node[0]~14 ; |final2|Datapath2:inst12|AddSubMax:inst8|busmux:inst12|lpm_mux:$00000|mux_smc:auto_generated|result_node[0]~14 ; out0             ;
; |final2|Datapath2:inst12|AddSubMax:inst8|busmux:inst12|lpm_mux:$00000|mux_smc:auto_generated|result_node[0]~15 ; |final2|Datapath2:inst12|AddSubMax:inst8|busmux:inst12|lpm_mux:$00000|mux_smc:auto_generated|result_node[0]~15 ; out0             ;
; |final2|Datapath2:inst12|AddSubMax:inst8|busmux:inst12|lpm_mux:$00000|mux_smc:auto_generated|result_node[0]    ; |final2|Datapath2:inst12|AddSubMax:inst8|busmux:inst12|lpm_mux:$00000|mux_smc:auto_generated|result_node[0]    ; out0             ;
; |final2|Datapath2:inst12|Register1x8:inst24|RFC:inst10|inst1                                                   ; |final2|Datapath2:inst12|Register1x8:inst24|RFC:inst10|inst1                                                   ; out              ;
; |final2|Datapath2:inst12|Register1x8:inst24|RFC:inst10|inst                                                    ; |final2|Datapath2:inst12|Register1x8:inst24|RFC:inst10|inst                                                    ; regout           ;
; |final2|Datapath2:inst12|Register1x8:inst24|RFC:inst10|inst4                                                   ; |final2|Datapath2:inst12|Register1x8:inst24|RFC:inst10|inst4                                                   ; out0             ;
; |final2|Datapath2:inst12|Register1x8:inst24|RFC:inst10|inst3                                                   ; |final2|Datapath2:inst12|Register1x8:inst24|RFC:inst10|inst3                                                   ; out0             ;
; |final2|Datapath2:inst12|Register1x8:inst24|RFC:inst10|inst2                                                   ; |final2|Datapath2:inst12|Register1x8:inst24|RFC:inst10|inst2                                                   ; out0             ;
; |final2|Datapath2:inst12|Register1x8:inst24|RFC:inst11|inst1                                                   ; |final2|Datapath2:inst12|Register1x8:inst24|RFC:inst11|inst1                                                   ; out              ;
; |final2|Datapath2:inst12|Register1x8:inst24|RFC:inst11|inst                                                    ; |final2|Datapath2:inst12|Register1x8:inst24|RFC:inst11|inst                                                    ; regout           ;
; |final2|Datapath2:inst12|Register1x8:inst24|RFC:inst11|inst4                                                   ; |final2|Datapath2:inst12|Register1x8:inst24|RFC:inst11|inst4                                                   ; out0             ;
; |final2|Datapath2:inst12|Register1x8:inst24|RFC:inst11|inst3                                                   ; |final2|Datapath2:inst12|Register1x8:inst24|RFC:inst11|inst3                                                   ; out0             ;
; |final2|Datapath2:inst12|Register1x8:inst24|RFC:inst11|inst2                                                   ; |final2|Datapath2:inst12|Register1x8:inst24|RFC:inst11|inst2                                                   ; out0             ;
; |final2|Datapath2:inst12|Register1x8:inst24|RFC:inst9|inst1                                                    ; |final2|Datapath2:inst12|Register1x8:inst24|RFC:inst9|inst1                                                    ; out              ;
; |final2|Datapath2:inst12|Register1x8:inst24|RFC:inst9|inst                                                     ; |final2|Datapath2:inst12|Register1x8:inst24|RFC:inst9|inst                                                     ; regout           ;
; |final2|Datapath2:inst12|Register1x8:inst24|RFC:inst9|inst4                                                    ; |final2|Datapath2:inst12|Register1x8:inst24|RFC:inst9|inst4                                                    ; out0             ;
; |final2|Datapath2:inst12|Register1x8:inst24|RFC:inst9|inst3                                                    ; |final2|Datapath2:inst12|Register1x8:inst24|RFC:inst9|inst3                                                    ; out0             ;
; |final2|Datapath2:inst12|Register1x8:inst24|RFC:inst9|inst2                                                    ; |final2|Datapath2:inst12|Register1x8:inst24|RFC:inst9|inst2                                                    ; out0             ;
; |final2|Datapath2:inst12|Register1x8:inst24|RFC:inst12|inst1                                                   ; |final2|Datapath2:inst12|Register1x8:inst24|RFC:inst12|inst1                                                   ; out              ;
; |final2|Datapath2:inst12|Register1x8:inst24|RFC:inst12|inst                                                    ; |final2|Datapath2:inst12|Register1x8:inst24|RFC:inst12|inst                                                    ; regout           ;
; |final2|Datapath2:inst12|Register1x8:inst24|RFC:inst12|inst4                                                   ; |final2|Datapath2:inst12|Register1x8:inst24|RFC:inst12|inst4                                                   ; out0             ;
; |final2|Datapath2:inst12|Register1x8:inst24|RFC:inst12|inst3                                                   ; |final2|Datapath2:inst12|Register1x8:inst24|RFC:inst12|inst3                                                   ; out0             ;
; |final2|Datapath2:inst12|Register1x8:inst24|RFC:inst12|inst2                                                   ; |final2|Datapath2:inst12|Register1x8:inst24|RFC:inst12|inst2                                                   ; out0             ;
; |final2|Datapath2:inst12|Register1x8:inst24|RFC:inst8|inst1                                                    ; |final2|Datapath2:inst12|Register1x8:inst24|RFC:inst8|inst1                                                    ; out              ;
; |final2|Datapath2:inst12|Register1x8:inst24|RFC:inst8|inst                                                     ; |final2|Datapath2:inst12|Register1x8:inst24|RFC:inst8|inst                                                     ; regout           ;
; |final2|Datapath2:inst12|Register1x8:inst24|RFC:inst8|inst4                                                    ; |final2|Datapath2:inst12|Register1x8:inst24|RFC:inst8|inst4                                                    ; out0             ;
; |final2|Datapath2:inst12|Register1x8:inst24|RFC:inst8|inst3                                                    ; |final2|Datapath2:inst12|Register1x8:inst24|RFC:inst8|inst3                                                    ; out0             ;
; |final2|Datapath2:inst12|Register1x8:inst24|RFC:inst8|inst2                                                    ; |final2|Datapath2:inst12|Register1x8:inst24|RFC:inst8|inst2                                                    ; out0             ;
; |final2|Datapath2:inst12|Register1x8:inst24|RFC:inst7|inst4                                                    ; |final2|Datapath2:inst12|Register1x8:inst24|RFC:inst7|inst4                                                    ; out0             ;
; |final2|Datapath2:inst12|Register1x8:inst24|RFC:inst7|inst3                                                    ; |final2|Datapath2:inst12|Register1x8:inst24|RFC:inst7|inst3                                                    ; out0             ;
; |final2|PL_Final2:inst|NEW_NEXTSTATE:inst2|inst3                                                               ; |final2|PL_Final2:inst|NEW_NEXTSTATE:inst2|inst3                                                               ; out0             ;
; |final2|PL_Final2:inst|NEW_NEXTSTATE:inst2|inst8                                                               ; |final2|PL_Final2:inst|NEW_NEXTSTATE:inst2|inst8                                                               ; out0             ;
; |final2|PL_Final2:inst|NEW_NEXTSTATE:inst2|inst5                                                               ; |final2|PL_Final2:inst|NEW_NEXTSTATE:inst2|inst5                                                               ; out0             ;
; |final2|PL_Final2:inst|NEW_NEXTSTATE:inst2|inst4                                                               ; |final2|PL_Final2:inst|NEW_NEXTSTATE:inst2|inst4                                                               ; out0             ;
; |final2|PL_Final2:inst|NEW_NEXTSTATE:inst2|inst6                                                               ; |final2|PL_Final2:inst|NEW_NEXTSTATE:inst2|inst6                                                               ; out0             ;
; |final2|PL_Final2:inst|NEW_CURRENTSTATE:inst1|inst                                                             ; |final2|PL_Final2:inst|NEW_CURRENTSTATE:inst1|inst                                                             ; regout           ;
; |final2|PL_Final2:inst|NEW_CURRENTSTATE:inst1|inst1                                                            ; |final2|PL_Final2:inst|NEW_CURRENTSTATE:inst1|inst1                                                            ; regout           ;
; |final2|PL_Final2:inst|NEW_CURRENTSTATE:inst1|inst2                                                            ; |final2|PL_Final2:inst|NEW_CURRENTSTATE:inst1|inst2                                                            ; regout           ;
; |final2|PL_Final2:inst|OUTPUT_BLOCK:inst|inst6[19]                                                             ; |final2|PL_Final2:inst|OUTPUT_BLOCK:inst|inst6[19]                                                             ; out0             ;
; |final2|PL_Final2:inst|OUTPUT_BLOCK:inst|inst6[18]                                                             ; |final2|PL_Final2:inst|OUTPUT_BLOCK:inst|inst6[18]                                                             ; out0             ;
; |final2|PL_Final2:inst|OUTPUT_BLOCK:inst|inst6[17]                                                             ; |final2|PL_Final2:inst|OUTPUT_BLOCK:inst|inst6[17]                                                             ; out0             ;
; |final2|PL_Final2:inst|OUTPUT_BLOCK:inst|inst6[16]                                                             ; |final2|PL_Final2:inst|OUTPUT_BLOCK:inst|inst6[16]                                                             ; out0             ;
; |final2|PL_Final2:inst|OUTPUT_BLOCK:inst|inst6[15]                                                             ; |final2|PL_Final2:inst|OUTPUT_BLOCK:inst|inst6[15]                                                             ; out0             ;
; |final2|PL_Final2:inst|OUTPUT_BLOCK:inst|inst6[14]                                                             ; |final2|PL_Final2:inst|OUTPUT_BLOCK:inst|inst6[14]                                                             ; out0             ;
; |final2|PL_Final2:inst|OUTPUT_BLOCK:inst|inst6[13]                                                             ; |final2|PL_Final2:inst|OUTPUT_BLOCK:inst|inst6[13]                                                             ; out0             ;
; |final2|PL_Final2:inst|OUTPUT_BLOCK:inst|inst6[12]                                                             ; |final2|PL_Final2:inst|OUTPUT_BLOCK:inst|inst6[12]                                                             ; out0             ;
; |final2|PL_Final2:inst|OUTPUT_BLOCK:inst|inst6[11]                                                             ; |final2|PL_Final2:inst|OUTPUT_BLOCK:inst|inst6[11]                                                             ; out0             ;
; |final2|PL_Final2:inst|OUTPUT_BLOCK:inst|inst6[10]                                                             ; |final2|PL_Final2:inst|OUTPUT_BLOCK:inst|inst6[10]                                                             ; out0             ;
; |final2|PL_Final2:inst|OUTPUT_BLOCK:inst|inst6[9]                                                              ; |final2|PL_Final2:inst|OUTPUT_BLOCK:inst|inst6[9]                                                              ; out0             ;
; |final2|PL_Final2:inst|OUTPUT_BLOCK:inst|inst6[8]                                                              ; |final2|PL_Final2:inst|OUTPUT_BLOCK:inst|inst6[8]                                                              ; out0             ;
; |final2|PL_Final2:inst|OUTPUT_BLOCK:inst|inst6[7]                                                              ; |final2|PL_Final2:inst|OUTPUT_BLOCK:inst|inst6[7]                                                              ; out0             ;
; |final2|PL_Final2:inst|OUTPUT_BLOCK:inst|inst6[6]                                                              ; |final2|PL_Final2:inst|OUTPUT_BLOCK:inst|inst6[6]                                                              ; out0             ;
; |final2|PL_Final2:inst|OUTPUT_BLOCK:inst|inst6[5]                                                              ; |final2|PL_Final2:inst|OUTPUT_BLOCK:inst|inst6[5]                                                              ; out0             ;
; |final2|PL_Final2:inst|OUTPUT_BLOCK:inst|inst6[4]                                                              ; |final2|PL_Final2:inst|OUTPUT_BLOCK:inst|inst6[4]                                                              ; out0             ;
; |final2|PL_Final2:inst|OUTPUT_BLOCK:inst|inst6[3]                                                              ; |final2|PL_Final2:inst|OUTPUT_BLOCK:inst|inst6[3]                                                              ; out0             ;
; |final2|PL_Final2:inst|OUTPUT_BLOCK:inst|inst6[2]                                                              ; |final2|PL_Final2:inst|OUTPUT_BLOCK:inst|inst6[2]                                                              ; out0             ;
; |final2|PL_Final2:inst|OUTPUT_BLOCK:inst|inst6[1]                                                              ; |final2|PL_Final2:inst|OUTPUT_BLOCK:inst|inst6[1]                                                              ; out0             ;
; |final2|PL_Final2:inst|OUTPUT_BLOCK:inst|inst6[0]                                                              ; |final2|PL_Final2:inst|OUTPUT_BLOCK:inst|inst6[0]                                                              ; out0             ;
; |final2|PL_Final2:inst|OUTPUT_BLOCK:inst|inst12                                                                ; |final2|PL_Final2:inst|OUTPUT_BLOCK:inst|inst12                                                                ; out0             ;
; |final2|PL_Final2:inst|OUTPUT_BLOCK:inst|inst7                                                                 ; |final2|PL_Final2:inst|OUTPUT_BLOCK:inst|inst7                                                                 ; out0             ;
; |final2|PL_Final2:inst|OUTPUT_BLOCK:inst|controller2:inst|inst137A                                             ; |final2|PL_Final2:inst|OUTPUT_BLOCK:inst|controller2:inst|inst137A                                             ; out0             ;
; |final2|PL_Final2:inst|OUTPUT_BLOCK:inst|controller2:inst|inst148                                              ; |final2|PL_Final2:inst|OUTPUT_BLOCK:inst|controller2:inst|inst148                                              ; out0             ;
; |final2|PL_Final2:inst|OUTPUT_BLOCK:inst|controller2:inst|inst17A                                              ; |final2|PL_Final2:inst|OUTPUT_BLOCK:inst|controller2:inst|inst17A                                              ; out0             ;
; |final2|PL_Final2:inst|OUTPUT_BLOCK:inst|controller2:inst|inst160                                              ; |final2|PL_Final2:inst|OUTPUT_BLOCK:inst|controller2:inst|inst160                                              ; out0             ;
; |final2|PL_Final2:inst|OUTPUT_BLOCK:inst|controller2:inst|inst159                                              ; |final2|PL_Final2:inst|OUTPUT_BLOCK:inst|controller2:inst|inst159                                              ; out0             ;
; |final2|PL_Final2:inst|OUTPUT_BLOCK:inst|controller2:inst|inst141                                              ; |final2|PL_Final2:inst|OUTPUT_BLOCK:inst|controller2:inst|inst141                                              ; out0             ;
; |final2|PL_Final2:inst|OUTPUT_BLOCK:inst|controller2:inst|inst144                                              ; |final2|PL_Final2:inst|OUTPUT_BLOCK:inst|controller2:inst|inst144                                              ; out0             ;
; |final2|PL_Final2:inst|OUTPUT_BLOCK:inst|controller2:inst|inst137                                              ; |final2|PL_Final2:inst|OUTPUT_BLOCK:inst|controller2:inst|inst137                                              ; out0             ;
; |final2|PL_Final2:inst|OUTPUT_BLOCK:inst|controller2:inst|inst248                                              ; |final2|PL_Final2:inst|OUTPUT_BLOCK:inst|controller2:inst|inst248                                              ; out0             ;
; |final2|PL_Final2:inst|OUTPUT_BLOCK:inst|controller2:inst|inst27                                               ; |final2|PL_Final2:inst|OUTPUT_BLOCK:inst|controller2:inst|inst27                                               ; out0             ;
; |final2|PL_Final2:inst|OUTPUT_BLOCK:inst|controller2:inst|inst260                                              ; |final2|PL_Final2:inst|OUTPUT_BLOCK:inst|controller2:inst|inst260                                              ; out0             ;
; |final2|PL_Final2:inst|OUTPUT_BLOCK:inst|controller2:inst|inst259                                              ; |final2|PL_Final2:inst|OUTPUT_BLOCK:inst|controller2:inst|inst259                                              ; out0             ;
; |final2|PL_Final2:inst|OUTPUT_BLOCK:inst|controller2:inst|inst23                                               ; |final2|PL_Final2:inst|OUTPUT_BLOCK:inst|controller2:inst|inst23                                               ; out0             ;
; |final2|PL_Final2:inst|OUTPUT_BLOCK:inst|controller2:inst|inst226                                              ; |final2|PL_Final2:inst|OUTPUT_BLOCK:inst|controller2:inst|inst226                                              ; out0             ;
; |final2|PL_Final2:inst|OUTPUT_BLOCK:inst|controller2:inst|inst215                                              ; |final2|PL_Final2:inst|OUTPUT_BLOCK:inst|controller2:inst|inst215                                              ; out0             ;
; |final2|PL_Final2:inst|OUTPUT_BLOCK:inst|controller2:inst|inst                                                 ; |final2|PL_Final2:inst|OUTPUT_BLOCK:inst|controller2:inst|inst                                                 ; out0             ;
; |final2|PL_Final2:inst|OUTPUT_BLOCK:inst|controller2:inst|inst2                                                ; |final2|PL_Final2:inst|OUTPUT_BLOCK:inst|controller2:inst|inst2                                                ; out0             ;
; |final2|PL_Final2:inst|OUTPUT_BLOCK:inst|controller2:inst|instB                                                ; |final2|PL_Final2:inst|OUTPUT_BLOCK:inst|controller2:inst|instB                                                ; out0             ;
; |final2|PL_Final2:inst|OUTPUT_BLOCK:inst|controller2:inst|inst106A                                             ; |final2|PL_Final2:inst|OUTPUT_BLOCK:inst|controller2:inst|inst106A                                             ; out0             ;
; |final2|PL_Final2:inst|OUTPUT_BLOCK:inst|controller2:inst|inst117A                                             ; |final2|PL_Final2:inst|OUTPUT_BLOCK:inst|controller2:inst|inst117A                                             ; out0             ;
; |final2|PL_Final2:inst|OUTPUT_BLOCK:inst|controller2:inst|inst94A                                              ; |final2|PL_Final2:inst|OUTPUT_BLOCK:inst|controller2:inst|inst94A                                              ; out0             ;
; |final2|PL_Final2:inst|OUTPUT_BLOCK:inst|controller2:inst|inst292                                              ; |final2|PL_Final2:inst|OUTPUT_BLOCK:inst|controller2:inst|inst292                                              ; out0             ;
; |final2|PL_Final2:inst|OUTPUT_BLOCK:inst|controller2:inst|inst293                                              ; |final2|PL_Final2:inst|OUTPUT_BLOCK:inst|controller2:inst|inst293                                              ; out0             ;
; |final2|PL_Final2:inst|OUTPUT_BLOCK:inst|controller2:inst|inst133                                              ; |final2|PL_Final2:inst|OUTPUT_BLOCK:inst|controller2:inst|inst133                                              ; out0             ;
; |final2|PL_Final2:inst|OUTPUT_BLOCK:inst|controller2:inst|inst112                                              ; |final2|PL_Final2:inst|OUTPUT_BLOCK:inst|controller2:inst|inst112                                              ; out0             ;
; |final2|PL_Final2:inst|OUTPUT_BLOCK:inst|controller2:inst|inst124                                              ; |final2|PL_Final2:inst|OUTPUT_BLOCK:inst|controller2:inst|inst124                                              ; out0             ;
; |final2|PL_Final2:inst|OUTPUT_BLOCK:inst|controller2:inst|inst155                                              ; |final2|PL_Final2:inst|OUTPUT_BLOCK:inst|controller2:inst|inst155                                              ; out0             ;
+----------------------------------------------------------------------------------------------------------------+----------------------------------------------------------------------------------------------------------------+------------------+


The following table displays output ports that do not toggle to 1 during simulation.
+----------------------------------------------------------------------------------------------------------------------------------------------------------------------------------------------------------------------------------------------------+
; Missing 1-Value Coverage                                                                                                                                                                                                                           ;
+----------------------------------------------------------------------------------------------------------------+----------------------------------------------------------------------------------------------------------------+------------------+
; Node Name                                                                                                      ; Output Port Name                                                                                               ; Output Port Type ;
+----------------------------------------------------------------------------------------------------------------+----------------------------------------------------------------------------------------------------------------+------------------+
; |final2|CLR                                                                                                    ; |final2|CLR                                                                                                    ; out              ;
; |final2|RESULT[7]                                                                                              ; |final2|RESULT[7]                                                                                              ; pin_out          ;
; |final2|RESULT[6]                                                                                              ; |final2|RESULT[6]                                                                                              ; pin_out          ;
; |final2|RESULT[5]                                                                                              ; |final2|RESULT[5]                                                                                              ; pin_out          ;
; |final2|IN1[0]                                                                                                 ; |final2|IN1[0]                                                                                                 ; out              ;
; |final2|Datapath2:inst12|inst18[7]                                                                             ; |final2|Datapath2:inst12|inst18[7]                                                                             ; out              ;
; |final2|Datapath2:inst12|inst18[6]                                                                             ; |final2|Datapath2:inst12|inst18[6]                                                                             ; out              ;
; |final2|Datapath2:inst12|inst18[5]                                                                             ; |final2|Datapath2:inst12|inst18[5]                                                                             ; out              ;
; |final2|Datapath2:inst12|IN_R3[7]                                                                              ; |final2|Datapath2:inst12|IN_R3[7]                                                                              ; out0             ;
; |final2|Datapath2:inst12|IN_R3[6]                                                                              ; |final2|Datapath2:inst12|IN_R3[6]                                                                              ; out0             ;
; |final2|Datapath2:inst12|A_AU2[7]                                                                              ; |final2|Datapath2:inst12|A_AU2[7]                                                                              ; out0             ;
; |final2|Datapath2:inst12|A_AU2[6]                                                                              ; |final2|Datapath2:inst12|A_AU2[6]                                                                              ; out0             ;
; |final2|Datapath2:inst12|A_AU2[5]                                                                              ; |final2|Datapath2:inst12|A_AU2[5]                                                                              ; out0             ;
; |final2|Datapath2:inst12|inst16[7]                                                                             ; |final2|Datapath2:inst12|inst16[7]                                                                             ; out              ;
; |final2|Datapath2:inst12|inst16[6]                                                                             ; |final2|Datapath2:inst12|inst16[6]                                                                             ; out              ;
; |final2|Datapath2:inst12|inst16[5]                                                                             ; |final2|Datapath2:inst12|inst16[5]                                                                             ; out              ;
; |final2|Datapath2:inst12|inst16[0]                                                                             ; |final2|Datapath2:inst12|inst16[0]                                                                             ; out              ;
; |final2|Datapath2:inst12|IN_R1[0]                                                                              ; |final2|Datapath2:inst12|IN_R1[0]                                                                              ; out0             ;
; |final2|Datapath2:inst12|inst11[7]                                                                             ; |final2|Datapath2:inst12|inst11[7]                                                                             ; out              ;
; |final2|Datapath2:inst12|inst11[6]                                                                             ; |final2|Datapath2:inst12|inst11[6]                                                                             ; out              ;
; |final2|Datapath2:inst12|inst11[5]                                                                             ; |final2|Datapath2:inst12|inst11[5]                                                                             ; out              ;
; |final2|Datapath2:inst12|inst11[3]                                                                             ; |final2|Datapath2:inst12|inst11[3]                                                                             ; out              ;
; |final2|Datapath2:inst12|inst11[0]                                                                             ; |final2|Datapath2:inst12|inst11[0]                                                                             ; out              ;
; |final2|Datapath2:inst12|inst13[0]                                                                             ; |final2|Datapath2:inst12|inst13[0]                                                                             ; out              ;
; |final2|Datapath2:inst12|inst12[7]                                                                             ; |final2|Datapath2:inst12|inst12[7]                                                                             ; out              ;
; |final2|Datapath2:inst12|inst12[6]                                                                             ; |final2|Datapath2:inst12|inst12[6]                                                                             ; out              ;
; |final2|Datapath2:inst12|inst9[0]                                                                              ; |final2|Datapath2:inst12|inst9[0]                                                                              ; out              ;
; |final2|Datapath2:inst12|inst17[7]                                                                             ; |final2|Datapath2:inst12|inst17[7]                                                                             ; out              ;
; |final2|Datapath2:inst12|inst17[6]                                                                             ; |final2|Datapath2:inst12|inst17[6]                                                                             ; out              ;
; |final2|Datapath2:inst12|inst17[5]                                                                             ; |final2|Datapath2:inst12|inst17[5]                                                                             ; out              ;
; |final2|Datapath2:inst12|inst17[4]                                                                             ; |final2|Datapath2:inst12|inst17[4]                                                                             ; out              ;
; |final2|Datapath2:inst12|inst17[2]                                                                             ; |final2|Datapath2:inst12|inst17[2]                                                                             ; out              ;
; |final2|Datapath2:inst12|inst19[7]                                                                             ; |final2|Datapath2:inst12|inst19[7]                                                                             ; out              ;
; |final2|Datapath2:inst12|inst19[6]                                                                             ; |final2|Datapath2:inst12|inst19[6]                                                                             ; out              ;
; |final2|Datapath2:inst12|inst19[5]                                                                             ; |final2|Datapath2:inst12|inst19[5]                                                                             ; out              ;
; |final2|Datapath2:inst12|inst19[4]                                                                             ; |final2|Datapath2:inst12|inst19[4]                                                                             ; out              ;
; |final2|Datapath2:inst12|inst19[3]                                                                             ; |final2|Datapath2:inst12|inst19[3]                                                                             ; out              ;
; |final2|Datapath2:inst12|inst19[2]                                                                             ; |final2|Datapath2:inst12|inst19[2]                                                                             ; out              ;
; |final2|Datapath2:inst12|Register1x8:inst7|RFC:inst10|inst1                                                    ; |final2|Datapath2:inst12|Register1x8:inst7|RFC:inst10|inst1                                                    ; out              ;
; |final2|Datapath2:inst12|Register1x8:inst7|RFC:inst10|inst                                                     ; |final2|Datapath2:inst12|Register1x8:inst7|RFC:inst10|inst                                                     ; regout           ;
; |final2|Datapath2:inst12|Register1x8:inst7|RFC:inst10|inst2                                                    ; |final2|Datapath2:inst12|Register1x8:inst7|RFC:inst10|inst2                                                    ; out0             ;
; |final2|Datapath2:inst12|Register1x8:inst7|RFC:inst4|inst1                                                     ; |final2|Datapath2:inst12|Register1x8:inst7|RFC:inst4|inst1                                                     ; out              ;
; |final2|Datapath2:inst12|Register1x8:inst7|RFC:inst4|inst                                                      ; |final2|Datapath2:inst12|Register1x8:inst7|RFC:inst4|inst                                                      ; regout           ;
; |final2|Datapath2:inst12|Register1x8:inst7|RFC:inst4|inst2                                                     ; |final2|Datapath2:inst12|Register1x8:inst7|RFC:inst4|inst2                                                     ; out0             ;
; |final2|Datapath2:inst12|Register1x8:inst7|RFC:inst8|inst1                                                     ; |final2|Datapath2:inst12|Register1x8:inst7|RFC:inst8|inst1                                                     ; out              ;
; |final2|Datapath2:inst12|Register1x8:inst7|RFC:inst8|inst                                                      ; |final2|Datapath2:inst12|Register1x8:inst7|RFC:inst8|inst                                                      ; regout           ;
; |final2|Datapath2:inst12|Register1x8:inst7|RFC:inst8|inst2                                                     ; |final2|Datapath2:inst12|Register1x8:inst7|RFC:inst8|inst2                                                     ; out0             ;
; |final2|Datapath2:inst12|Register1x8:inst7|RFC:inst7|inst1                                                     ; |final2|Datapath2:inst12|Register1x8:inst7|RFC:inst7|inst1                                                     ; out              ;
; |final2|Datapath2:inst12|Register1x8:inst7|RFC:inst7|inst                                                      ; |final2|Datapath2:inst12|Register1x8:inst7|RFC:inst7|inst                                                      ; regout           ;
; |final2|Datapath2:inst12|Register1x8:inst7|RFC:inst7|inst2                                                     ; |final2|Datapath2:inst12|Register1x8:inst7|RFC:inst7|inst2                                                     ; out0             ;
; |final2|Datapath2:inst12|Register1x8:inst7|RFC:inst3|inst1                                                     ; |final2|Datapath2:inst12|Register1x8:inst7|RFC:inst3|inst1                                                     ; out              ;
; |final2|Datapath2:inst12|Register1x8:inst7|RFC:inst3|inst                                                      ; |final2|Datapath2:inst12|Register1x8:inst7|RFC:inst3|inst                                                      ; regout           ;
; |final2|Datapath2:inst12|Register1x8:inst7|RFC:inst3|inst2                                                     ; |final2|Datapath2:inst12|Register1x8:inst7|RFC:inst3|inst2                                                     ; out0             ;
; |final2|Datapath2:inst12|Register1x8:inst|RFC:inst9|inst2                                                      ; |final2|Datapath2:inst12|Register1x8:inst|RFC:inst9|inst2                                                      ; out0             ;
; |final2|Datapath2:inst12|Register1x8:inst|RFC:inst4|inst2                                                      ; |final2|Datapath2:inst12|Register1x8:inst|RFC:inst4|inst2                                                      ; out0             ;
; |final2|Datapath2:inst12|Register1x8:inst|RFC:inst12|inst1                                                     ; |final2|Datapath2:inst12|Register1x8:inst|RFC:inst12|inst1                                                     ; out              ;
; |final2|Datapath2:inst12|Register1x8:inst|RFC:inst12|inst                                                      ; |final2|Datapath2:inst12|Register1x8:inst|RFC:inst12|inst                                                      ; regout           ;
; |final2|Datapath2:inst12|Register1x8:inst|RFC:inst12|inst4                                                     ; |final2|Datapath2:inst12|Register1x8:inst|RFC:inst12|inst4                                                     ; out0             ;
; |final2|Datapath2:inst12|Register1x8:inst|RFC:inst12|inst3                                                     ; |final2|Datapath2:inst12|Register1x8:inst|RFC:inst12|inst3                                                     ; out0             ;
; |final2|Datapath2:inst12|Register1x8:inst|RFC:inst12|inst2                                                     ; |final2|Datapath2:inst12|Register1x8:inst|RFC:inst12|inst2                                                     ; out0             ;
; |final2|Datapath2:inst12|Register1x8:inst|RFC:inst7|inst2                                                      ; |final2|Datapath2:inst12|Register1x8:inst|RFC:inst7|inst2                                                      ; out0             ;
; |final2|Datapath2:inst12|Register1x8:inst|RFC:inst3|inst2                                                      ; |final2|Datapath2:inst12|Register1x8:inst|RFC:inst3|inst2                                                      ; out0             ;
; |final2|Datapath2:inst12|AbsMinMax:inst2|inst7[0]                                                              ; |final2|Datapath2:inst12|AbsMinMax:inst2|inst7[0]                                                              ; out0             ;
; |final2|Datapath2:inst12|AbsMinMax:inst2|busmux:inst12|lpm_mux:$00000|mux_smc:auto_generated|result_node[7]~0  ; |final2|Datapath2:inst12|AbsMinMax:inst2|busmux:inst12|lpm_mux:$00000|mux_smc:auto_generated|result_node[7]~0  ; out0             ;
; |final2|Datapath2:inst12|AbsMinMax:inst2|busmux:inst12|lpm_mux:$00000|mux_smc:auto_generated|result_node[6]~2  ; |final2|Datapath2:inst12|AbsMinMax:inst2|busmux:inst12|lpm_mux:$00000|mux_smc:auto_generated|result_node[6]~2  ; out0             ;
; |final2|Datapath2:inst12|AbsMinMax:inst2|busmux:inst12|lpm_mux:$00000|mux_smc:auto_generated|result_node[6]~3  ; |final2|Datapath2:inst12|AbsMinMax:inst2|busmux:inst12|lpm_mux:$00000|mux_smc:auto_generated|result_node[6]~3  ; out0             ;
; |final2|Datapath2:inst12|AbsMinMax:inst2|busmux:inst12|lpm_mux:$00000|mux_smc:auto_generated|result_node[6]    ; |final2|Datapath2:inst12|AbsMinMax:inst2|busmux:inst12|lpm_mux:$00000|mux_smc:auto_generated|result_node[6]    ; out0             ;
; |final2|Datapath2:inst12|AbsMinMax:inst2|busmux:inst12|lpm_mux:$00000|mux_smc:auto_generated|result_node[5]~5  ; |final2|Datapath2:inst12|AbsMinMax:inst2|busmux:inst12|lpm_mux:$00000|mux_smc:auto_generated|result_node[5]~5  ; out0             ;
; |final2|Datapath2:inst12|AbsMinMax:inst2|busmux:inst12|lpm_mux:$00000|mux_smc:auto_generated|result_node[2]~11 ; |final2|Datapath2:inst12|AbsMinMax:inst2|busmux:inst12|lpm_mux:$00000|mux_smc:auto_generated|result_node[2]~11 ; out0             ;
; |final2|Datapath2:inst12|AbsMinMax:inst2|Adder8bit:inst|FullAdder:inst4|inst3                                  ; |final2|Datapath2:inst12|AbsMinMax:inst2|Adder8bit:inst|FullAdder:inst4|inst3                                  ; out0             ;
; |final2|Datapath2:inst12|AbsMinMax:inst2|Adder8bit:inst|FullAdder:inst8|inst5                                  ; |final2|Datapath2:inst12|AbsMinMax:inst2|Adder8bit:inst|FullAdder:inst8|inst5                                  ; out0             ;
; |final2|Datapath2:inst12|AbsMinMax:inst2|Adder8bit:inst|FullAdder:inst8|inst3                                  ; |final2|Datapath2:inst12|AbsMinMax:inst2|Adder8bit:inst|FullAdder:inst8|inst3                                  ; out0             ;
; |final2|Datapath2:inst12|AbsMinMax:inst2|Adder8bit:inst|FullAdder:inst3|inst5                                  ; |final2|Datapath2:inst12|AbsMinMax:inst2|Adder8bit:inst|FullAdder:inst3|inst5                                  ; out0             ;
; |final2|Datapath2:inst12|AbsMinMax:inst2|Adder8bit:inst|FullAdder:inst2|inst5                                  ; |final2|Datapath2:inst12|AbsMinMax:inst2|Adder8bit:inst|FullAdder:inst2|inst5                                  ; out0             ;
; |final2|Datapath2:inst12|AbsMinMax:inst2|Adder8bit:inst|FullAdder:inst2|inst3                                  ; |final2|Datapath2:inst12|AbsMinMax:inst2|Adder8bit:inst|FullAdder:inst2|inst3                                  ; out0             ;
; |final2|Datapath2:inst12|AbsMinMax:inst2|Adder8bit:inst|FullAdder:inst1|inst5                                  ; |final2|Datapath2:inst12|AbsMinMax:inst2|Adder8bit:inst|FullAdder:inst1|inst5                                  ; out0             ;
; |final2|Datapath2:inst12|AbsMinMax:inst2|Adder8bit:inst|FullAdder:inst1|inst3                                  ; |final2|Datapath2:inst12|AbsMinMax:inst2|Adder8bit:inst|FullAdder:inst1|inst3                                  ; out0             ;
; |final2|Datapath2:inst12|AbsMinMax:inst2|busmux:inst14|lpm_mux:$00000|mux_smc:auto_generated|result_node[7]~1  ; |final2|Datapath2:inst12|AbsMinMax:inst2|busmux:inst14|lpm_mux:$00000|mux_smc:auto_generated|result_node[7]~1  ; out0             ;
; |final2|Datapath2:inst12|AbsMinMax:inst2|busmux:inst14|lpm_mux:$00000|mux_smc:auto_generated|result_node[6]~3  ; |final2|Datapath2:inst12|AbsMinMax:inst2|busmux:inst14|lpm_mux:$00000|mux_smc:auto_generated|result_node[6]~3  ; out0             ;
; |final2|Datapath2:inst12|AbsMinMax:inst2|busmux:inst14|lpm_mux:$00000|mux_smc:auto_generated|result_node[5]~5  ; |final2|Datapath2:inst12|AbsMinMax:inst2|busmux:inst14|lpm_mux:$00000|mux_smc:auto_generated|result_node[5]~5  ; out0             ;
; |final2|Datapath2:inst12|AbsMinMax:inst2|busmux:inst14|lpm_mux:$00000|mux_smc:auto_generated|result_node[3]~9  ; |final2|Datapath2:inst12|AbsMinMax:inst2|busmux:inst14|lpm_mux:$00000|mux_smc:auto_generated|result_node[3]~9  ; out0             ;
; |final2|Datapath2:inst12|AbsMinMax:inst2|busmux:inst14|lpm_mux:$00000|mux_smc:auto_generated|result_node[0]~15 ; |final2|Datapath2:inst12|AbsMinMax:inst2|busmux:inst14|lpm_mux:$00000|mux_smc:auto_generated|result_node[0]~15 ; out0             ;
; |final2|Datapath2:inst12|AbsMinMax:inst2|busmux:inst10|lpm_mux:$00000|mux_smc:auto_generated|result_node[7]~0  ; |final2|Datapath2:inst12|AbsMinMax:inst2|busmux:inst10|lpm_mux:$00000|mux_smc:auto_generated|result_node[7]~0  ; out0             ;
; |final2|Datapath2:inst12|AbsMinMax:inst2|busmux:inst10|lpm_mux:$00000|mux_smc:auto_generated|result_node[6]~2  ; |final2|Datapath2:inst12|AbsMinMax:inst2|busmux:inst10|lpm_mux:$00000|mux_smc:auto_generated|result_node[6]~2  ; out0             ;
; |final2|Datapath2:inst12|Register1x8:inst6|RFC:inst4|inst1                                                     ; |final2|Datapath2:inst12|Register1x8:inst6|RFC:inst4|inst1                                                     ; out              ;
; |final2|Datapath2:inst12|Register1x8:inst6|RFC:inst4|inst                                                      ; |final2|Datapath2:inst12|Register1x8:inst6|RFC:inst4|inst                                                      ; regout           ;
; |final2|Datapath2:inst12|Register1x8:inst6|RFC:inst4|inst4                                                     ; |final2|Datapath2:inst12|Register1x8:inst6|RFC:inst4|inst4                                                     ; out0             ;
; |final2|Datapath2:inst12|Register1x8:inst6|RFC:inst4|inst3                                                     ; |final2|Datapath2:inst12|Register1x8:inst6|RFC:inst4|inst3                                                     ; out0             ;
; |final2|Datapath2:inst12|Register1x8:inst6|RFC:inst4|inst2                                                     ; |final2|Datapath2:inst12|Register1x8:inst6|RFC:inst4|inst2                                                     ; out0             ;
; |final2|Datapath2:inst12|Register1x8:inst6|RFC:inst12|inst1                                                    ; |final2|Datapath2:inst12|Register1x8:inst6|RFC:inst12|inst1                                                    ; out              ;
; |final2|Datapath2:inst12|Register1x8:inst6|RFC:inst12|inst                                                     ; |final2|Datapath2:inst12|Register1x8:inst6|RFC:inst12|inst                                                     ; regout           ;
; |final2|Datapath2:inst12|Register1x8:inst6|RFC:inst12|inst2                                                    ; |final2|Datapath2:inst12|Register1x8:inst6|RFC:inst12|inst2                                                    ; out0             ;
; |final2|Datapath2:inst12|Register1x8:inst6|RFC:inst7|inst1                                                     ; |final2|Datapath2:inst12|Register1x8:inst6|RFC:inst7|inst1                                                     ; out              ;
; |final2|Datapath2:inst12|Register1x8:inst6|RFC:inst7|inst                                                      ; |final2|Datapath2:inst12|Register1x8:inst6|RFC:inst7|inst                                                      ; regout           ;
; |final2|Datapath2:inst12|Register1x8:inst6|RFC:inst7|inst4                                                     ; |final2|Datapath2:inst12|Register1x8:inst6|RFC:inst7|inst4                                                     ; out0             ;
; |final2|Datapath2:inst12|Register1x8:inst6|RFC:inst7|inst3                                                     ; |final2|Datapath2:inst12|Register1x8:inst6|RFC:inst7|inst3                                                     ; out0             ;
; |final2|Datapath2:inst12|Register1x8:inst6|RFC:inst7|inst2                                                     ; |final2|Datapath2:inst12|Register1x8:inst6|RFC:inst7|inst2                                                     ; out0             ;
; |final2|Datapath2:inst12|Register1x8:inst6|RFC:inst3|inst1                                                     ; |final2|Datapath2:inst12|Register1x8:inst6|RFC:inst3|inst1                                                     ; out              ;
; |final2|Datapath2:inst12|Register1x8:inst6|RFC:inst3|inst                                                      ; |final2|Datapath2:inst12|Register1x8:inst6|RFC:inst3|inst                                                      ; regout           ;
; |final2|Datapath2:inst12|Register1x8:inst6|RFC:inst3|inst4                                                     ; |final2|Datapath2:inst12|Register1x8:inst6|RFC:inst3|inst4                                                     ; out0             ;
; |final2|Datapath2:inst12|Register1x8:inst6|RFC:inst3|inst3                                                     ; |final2|Datapath2:inst12|Register1x8:inst6|RFC:inst3|inst3                                                     ; out0             ;
; |final2|Datapath2:inst12|Register1x8:inst6|RFC:inst3|inst2                                                     ; |final2|Datapath2:inst12|Register1x8:inst6|RFC:inst3|inst2                                                     ; out0             ;
; |final2|Datapath2:inst12|AddSubMax:inst8|busmux:inst14|lpm_mux:$00000|mux_smc:auto_generated|result_node[7]~0  ; |final2|Datapath2:inst12|AddSubMax:inst8|busmux:inst14|lpm_mux:$00000|mux_smc:auto_generated|result_node[7]~0  ; out0             ;
; |final2|Datapath2:inst12|AddSubMax:inst8|busmux:inst14|lpm_mux:$00000|mux_smc:auto_generated|result_node[7]~1  ; |final2|Datapath2:inst12|AddSubMax:inst8|busmux:inst14|lpm_mux:$00000|mux_smc:auto_generated|result_node[7]~1  ; out0             ;
; |final2|Datapath2:inst12|AddSubMax:inst8|busmux:inst14|lpm_mux:$00000|mux_smc:auto_generated|result_node[7]    ; |final2|Datapath2:inst12|AddSubMax:inst8|busmux:inst14|lpm_mux:$00000|mux_smc:auto_generated|result_node[7]    ; out0             ;
; |final2|Datapath2:inst12|AddSubMax:inst8|busmux:inst14|lpm_mux:$00000|mux_smc:auto_generated|result_node[6]~2  ; |final2|Datapath2:inst12|AddSubMax:inst8|busmux:inst14|lpm_mux:$00000|mux_smc:auto_generated|result_node[6]~2  ; out0             ;
; |final2|Datapath2:inst12|AddSubMax:inst8|busmux:inst14|lpm_mux:$00000|mux_smc:auto_generated|result_node[6]~3  ; |final2|Datapath2:inst12|AddSubMax:inst8|busmux:inst14|lpm_mux:$00000|mux_smc:auto_generated|result_node[6]~3  ; out0             ;
; |final2|Datapath2:inst12|AddSubMax:inst8|busmux:inst14|lpm_mux:$00000|mux_smc:auto_generated|result_node[6]    ; |final2|Datapath2:inst12|AddSubMax:inst8|busmux:inst14|lpm_mux:$00000|mux_smc:auto_generated|result_node[6]    ; out0             ;
; |final2|Datapath2:inst12|AddSubMax:inst8|busmux:inst14|lpm_mux:$00000|mux_smc:auto_generated|result_node[5]~4  ; |final2|Datapath2:inst12|AddSubMax:inst8|busmux:inst14|lpm_mux:$00000|mux_smc:auto_generated|result_node[5]~4  ; out0             ;
; |final2|Datapath2:inst12|AddSubMax:inst8|busmux:inst14|lpm_mux:$00000|mux_smc:auto_generated|result_node[5]~5  ; |final2|Datapath2:inst12|AddSubMax:inst8|busmux:inst14|lpm_mux:$00000|mux_smc:auto_generated|result_node[5]~5  ; out0             ;
; |final2|Datapath2:inst12|AddSubMax:inst8|busmux:inst14|lpm_mux:$00000|mux_smc:auto_generated|result_node[5]    ; |final2|Datapath2:inst12|AddSubMax:inst8|busmux:inst14|lpm_mux:$00000|mux_smc:auto_generated|result_node[5]    ; out0             ;
; |final2|Datapath2:inst12|AddSubMax:inst8|Adder8bit:inst|FullAdder:inst2|inst5                                  ; |final2|Datapath2:inst12|AddSubMax:inst8|Adder8bit:inst|FullAdder:inst2|inst5                                  ; out0             ;
; |final2|Datapath2:inst12|AddSubMax:inst8|Adder8bit:inst|FullAdder:inst2|inst3                                  ; |final2|Datapath2:inst12|AddSubMax:inst8|Adder8bit:inst|FullAdder:inst2|inst3                                  ; out0             ;
; |final2|Datapath2:inst12|AddSubMax:inst8|Adder8bit:inst|FullAdder:inst1|inst5                                  ; |final2|Datapath2:inst12|AddSubMax:inst8|Adder8bit:inst|FullAdder:inst1|inst5                                  ; out0             ;
; |final2|Datapath2:inst12|AddSubMax:inst8|Adder8bit:inst|FullAdder:inst1|inst3                                  ; |final2|Datapath2:inst12|AddSubMax:inst8|Adder8bit:inst|FullAdder:inst1|inst3                                  ; out0             ;
; |final2|Datapath2:inst12|AddSubMax:inst8|busmux:inst12|lpm_mux:$00000|mux_smc:auto_generated|result_node[7]~0  ; |final2|Datapath2:inst12|AddSubMax:inst8|busmux:inst12|lpm_mux:$00000|mux_smc:auto_generated|result_node[7]~0  ; out0             ;
; |final2|Datapath2:inst12|AddSubMax:inst8|busmux:inst12|lpm_mux:$00000|mux_smc:auto_generated|result_node[6]~2  ; |final2|Datapath2:inst12|AddSubMax:inst8|busmux:inst12|lpm_mux:$00000|mux_smc:auto_generated|result_node[6]~2  ; out0             ;
; |final2|Datapath2:inst12|AddSubMax:inst8|busmux:inst12|lpm_mux:$00000|mux_smc:auto_generated|result_node[5]~4  ; |final2|Datapath2:inst12|AddSubMax:inst8|busmux:inst12|lpm_mux:$00000|mux_smc:auto_generated|result_node[5]~4  ; out0             ;
; |final2|Datapath2:inst12|Register1x8:inst24|RFC:inst4|inst1                                                    ; |final2|Datapath2:inst12|Register1x8:inst24|RFC:inst4|inst1                                                    ; out              ;
; |final2|Datapath2:inst12|Register1x8:inst24|RFC:inst4|inst                                                     ; |final2|Datapath2:inst12|Register1x8:inst24|RFC:inst4|inst                                                     ; regout           ;
; |final2|Datapath2:inst12|Register1x8:inst24|RFC:inst4|inst4                                                    ; |final2|Datapath2:inst12|Register1x8:inst24|RFC:inst4|inst4                                                    ; out0             ;
; |final2|Datapath2:inst12|Register1x8:inst24|RFC:inst4|inst3                                                    ; |final2|Datapath2:inst12|Register1x8:inst24|RFC:inst4|inst3                                                    ; out0             ;
; |final2|Datapath2:inst12|Register1x8:inst24|RFC:inst4|inst2                                                    ; |final2|Datapath2:inst12|Register1x8:inst24|RFC:inst4|inst2                                                    ; out0             ;
; |final2|Datapath2:inst12|Register1x8:inst24|RFC:inst7|inst1                                                    ; |final2|Datapath2:inst12|Register1x8:inst24|RFC:inst7|inst1                                                    ; out              ;
; |final2|Datapath2:inst12|Register1x8:inst24|RFC:inst7|inst                                                     ; |final2|Datapath2:inst12|Register1x8:inst24|RFC:inst7|inst                                                     ; regout           ;
; |final2|Datapath2:inst12|Register1x8:inst24|RFC:inst7|inst2                                                    ; |final2|Datapath2:inst12|Register1x8:inst24|RFC:inst7|inst2                                                    ; out0             ;
; |final2|Datapath2:inst12|Register1x8:inst24|RFC:inst3|inst1                                                    ; |final2|Datapath2:inst12|Register1x8:inst24|RFC:inst3|inst1                                                    ; out              ;
; |final2|Datapath2:inst12|Register1x8:inst24|RFC:inst3|inst                                                     ; |final2|Datapath2:inst12|Register1x8:inst24|RFC:inst3|inst                                                     ; regout           ;
; |final2|Datapath2:inst12|Register1x8:inst24|RFC:inst3|inst4                                                    ; |final2|Datapath2:inst12|Register1x8:inst24|RFC:inst3|inst4                                                    ; out0             ;
; |final2|Datapath2:inst12|Register1x8:inst24|RFC:inst3|inst3                                                    ; |final2|Datapath2:inst12|Register1x8:inst24|RFC:inst3|inst3                                                    ; out0             ;
; |final2|Datapath2:inst12|Register1x8:inst24|RFC:inst3|inst2                                                    ; |final2|Datapath2:inst12|Register1x8:inst24|RFC:inst3|inst2                                                    ; out0             ;
+----------------------------------------------------------------------------------------------------------------+----------------------------------------------------------------------------------------------------------------+------------------+


The following table displays output ports that do not toggle to 0 during simulation.
+----------------------------------------------------------------------------------------------------------------------------------------------------------------------------------------------------------------------------------------------------+
; Missing 0-Value Coverage                                                                                                                                                                                                                           ;
+----------------------------------------------------------------------------------------------------------------+----------------------------------------------------------------------------------------------------------------+------------------+
; Node Name                                                                                                      ; Output Port Name                                                                                               ; Output Port Type ;
+----------------------------------------------------------------------------------------------------------------+----------------------------------------------------------------------------------------------------------------+------------------+
; |final2|IN1[0]                                                                                                 ; |final2|IN1[0]                                                                                                 ; out              ;
; |final2|Datapath2:inst12|Register1x8:inst7|RFC:inst10|inst1                                                    ; |final2|Datapath2:inst12|Register1x8:inst7|RFC:inst10|inst1                                                    ; out              ;
; |final2|Datapath2:inst12|Register1x8:inst7|RFC:inst10|inst                                                     ; |final2|Datapath2:inst12|Register1x8:inst7|RFC:inst10|inst                                                     ; regout           ;
; |final2|Datapath2:inst12|Register1x8:inst7|RFC:inst10|inst2                                                    ; |final2|Datapath2:inst12|Register1x8:inst7|RFC:inst10|inst2                                                    ; out0             ;
; |final2|Datapath2:inst12|Register1x8:inst7|RFC:inst4|inst1                                                     ; |final2|Datapath2:inst12|Register1x8:inst7|RFC:inst4|inst1                                                     ; out              ;
; |final2|Datapath2:inst12|Register1x8:inst7|RFC:inst4|inst                                                      ; |final2|Datapath2:inst12|Register1x8:inst7|RFC:inst4|inst                                                      ; regout           ;
; |final2|Datapath2:inst12|Register1x8:inst7|RFC:inst4|inst2                                                     ; |final2|Datapath2:inst12|Register1x8:inst7|RFC:inst4|inst2                                                     ; out0             ;
; |final2|Datapath2:inst12|Register1x8:inst7|RFC:inst8|inst1                                                     ; |final2|Datapath2:inst12|Register1x8:inst7|RFC:inst8|inst1                                                     ; out              ;
; |final2|Datapath2:inst12|Register1x8:inst7|RFC:inst8|inst                                                      ; |final2|Datapath2:inst12|Register1x8:inst7|RFC:inst8|inst                                                      ; regout           ;
; |final2|Datapath2:inst12|Register1x8:inst7|RFC:inst8|inst2                                                     ; |final2|Datapath2:inst12|Register1x8:inst7|RFC:inst8|inst2                                                     ; out0             ;
; |final2|Datapath2:inst12|Register1x8:inst7|RFC:inst7|inst1                                                     ; |final2|Datapath2:inst12|Register1x8:inst7|RFC:inst7|inst1                                                     ; out              ;
; |final2|Datapath2:inst12|Register1x8:inst7|RFC:inst7|inst                                                      ; |final2|Datapath2:inst12|Register1x8:inst7|RFC:inst7|inst                                                      ; regout           ;
; |final2|Datapath2:inst12|Register1x8:inst7|RFC:inst7|inst2                                                     ; |final2|Datapath2:inst12|Register1x8:inst7|RFC:inst7|inst2                                                     ; out0             ;
; |final2|Datapath2:inst12|Register1x8:inst7|RFC:inst3|inst1                                                     ; |final2|Datapath2:inst12|Register1x8:inst7|RFC:inst3|inst1                                                     ; out              ;
; |final2|Datapath2:inst12|Register1x8:inst7|RFC:inst3|inst                                                      ; |final2|Datapath2:inst12|Register1x8:inst7|RFC:inst3|inst                                                      ; regout           ;
; |final2|Datapath2:inst12|Register1x8:inst7|RFC:inst3|inst2                                                     ; |final2|Datapath2:inst12|Register1x8:inst7|RFC:inst3|inst2                                                     ; out0             ;
; |final2|Datapath2:inst12|Register1x8:inst|RFC:inst9|inst2                                                      ; |final2|Datapath2:inst12|Register1x8:inst|RFC:inst9|inst2                                                      ; out0             ;
; |final2|Datapath2:inst12|Register1x8:inst|RFC:inst4|inst2                                                      ; |final2|Datapath2:inst12|Register1x8:inst|RFC:inst4|inst2                                                      ; out0             ;
; |final2|Datapath2:inst12|Register1x8:inst|RFC:inst12|inst1                                                     ; |final2|Datapath2:inst12|Register1x8:inst|RFC:inst12|inst1                                                     ; out              ;
; |final2|Datapath2:inst12|Register1x8:inst|RFC:inst12|inst                                                      ; |final2|Datapath2:inst12|Register1x8:inst|RFC:inst12|inst                                                      ; regout           ;
; |final2|Datapath2:inst12|Register1x8:inst|RFC:inst12|inst2                                                     ; |final2|Datapath2:inst12|Register1x8:inst|RFC:inst12|inst2                                                     ; out0             ;
; |final2|Datapath2:inst12|Register1x8:inst|RFC:inst7|inst2                                                      ; |final2|Datapath2:inst12|Register1x8:inst|RFC:inst7|inst2                                                      ; out0             ;
; |final2|Datapath2:inst12|Register1x8:inst|RFC:inst3|inst2                                                      ; |final2|Datapath2:inst12|Register1x8:inst|RFC:inst3|inst2                                                      ; out0             ;
; |final2|Datapath2:inst12|AbsMinMax:inst2|inst7[0]                                                              ; |final2|Datapath2:inst12|AbsMinMax:inst2|inst7[0]                                                              ; out0             ;
; |final2|Datapath2:inst12|AbsMinMax:inst2|Adder8bit:inst|FullAdder:inst4|inst3                                  ; |final2|Datapath2:inst12|AbsMinMax:inst2|Adder8bit:inst|FullAdder:inst4|inst3                                  ; out0             ;
; |final2|Datapath2:inst12|AbsMinMax:inst2|busmux:inst14|lpm_mux:$00000|mux_smc:auto_generated|result_node[0]~15 ; |final2|Datapath2:inst12|AbsMinMax:inst2|busmux:inst14|lpm_mux:$00000|mux_smc:auto_generated|result_node[0]~15 ; out0             ;
; |final2|Datapath2:inst12|Register1x8:inst6|RFC:inst4|inst1                                                     ; |final2|Datapath2:inst12|Register1x8:inst6|RFC:inst4|inst1                                                     ; out              ;
; |final2|Datapath2:inst12|Register1x8:inst6|RFC:inst4|inst                                                      ; |final2|Datapath2:inst12|Register1x8:inst6|RFC:inst4|inst                                                      ; regout           ;
; |final2|Datapath2:inst12|Register1x8:inst6|RFC:inst4|inst4                                                     ; |final2|Datapath2:inst12|Register1x8:inst6|RFC:inst4|inst4                                                     ; out0             ;
; |final2|Datapath2:inst12|Register1x8:inst6|RFC:inst4|inst3                                                     ; |final2|Datapath2:inst12|Register1x8:inst6|RFC:inst4|inst3                                                     ; out0             ;
; |final2|Datapath2:inst12|Register1x8:inst6|RFC:inst4|inst2                                                     ; |final2|Datapath2:inst12|Register1x8:inst6|RFC:inst4|inst2                                                     ; out0             ;
; |final2|Datapath2:inst12|Register1x8:inst6|RFC:inst12|inst1                                                    ; |final2|Datapath2:inst12|Register1x8:inst6|RFC:inst12|inst1                                                    ; out              ;
; |final2|Datapath2:inst12|Register1x8:inst6|RFC:inst12|inst                                                     ; |final2|Datapath2:inst12|Register1x8:inst6|RFC:inst12|inst                                                     ; regout           ;
; |final2|Datapath2:inst12|Register1x8:inst6|RFC:inst12|inst2                                                    ; |final2|Datapath2:inst12|Register1x8:inst6|RFC:inst12|inst2                                                    ; out0             ;
; |final2|Datapath2:inst12|Register1x8:inst6|RFC:inst7|inst1                                                     ; |final2|Datapath2:inst12|Register1x8:inst6|RFC:inst7|inst1                                                     ; out              ;
; |final2|Datapath2:inst12|Register1x8:inst6|RFC:inst7|inst                                                      ; |final2|Datapath2:inst12|Register1x8:inst6|RFC:inst7|inst                                                      ; regout           ;
; |final2|Datapath2:inst12|Register1x8:inst6|RFC:inst7|inst4                                                     ; |final2|Datapath2:inst12|Register1x8:inst6|RFC:inst7|inst4                                                     ; out0             ;
; |final2|Datapath2:inst12|Register1x8:inst6|RFC:inst7|inst3                                                     ; |final2|Datapath2:inst12|Register1x8:inst6|RFC:inst7|inst3                                                     ; out0             ;
; |final2|Datapath2:inst12|Register1x8:inst6|RFC:inst7|inst2                                                     ; |final2|Datapath2:inst12|Register1x8:inst6|RFC:inst7|inst2                                                     ; out0             ;
; |final2|Datapath2:inst12|Register1x8:inst6|RFC:inst3|inst1                                                     ; |final2|Datapath2:inst12|Register1x8:inst6|RFC:inst3|inst1                                                     ; out              ;
; |final2|Datapath2:inst12|Register1x8:inst6|RFC:inst3|inst                                                      ; |final2|Datapath2:inst12|Register1x8:inst6|RFC:inst3|inst                                                      ; regout           ;
; |final2|Datapath2:inst12|Register1x8:inst6|RFC:inst3|inst4                                                     ; |final2|Datapath2:inst12|Register1x8:inst6|RFC:inst3|inst4                                                     ; out0             ;
; |final2|Datapath2:inst12|Register1x8:inst6|RFC:inst3|inst3                                                     ; |final2|Datapath2:inst12|Register1x8:inst6|RFC:inst3|inst3                                                     ; out0             ;
; |final2|Datapath2:inst12|Register1x8:inst6|RFC:inst3|inst2                                                     ; |final2|Datapath2:inst12|Register1x8:inst6|RFC:inst3|inst2                                                     ; out0             ;
; |final2|Datapath2:inst12|AddSubMax:inst8|busmux:inst14|lpm_mux:$00000|mux_smc:auto_generated|result_node[7]~0  ; |final2|Datapath2:inst12|AddSubMax:inst8|busmux:inst14|lpm_mux:$00000|mux_smc:auto_generated|result_node[7]~0  ; out0             ;
; |final2|Datapath2:inst12|AddSubMax:inst8|busmux:inst14|lpm_mux:$00000|mux_smc:auto_generated|result_node[6]~2  ; |final2|Datapath2:inst12|AddSubMax:inst8|busmux:inst14|lpm_mux:$00000|mux_smc:auto_generated|result_node[6]~2  ; out0             ;
; |final2|Datapath2:inst12|AddSubMax:inst8|busmux:inst14|lpm_mux:$00000|mux_smc:auto_generated|result_node[5]~4  ; |final2|Datapath2:inst12|AddSubMax:inst8|busmux:inst14|lpm_mux:$00000|mux_smc:auto_generated|result_node[5]~4  ; out0             ;
; |final2|Datapath2:inst12|Register1x8:inst24|RFC:inst4|inst1                                                    ; |final2|Datapath2:inst12|Register1x8:inst24|RFC:inst4|inst1                                                    ; out              ;
; |final2|Datapath2:inst12|Register1x8:inst24|RFC:inst4|inst                                                     ; |final2|Datapath2:inst12|Register1x8:inst24|RFC:inst4|inst                                                     ; regout           ;
; |final2|Datapath2:inst12|Register1x8:inst24|RFC:inst4|inst2                                                    ; |final2|Datapath2:inst12|Register1x8:inst24|RFC:inst4|inst2                                                    ; out0             ;
; |final2|Datapath2:inst12|Register1x8:inst24|RFC:inst7|inst1                                                    ; |final2|Datapath2:inst12|Register1x8:inst24|RFC:inst7|inst1                                                    ; out              ;
; |final2|Datapath2:inst12|Register1x8:inst24|RFC:inst7|inst                                                     ; |final2|Datapath2:inst12|Register1x8:inst24|RFC:inst7|inst                                                     ; regout           ;
; |final2|Datapath2:inst12|Register1x8:inst24|RFC:inst7|inst2                                                    ; |final2|Datapath2:inst12|Register1x8:inst24|RFC:inst7|inst2                                                    ; out0             ;
; |final2|Datapath2:inst12|Register1x8:inst24|RFC:inst3|inst1                                                    ; |final2|Datapath2:inst12|Register1x8:inst24|RFC:inst3|inst1                                                    ; out              ;
; |final2|Datapath2:inst12|Register1x8:inst24|RFC:inst3|inst                                                     ; |final2|Datapath2:inst12|Register1x8:inst24|RFC:inst3|inst                                                     ; regout           ;
; |final2|Datapath2:inst12|Register1x8:inst24|RFC:inst3|inst2                                                    ; |final2|Datapath2:inst12|Register1x8:inst24|RFC:inst3|inst2                                                    ; out0             ;
; |final2|PL_Final2:inst|OUTPUT_BLOCK:inst|inst1                                                                 ; |final2|PL_Final2:inst|OUTPUT_BLOCK:inst|inst1                                                                 ; regout           ;
; |final2|PL_Final2:inst|OUTPUT_BLOCK:inst|inst11                                                                ; |final2|PL_Final2:inst|OUTPUT_BLOCK:inst|inst11                                                                ; out0             ;
; |final2|PL_Final2:inst|OUTPUT_BLOCK:inst|inst3                                                                 ; |final2|PL_Final2:inst|OUTPUT_BLOCK:inst|inst3                                                                 ; out              ;
+----------------------------------------------------------------------------------------------------------------+----------------------------------------------------------------------------------------------------------------+------------------+


+---------------------+
; Simulator INI Usage ;
+--------+------------+
; Option ; Usage      ;
+--------+------------+


+--------------------+
; Simulator Messages ;
+--------------------+
Info: *******************************************************************
Info: Running Quartus II 64-Bit Simulator
    Info: Version 13.0.1 Build 232 06/12/2013 Service Pack 1 SJ Web Edition
    Info: Processing started: Tue Dec 03 10:04:01 2024
Info: Command: quartus_sim --simulation_results_format=VWF Datapath_pipelining -c Datapath_pipelining
Info (324025): Using vector source file "D:/Documents/HK5/Thiet_Ke_Luan_Ly_So/Final_do_an/Pipeline/DATAPATH_PIPELINING_FINAL.vwf"
Info (310003): Option to preserve fewer signal transitions to reduce memory requirements is enabled
    Info (310004): Simulation has been partitioned into sub-simulations according to the maximum transition count determined by the engine. Transitions from memory will be flushed out to disk at the end of each sub-simulation to reduce memory requirements.
Info (310002): Simulation partitioned into 1 sub-simulations
Info (328053): Simulation coverage is      79.03 %
Info (328052): Number of transitions in simulation is 8312
Info (324045): Vector file Datapath_pipelining.sim.vwf is saved in VWF text format. You can compress it into CVWF format in order to reduce file size. For more details please refer to the Quartus II Help.
Info: Quartus II 64-Bit Simulator was successful. 0 errors, 0 warnings
    Info: Peak virtual memory: 4445 megabytes
    Info: Processing ended: Tue Dec 03 10:04:02 2024
    Info: Elapsed time: 00:00:01
    Info: Total CPU time (on all processors): 00:00:00


