Simulator report for BaiTap
Wed Nov 27 02:58:06 2024
Quartus II 64-Bit Version 13.0.1 Build 232 06/12/2013 Service Pack 1 SJ Web Edition


---------------------
; Table of Contents ;
---------------------
  1. Legal Notice
  2. Simulator Summary
  3. Simulator Settings
  4. Simulation Waveforms
  5. Coverage Summary
  6. Complete 1/0-Value Coverage
  7. Missing 1-Value Coverage
  8. Missing 0-Value Coverage
  9. Simulator INI Usage
 10. Simulator Messages



----------------
; Legal Notice ;
----------------
Copyright (C) 1991-2013 Altera Corporation
Your use of Altera Corporation's design tools, logic functions 
and other software and tools, and its AMPP partner logic 
functions, and any output files from any of the foregoing 
(including device programming or simulation files), and any 
associated documentation or information are expressly subject 
to the terms and conditions of the Altera Program License 
Subscription Agreement, Altera MegaCore Function License 
Agreement, or other applicable license agreement, including, 
without limitation, that your use is for the sole purpose of 
programming logic devices manufactured by Altera and sold by 
Altera or its authorized distributors.  Please refer to the 
applicable agreement for further details.



+--------------------------------------------+
; Simulator Summary                          ;
+-----------------------------+--------------+
; Type                        ; Value        ;
+-----------------------------+--------------+
; Simulation Start Time       ; 0 ps         ;
; Simulation End Time         ; 1.0 us       ;
; Simulation Netlist Size     ; 1316 nodes   ;
; Simulation Coverage         ;      27.81 % ;
; Total Number of Transitions ; 48568        ;
; Simulation Breakpoints      ; 0            ;
; Family                      ; Cyclone II   ;
+-----------------------------+--------------+


+----------------------------------------------------------------------------------------------------------------------------------------------------------------------------------+
; Simulator Settings                                                                                                                                                               ;
+--------------------------------------------------------------------------------------------+---------------------------------------------------------------------+---------------+
; Option                                                                                     ; Setting                                                             ; Default Value ;
+--------------------------------------------------------------------------------------------+---------------------------------------------------------------------+---------------+
; Simulation mode                                                                            ; Functional                                                          ; Timing        ;
; Start time                                                                                 ; 0 ns                                                                ; 0 ns          ;
; Simulation results format                                                                  ; VWF                                                                 ;               ;
; Vector input source                                                                        ; C:/Hung/Year3/TKLLS/CE118/DoAn/DPPipline_FuncPipeline/Waveform1.vwf ;               ;
; Add pins automatically to simulation output waveforms                                      ; On                                                                  ; On            ;
; Check outputs                                                                              ; Off                                                                 ; Off           ;
; Report simulation coverage                                                                 ; On                                                                  ; On            ;
; Display complete 1/0 value coverage report                                                 ; On                                                                  ; On            ;
; Display missing 1-value coverage report                                                    ; On                                                                  ; On            ;
; Display missing 0-value coverage report                                                    ; On                                                                  ; On            ;
; Detect setup and hold time violations                                                      ; Off                                                                 ; Off           ;
; Detect glitches                                                                            ; Off                                                                 ; Off           ;
; Disable timing delays in Timing Simulation                                                 ; Off                                                                 ; Off           ;
; Generate Signal Activity File                                                              ; Off                                                                 ; Off           ;
; Generate VCD File for PowerPlay Power Analyzer                                             ; Off                                                                 ; Off           ;
; Group bus channels in simulation results                                                   ; Off                                                                 ; Off           ;
; Preserve fewer signal transitions to reduce memory requirements                            ; On                                                                  ; On            ;
; Trigger vector comparison with the specified mode                                          ; INPUT_EDGE                                                          ; INPUT_EDGE    ;
; Disable setup and hold time violations detection in input registers of bi-directional pins ; Off                                                                 ; Off           ;
; Overwrite Waveform Inputs With Simulation Outputs                                          ; Off                                                                 ;               ;
; Perform Glitch Filtering in Timing Simulation                                              ; Auto                                                                ; Auto          ;
+--------------------------------------------------------------------------------------------+---------------------------------------------------------------------+---------------+


+----------------------+
; Simulation Waveforms ;
+----------------------+
Waveform report data cannot be output to ASCII.
Please use Quartus II 64-Bit to view the waveform report data.


+--------------------------------------------------------------------+
; Coverage Summary                                                   ;
+-----------------------------------------------------+--------------+
; Type                                                ; Value        ;
+-----------------------------------------------------+--------------+
; Total coverage as a percentage                      ;      27.81 % ;
; Total nodes checked                                 ; 1316         ;
; Total output ports checked                          ; 1316         ;
; Total output ports with complete 1/0-value coverage ; 366          ;
; Total output ports with no 1/0-value coverage       ; 371          ;
; Total output ports with no 1-value coverage         ; 944          ;
; Total output ports with no 0-value coverage         ; 377          ;
+-----------------------------------------------------+--------------+


The following table displays output ports that toggle between 1 and 0 during simulation.
+--------------------------------------------------------------------------------------------------------------------------------------------------------------------------------------------------------------------------------+
; Complete 1/0-Value Coverage                                                                                                                                                                                                    ;
+------------------------------------------------------------------------------------------------------+------------------------------------------------------------------------------------------------------+------------------+
; Node Name                                                                                            ; Output Port Name                                                                                     ; Output Port Type ;
+------------------------------------------------------------------------------------------------------+------------------------------------------------------------------------------------------------------+------------------+
; |BaiTap|CLK                                                                                          ; |BaiTap|CLK                                                                                          ; out              ;
; |BaiTap|Control:inst1|NextState:inst|inst15                                                          ; |BaiTap|Control:inst1|NextState:inst|inst15                                                          ; out0             ;
; |BaiTap|Control:inst1|NextState:inst|inst13                                                          ; |BaiTap|Control:inst1|NextState:inst|inst13                                                          ; out0             ;
; |BaiTap|Control:inst1|NextState:inst|inst14                                                          ; |BaiTap|Control:inst1|NextState:inst|inst14                                                          ; out0             ;
; |BaiTap|Control:inst1|NextState:inst|inst7                                                           ; |BaiTap|Control:inst1|NextState:inst|inst7                                                           ; out0             ;
; |BaiTap|Control:inst1|NextState:inst|inst2                                                           ; |BaiTap|Control:inst1|NextState:inst|inst2                                                           ; out0             ;
; |BaiTap|Control:inst1|NextState:inst|inst5                                                           ; |BaiTap|Control:inst1|NextState:inst|inst5                                                           ; out0             ;
; |BaiTap|Control:inst1|NextState:inst|inst1                                                           ; |BaiTap|Control:inst1|NextState:inst|inst1                                                           ; out0             ;
; |BaiTap|Control:inst1|NextState:inst|inst17                                                          ; |BaiTap|Control:inst1|NextState:inst|inst17                                                          ; out0             ;
; |BaiTap|Control:inst1|NextState:inst|inst10                                                          ; |BaiTap|Control:inst1|NextState:inst|inst10                                                          ; out0             ;
; |BaiTap|Control:inst1|NextState:inst|inst3                                                           ; |BaiTap|Control:inst1|NextState:inst|inst3                                                           ; out0             ;
; |BaiTap|Control:inst1|NextState:inst|inst12                                                          ; |BaiTap|Control:inst1|NextState:inst|inst12                                                          ; out0             ;
; |BaiTap|Control:inst1|NextState:inst|inst4                                                           ; |BaiTap|Control:inst1|NextState:inst|inst4                                                           ; out0             ;
; |BaiTap|Control:inst1|NextState:inst|inst11                                                          ; |BaiTap|Control:inst1|NextState:inst|inst11                                                          ; out0             ;
; |BaiTap|Control:inst1|CurrentState:inst2|inst3                                                       ; |BaiTap|Control:inst1|CurrentState:inst2|inst3                                                       ; regout           ;
; |BaiTap|Control:inst1|CurrentState:inst2|inst                                                        ; |BaiTap|Control:inst1|CurrentState:inst2|inst                                                        ; regout           ;
; |BaiTap|Control:inst1|CurrentState:inst2|inst1                                                       ; |BaiTap|Control:inst1|CurrentState:inst2|inst1                                                       ; regout           ;
; |BaiTap|Control:inst1|CurrentState:inst2|inst2                                                       ; |BaiTap|Control:inst1|CurrentState:inst2|inst2                                                       ; regout           ;
; |BaiTap|Control:inst1|OutputBlock2:inst1|inst33                                                      ; |BaiTap|Control:inst1|OutputBlock2:inst1|inst33                                                      ; out0             ;
; |BaiTap|Control:inst1|OutputBlock2:inst1|inst22                                                      ; |BaiTap|Control:inst1|OutputBlock2:inst1|inst22                                                      ; out0             ;
; |BaiTap|Control:inst1|OutputBlock2:inst1|inst32                                                      ; |BaiTap|Control:inst1|OutputBlock2:inst1|inst32                                                      ; out0             ;
; |BaiTap|Control:inst1|OutputBlock2:inst1|inst31                                                      ; |BaiTap|Control:inst1|OutputBlock2:inst1|inst31                                                      ; out0             ;
; |BaiTap|Control:inst1|OutputBlock2:inst1|inst35                                                      ; |BaiTap|Control:inst1|OutputBlock2:inst1|inst35                                                      ; out0             ;
; |BaiTap|Control:inst1|OutputBlock2:inst1|inst23                                                      ; |BaiTap|Control:inst1|OutputBlock2:inst1|inst23                                                      ; out0             ;
; |BaiTap|Control:inst1|OutputBlock2:inst1|inst34                                                      ; |BaiTap|Control:inst1|OutputBlock2:inst1|inst34                                                      ; out0             ;
; |BaiTap|Control:inst1|OutputBlock2:inst1|inst21                                                      ; |BaiTap|Control:inst1|OutputBlock2:inst1|inst21                                                      ; out0             ;
; |BaiTap|Control:inst1|OutputBlock2:inst1|inst38                                                      ; |BaiTap|Control:inst1|OutputBlock2:inst1|inst38                                                      ; out0             ;
; |BaiTap|Control:inst1|OutputBlock2:inst1|inst37                                                      ; |BaiTap|Control:inst1|OutputBlock2:inst1|inst37                                                      ; out0             ;
; |BaiTap|Control:inst1|OutputBlock2:inst1|inst24                                                      ; |BaiTap|Control:inst1|OutputBlock2:inst1|inst24                                                      ; out0             ;
; |BaiTap|Control:inst1|OutputBlock2:inst1|inst57                                                      ; |BaiTap|Control:inst1|OutputBlock2:inst1|inst57                                                      ; out0             ;
; |BaiTap|Control:inst1|OutputBlock2:inst1|inst36                                                      ; |BaiTap|Control:inst1|OutputBlock2:inst1|inst36                                                      ; out0             ;
; |BaiTap|Control:inst1|OutputBlock2:inst1|inst29                                                      ; |BaiTap|Control:inst1|OutputBlock2:inst1|inst29                                                      ; out0             ;
; |BaiTap|Control:inst1|OutputBlock2:inst1|inst43                                                      ; |BaiTap|Control:inst1|OutputBlock2:inst1|inst43                                                      ; out0             ;
; |BaiTap|Control:inst1|OutputBlock2:inst1|inst41                                                      ; |BaiTap|Control:inst1|OutputBlock2:inst1|inst41                                                      ; out0             ;
; |BaiTap|Control:inst1|OutputBlock2:inst1|inst20                                                      ; |BaiTap|Control:inst1|OutputBlock2:inst1|inst20                                                      ; out0             ;
; |BaiTap|Control:inst1|OutputBlock2:inst1|inst27                                                      ; |BaiTap|Control:inst1|OutputBlock2:inst1|inst27                                                      ; out0             ;
; |BaiTap|Control:inst1|OutputBlock2:inst1|inst42                                                      ; |BaiTap|Control:inst1|OutputBlock2:inst1|inst42                                                      ; out0             ;
; |BaiTap|Control:inst1|OutputBlock2:inst1|inst39                                                      ; |BaiTap|Control:inst1|OutputBlock2:inst1|inst39                                                      ; out0             ;
; |BaiTap|Control:inst1|OutputBlock2:inst1|inst40                                                      ; |BaiTap|Control:inst1|OutputBlock2:inst1|inst40                                                      ; out0             ;
; |BaiTap|Control:inst1|OutputBlock2:inst1|inst46                                                      ; |BaiTap|Control:inst1|OutputBlock2:inst1|inst46                                                      ; out0             ;
; |BaiTap|Control:inst1|OutputBlock2:inst1|inst45                                                      ; |BaiTap|Control:inst1|OutputBlock2:inst1|inst45                                                      ; out0             ;
; |BaiTap|Control:inst1|OutputBlock2:inst1|inst51                                                      ; |BaiTap|Control:inst1|OutputBlock2:inst1|inst51                                                      ; out0             ;
; |BaiTap|Control:inst1|OutputBlock2:inst1|inst50                                                      ; |BaiTap|Control:inst1|OutputBlock2:inst1|inst50                                                      ; out0             ;
; |BaiTap|Control:inst1|OutputBlock2:inst1|inst49                                                      ; |BaiTap|Control:inst1|OutputBlock2:inst1|inst49                                                      ; out0             ;
; |BaiTap|Control:inst1|OutputBlock2:inst1|inst48                                                      ; |BaiTap|Control:inst1|OutputBlock2:inst1|inst48                                                      ; out0             ;
; |BaiTap|Control:inst1|OutputBlock2:inst1|inst47                                                      ; |BaiTap|Control:inst1|OutputBlock2:inst1|inst47                                                      ; out0             ;
; |BaiTap|Control:inst1|OutputBlock2:inst1|inst56                                                      ; |BaiTap|Control:inst1|OutputBlock2:inst1|inst56                                                      ; out0             ;
; |BaiTap|Control:inst1|OutputBlock2:inst1|inst52                                                      ; |BaiTap|Control:inst1|OutputBlock2:inst1|inst52                                                      ; out0             ;
; |BaiTap|Control:inst1|OutputBlock2:inst1|inst26                                                      ; |BaiTap|Control:inst1|OutputBlock2:inst1|inst26                                                      ; out0             ;
; |BaiTap|Control:inst1|OutputBlock2:inst1|inst54                                                      ; |BaiTap|Control:inst1|OutputBlock2:inst1|inst54                                                      ; out0             ;
; |BaiTap|Control:inst1|OutputBlock2:inst1|inst55                                                      ; |BaiTap|Control:inst1|OutputBlock2:inst1|inst55                                                      ; out0             ;
; |BaiTap|Control:inst1|OutputBlock2:inst1|inst53                                                      ; |BaiTap|Control:inst1|OutputBlock2:inst1|inst53                                                      ; out0             ;
; |BaiTap|Control:inst1|OutputBlock2:inst1|inst68                                                      ; |BaiTap|Control:inst1|OutputBlock2:inst1|inst68                                                      ; out0             ;
; |BaiTap|Control:inst1|OutputBlock2:inst1|inst70                                                      ; |BaiTap|Control:inst1|OutputBlock2:inst1|inst70                                                      ; out0             ;
; |BaiTap|Control:inst1|OutputBlock2:inst1|inst69                                                      ; |BaiTap|Control:inst1|OutputBlock2:inst1|inst69                                                      ; out0             ;
; |BaiTap|Control:inst1|OutputBlock2:inst1|inst30                                                      ; |BaiTap|Control:inst1|OutputBlock2:inst1|inst30                                                      ; out0             ;
; |BaiTap|Control:inst1|OutputBlock2:inst1|inst72                                                      ; |BaiTap|Control:inst1|OutputBlock2:inst1|inst72                                                      ; out0             ;
; |BaiTap|Control:inst1|OutputBlock2:inst1|inst71                                                      ; |BaiTap|Control:inst1|OutputBlock2:inst1|inst71                                                      ; out0             ;
; |BaiTap|Control:inst1|OutputBlock2:inst1|inst77                                                      ; |BaiTap|Control:inst1|OutputBlock2:inst1|inst77                                                      ; out0             ;
; |BaiTap|Control:inst1|OutputBlock2:inst1|inst74                                                      ; |BaiTap|Control:inst1|OutputBlock2:inst1|inst74                                                      ; out0             ;
; |BaiTap|Control:inst1|OutputBlock2:inst1|inst76                                                      ; |BaiTap|Control:inst1|OutputBlock2:inst1|inst76                                                      ; out0             ;
; |BaiTap|Control:inst1|OutputBlock2:inst1|inst75                                                      ; |BaiTap|Control:inst1|OutputBlock2:inst1|inst75                                                      ; out0             ;
; |BaiTap|Control:inst1|OutputBlock2:inst1|inst80                                                      ; |BaiTap|Control:inst1|OutputBlock2:inst1|inst80                                                      ; out0             ;
; |BaiTap|Control:inst1|OutputBlock2:inst1|inst79                                                      ; |BaiTap|Control:inst1|OutputBlock2:inst1|inst79                                                      ; out0             ;
; |BaiTap|Control:inst1|OutputBlock2:inst1|inst78                                                      ; |BaiTap|Control:inst1|OutputBlock2:inst1|inst78                                                      ; out0             ;
; |BaiTap|Control:inst1|OutputBlock2:inst1|inst83                                                      ; |BaiTap|Control:inst1|OutputBlock2:inst1|inst83                                                      ; out0             ;
; |BaiTap|Control:inst1|OutputBlock2:inst1|inst82                                                      ; |BaiTap|Control:inst1|OutputBlock2:inst1|inst82                                                      ; out0             ;
; |BaiTap|Control:inst1|OutputBlock2:inst1|inst81                                                      ; |BaiTap|Control:inst1|OutputBlock2:inst1|inst81                                                      ; out0             ;
; |BaiTap|Control:inst1|OutputBlock2:inst1|inst28                                                      ; |BaiTap|Control:inst1|OutputBlock2:inst1|inst28                                                      ; out0             ;
; |BaiTap|Control:inst1|OutputBlock2:inst1|inst84                                                      ; |BaiTap|Control:inst1|OutputBlock2:inst1|inst84                                                      ; out0             ;
; |BaiTap|Control:inst1|OutputBlock2:inst1|inst85                                                      ; |BaiTap|Control:inst1|OutputBlock2:inst1|inst85                                                      ; out0             ;
; |BaiTap|Control:inst1|OutputBlock2:inst1|inst88                                                      ; |BaiTap|Control:inst1|OutputBlock2:inst1|inst88                                                      ; out0             ;
; |BaiTap|Control:inst1|OutputBlock2:inst1|inst87                                                      ; |BaiTap|Control:inst1|OutputBlock2:inst1|inst87                                                      ; out0             ;
; |BaiTap|Control:inst1|OutputBlock2:inst1|inst86                                                      ; |BaiTap|Control:inst1|OutputBlock2:inst1|inst86                                                      ; out0             ;
; |BaiTap|Control:inst1|OutputBlock2:inst1|inst105                                                     ; |BaiTap|Control:inst1|OutputBlock2:inst1|inst105                                                     ; out0             ;
; |BaiTap|Control:inst1|OutputBlock2:inst1|inst107                                                     ; |BaiTap|Control:inst1|OutputBlock2:inst1|inst107                                                     ; out0             ;
; |BaiTap|Control:inst1|OutputBlock2:inst1|inst106                                                     ; |BaiTap|Control:inst1|OutputBlock2:inst1|inst106                                                     ; out0             ;
; |BaiTap|Control:inst1|OutputBlock2:inst1|inst109                                                     ; |BaiTap|Control:inst1|OutputBlock2:inst1|inst109                                                     ; out0             ;
; |BaiTap|Control:inst1|OutputBlock2:inst1|inst108                                                     ; |BaiTap|Control:inst1|OutputBlock2:inst1|inst108                                                     ; out0             ;
; |BaiTap|Control:inst1|OutputBlock2:inst1|inst127                                                     ; |BaiTap|Control:inst1|OutputBlock2:inst1|inst127                                                     ; out0             ;
; |BaiTap|Control:inst1|OutputBlock2:inst1|inst124                                                     ; |BaiTap|Control:inst1|OutputBlock2:inst1|inst124                                                     ; out0             ;
; |BaiTap|Control:inst1|OutputBlock2:inst1|inst126                                                     ; |BaiTap|Control:inst1|OutputBlock2:inst1|inst126                                                     ; out0             ;
; |BaiTap|Control:inst1|OutputBlock2:inst1|inst125                                                     ; |BaiTap|Control:inst1|OutputBlock2:inst1|inst125                                                     ; out0             ;
; |BaiTap|Control:inst1|OutputBlock2:inst1|inst154                                                     ; |BaiTap|Control:inst1|OutputBlock2:inst1|inst154                                                     ; out0             ;
; |BaiTap|Control:inst1|OutputBlock2:inst1|inst153                                                     ; |BaiTap|Control:inst1|OutputBlock2:inst1|inst153                                                     ; out0             ;
; |BaiTap|Control:inst1|OutputBlock2:inst1|inst152                                                     ; |BaiTap|Control:inst1|OutputBlock2:inst1|inst152                                                     ; out0             ;
; |BaiTap|Control:inst1|OutputBlock2:inst1|inst156                                                     ; |BaiTap|Control:inst1|OutputBlock2:inst1|inst156                                                     ; out0             ;
; |BaiTap|Control:inst1|OutputBlock2:inst1|inst155                                                     ; |BaiTap|Control:inst1|OutputBlock2:inst1|inst155                                                     ; out0             ;
; |BaiTap|Control:inst1|OutputBlock2:inst1|inst157                                                     ; |BaiTap|Control:inst1|OutputBlock2:inst1|inst157                                                     ; out0             ;
; |BaiTap|Control:inst1|OutputBlock2:inst1|inst65                                                      ; |BaiTap|Control:inst1|OutputBlock2:inst1|inst65                                                      ; out0             ;
; |BaiTap|Control:inst1|OutputBlock2:inst1|inst64                                                      ; |BaiTap|Control:inst1|OutputBlock2:inst1|inst64                                                      ; out0             ;
; |BaiTap|Control:inst1|OutputBlock2:inst1|inst63                                                      ; |BaiTap|Control:inst1|OutputBlock2:inst1|inst63                                                      ; out0             ;
; |BaiTap|Control:inst1|OutputBlock2:inst1|inst67                                                      ; |BaiTap|Control:inst1|OutputBlock2:inst1|inst67                                                      ; out0             ;
; |BaiTap|Control:inst1|OutputBlock2:inst1|inst66                                                      ; |BaiTap|Control:inst1|OutputBlock2:inst1|inst66                                                      ; out0             ;
; |BaiTap|Control:inst1|OutputBlock2:inst1|inst100                                                     ; |BaiTap|Control:inst1|OutputBlock2:inst1|inst100                                                     ; out0             ;
; |BaiTap|Control:inst1|OutputBlock2:inst1|inst104                                                     ; |BaiTap|Control:inst1|OutputBlock2:inst1|inst104                                                     ; out0             ;
; |BaiTap|Control:inst1|OutputBlock2:inst1|inst101                                                     ; |BaiTap|Control:inst1|OutputBlock2:inst1|inst101                                                     ; out0             ;
; |BaiTap|Control:inst1|OutputBlock2:inst1|inst102                                                     ; |BaiTap|Control:inst1|OutputBlock2:inst1|inst102                                                     ; out0             ;
; |BaiTap|Control:inst1|OutputBlock2:inst1|inst103                                                     ; |BaiTap|Control:inst1|OutputBlock2:inst1|inst103                                                     ; out0             ;
; |BaiTap|Control:inst1|OutputBlock2:inst1|inst97                                                      ; |BaiTap|Control:inst1|OutputBlock2:inst1|inst97                                                      ; out0             ;
; |BaiTap|Control:inst1|OutputBlock2:inst1|inst92                                                      ; |BaiTap|Control:inst1|OutputBlock2:inst1|inst92                                                      ; out0             ;
; |BaiTap|Control:inst1|OutputBlock2:inst1|inst91                                                      ; |BaiTap|Control:inst1|OutputBlock2:inst1|inst91                                                      ; out0             ;
; |BaiTap|Control:inst1|OutputBlock2:inst1|inst90                                                      ; |BaiTap|Control:inst1|OutputBlock2:inst1|inst90                                                      ; out0             ;
; |BaiTap|Control:inst1|OutputBlock2:inst1|inst89                                                      ; |BaiTap|Control:inst1|OutputBlock2:inst1|inst89                                                      ; out0             ;
; |BaiTap|Control:inst1|OutputBlock2:inst1|inst113                                                     ; |BaiTap|Control:inst1|OutputBlock2:inst1|inst113                                                     ; out0             ;
; |BaiTap|Control:inst1|OutputBlock2:inst1|inst112                                                     ; |BaiTap|Control:inst1|OutputBlock2:inst1|inst112                                                     ; out0             ;
; |BaiTap|Control:inst1|OutputBlock2:inst1|inst111                                                     ; |BaiTap|Control:inst1|OutputBlock2:inst1|inst111                                                     ; out0             ;
; |BaiTap|Control:inst1|OutputBlock2:inst1|inst116                                                     ; |BaiTap|Control:inst1|OutputBlock2:inst1|inst116                                                     ; out0             ;
; |BaiTap|Control:inst1|OutputBlock2:inst1|inst115                                                     ; |BaiTap|Control:inst1|OutputBlock2:inst1|inst115                                                     ; out0             ;
; |BaiTap|Control:inst1|OutputBlock2:inst1|inst114                                                     ; |BaiTap|Control:inst1|OutputBlock2:inst1|inst114                                                     ; out0             ;
; |BaiTap|Control:inst1|OutputBlock2:inst1|inst130                                                     ; |BaiTap|Control:inst1|OutputBlock2:inst1|inst130                                                     ; out0             ;
; |BaiTap|Control:inst1|OutputBlock2:inst1|inst129                                                     ; |BaiTap|Control:inst1|OutputBlock2:inst1|inst129                                                     ; out0             ;
; |BaiTap|Control:inst1|OutputBlock2:inst1|inst128                                                     ; |BaiTap|Control:inst1|OutputBlock2:inst1|inst128                                                     ; out0             ;
; |BaiTap|Control:inst1|OutputBlock2:inst1|inst135                                                     ; |BaiTap|Control:inst1|OutputBlock2:inst1|inst135                                                     ; out0             ;
; |BaiTap|Control:inst1|OutputBlock2:inst1|inst131                                                     ; |BaiTap|Control:inst1|OutputBlock2:inst1|inst131                                                     ; out0             ;
; |BaiTap|Control:inst1|OutputBlock2:inst1|inst133                                                     ; |BaiTap|Control:inst1|OutputBlock2:inst1|inst133                                                     ; out0             ;
; |BaiTap|Control:inst1|OutputBlock2:inst1|inst134                                                     ; |BaiTap|Control:inst1|OutputBlock2:inst1|inst134                                                     ; out0             ;
; |BaiTap|Control:inst1|OutputBlock2:inst1|inst132                                                     ; |BaiTap|Control:inst1|OutputBlock2:inst1|inst132                                                     ; out0             ;
; |BaiTap|Control:inst1|OutputBlock2:inst1|inst137                                                     ; |BaiTap|Control:inst1|OutputBlock2:inst1|inst137                                                     ; out0             ;
; |BaiTap|Control:inst1|OutputBlock2:inst1|inst136                                                     ; |BaiTap|Control:inst1|OutputBlock2:inst1|inst136                                                     ; out0             ;
; |BaiTap|Control:inst1|OutputBlock2:inst1|inst140                                                     ; |BaiTap|Control:inst1|OutputBlock2:inst1|inst140                                                     ; out0             ;
; |BaiTap|Control:inst1|OutputBlock2:inst1|inst139                                                     ; |BaiTap|Control:inst1|OutputBlock2:inst1|inst139                                                     ; out0             ;
; |BaiTap|Control:inst1|OutputBlock2:inst1|inst138                                                     ; |BaiTap|Control:inst1|OutputBlock2:inst1|inst138                                                     ; out0             ;
; |BaiTap|Control:inst1|OutputBlock2:inst1|inst144                                                     ; |BaiTap|Control:inst1|OutputBlock2:inst1|inst144                                                     ; out0             ;
; |BaiTap|Control:inst1|OutputBlock2:inst1|inst145                                                     ; |BaiTap|Control:inst1|OutputBlock2:inst1|inst145                                                     ; out0             ;
; |BaiTap|Control:inst1|OutputBlock2:inst1|inst142                                                     ; |BaiTap|Control:inst1|OutputBlock2:inst1|inst142                                                     ; out0             ;
; |BaiTap|Control:inst1|OutputBlock2:inst1|inst148                                                     ; |BaiTap|Control:inst1|OutputBlock2:inst1|inst148                                                     ; out0             ;
; |BaiTap|Control:inst1|OutputBlock2:inst1|inst146                                                     ; |BaiTap|Control:inst1|OutputBlock2:inst1|inst146                                                     ; out0             ;
; |BaiTap|Control:inst1|OutputBlock2:inst1|inst147                                                     ; |BaiTap|Control:inst1|OutputBlock2:inst1|inst147                                                     ; out0             ;
; |BaiTap|Control:inst1|OutputBlock2:inst1|inst143                                                     ; |BaiTap|Control:inst1|OutputBlock2:inst1|inst143                                                     ; out0             ;
; |BaiTap|Control:inst1|OutputBlock2:inst1|inst151                                                     ; |BaiTap|Control:inst1|OutputBlock2:inst1|inst151                                                     ; out0             ;
; |BaiTap|Control:inst1|OutputBlock2:inst1|inst150                                                     ; |BaiTap|Control:inst1|OutputBlock2:inst1|inst150                                                     ; out0             ;
; |BaiTap|Control:inst1|OutputBlock2:inst1|inst149                                                     ; |BaiTap|Control:inst1|OutputBlock2:inst1|inst149                                                     ; out0             ;
; |BaiTap|Control:inst1|OutputBlock2:inst1|inst60                                                      ; |BaiTap|Control:inst1|OutputBlock2:inst1|inst60                                                      ; out0             ;
; |BaiTap|Control:inst1|OutputBlock2:inst1|inst59                                                      ; |BaiTap|Control:inst1|OutputBlock2:inst1|inst59                                                      ; out0             ;
; |BaiTap|Control:inst1|OutputBlock2:inst1|inst58                                                      ; |BaiTap|Control:inst1|OutputBlock2:inst1|inst58                                                      ; out0             ;
; |BaiTap|Control:inst1|OutputBlock2:inst1|inst62                                                      ; |BaiTap|Control:inst1|OutputBlock2:inst1|inst62                                                      ; out0             ;
; |BaiTap|Control:inst1|OutputBlock2:inst1|inst61                                                      ; |BaiTap|Control:inst1|OutputBlock2:inst1|inst61                                                      ; out0             ;
; |BaiTap|Control:inst1|OutputBlock2:inst1|inst98                                                      ; |BaiTap|Control:inst1|OutputBlock2:inst1|inst98                                                      ; out0             ;
; |BaiTap|Control:inst1|OutputBlock2:inst1|inst95                                                      ; |BaiTap|Control:inst1|OutputBlock2:inst1|inst95                                                      ; out0             ;
; |BaiTap|Control:inst1|OutputBlock2:inst1|inst96                                                      ; |BaiTap|Control:inst1|OutputBlock2:inst1|inst96                                                      ; out0             ;
; |BaiTap|Control:inst1|OutputBlock2:inst1|inst99                                                      ; |BaiTap|Control:inst1|OutputBlock2:inst1|inst99                                                      ; out0             ;
; |BaiTap|Control:inst1|OutputBlock2:inst1|inst94                                                      ; |BaiTap|Control:inst1|OutputBlock2:inst1|inst94                                                      ; out0             ;
; |BaiTap|Control:inst1|OutputBlock2:inst1|inst119                                                     ; |BaiTap|Control:inst1|OutputBlock2:inst1|inst119                                                     ; out0             ;
; |BaiTap|Control:inst1|OutputBlock2:inst1|inst118                                                     ; |BaiTap|Control:inst1|OutputBlock2:inst1|inst118                                                     ; out0             ;
; |BaiTap|Control:inst1|OutputBlock2:inst1|inst117                                                     ; |BaiTap|Control:inst1|OutputBlock2:inst1|inst117                                                     ; out0             ;
; |BaiTap|Control:inst1|OutputBlock2:inst1|inst121                                                     ; |BaiTap|Control:inst1|OutputBlock2:inst1|inst121                                                     ; out0             ;
; |BaiTap|Control:inst1|OutputBlock2:inst1|inst120                                                     ; |BaiTap|Control:inst1|OutputBlock2:inst1|inst120                                                     ; out0             ;
; |BaiTap|Control:inst1|OutputBlock2:inst1|inst73                                                      ; |BaiTap|Control:inst1|OutputBlock2:inst1|inst73                                                      ; out0             ;
; |BaiTap|Control:inst1|OutputBlock2:inst1|inst110                                                     ; |BaiTap|Control:inst1|OutputBlock2:inst1|inst110                                                     ; out0             ;
; |BaiTap|Datapath:inst|gdfx_temp2[4]                                                                  ; |BaiTap|Datapath:inst|gdfx_temp2[4]                                                                  ; out0             ;
; |BaiTap|Datapath:inst|inst11[4]                                                                      ; |BaiTap|Datapath:inst|inst11[4]                                                                      ; out              ;
; |BaiTap|Datapath:inst|gdfx_temp0[4]                                                                  ; |BaiTap|Datapath:inst|gdfx_temp0[4]                                                                  ; out0             ;
; |BaiTap|Datapath:inst|gdfx_temp0[3]                                                                  ; |BaiTap|Datapath:inst|gdfx_temp0[3]                                                                  ; out0             ;
; |BaiTap|Datapath:inst|gdfx_temp0[1]                                                                  ; |BaiTap|Datapath:inst|gdfx_temp0[1]                                                                  ; out0             ;
; |BaiTap|Datapath:inst|inst8[4]                                                                       ; |BaiTap|Datapath:inst|inst8[4]                                                                       ; out              ;
; |BaiTap|Datapath:inst|inst9[4]                                                                       ; |BaiTap|Datapath:inst|inst9[4]                                                                       ; out              ;
; |BaiTap|Datapath:inst|inst9[3]                                                                       ; |BaiTap|Datapath:inst|inst9[3]                                                                       ; out              ;
; |BaiTap|Datapath:inst|inst9[1]                                                                       ; |BaiTap|Datapath:inst|inst9[1]                                                                       ; out              ;
; |BaiTap|Datapath:inst|gdfx_temp1[4]                                                                  ; |BaiTap|Datapath:inst|gdfx_temp1[4]                                                                  ; out0             ;
; |BaiTap|Datapath:inst|inst12[4]                                                                      ; |BaiTap|Datapath:inst|inst12[4]                                                                      ; out              ;
; |BaiTap|Datapath:inst|AU2:inst1|inst1[7]                                                             ; |BaiTap|Datapath:inst|AU2:inst1|inst1[7]                                                             ; out0             ;
; |BaiTap|Datapath:inst|AU2:inst1|inst1[6]                                                             ; |BaiTap|Datapath:inst|AU2:inst1|inst1[6]                                                             ; out0             ;
; |BaiTap|Datapath:inst|AU2:inst1|inst1[5]                                                             ; |BaiTap|Datapath:inst|AU2:inst1|inst1[5]                                                             ; out0             ;
; |BaiTap|Datapath:inst|AU2:inst1|inst1[4]                                                             ; |BaiTap|Datapath:inst|AU2:inst1|inst1[4]                                                             ; out0             ;
; |BaiTap|Datapath:inst|AU2:inst1|inst1[3]                                                             ; |BaiTap|Datapath:inst|AU2:inst1|inst1[3]                                                             ; out0             ;
; |BaiTap|Datapath:inst|AU2:inst1|inst1[2]                                                             ; |BaiTap|Datapath:inst|AU2:inst1|inst1[2]                                                             ; out0             ;
; |BaiTap|Datapath:inst|AU2:inst1|inst1[1]                                                             ; |BaiTap|Datapath:inst|AU2:inst1|inst1[1]                                                             ; out0             ;
; |BaiTap|Datapath:inst|AU2:inst1|inst1[0]                                                             ; |BaiTap|Datapath:inst|AU2:inst1|inst1[0]                                                             ; out0             ;
; |BaiTap|Datapath:inst|AU2:inst1|Sum8Bit:inst|Sum:inst6|inst1                                         ; |BaiTap|Datapath:inst|AU2:inst1|Sum8Bit:inst|Sum:inst6|inst1                                         ; out0             ;
; |BaiTap|Datapath:inst|AU2:inst1|Sum8Bit:inst|Sum:inst6|inst                                          ; |BaiTap|Datapath:inst|AU2:inst1|Sum8Bit:inst|Sum:inst6|inst                                          ; out0             ;
; |BaiTap|Datapath:inst|AU2:inst1|Sum8Bit:inst|Sum:inst6|inst2                                         ; |BaiTap|Datapath:inst|AU2:inst1|Sum8Bit:inst|Sum:inst6|inst2                                         ; out0             ;
; |BaiTap|Datapath:inst|AU2:inst1|Sum8Bit:inst|Sum:inst6|inst4                                         ; |BaiTap|Datapath:inst|AU2:inst1|Sum8Bit:inst|Sum:inst6|inst4                                         ; out0             ;
; |BaiTap|Datapath:inst|AU2:inst1|Sum8Bit:inst|Sum:inst7|inst1                                         ; |BaiTap|Datapath:inst|AU2:inst1|Sum8Bit:inst|Sum:inst7|inst1                                         ; out0             ;
; |BaiTap|Datapath:inst|AU2:inst1|Sum8Bit:inst|Sum:inst7|inst                                          ; |BaiTap|Datapath:inst|AU2:inst1|Sum8Bit:inst|Sum:inst7|inst                                          ; out0             ;
; |BaiTap|Datapath:inst|AU2:inst1|Sum8Bit:inst|Sum:inst7|inst2                                         ; |BaiTap|Datapath:inst|AU2:inst1|Sum8Bit:inst|Sum:inst7|inst2                                         ; out0             ;
; |BaiTap|Datapath:inst|AU2:inst1|Sum8Bit:inst|Sum:inst7|inst4                                         ; |BaiTap|Datapath:inst|AU2:inst1|Sum8Bit:inst|Sum:inst7|inst4                                         ; out0             ;
; |BaiTap|Datapath:inst|AU2:inst1|Sum8Bit:inst|Sum:inst3|inst1                                         ; |BaiTap|Datapath:inst|AU2:inst1|Sum8Bit:inst|Sum:inst3|inst1                                         ; out0             ;
; |BaiTap|Datapath:inst|AU2:inst1|Sum8Bit:inst|Sum:inst3|inst                                          ; |BaiTap|Datapath:inst|AU2:inst1|Sum8Bit:inst|Sum:inst3|inst                                          ; out0             ;
; |BaiTap|Datapath:inst|AU2:inst1|Sum8Bit:inst|Sum:inst3|inst2                                         ; |BaiTap|Datapath:inst|AU2:inst1|Sum8Bit:inst|Sum:inst3|inst2                                         ; out0             ;
; |BaiTap|Datapath:inst|AU2:inst1|Sum8Bit:inst|Sum:inst3|inst4                                         ; |BaiTap|Datapath:inst|AU2:inst1|Sum8Bit:inst|Sum:inst3|inst4                                         ; out0             ;
; |BaiTap|Datapath:inst|AU2:inst1|Sum8Bit:inst|Sum:inst5|inst1                                         ; |BaiTap|Datapath:inst|AU2:inst1|Sum8Bit:inst|Sum:inst5|inst1                                         ; out0             ;
; |BaiTap|Datapath:inst|AU2:inst1|Sum8Bit:inst|Sum:inst5|inst                                          ; |BaiTap|Datapath:inst|AU2:inst1|Sum8Bit:inst|Sum:inst5|inst                                          ; out0             ;
; |BaiTap|Datapath:inst|AU2:inst1|Sum8Bit:inst|Sum:inst5|inst2                                         ; |BaiTap|Datapath:inst|AU2:inst1|Sum8Bit:inst|Sum:inst5|inst2                                         ; out0             ;
; |BaiTap|Datapath:inst|AU2:inst1|Sum8Bit:inst|Sum:inst5|inst4                                         ; |BaiTap|Datapath:inst|AU2:inst1|Sum8Bit:inst|Sum:inst5|inst4                                         ; out0             ;
; |BaiTap|Datapath:inst|AU2:inst1|Sum8Bit:inst|Sum:inst4|inst1                                         ; |BaiTap|Datapath:inst|AU2:inst1|Sum8Bit:inst|Sum:inst4|inst1                                         ; out0             ;
; |BaiTap|Datapath:inst|AU2:inst1|Sum8Bit:inst|Sum:inst4|inst                                          ; |BaiTap|Datapath:inst|AU2:inst1|Sum8Bit:inst|Sum:inst4|inst                                          ; out0             ;
; |BaiTap|Datapath:inst|AU2:inst1|Sum8Bit:inst|Sum:inst4|inst2                                         ; |BaiTap|Datapath:inst|AU2:inst1|Sum8Bit:inst|Sum:inst4|inst2                                         ; out0             ;
; |BaiTap|Datapath:inst|AU2:inst1|Sum8Bit:inst|Sum:inst4|inst4                                         ; |BaiTap|Datapath:inst|AU2:inst1|Sum8Bit:inst|Sum:inst4|inst4                                         ; out0             ;
; |BaiTap|Datapath:inst|AU2:inst1|Sum8Bit:inst|Sum:inst2|inst1                                         ; |BaiTap|Datapath:inst|AU2:inst1|Sum8Bit:inst|Sum:inst2|inst1                                         ; out0             ;
; |BaiTap|Datapath:inst|AU2:inst1|Sum8Bit:inst|Sum:inst2|inst                                          ; |BaiTap|Datapath:inst|AU2:inst1|Sum8Bit:inst|Sum:inst2|inst                                          ; out0             ;
; |BaiTap|Datapath:inst|AU2:inst1|Sum8Bit:inst|Sum:inst2|inst2                                         ; |BaiTap|Datapath:inst|AU2:inst1|Sum8Bit:inst|Sum:inst2|inst2                                         ; out0             ;
; |BaiTap|Datapath:inst|AU2:inst1|Sum8Bit:inst|Sum:inst2|inst4                                         ; |BaiTap|Datapath:inst|AU2:inst1|Sum8Bit:inst|Sum:inst2|inst4                                         ; out0             ;
; |BaiTap|Datapath:inst|AU2:inst1|Sum8Bit:inst|Sum:inst1|inst1                                         ; |BaiTap|Datapath:inst|AU2:inst1|Sum8Bit:inst|Sum:inst1|inst1                                         ; out0             ;
; |BaiTap|Datapath:inst|AU2:inst1|Sum8Bit:inst|Sum:inst1|inst                                          ; |BaiTap|Datapath:inst|AU2:inst1|Sum8Bit:inst|Sum:inst1|inst                                          ; out0             ;
; |BaiTap|Datapath:inst|AU2:inst1|Sum8Bit:inst|Sum:inst1|inst2                                         ; |BaiTap|Datapath:inst|AU2:inst1|Sum8Bit:inst|Sum:inst1|inst2                                         ; out0             ;
; |BaiTap|Datapath:inst|AU2:inst1|Sum8Bit:inst|Sum:inst1|inst4                                         ; |BaiTap|Datapath:inst|AU2:inst1|Sum8Bit:inst|Sum:inst1|inst4                                         ; out0             ;
; |BaiTap|Datapath:inst|AU2:inst1|Sum8Bit:inst|Sum:inst|inst1                                          ; |BaiTap|Datapath:inst|AU2:inst1|Sum8Bit:inst|Sum:inst|inst1                                          ; out0             ;
; |BaiTap|Datapath:inst|AU2:inst1|Sum8Bit:inst|Sum:inst|inst                                           ; |BaiTap|Datapath:inst|AU2:inst1|Sum8Bit:inst|Sum:inst|inst                                           ; out0             ;
; |BaiTap|Datapath:inst|AU2:inst1|busmux:inst2|lpm_mux:$00000|mux_smc:auto_generated|result_node[7]~0  ; |BaiTap|Datapath:inst|AU2:inst1|busmux:inst2|lpm_mux:$00000|mux_smc:auto_generated|result_node[7]~0  ; out0             ;
; |BaiTap|Datapath:inst|AU2:inst1|busmux:inst2|lpm_mux:$00000|mux_smc:auto_generated|result_node[7]    ; |BaiTap|Datapath:inst|AU2:inst1|busmux:inst2|lpm_mux:$00000|mux_smc:auto_generated|result_node[7]    ; out0             ;
; |BaiTap|Datapath:inst|AU2:inst1|busmux:inst2|lpm_mux:$00000|mux_smc:auto_generated|result_node[6]~2  ; |BaiTap|Datapath:inst|AU2:inst1|busmux:inst2|lpm_mux:$00000|mux_smc:auto_generated|result_node[6]~2  ; out0             ;
; |BaiTap|Datapath:inst|AU2:inst1|busmux:inst2|lpm_mux:$00000|mux_smc:auto_generated|result_node[6]    ; |BaiTap|Datapath:inst|AU2:inst1|busmux:inst2|lpm_mux:$00000|mux_smc:auto_generated|result_node[6]    ; out0             ;
; |BaiTap|Datapath:inst|AU2:inst1|busmux:inst2|lpm_mux:$00000|mux_smc:auto_generated|result_node[5]~4  ; |BaiTap|Datapath:inst|AU2:inst1|busmux:inst2|lpm_mux:$00000|mux_smc:auto_generated|result_node[5]~4  ; out0             ;
; |BaiTap|Datapath:inst|AU2:inst1|busmux:inst2|lpm_mux:$00000|mux_smc:auto_generated|result_node[5]    ; |BaiTap|Datapath:inst|AU2:inst1|busmux:inst2|lpm_mux:$00000|mux_smc:auto_generated|result_node[5]    ; out0             ;
; |BaiTap|Datapath:inst|AU2:inst1|busmux:inst2|lpm_mux:$00000|mux_smc:auto_generated|result_node[4]~6  ; |BaiTap|Datapath:inst|AU2:inst1|busmux:inst2|lpm_mux:$00000|mux_smc:auto_generated|result_node[4]~6  ; out0             ;
; |BaiTap|Datapath:inst|AU2:inst1|busmux:inst2|lpm_mux:$00000|mux_smc:auto_generated|result_node[4]    ; |BaiTap|Datapath:inst|AU2:inst1|busmux:inst2|lpm_mux:$00000|mux_smc:auto_generated|result_node[4]    ; out0             ;
; |BaiTap|Datapath:inst|AU2:inst1|busmux:inst2|lpm_mux:$00000|mux_smc:auto_generated|result_node[3]~8  ; |BaiTap|Datapath:inst|AU2:inst1|busmux:inst2|lpm_mux:$00000|mux_smc:auto_generated|result_node[3]~8  ; out0             ;
; |BaiTap|Datapath:inst|AU2:inst1|busmux:inst2|lpm_mux:$00000|mux_smc:auto_generated|result_node[3]    ; |BaiTap|Datapath:inst|AU2:inst1|busmux:inst2|lpm_mux:$00000|mux_smc:auto_generated|result_node[3]    ; out0             ;
; |BaiTap|Datapath:inst|AU2:inst1|busmux:inst2|lpm_mux:$00000|mux_smc:auto_generated|result_node[2]~10 ; |BaiTap|Datapath:inst|AU2:inst1|busmux:inst2|lpm_mux:$00000|mux_smc:auto_generated|result_node[2]~10 ; out0             ;
; |BaiTap|Datapath:inst|AU2:inst1|busmux:inst2|lpm_mux:$00000|mux_smc:auto_generated|result_node[2]    ; |BaiTap|Datapath:inst|AU2:inst1|busmux:inst2|lpm_mux:$00000|mux_smc:auto_generated|result_node[2]    ; out0             ;
; |BaiTap|Datapath:inst|AU2:inst1|busmux:inst2|lpm_mux:$00000|mux_smc:auto_generated|result_node[1]~12 ; |BaiTap|Datapath:inst|AU2:inst1|busmux:inst2|lpm_mux:$00000|mux_smc:auto_generated|result_node[1]~12 ; out0             ;
; |BaiTap|Datapath:inst|AU2:inst1|busmux:inst2|lpm_mux:$00000|mux_smc:auto_generated|result_node[1]    ; |BaiTap|Datapath:inst|AU2:inst1|busmux:inst2|lpm_mux:$00000|mux_smc:auto_generated|result_node[1]    ; out0             ;
; |BaiTap|Datapath:inst|AU2:inst1|busmux:inst2|lpm_mux:$00000|mux_smc:auto_generated|result_node[0]~14 ; |BaiTap|Datapath:inst|AU2:inst1|busmux:inst2|lpm_mux:$00000|mux_smc:auto_generated|result_node[0]~14 ; out0             ;
; |BaiTap|Datapath:inst|AU2:inst1|busmux:inst2|lpm_mux:$00000|mux_smc:auto_generated|result_node[0]    ; |BaiTap|Datapath:inst|AU2:inst1|busmux:inst2|lpm_mux:$00000|mux_smc:auto_generated|result_node[0]    ; out0             ;
; |BaiTap|Datapath:inst|AU2:inst1|Register4x8:inst4|register:inst1|Decoder2_4:inst20|inst1             ; |BaiTap|Datapath:inst|AU2:inst1|Register4x8:inst4|register:inst1|Decoder2_4:inst20|inst1             ; out0             ;
; |BaiTap|Datapath:inst|AU2:inst1|Register4x8:inst4|register:inst1|Decoder2_4:inst20|inst2             ; |BaiTap|Datapath:inst|AU2:inst1|Register4x8:inst4|register:inst1|Decoder2_4:inst20|inst2             ; out0             ;
; |BaiTap|Datapath:inst|AU2:inst1|Register4x8:inst4|register:inst1|Decoder2_4:inst20|inst3             ; |BaiTap|Datapath:inst|AU2:inst1|Register4x8:inst4|register:inst1|Decoder2_4:inst20|inst3             ; out0             ;
; |BaiTap|Datapath:inst|AU2:inst1|Register4x8:inst4|register:inst1|Decoder2_4:inst|inst1               ; |BaiTap|Datapath:inst|AU2:inst1|Register4x8:inst4|register:inst1|Decoder2_4:inst|inst1               ; out0             ;
; |BaiTap|Datapath:inst|AU2:inst1|Register4x8:inst4|register:inst1|Decoder2_4:inst|inst2               ; |BaiTap|Datapath:inst|AU2:inst1|Register4x8:inst4|register:inst1|Decoder2_4:inst|inst2               ; out0             ;
; |BaiTap|Datapath:inst|AU2:inst1|Register4x8:inst4|register:inst1|Decoder2_4:inst|inst3               ; |BaiTap|Datapath:inst|AU2:inst1|Register4x8:inst4|register:inst1|Decoder2_4:inst|inst3               ; out0             ;
; |BaiTap|Datapath:inst|AU2:inst1|Register4x8:inst4|register:inst|Decoder2_4:inst20|inst1              ; |BaiTap|Datapath:inst|AU2:inst1|Register4x8:inst4|register:inst|Decoder2_4:inst20|inst1              ; out0             ;
; |BaiTap|Datapath:inst|AU2:inst1|Register4x8:inst4|register:inst|Decoder2_4:inst20|inst2              ; |BaiTap|Datapath:inst|AU2:inst1|Register4x8:inst4|register:inst|Decoder2_4:inst20|inst2              ; out0             ;
; |BaiTap|Datapath:inst|AU2:inst1|Register4x8:inst4|register:inst|Decoder2_4:inst20|inst3              ; |BaiTap|Datapath:inst|AU2:inst1|Register4x8:inst4|register:inst|Decoder2_4:inst20|inst3              ; out0             ;
; |BaiTap|Datapath:inst|AU2:inst1|Register4x8:inst4|register:inst|Decoder2_4:inst|inst1                ; |BaiTap|Datapath:inst|AU2:inst1|Register4x8:inst4|register:inst|Decoder2_4:inst|inst1                ; out0             ;
; |BaiTap|Datapath:inst|AU2:inst1|Register4x8:inst4|register:inst|Decoder2_4:inst|inst2                ; |BaiTap|Datapath:inst|AU2:inst1|Register4x8:inst4|register:inst|Decoder2_4:inst|inst2                ; out0             ;
; |BaiTap|Datapath:inst|AU2:inst1|Register4x8:inst4|register:inst|Decoder2_4:inst|inst3                ; |BaiTap|Datapath:inst|AU2:inst1|Register4x8:inst4|register:inst|Decoder2_4:inst|inst3                ; out0             ;
; |BaiTap|Datapath:inst|Register4x8:inst14|register:inst1|Decoder2_4:inst20|inst                       ; |BaiTap|Datapath:inst|Register4x8:inst14|register:inst1|Decoder2_4:inst20|inst                       ; out0             ;
; |BaiTap|Datapath:inst|Register4x8:inst14|register:inst1|Decoder2_4:inst20|inst1                      ; |BaiTap|Datapath:inst|Register4x8:inst14|register:inst1|Decoder2_4:inst20|inst1                      ; out0             ;
; |BaiTap|Datapath:inst|Register4x8:inst14|register:inst1|Decoder2_4:inst20|inst2                      ; |BaiTap|Datapath:inst|Register4x8:inst14|register:inst1|Decoder2_4:inst20|inst2                      ; out0             ;
; |BaiTap|Datapath:inst|Register4x8:inst14|register:inst1|Decoder2_4:inst20|inst3                      ; |BaiTap|Datapath:inst|Register4x8:inst14|register:inst1|Decoder2_4:inst20|inst3                      ; out0             ;
; |BaiTap|Datapath:inst|Register4x8:inst14|register:inst1|Decoder2_4:inst|inst                         ; |BaiTap|Datapath:inst|Register4x8:inst14|register:inst1|Decoder2_4:inst|inst                         ; out0             ;
; |BaiTap|Datapath:inst|Register4x8:inst14|register:inst1|Decoder2_4:inst|inst1                        ; |BaiTap|Datapath:inst|Register4x8:inst14|register:inst1|Decoder2_4:inst|inst1                        ; out0             ;
; |BaiTap|Datapath:inst|Register4x8:inst14|register:inst1|Decoder2_4:inst|inst2                        ; |BaiTap|Datapath:inst|Register4x8:inst14|register:inst1|Decoder2_4:inst|inst2                        ; out0             ;
; |BaiTap|Datapath:inst|Register4x8:inst14|register:inst1|Decoder2_4:inst|inst3                        ; |BaiTap|Datapath:inst|Register4x8:inst14|register:inst1|Decoder2_4:inst|inst3                        ; out0             ;
; |BaiTap|Datapath:inst|Register4x8:inst14|register:inst|Decoder2_4:inst20|inst                        ; |BaiTap|Datapath:inst|Register4x8:inst14|register:inst|Decoder2_4:inst20|inst                        ; out0             ;
; |BaiTap|Datapath:inst|Register4x8:inst14|register:inst|Decoder2_4:inst20|inst1                       ; |BaiTap|Datapath:inst|Register4x8:inst14|register:inst|Decoder2_4:inst20|inst1                       ; out0             ;
; |BaiTap|Datapath:inst|Register4x8:inst14|register:inst|Decoder2_4:inst20|inst2                       ; |BaiTap|Datapath:inst|Register4x8:inst14|register:inst|Decoder2_4:inst20|inst2                       ; out0             ;
; |BaiTap|Datapath:inst|Register4x8:inst14|register:inst|Decoder2_4:inst20|inst3                       ; |BaiTap|Datapath:inst|Register4x8:inst14|register:inst|Decoder2_4:inst20|inst3                       ; out0             ;
; |BaiTap|Datapath:inst|Register4x8:inst14|register:inst|Decoder2_4:inst|inst                          ; |BaiTap|Datapath:inst|Register4x8:inst14|register:inst|Decoder2_4:inst|inst                          ; out0             ;
; |BaiTap|Datapath:inst|Register4x8:inst14|register:inst|Decoder2_4:inst|inst1                         ; |BaiTap|Datapath:inst|Register4x8:inst14|register:inst|Decoder2_4:inst|inst1                         ; out0             ;
; |BaiTap|Datapath:inst|Register4x8:inst14|register:inst|Decoder2_4:inst|inst2                         ; |BaiTap|Datapath:inst|Register4x8:inst14|register:inst|Decoder2_4:inst|inst2                         ; out0             ;
; |BaiTap|Datapath:inst|Register4x8:inst14|register:inst|Decoder2_4:inst|inst3                         ; |BaiTap|Datapath:inst|Register4x8:inst14|register:inst|Decoder2_4:inst|inst3                         ; out0             ;
; |BaiTap|Datapath:inst|Register2x8:inst23|OA[4]                                                       ; |BaiTap|Datapath:inst|Register2x8:inst23|OA[4]                                                       ; out0             ;
; |BaiTap|Datapath:inst|Register2x8:inst23|OA[3]                                                       ; |BaiTap|Datapath:inst|Register2x8:inst23|OA[3]                                                       ; out0             ;
; |BaiTap|Datapath:inst|Register2x8:inst23|OA[1]                                                       ; |BaiTap|Datapath:inst|Register2x8:inst23|OA[1]                                                       ; out0             ;
; |BaiTap|Datapath:inst|Register2x8:inst23|RFC:inst17|inst1                                            ; |BaiTap|Datapath:inst|Register2x8:inst23|RFC:inst17|inst1                                            ; out              ;
; |BaiTap|Datapath:inst|Register2x8:inst23|RFC:inst17|inst                                             ; |BaiTap|Datapath:inst|Register2x8:inst23|RFC:inst17|inst                                             ; regout           ;
; |BaiTap|Datapath:inst|Register2x8:inst23|RFC:inst17|inst4                                            ; |BaiTap|Datapath:inst|Register2x8:inst23|RFC:inst17|inst4                                            ; out0             ;
; |BaiTap|Datapath:inst|Register2x8:inst23|RFC:inst17|inst2                                            ; |BaiTap|Datapath:inst|Register2x8:inst23|RFC:inst17|inst2                                            ; out0             ;
; |BaiTap|Datapath:inst|Register2x8:inst23|RFC:inst13|inst1                                            ; |BaiTap|Datapath:inst|Register2x8:inst23|RFC:inst13|inst1                                            ; out              ;
; |BaiTap|Datapath:inst|Register2x8:inst23|RFC:inst13|inst                                             ; |BaiTap|Datapath:inst|Register2x8:inst23|RFC:inst13|inst                                             ; regout           ;
; |BaiTap|Datapath:inst|Register2x8:inst23|RFC:inst13|inst4                                            ; |BaiTap|Datapath:inst|Register2x8:inst23|RFC:inst13|inst4                                            ; out0             ;
; |BaiTap|Datapath:inst|Register2x8:inst23|RFC:inst13|inst2                                            ; |BaiTap|Datapath:inst|Register2x8:inst23|RFC:inst13|inst2                                            ; out0             ;
; |BaiTap|Datapath:inst|Register2x8:inst23|RFC:inst10|inst1                                            ; |BaiTap|Datapath:inst|Register2x8:inst23|RFC:inst10|inst1                                            ; out              ;
; |BaiTap|Datapath:inst|Register2x8:inst23|RFC:inst10|inst                                             ; |BaiTap|Datapath:inst|Register2x8:inst23|RFC:inst10|inst                                             ; regout           ;
; |BaiTap|Datapath:inst|Register2x8:inst23|RFC:inst10|inst3                                            ; |BaiTap|Datapath:inst|Register2x8:inst23|RFC:inst10|inst3                                            ; out0             ;
; |BaiTap|Datapath:inst|Register2x8:inst23|RFC:inst10|inst2                                            ; |BaiTap|Datapath:inst|Register2x8:inst23|RFC:inst10|inst2                                            ; out0             ;
; |BaiTap|Datapath:inst|Register2x8:inst23|RFC:inst6|inst1                                             ; |BaiTap|Datapath:inst|Register2x8:inst23|RFC:inst6|inst1                                             ; out              ;
; |BaiTap|Datapath:inst|Register2x8:inst23|RFC:inst6|inst                                              ; |BaiTap|Datapath:inst|Register2x8:inst23|RFC:inst6|inst                                              ; regout           ;
; |BaiTap|Datapath:inst|Register2x8:inst23|RFC:inst6|inst4                                             ; |BaiTap|Datapath:inst|Register2x8:inst23|RFC:inst6|inst4                                             ; out0             ;
; |BaiTap|Datapath:inst|Register2x8:inst23|RFC:inst6|inst3                                             ; |BaiTap|Datapath:inst|Register2x8:inst23|RFC:inst6|inst3                                             ; out0             ;
; |BaiTap|Datapath:inst|Register2x8:inst23|RFC:inst6|inst2                                             ; |BaiTap|Datapath:inst|Register2x8:inst23|RFC:inst6|inst2                                             ; out0             ;
; |BaiTap|Datapath:inst|Register2x8:inst23|Decoder1_2:inst1|inst1                                      ; |BaiTap|Datapath:inst|Register2x8:inst23|Decoder1_2:inst1|inst1                                      ; out0             ;
; |BaiTap|Datapath:inst|Register2x8:inst23|Decoder1_2:inst1|inst2                                      ; |BaiTap|Datapath:inst|Register2x8:inst23|Decoder1_2:inst1|inst2                                      ; out0             ;
; |BaiTap|Datapath:inst|Register2x8:inst23|Decoder1_2:inst|inst1                                       ; |BaiTap|Datapath:inst|Register2x8:inst23|Decoder1_2:inst|inst1                                       ; out0             ;
; |BaiTap|Datapath:inst|Register2x8:inst23|Decoder1_2:inst|inst2                                       ; |BaiTap|Datapath:inst|Register2x8:inst23|Decoder1_2:inst|inst2                                       ; out0             ;
; |BaiTap|Datapath:inst|AU1:inst|inst9                                                                 ; |BaiTap|Datapath:inst|AU1:inst|inst9                                                                 ; out0             ;
; |BaiTap|Datapath:inst|AU1:inst|busmux:inst7|lpm_mux:$00000|mux_smc:auto_generated|result_node[7]~1   ; |BaiTap|Datapath:inst|AU1:inst|busmux:inst7|lpm_mux:$00000|mux_smc:auto_generated|result_node[7]~1   ; out0             ;
; |BaiTap|Datapath:inst|AU1:inst|busmux:inst7|lpm_mux:$00000|mux_smc:auto_generated|result_node[7]     ; |BaiTap|Datapath:inst|AU1:inst|busmux:inst7|lpm_mux:$00000|mux_smc:auto_generated|result_node[7]     ; out0             ;
; |BaiTap|Datapath:inst|AU1:inst|busmux:inst7|lpm_mux:$00000|mux_smc:auto_generated|result_node[6]~3   ; |BaiTap|Datapath:inst|AU1:inst|busmux:inst7|lpm_mux:$00000|mux_smc:auto_generated|result_node[6]~3   ; out0             ;
; |BaiTap|Datapath:inst|AU1:inst|busmux:inst7|lpm_mux:$00000|mux_smc:auto_generated|result_node[6]     ; |BaiTap|Datapath:inst|AU1:inst|busmux:inst7|lpm_mux:$00000|mux_smc:auto_generated|result_node[6]     ; out0             ;
; |BaiTap|Datapath:inst|AU1:inst|busmux:inst7|lpm_mux:$00000|mux_smc:auto_generated|result_node[5]~5   ; |BaiTap|Datapath:inst|AU1:inst|busmux:inst7|lpm_mux:$00000|mux_smc:auto_generated|result_node[5]~5   ; out0             ;
; |BaiTap|Datapath:inst|AU1:inst|busmux:inst7|lpm_mux:$00000|mux_smc:auto_generated|result_node[5]     ; |BaiTap|Datapath:inst|AU1:inst|busmux:inst7|lpm_mux:$00000|mux_smc:auto_generated|result_node[5]     ; out0             ;
; |BaiTap|Datapath:inst|AU1:inst|busmux:inst7|lpm_mux:$00000|mux_smc:auto_generated|result_node[4]~7   ; |BaiTap|Datapath:inst|AU1:inst|busmux:inst7|lpm_mux:$00000|mux_smc:auto_generated|result_node[4]~7   ; out0             ;
; |BaiTap|Datapath:inst|AU1:inst|busmux:inst7|lpm_mux:$00000|mux_smc:auto_generated|result_node[4]     ; |BaiTap|Datapath:inst|AU1:inst|busmux:inst7|lpm_mux:$00000|mux_smc:auto_generated|result_node[4]     ; out0             ;
; |BaiTap|Datapath:inst|AU1:inst|busmux:inst7|lpm_mux:$00000|mux_smc:auto_generated|result_node[2]~11  ; |BaiTap|Datapath:inst|AU1:inst|busmux:inst7|lpm_mux:$00000|mux_smc:auto_generated|result_node[2]~11  ; out0             ;
; |BaiTap|Datapath:inst|AU1:inst|busmux:inst7|lpm_mux:$00000|mux_smc:auto_generated|result_node[2]     ; |BaiTap|Datapath:inst|AU1:inst|busmux:inst7|lpm_mux:$00000|mux_smc:auto_generated|result_node[2]     ; out0             ;
; |BaiTap|Datapath:inst|AU1:inst|busmux:inst7|lpm_mux:$00000|mux_smc:auto_generated|result_node[1]~13  ; |BaiTap|Datapath:inst|AU1:inst|busmux:inst7|lpm_mux:$00000|mux_smc:auto_generated|result_node[1]~13  ; out0             ;
; |BaiTap|Datapath:inst|AU1:inst|busmux:inst7|lpm_mux:$00000|mux_smc:auto_generated|result_node[1]     ; |BaiTap|Datapath:inst|AU1:inst|busmux:inst7|lpm_mux:$00000|mux_smc:auto_generated|result_node[1]     ; out0             ;
; |BaiTap|Datapath:inst|AU1:inst|Sum8Bit:inst|Sum:inst7|inst1                                          ; |BaiTap|Datapath:inst|AU1:inst|Sum8Bit:inst|Sum:inst7|inst1                                          ; out0             ;
; |BaiTap|Datapath:inst|AU1:inst|Sum8Bit:inst|Sum:inst7|inst                                           ; |BaiTap|Datapath:inst|AU1:inst|Sum8Bit:inst|Sum:inst7|inst                                           ; out0             ;
; |BaiTap|Datapath:inst|AU1:inst|Sum8Bit:inst|Sum:inst7|inst2                                          ; |BaiTap|Datapath:inst|AU1:inst|Sum8Bit:inst|Sum:inst7|inst2                                          ; out0             ;
; |BaiTap|Datapath:inst|AU1:inst|Sum8Bit:inst|Sum:inst7|inst4                                          ; |BaiTap|Datapath:inst|AU1:inst|Sum8Bit:inst|Sum:inst7|inst4                                          ; out0             ;
; |BaiTap|Datapath:inst|AU1:inst|Sum8Bit:inst|Sum:inst3|inst1                                          ; |BaiTap|Datapath:inst|AU1:inst|Sum8Bit:inst|Sum:inst3|inst1                                          ; out0             ;
; |BaiTap|Datapath:inst|AU1:inst|Sum8Bit:inst|Sum:inst3|inst2                                          ; |BaiTap|Datapath:inst|AU1:inst|Sum8Bit:inst|Sum:inst3|inst2                                          ; out0             ;
; |BaiTap|Datapath:inst|AU1:inst|Sum8Bit:inst|Sum:inst3|inst4                                          ; |BaiTap|Datapath:inst|AU1:inst|Sum8Bit:inst|Sum:inst3|inst4                                          ; out0             ;
; |BaiTap|Datapath:inst|AU1:inst|Sum8Bit:inst|Sum:inst5|inst                                           ; |BaiTap|Datapath:inst|AU1:inst|Sum8Bit:inst|Sum:inst5|inst                                           ; out0             ;
; |BaiTap|Datapath:inst|AU1:inst|Sum8Bit:inst|Sum:inst5|inst2                                          ; |BaiTap|Datapath:inst|AU1:inst|Sum8Bit:inst|Sum:inst5|inst2                                          ; out0             ;
; |BaiTap|Datapath:inst|AU1:inst|Sum8Bit:inst|Sum:inst5|inst4                                          ; |BaiTap|Datapath:inst|AU1:inst|Sum8Bit:inst|Sum:inst5|inst4                                          ; out0             ;
; |BaiTap|Datapath:inst|AU1:inst|Sum8Bit:inst|Sum:inst4|inst1                                          ; |BaiTap|Datapath:inst|AU1:inst|Sum8Bit:inst|Sum:inst4|inst1                                          ; out0             ;
; |BaiTap|Datapath:inst|AU1:inst|Sum8Bit:inst|Sum:inst4|inst                                           ; |BaiTap|Datapath:inst|AU1:inst|Sum8Bit:inst|Sum:inst4|inst                                           ; out0             ;
; |BaiTap|Datapath:inst|AU1:inst|Sum8Bit:inst|Sum:inst4|inst2                                          ; |BaiTap|Datapath:inst|AU1:inst|Sum8Bit:inst|Sum:inst4|inst2                                          ; out0             ;
; |BaiTap|Datapath:inst|AU1:inst|Sum8Bit:inst|Sum:inst4|inst4                                          ; |BaiTap|Datapath:inst|AU1:inst|Sum8Bit:inst|Sum:inst4|inst4                                          ; out0             ;
; |BaiTap|Datapath:inst|AU1:inst|Sum8Bit:inst|Sum:inst2|inst1                                          ; |BaiTap|Datapath:inst|AU1:inst|Sum8Bit:inst|Sum:inst2|inst1                                          ; out0             ;
; |BaiTap|Datapath:inst|AU1:inst|Sum8Bit:inst|Sum:inst2|inst2                                          ; |BaiTap|Datapath:inst|AU1:inst|Sum8Bit:inst|Sum:inst2|inst2                                          ; out0             ;
; |BaiTap|Datapath:inst|AU1:inst|Sum8Bit:inst|Sum:inst2|inst4                                          ; |BaiTap|Datapath:inst|AU1:inst|Sum8Bit:inst|Sum:inst2|inst4                                          ; out0             ;
; |BaiTap|Datapath:inst|AU1:inst|Sum8Bit:inst|Sum:inst1|inst1                                          ; |BaiTap|Datapath:inst|AU1:inst|Sum8Bit:inst|Sum:inst1|inst1                                          ; out0             ;
; |BaiTap|Datapath:inst|AU1:inst|Sum8Bit:inst|Sum:inst1|inst2                                          ; |BaiTap|Datapath:inst|AU1:inst|Sum8Bit:inst|Sum:inst1|inst2                                          ; out0             ;
; |BaiTap|Datapath:inst|AU1:inst|Sum8Bit:inst|Sum:inst1|inst4                                          ; |BaiTap|Datapath:inst|AU1:inst|Sum8Bit:inst|Sum:inst1|inst4                                          ; out0             ;
; |BaiTap|Datapath:inst|AU1:inst|Sum8Bit:inst|Sum:inst|inst1                                           ; |BaiTap|Datapath:inst|AU1:inst|Sum8Bit:inst|Sum:inst|inst1                                           ; out0             ;
; |BaiTap|Datapath:inst|AU1:inst|busmux:inst8|lpm_mux:$00000|mux_smc:auto_generated|result_node[7]~0   ; |BaiTap|Datapath:inst|AU1:inst|busmux:inst8|lpm_mux:$00000|mux_smc:auto_generated|result_node[7]~0   ; out0             ;
; |BaiTap|Datapath:inst|AU1:inst|busmux:inst8|lpm_mux:$00000|mux_smc:auto_generated|result_node[7]     ; |BaiTap|Datapath:inst|AU1:inst|busmux:inst8|lpm_mux:$00000|mux_smc:auto_generated|result_node[7]     ; out0             ;
; |BaiTap|Datapath:inst|AU1:inst|busmux:inst8|lpm_mux:$00000|mux_smc:auto_generated|result_node[6]~2   ; |BaiTap|Datapath:inst|AU1:inst|busmux:inst8|lpm_mux:$00000|mux_smc:auto_generated|result_node[6]~2   ; out0             ;
; |BaiTap|Datapath:inst|AU1:inst|busmux:inst8|lpm_mux:$00000|mux_smc:auto_generated|result_node[6]     ; |BaiTap|Datapath:inst|AU1:inst|busmux:inst8|lpm_mux:$00000|mux_smc:auto_generated|result_node[6]     ; out0             ;
; |BaiTap|Datapath:inst|AU1:inst|busmux:inst8|lpm_mux:$00000|mux_smc:auto_generated|result_node[5]~4   ; |BaiTap|Datapath:inst|AU1:inst|busmux:inst8|lpm_mux:$00000|mux_smc:auto_generated|result_node[5]~4   ; out0             ;
; |BaiTap|Datapath:inst|AU1:inst|busmux:inst8|lpm_mux:$00000|mux_smc:auto_generated|result_node[5]     ; |BaiTap|Datapath:inst|AU1:inst|busmux:inst8|lpm_mux:$00000|mux_smc:auto_generated|result_node[5]     ; out0             ;
; |BaiTap|Datapath:inst|AU1:inst|busmux:inst8|lpm_mux:$00000|mux_smc:auto_generated|result_node[4]~6   ; |BaiTap|Datapath:inst|AU1:inst|busmux:inst8|lpm_mux:$00000|mux_smc:auto_generated|result_node[4]~6   ; out0             ;
; |BaiTap|Datapath:inst|AU1:inst|busmux:inst8|lpm_mux:$00000|mux_smc:auto_generated|result_node[4]~7   ; |BaiTap|Datapath:inst|AU1:inst|busmux:inst8|lpm_mux:$00000|mux_smc:auto_generated|result_node[4]~7   ; out0             ;
; |BaiTap|Datapath:inst|AU1:inst|busmux:inst8|lpm_mux:$00000|mux_smc:auto_generated|result_node[4]     ; |BaiTap|Datapath:inst|AU1:inst|busmux:inst8|lpm_mux:$00000|mux_smc:auto_generated|result_node[4]     ; out0             ;
; |BaiTap|Datapath:inst|AU1:inst|busmux:inst8|lpm_mux:$00000|mux_smc:auto_generated|result_node[3]~9   ; |BaiTap|Datapath:inst|AU1:inst|busmux:inst8|lpm_mux:$00000|mux_smc:auto_generated|result_node[3]~9   ; out0             ;
; |BaiTap|Datapath:inst|AU1:inst|busmux:inst8|lpm_mux:$00000|mux_smc:auto_generated|result_node[3]     ; |BaiTap|Datapath:inst|AU1:inst|busmux:inst8|lpm_mux:$00000|mux_smc:auto_generated|result_node[3]     ; out0             ;
; |BaiTap|Datapath:inst|AU1:inst|busmux:inst8|lpm_mux:$00000|mux_smc:auto_generated|result_node[1]~13  ; |BaiTap|Datapath:inst|AU1:inst|busmux:inst8|lpm_mux:$00000|mux_smc:auto_generated|result_node[1]~13  ; out0             ;
; |BaiTap|Datapath:inst|AU1:inst|busmux:inst8|lpm_mux:$00000|mux_smc:auto_generated|result_node[1]     ; |BaiTap|Datapath:inst|AU1:inst|busmux:inst8|lpm_mux:$00000|mux_smc:auto_generated|result_node[1]     ; out0             ;
; |BaiTap|Datapath:inst|AU1:inst|Register4x8:inst1|register:inst1|RFC:inst5|inst1                      ; |BaiTap|Datapath:inst|AU1:inst|Register4x8:inst1|register:inst1|RFC:inst5|inst1                      ; out              ;
; |BaiTap|Datapath:inst|AU1:inst|Register4x8:inst1|register:inst1|RFC:inst5|inst                       ; |BaiTap|Datapath:inst|AU1:inst|Register4x8:inst1|register:inst1|RFC:inst5|inst                       ; regout           ;
; |BaiTap|Datapath:inst|AU1:inst|Register4x8:inst1|register:inst1|RFC:inst5|inst4                      ; |BaiTap|Datapath:inst|AU1:inst|Register4x8:inst1|register:inst1|RFC:inst5|inst4                      ; out0             ;
; |BaiTap|Datapath:inst|AU1:inst|Register4x8:inst1|register:inst1|RFC:inst5|inst3                      ; |BaiTap|Datapath:inst|AU1:inst|Register4x8:inst1|register:inst1|RFC:inst5|inst3                      ; out0             ;
; |BaiTap|Datapath:inst|AU1:inst|Register4x8:inst1|register:inst1|RFC:inst5|inst2                      ; |BaiTap|Datapath:inst|AU1:inst|Register4x8:inst1|register:inst1|RFC:inst5|inst2                      ; out0             ;
; |BaiTap|Datapath:inst|AU1:inst|Register4x8:inst1|register:inst1|Decoder2_4:inst20|inst               ; |BaiTap|Datapath:inst|AU1:inst|Register4x8:inst1|register:inst1|Decoder2_4:inst20|inst               ; out0             ;
; |BaiTap|Datapath:inst|AU1:inst|Register4x8:inst1|register:inst1|Decoder2_4:inst20|inst1              ; |BaiTap|Datapath:inst|AU1:inst|Register4x8:inst1|register:inst1|Decoder2_4:inst20|inst1              ; out0             ;
; |BaiTap|Datapath:inst|AU1:inst|Register4x8:inst1|register:inst1|Decoder2_4:inst20|inst2              ; |BaiTap|Datapath:inst|AU1:inst|Register4x8:inst1|register:inst1|Decoder2_4:inst20|inst2              ; out0             ;
; |BaiTap|Datapath:inst|AU1:inst|Register4x8:inst1|register:inst1|Decoder2_4:inst20|inst3              ; |BaiTap|Datapath:inst|AU1:inst|Register4x8:inst1|register:inst1|Decoder2_4:inst20|inst3              ; out0             ;
; |BaiTap|Datapath:inst|AU1:inst|Register4x8:inst1|register:inst1|Decoder2_4:inst|inst                 ; |BaiTap|Datapath:inst|AU1:inst|Register4x8:inst1|register:inst1|Decoder2_4:inst|inst                 ; out0             ;
; |BaiTap|Datapath:inst|AU1:inst|Register4x8:inst1|register:inst1|Decoder2_4:inst|inst1                ; |BaiTap|Datapath:inst|AU1:inst|Register4x8:inst1|register:inst1|Decoder2_4:inst|inst1                ; out0             ;
; |BaiTap|Datapath:inst|AU1:inst|Register4x8:inst1|register:inst1|Decoder2_4:inst|inst2                ; |BaiTap|Datapath:inst|AU1:inst|Register4x8:inst1|register:inst1|Decoder2_4:inst|inst2                ; out0             ;
; |BaiTap|Datapath:inst|AU1:inst|Register4x8:inst1|register:inst1|Decoder2_4:inst|inst3                ; |BaiTap|Datapath:inst|AU1:inst|Register4x8:inst1|register:inst1|Decoder2_4:inst|inst3                ; out0             ;
; |BaiTap|Datapath:inst|AU1:inst|Register4x8:inst1|register:inst1|RFC:inst3|inst1                      ; |BaiTap|Datapath:inst|AU1:inst|Register4x8:inst1|register:inst1|RFC:inst3|inst1                      ; out              ;
; |BaiTap|Datapath:inst|AU1:inst|Register4x8:inst1|register:inst1|RFC:inst3|inst                       ; |BaiTap|Datapath:inst|AU1:inst|Register4x8:inst1|register:inst1|RFC:inst3|inst                       ; regout           ;
; |BaiTap|Datapath:inst|AU1:inst|Register4x8:inst1|register:inst1|RFC:inst3|inst4                      ; |BaiTap|Datapath:inst|AU1:inst|Register4x8:inst1|register:inst1|RFC:inst3|inst4                      ; out0             ;
; |BaiTap|Datapath:inst|AU1:inst|Register4x8:inst1|register:inst1|RFC:inst3|inst3                      ; |BaiTap|Datapath:inst|AU1:inst|Register4x8:inst1|register:inst1|RFC:inst3|inst3                      ; out0             ;
; |BaiTap|Datapath:inst|AU1:inst|Register4x8:inst1|register:inst1|RFC:inst3|inst2                      ; |BaiTap|Datapath:inst|AU1:inst|Register4x8:inst1|register:inst1|RFC:inst3|inst2                      ; out0             ;
; |BaiTap|Datapath:inst|AU1:inst|Register4x8:inst1|register:inst|A[0]                                  ; |BaiTap|Datapath:inst|AU1:inst|Register4x8:inst1|register:inst|A[0]                                  ; out0             ;
; |BaiTap|Datapath:inst|AU1:inst|Register4x8:inst1|register:inst|RFC:inst14|inst1                      ; |BaiTap|Datapath:inst|AU1:inst|Register4x8:inst1|register:inst|RFC:inst14|inst1                      ; out              ;
; |BaiTap|Datapath:inst|AU1:inst|Register4x8:inst1|register:inst|RFC:inst14|inst                       ; |BaiTap|Datapath:inst|AU1:inst|Register4x8:inst1|register:inst|RFC:inst14|inst                       ; regout           ;
; |BaiTap|Datapath:inst|AU1:inst|Register4x8:inst1|register:inst|RFC:inst14|inst4                      ; |BaiTap|Datapath:inst|AU1:inst|Register4x8:inst1|register:inst|RFC:inst14|inst4                      ; out0             ;
; |BaiTap|Datapath:inst|AU1:inst|Register4x8:inst1|register:inst|RFC:inst14|inst3                      ; |BaiTap|Datapath:inst|AU1:inst|Register4x8:inst1|register:inst|RFC:inst14|inst3                      ; out0             ;
; |BaiTap|Datapath:inst|AU1:inst|Register4x8:inst1|register:inst|RFC:inst14|inst2                      ; |BaiTap|Datapath:inst|AU1:inst|Register4x8:inst1|register:inst|RFC:inst14|inst2                      ; out0             ;
; |BaiTap|Datapath:inst|AU1:inst|Register4x8:inst1|register:inst|RFC:inst10|inst1                      ; |BaiTap|Datapath:inst|AU1:inst|Register4x8:inst1|register:inst|RFC:inst10|inst1                      ; out              ;
; |BaiTap|Datapath:inst|AU1:inst|Register4x8:inst1|register:inst|RFC:inst10|inst                       ; |BaiTap|Datapath:inst|AU1:inst|Register4x8:inst1|register:inst|RFC:inst10|inst                       ; regout           ;
; |BaiTap|Datapath:inst|AU1:inst|Register4x8:inst1|register:inst|RFC:inst10|inst4                      ; |BaiTap|Datapath:inst|AU1:inst|Register4x8:inst1|register:inst|RFC:inst10|inst4                      ; out0             ;
; |BaiTap|Datapath:inst|AU1:inst|Register4x8:inst1|register:inst|RFC:inst10|inst3                      ; |BaiTap|Datapath:inst|AU1:inst|Register4x8:inst1|register:inst|RFC:inst10|inst3                      ; out0             ;
; |BaiTap|Datapath:inst|AU1:inst|Register4x8:inst1|register:inst|RFC:inst10|inst2                      ; |BaiTap|Datapath:inst|AU1:inst|Register4x8:inst1|register:inst|RFC:inst10|inst2                      ; out0             ;
; |BaiTap|Datapath:inst|AU1:inst|Register4x8:inst1|register:inst|RFC:inst6|inst1                       ; |BaiTap|Datapath:inst|AU1:inst|Register4x8:inst1|register:inst|RFC:inst6|inst1                       ; out              ;
; |BaiTap|Datapath:inst|AU1:inst|Register4x8:inst1|register:inst|RFC:inst6|inst                        ; |BaiTap|Datapath:inst|AU1:inst|Register4x8:inst1|register:inst|RFC:inst6|inst                        ; regout           ;
; |BaiTap|Datapath:inst|AU1:inst|Register4x8:inst1|register:inst|RFC:inst6|inst4                       ; |BaiTap|Datapath:inst|AU1:inst|Register4x8:inst1|register:inst|RFC:inst6|inst4                       ; out0             ;
; |BaiTap|Datapath:inst|AU1:inst|Register4x8:inst1|register:inst|RFC:inst6|inst3                       ; |BaiTap|Datapath:inst|AU1:inst|Register4x8:inst1|register:inst|RFC:inst6|inst3                       ; out0             ;
; |BaiTap|Datapath:inst|AU1:inst|Register4x8:inst1|register:inst|RFC:inst6|inst2                       ; |BaiTap|Datapath:inst|AU1:inst|Register4x8:inst1|register:inst|RFC:inst6|inst2                       ; out0             ;
; |BaiTap|Datapath:inst|AU1:inst|Register4x8:inst1|register:inst|Decoder2_4:inst20|inst                ; |BaiTap|Datapath:inst|AU1:inst|Register4x8:inst1|register:inst|Decoder2_4:inst20|inst                ; out0             ;
; |BaiTap|Datapath:inst|AU1:inst|Register4x8:inst1|register:inst|Decoder2_4:inst20|inst1               ; |BaiTap|Datapath:inst|AU1:inst|Register4x8:inst1|register:inst|Decoder2_4:inst20|inst1               ; out0             ;
; |BaiTap|Datapath:inst|AU1:inst|Register4x8:inst1|register:inst|Decoder2_4:inst20|inst2               ; |BaiTap|Datapath:inst|AU1:inst|Register4x8:inst1|register:inst|Decoder2_4:inst20|inst2               ; out0             ;
; |BaiTap|Datapath:inst|AU1:inst|Register4x8:inst1|register:inst|Decoder2_4:inst20|inst3               ; |BaiTap|Datapath:inst|AU1:inst|Register4x8:inst1|register:inst|Decoder2_4:inst20|inst3               ; out0             ;
; |BaiTap|Datapath:inst|AU1:inst|Register4x8:inst1|register:inst|Decoder2_4:inst|inst                  ; |BaiTap|Datapath:inst|AU1:inst|Register4x8:inst1|register:inst|Decoder2_4:inst|inst                  ; out0             ;
; |BaiTap|Datapath:inst|AU1:inst|Register4x8:inst1|register:inst|Decoder2_4:inst|inst1                 ; |BaiTap|Datapath:inst|AU1:inst|Register4x8:inst1|register:inst|Decoder2_4:inst|inst1                 ; out0             ;
; |BaiTap|Datapath:inst|AU1:inst|Register4x8:inst1|register:inst|Decoder2_4:inst|inst2                 ; |BaiTap|Datapath:inst|AU1:inst|Register4x8:inst1|register:inst|Decoder2_4:inst|inst2                 ; out0             ;
; |BaiTap|Datapath:inst|AU1:inst|Register4x8:inst1|register:inst|Decoder2_4:inst|inst3                 ; |BaiTap|Datapath:inst|AU1:inst|Register4x8:inst1|register:inst|Decoder2_4:inst|inst3                 ; out0             ;
; |BaiTap|Datapath:inst|Register2x8:inst2|OA[4]                                                        ; |BaiTap|Datapath:inst|Register2x8:inst2|OA[4]                                                        ; out0             ;
; |BaiTap|Datapath:inst|Register2x8:inst2|RFC:inst10|inst1                                             ; |BaiTap|Datapath:inst|Register2x8:inst2|RFC:inst10|inst1                                             ; out              ;
; |BaiTap|Datapath:inst|Register2x8:inst2|RFC:inst10|inst                                              ; |BaiTap|Datapath:inst|Register2x8:inst2|RFC:inst10|inst                                              ; regout           ;
; |BaiTap|Datapath:inst|Register2x8:inst2|RFC:inst10|inst2                                             ; |BaiTap|Datapath:inst|Register2x8:inst2|RFC:inst10|inst2                                             ; out0             ;
; |BaiTap|Datapath:inst|Register2x8:inst2|RFC:inst6|inst4                                              ; |BaiTap|Datapath:inst|Register2x8:inst2|RFC:inst6|inst4                                              ; out0             ;
; |BaiTap|Datapath:inst|Register2x8:inst2|RFC:inst6|inst3                                              ; |BaiTap|Datapath:inst|Register2x8:inst2|RFC:inst6|inst3                                              ; out0             ;
; |BaiTap|Datapath:inst|Register2x8:inst2|Decoder1_2:inst1|inst1                                       ; |BaiTap|Datapath:inst|Register2x8:inst2|Decoder1_2:inst1|inst1                                       ; out0             ;
; |BaiTap|Datapath:inst|Register2x8:inst2|Decoder1_2:inst1|inst2                                       ; |BaiTap|Datapath:inst|Register2x8:inst2|Decoder1_2:inst1|inst2                                       ; out0             ;
; |BaiTap|Datapath:inst|Register2x8:inst2|Decoder1_2:inst|inst1                                        ; |BaiTap|Datapath:inst|Register2x8:inst2|Decoder1_2:inst|inst1                                        ; out0             ;
; |BaiTap|Datapath:inst|Register2x8:inst2|Decoder1_2:inst|inst2                                        ; |BaiTap|Datapath:inst|Register2x8:inst2|Decoder1_2:inst|inst2                                        ; out0             ;
+------------------------------------------------------------------------------------------------------+------------------------------------------------------------------------------------------------------+------------------+


The following table displays output ports that do not toggle to 1 during simulation.
+--------------------------------------------------------------------------------------------------------------------------------------------------------------------------------------------------------------------------------+
; Missing 1-Value Coverage                                                                                                                                                                                                       ;
+------------------------------------------------------------------------------------------------------+------------------------------------------------------------------------------------------------------+------------------+
; Node Name                                                                                            ; Output Port Name                                                                                     ; Output Port Type ;
+------------------------------------------------------------------------------------------------------+------------------------------------------------------------------------------------------------------+------------------+
; |BaiTap|Y[7]                                                                                         ; |BaiTap|Y[7]                                                                                         ; pin_out          ;
; |BaiTap|Y[6]                                                                                         ; |BaiTap|Y[6]                                                                                         ; pin_out          ;
; |BaiTap|Y[5]                                                                                         ; |BaiTap|Y[5]                                                                                         ; pin_out          ;
; |BaiTap|Y[4]                                                                                         ; |BaiTap|Y[4]                                                                                         ; pin_out          ;
; |BaiTap|Y[3]                                                                                         ; |BaiTap|Y[3]                                                                                         ; pin_out          ;
; |BaiTap|Y[2]                                                                                         ; |BaiTap|Y[2]                                                                                         ; pin_out          ;
; |BaiTap|Y[1]                                                                                         ; |BaiTap|Y[1]                                                                                         ; pin_out          ;
; |BaiTap|Y[0]                                                                                         ; |BaiTap|Y[0]                                                                                         ; pin_out          ;
; |BaiTap|CLR                                                                                          ; |BaiTap|CLR                                                                                          ; out              ;
; |BaiTap|In1[7]                                                                                       ; |BaiTap|In1[7]                                                                                       ; out              ;
; |BaiTap|In1[6]                                                                                       ; |BaiTap|In1[6]                                                                                       ; out              ;
; |BaiTap|In1[5]                                                                                       ; |BaiTap|In1[5]                                                                                       ; out              ;
; |BaiTap|In1[4]                                                                                       ; |BaiTap|In1[4]                                                                                       ; out              ;
; |BaiTap|In1[3]                                                                                       ; |BaiTap|In1[3]                                                                                       ; out              ;
; |BaiTap|In1[2]                                                                                       ; |BaiTap|In1[2]                                                                                       ; out              ;
; |BaiTap|In1[1]                                                                                       ; |BaiTap|In1[1]                                                                                       ; out              ;
; |BaiTap|In1[0]                                                                                       ; |BaiTap|In1[0]                                                                                       ; out              ;
; |BaiTap|In2[7]                                                                                       ; |BaiTap|In2[7]                                                                                       ; out              ;
; |BaiTap|In2[6]                                                                                       ; |BaiTap|In2[6]                                                                                       ; out              ;
; |BaiTap|In2[5]                                                                                       ; |BaiTap|In2[5]                                                                                       ; out              ;
; |BaiTap|In2[4]                                                                                       ; |BaiTap|In2[4]                                                                                       ; out              ;
; |BaiTap|In2[3]                                                                                       ; |BaiTap|In2[3]                                                                                       ; out              ;
; |BaiTap|In2[2]                                                                                       ; |BaiTap|In2[2]                                                                                       ; out              ;
; |BaiTap|In2[1]                                                                                       ; |BaiTap|In2[1]                                                                                       ; out              ;
; |BaiTap|In2[0]                                                                                       ; |BaiTap|In2[0]                                                                                       ; out              ;
; |BaiTap|Control:inst1|NextState:inst|inst16                                                          ; |BaiTap|Control:inst1|NextState:inst|inst16                                                          ; out0             ;
; |BaiTap|Datapath:inst|gdfx_temp2[7]                                                                  ; |BaiTap|Datapath:inst|gdfx_temp2[7]                                                                  ; out0             ;
; |BaiTap|Datapath:inst|gdfx_temp2[6]                                                                  ; |BaiTap|Datapath:inst|gdfx_temp2[6]                                                                  ; out0             ;
; |BaiTap|Datapath:inst|gdfx_temp2[5]                                                                  ; |BaiTap|Datapath:inst|gdfx_temp2[5]                                                                  ; out0             ;
; |BaiTap|Datapath:inst|gdfx_temp2[3]                                                                  ; |BaiTap|Datapath:inst|gdfx_temp2[3]                                                                  ; out0             ;
; |BaiTap|Datapath:inst|gdfx_temp2[2]                                                                  ; |BaiTap|Datapath:inst|gdfx_temp2[2]                                                                  ; out0             ;
; |BaiTap|Datapath:inst|gdfx_temp2[1]                                                                  ; |BaiTap|Datapath:inst|gdfx_temp2[1]                                                                  ; out0             ;
; |BaiTap|Datapath:inst|gdfx_temp2[0]                                                                  ; |BaiTap|Datapath:inst|gdfx_temp2[0]                                                                  ; out0             ;
; |BaiTap|Datapath:inst|inst10[7]                                                                      ; |BaiTap|Datapath:inst|inst10[7]                                                                      ; out              ;
; |BaiTap|Datapath:inst|inst10[6]                                                                      ; |BaiTap|Datapath:inst|inst10[6]                                                                      ; out              ;
; |BaiTap|Datapath:inst|inst10[5]                                                                      ; |BaiTap|Datapath:inst|inst10[5]                                                                      ; out              ;
; |BaiTap|Datapath:inst|inst10[4]                                                                      ; |BaiTap|Datapath:inst|inst10[4]                                                                      ; out              ;
; |BaiTap|Datapath:inst|inst10[3]                                                                      ; |BaiTap|Datapath:inst|inst10[3]                                                                      ; out              ;
; |BaiTap|Datapath:inst|inst10[2]                                                                      ; |BaiTap|Datapath:inst|inst10[2]                                                                      ; out              ;
; |BaiTap|Datapath:inst|inst10[1]                                                                      ; |BaiTap|Datapath:inst|inst10[1]                                                                      ; out              ;
; |BaiTap|Datapath:inst|inst10[0]                                                                      ; |BaiTap|Datapath:inst|inst10[0]                                                                      ; out              ;
; |BaiTap|Datapath:inst|inst11[7]                                                                      ; |BaiTap|Datapath:inst|inst11[7]                                                                      ; out              ;
; |BaiTap|Datapath:inst|inst11[6]                                                                      ; |BaiTap|Datapath:inst|inst11[6]                                                                      ; out              ;
; |BaiTap|Datapath:inst|inst11[5]                                                                      ; |BaiTap|Datapath:inst|inst11[5]                                                                      ; out              ;
; |BaiTap|Datapath:inst|inst11[3]                                                                      ; |BaiTap|Datapath:inst|inst11[3]                                                                      ; out              ;
; |BaiTap|Datapath:inst|inst11[2]                                                                      ; |BaiTap|Datapath:inst|inst11[2]                                                                      ; out              ;
; |BaiTap|Datapath:inst|inst11[1]                                                                      ; |BaiTap|Datapath:inst|inst11[1]                                                                      ; out              ;
; |BaiTap|Datapath:inst|inst11[0]                                                                      ; |BaiTap|Datapath:inst|inst11[0]                                                                      ; out              ;
; |BaiTap|Datapath:inst|gdfx_temp0[7]                                                                  ; |BaiTap|Datapath:inst|gdfx_temp0[7]                                                                  ; out0             ;
; |BaiTap|Datapath:inst|gdfx_temp0[6]                                                                  ; |BaiTap|Datapath:inst|gdfx_temp0[6]                                                                  ; out0             ;
; |BaiTap|Datapath:inst|gdfx_temp0[5]                                                                  ; |BaiTap|Datapath:inst|gdfx_temp0[5]                                                                  ; out0             ;
; |BaiTap|Datapath:inst|gdfx_temp0[2]                                                                  ; |BaiTap|Datapath:inst|gdfx_temp0[2]                                                                  ; out0             ;
; |BaiTap|Datapath:inst|gdfx_temp0[0]                                                                  ; |BaiTap|Datapath:inst|gdfx_temp0[0]                                                                  ; out0             ;
; |BaiTap|Datapath:inst|inst8[7]                                                                       ; |BaiTap|Datapath:inst|inst8[7]                                                                       ; out              ;
; |BaiTap|Datapath:inst|inst8[6]                                                                       ; |BaiTap|Datapath:inst|inst8[6]                                                                       ; out              ;
; |BaiTap|Datapath:inst|inst8[5]                                                                       ; |BaiTap|Datapath:inst|inst8[5]                                                                       ; out              ;
; |BaiTap|Datapath:inst|inst8[3]                                                                       ; |BaiTap|Datapath:inst|inst8[3]                                                                       ; out              ;
; |BaiTap|Datapath:inst|inst8[2]                                                                       ; |BaiTap|Datapath:inst|inst8[2]                                                                       ; out              ;
; |BaiTap|Datapath:inst|inst8[1]                                                                       ; |BaiTap|Datapath:inst|inst8[1]                                                                       ; out              ;
; |BaiTap|Datapath:inst|inst8[0]                                                                       ; |BaiTap|Datapath:inst|inst8[0]                                                                       ; out              ;
; |BaiTap|Datapath:inst|inst9[7]                                                                       ; |BaiTap|Datapath:inst|inst9[7]                                                                       ; out              ;
; |BaiTap|Datapath:inst|inst9[6]                                                                       ; |BaiTap|Datapath:inst|inst9[6]                                                                       ; out              ;
; |BaiTap|Datapath:inst|inst9[5]                                                                       ; |BaiTap|Datapath:inst|inst9[5]                                                                       ; out              ;
; |BaiTap|Datapath:inst|inst9[2]                                                                       ; |BaiTap|Datapath:inst|inst9[2]                                                                       ; out              ;
; |BaiTap|Datapath:inst|inst9[0]                                                                       ; |BaiTap|Datapath:inst|inst9[0]                                                                       ; out              ;
; |BaiTap|Datapath:inst|gdfx_temp1[7]                                                                  ; |BaiTap|Datapath:inst|gdfx_temp1[7]                                                                  ; out0             ;
; |BaiTap|Datapath:inst|gdfx_temp1[6]                                                                  ; |BaiTap|Datapath:inst|gdfx_temp1[6]                                                                  ; out0             ;
; |BaiTap|Datapath:inst|gdfx_temp1[5]                                                                  ; |BaiTap|Datapath:inst|gdfx_temp1[5]                                                                  ; out0             ;
; |BaiTap|Datapath:inst|gdfx_temp1[3]                                                                  ; |BaiTap|Datapath:inst|gdfx_temp1[3]                                                                  ; out0             ;
; |BaiTap|Datapath:inst|gdfx_temp1[2]                                                                  ; |BaiTap|Datapath:inst|gdfx_temp1[2]                                                                  ; out0             ;
; |BaiTap|Datapath:inst|gdfx_temp1[1]                                                                  ; |BaiTap|Datapath:inst|gdfx_temp1[1]                                                                  ; out0             ;
; |BaiTap|Datapath:inst|gdfx_temp1[0]                                                                  ; |BaiTap|Datapath:inst|gdfx_temp1[0]                                                                  ; out0             ;
; |BaiTap|Datapath:inst|inst13[7]                                                                      ; |BaiTap|Datapath:inst|inst13[7]                                                                      ; out              ;
; |BaiTap|Datapath:inst|inst13[6]                                                                      ; |BaiTap|Datapath:inst|inst13[6]                                                                      ; out              ;
; |BaiTap|Datapath:inst|inst13[5]                                                                      ; |BaiTap|Datapath:inst|inst13[5]                                                                      ; out              ;
; |BaiTap|Datapath:inst|inst13[4]                                                                      ; |BaiTap|Datapath:inst|inst13[4]                                                                      ; out              ;
; |BaiTap|Datapath:inst|inst13[3]                                                                      ; |BaiTap|Datapath:inst|inst13[3]                                                                      ; out              ;
; |BaiTap|Datapath:inst|inst13[2]                                                                      ; |BaiTap|Datapath:inst|inst13[2]                                                                      ; out              ;
; |BaiTap|Datapath:inst|inst13[1]                                                                      ; |BaiTap|Datapath:inst|inst13[1]                                                                      ; out              ;
; |BaiTap|Datapath:inst|inst13[0]                                                                      ; |BaiTap|Datapath:inst|inst13[0]                                                                      ; out              ;
; |BaiTap|Datapath:inst|inst12[7]                                                                      ; |BaiTap|Datapath:inst|inst12[7]                                                                      ; out              ;
; |BaiTap|Datapath:inst|inst12[6]                                                                      ; |BaiTap|Datapath:inst|inst12[6]                                                                      ; out              ;
; |BaiTap|Datapath:inst|inst12[5]                                                                      ; |BaiTap|Datapath:inst|inst12[5]                                                                      ; out              ;
; |BaiTap|Datapath:inst|inst12[3]                                                                      ; |BaiTap|Datapath:inst|inst12[3]                                                                      ; out              ;
; |BaiTap|Datapath:inst|inst12[2]                                                                      ; |BaiTap|Datapath:inst|inst12[2]                                                                      ; out              ;
; |BaiTap|Datapath:inst|inst12[1]                                                                      ; |BaiTap|Datapath:inst|inst12[1]                                                                      ; out              ;
; |BaiTap|Datapath:inst|inst12[0]                                                                      ; |BaiTap|Datapath:inst|inst12[0]                                                                      ; out              ;
; |BaiTap|Datapath:inst|gdfx_temp4[7]                                                                  ; |BaiTap|Datapath:inst|gdfx_temp4[7]                                                                  ; out0             ;
; |BaiTap|Datapath:inst|gdfx_temp4[6]                                                                  ; |BaiTap|Datapath:inst|gdfx_temp4[6]                                                                  ; out0             ;
; |BaiTap|Datapath:inst|gdfx_temp4[5]                                                                  ; |BaiTap|Datapath:inst|gdfx_temp4[5]                                                                  ; out0             ;
; |BaiTap|Datapath:inst|gdfx_temp4[4]                                                                  ; |BaiTap|Datapath:inst|gdfx_temp4[4]                                                                  ; out0             ;
; |BaiTap|Datapath:inst|gdfx_temp4[3]                                                                  ; |BaiTap|Datapath:inst|gdfx_temp4[3]                                                                  ; out0             ;
; |BaiTap|Datapath:inst|gdfx_temp4[2]                                                                  ; |BaiTap|Datapath:inst|gdfx_temp4[2]                                                                  ; out0             ;
; |BaiTap|Datapath:inst|gdfx_temp4[1]                                                                  ; |BaiTap|Datapath:inst|gdfx_temp4[1]                                                                  ; out0             ;
; |BaiTap|Datapath:inst|gdfx_temp4[0]                                                                  ; |BaiTap|Datapath:inst|gdfx_temp4[0]                                                                  ; out0             ;
; |BaiTap|Datapath:inst|inst19[7]                                                                      ; |BaiTap|Datapath:inst|inst19[7]                                                                      ; out              ;
; |BaiTap|Datapath:inst|inst19[6]                                                                      ; |BaiTap|Datapath:inst|inst19[6]                                                                      ; out              ;
; |BaiTap|Datapath:inst|inst19[5]                                                                      ; |BaiTap|Datapath:inst|inst19[5]                                                                      ; out              ;
; |BaiTap|Datapath:inst|inst19[4]                                                                      ; |BaiTap|Datapath:inst|inst19[4]                                                                      ; out              ;
; |BaiTap|Datapath:inst|inst19[3]                                                                      ; |BaiTap|Datapath:inst|inst19[3]                                                                      ; out              ;
; |BaiTap|Datapath:inst|inst19[2]                                                                      ; |BaiTap|Datapath:inst|inst19[2]                                                                      ; out              ;
; |BaiTap|Datapath:inst|inst19[1]                                                                      ; |BaiTap|Datapath:inst|inst19[1]                                                                      ; out              ;
; |BaiTap|Datapath:inst|inst19[0]                                                                      ; |BaiTap|Datapath:inst|inst19[0]                                                                      ; out              ;
; |BaiTap|Datapath:inst|inst20[7]                                                                      ; |BaiTap|Datapath:inst|inst20[7]                                                                      ; out              ;
; |BaiTap|Datapath:inst|inst20[6]                                                                      ; |BaiTap|Datapath:inst|inst20[6]                                                                      ; out              ;
; |BaiTap|Datapath:inst|inst20[5]                                                                      ; |BaiTap|Datapath:inst|inst20[5]                                                                      ; out              ;
; |BaiTap|Datapath:inst|inst20[4]                                                                      ; |BaiTap|Datapath:inst|inst20[4]                                                                      ; out              ;
; |BaiTap|Datapath:inst|inst20[3]                                                                      ; |BaiTap|Datapath:inst|inst20[3]                                                                      ; out              ;
; |BaiTap|Datapath:inst|inst20[2]                                                                      ; |BaiTap|Datapath:inst|inst20[2]                                                                      ; out              ;
; |BaiTap|Datapath:inst|inst20[1]                                                                      ; |BaiTap|Datapath:inst|inst20[1]                                                                      ; out              ;
; |BaiTap|Datapath:inst|inst20[0]                                                                      ; |BaiTap|Datapath:inst|inst20[0]                                                                      ; out              ;
; |BaiTap|Datapath:inst|gdfx_temp3[7]                                                                  ; |BaiTap|Datapath:inst|gdfx_temp3[7]                                                                  ; out0             ;
; |BaiTap|Datapath:inst|gdfx_temp3[6]                                                                  ; |BaiTap|Datapath:inst|gdfx_temp3[6]                                                                  ; out0             ;
; |BaiTap|Datapath:inst|gdfx_temp3[5]                                                                  ; |BaiTap|Datapath:inst|gdfx_temp3[5]                                                                  ; out0             ;
; |BaiTap|Datapath:inst|gdfx_temp3[4]                                                                  ; |BaiTap|Datapath:inst|gdfx_temp3[4]                                                                  ; out0             ;
; |BaiTap|Datapath:inst|gdfx_temp3[3]                                                                  ; |BaiTap|Datapath:inst|gdfx_temp3[3]                                                                  ; out0             ;
; |BaiTap|Datapath:inst|gdfx_temp3[2]                                                                  ; |BaiTap|Datapath:inst|gdfx_temp3[2]                                                                  ; out0             ;
; |BaiTap|Datapath:inst|gdfx_temp3[1]                                                                  ; |BaiTap|Datapath:inst|gdfx_temp3[1]                                                                  ; out0             ;
; |BaiTap|Datapath:inst|gdfx_temp3[0]                                                                  ; |BaiTap|Datapath:inst|gdfx_temp3[0]                                                                  ; out0             ;
; |BaiTap|Datapath:inst|inst17[7]                                                                      ; |BaiTap|Datapath:inst|inst17[7]                                                                      ; out              ;
; |BaiTap|Datapath:inst|inst17[6]                                                                      ; |BaiTap|Datapath:inst|inst17[6]                                                                      ; out              ;
; |BaiTap|Datapath:inst|inst17[5]                                                                      ; |BaiTap|Datapath:inst|inst17[5]                                                                      ; out              ;
; |BaiTap|Datapath:inst|inst17[4]                                                                      ; |BaiTap|Datapath:inst|inst17[4]                                                                      ; out              ;
; |BaiTap|Datapath:inst|inst17[3]                                                                      ; |BaiTap|Datapath:inst|inst17[3]                                                                      ; out              ;
; |BaiTap|Datapath:inst|inst17[2]                                                                      ; |BaiTap|Datapath:inst|inst17[2]                                                                      ; out              ;
; |BaiTap|Datapath:inst|inst17[1]                                                                      ; |BaiTap|Datapath:inst|inst17[1]                                                                      ; out              ;
; |BaiTap|Datapath:inst|inst17[0]                                                                      ; |BaiTap|Datapath:inst|inst17[0]                                                                      ; out              ;
; |BaiTap|Datapath:inst|inst18[7]                                                                      ; |BaiTap|Datapath:inst|inst18[7]                                                                      ; out              ;
; |BaiTap|Datapath:inst|inst18[6]                                                                      ; |BaiTap|Datapath:inst|inst18[6]                                                                      ; out              ;
; |BaiTap|Datapath:inst|inst18[5]                                                                      ; |BaiTap|Datapath:inst|inst18[5]                                                                      ; out              ;
; |BaiTap|Datapath:inst|inst18[4]                                                                      ; |BaiTap|Datapath:inst|inst18[4]                                                                      ; out              ;
; |BaiTap|Datapath:inst|inst18[3]                                                                      ; |BaiTap|Datapath:inst|inst18[3]                                                                      ; out              ;
; |BaiTap|Datapath:inst|inst18[2]                                                                      ; |BaiTap|Datapath:inst|inst18[2]                                                                      ; out              ;
; |BaiTap|Datapath:inst|inst18[1]                                                                      ; |BaiTap|Datapath:inst|inst18[1]                                                                      ; out              ;
; |BaiTap|Datapath:inst|inst18[0]                                                                      ; |BaiTap|Datapath:inst|inst18[0]                                                                      ; out              ;
; |BaiTap|Datapath:inst|inst21[7]                                                                      ; |BaiTap|Datapath:inst|inst21[7]                                                                      ; out              ;
; |BaiTap|Datapath:inst|inst21[6]                                                                      ; |BaiTap|Datapath:inst|inst21[6]                                                                      ; out              ;
; |BaiTap|Datapath:inst|inst21[5]                                                                      ; |BaiTap|Datapath:inst|inst21[5]                                                                      ; out              ;
; |BaiTap|Datapath:inst|inst21[4]                                                                      ; |BaiTap|Datapath:inst|inst21[4]                                                                      ; out              ;
; |BaiTap|Datapath:inst|inst21[3]                                                                      ; |BaiTap|Datapath:inst|inst21[3]                                                                      ; out              ;
; |BaiTap|Datapath:inst|inst21[2]                                                                      ; |BaiTap|Datapath:inst|inst21[2]                                                                      ; out              ;
; |BaiTap|Datapath:inst|inst21[1]                                                                      ; |BaiTap|Datapath:inst|inst21[1]                                                                      ; out              ;
; |BaiTap|Datapath:inst|inst21[0]                                                                      ; |BaiTap|Datapath:inst|inst21[0]                                                                      ; out              ;
; |BaiTap|Datapath:inst|AU2:inst1|Sum8Bit:inst|Sum:inst6|inst5                                         ; |BaiTap|Datapath:inst|AU2:inst1|Sum8Bit:inst|Sum:inst6|inst5                                         ; out0             ;
; |BaiTap|Datapath:inst|AU2:inst1|Sum8Bit:inst|Sum:inst6|inst3                                         ; |BaiTap|Datapath:inst|AU2:inst1|Sum8Bit:inst|Sum:inst6|inst3                                         ; out0             ;
; |BaiTap|Datapath:inst|AU2:inst1|Sum8Bit:inst|Sum:inst7|inst5                                         ; |BaiTap|Datapath:inst|AU2:inst1|Sum8Bit:inst|Sum:inst7|inst5                                         ; out0             ;
; |BaiTap|Datapath:inst|AU2:inst1|Sum8Bit:inst|Sum:inst7|inst3                                         ; |BaiTap|Datapath:inst|AU2:inst1|Sum8Bit:inst|Sum:inst7|inst3                                         ; out0             ;
; |BaiTap|Datapath:inst|AU2:inst1|Sum8Bit:inst|Sum:inst3|inst5                                         ; |BaiTap|Datapath:inst|AU2:inst1|Sum8Bit:inst|Sum:inst3|inst5                                         ; out0             ;
; |BaiTap|Datapath:inst|AU2:inst1|Sum8Bit:inst|Sum:inst3|inst3                                         ; |BaiTap|Datapath:inst|AU2:inst1|Sum8Bit:inst|Sum:inst3|inst3                                         ; out0             ;
; |BaiTap|Datapath:inst|AU2:inst1|Sum8Bit:inst|Sum:inst5|inst5                                         ; |BaiTap|Datapath:inst|AU2:inst1|Sum8Bit:inst|Sum:inst5|inst5                                         ; out0             ;
; |BaiTap|Datapath:inst|AU2:inst1|Sum8Bit:inst|Sum:inst5|inst3                                         ; |BaiTap|Datapath:inst|AU2:inst1|Sum8Bit:inst|Sum:inst5|inst3                                         ; out0             ;
; |BaiTap|Datapath:inst|AU2:inst1|Sum8Bit:inst|Sum:inst4|inst5                                         ; |BaiTap|Datapath:inst|AU2:inst1|Sum8Bit:inst|Sum:inst4|inst5                                         ; out0             ;
; |BaiTap|Datapath:inst|AU2:inst1|Sum8Bit:inst|Sum:inst4|inst3                                         ; |BaiTap|Datapath:inst|AU2:inst1|Sum8Bit:inst|Sum:inst4|inst3                                         ; out0             ;
; |BaiTap|Datapath:inst|AU2:inst1|Sum8Bit:inst|Sum:inst2|inst5                                         ; |BaiTap|Datapath:inst|AU2:inst1|Sum8Bit:inst|Sum:inst2|inst5                                         ; out0             ;
; |BaiTap|Datapath:inst|AU2:inst1|Sum8Bit:inst|Sum:inst2|inst3                                         ; |BaiTap|Datapath:inst|AU2:inst1|Sum8Bit:inst|Sum:inst2|inst3                                         ; out0             ;
; |BaiTap|Datapath:inst|AU2:inst1|Sum8Bit:inst|Sum:inst1|inst5                                         ; |BaiTap|Datapath:inst|AU2:inst1|Sum8Bit:inst|Sum:inst1|inst5                                         ; out0             ;
; |BaiTap|Datapath:inst|AU2:inst1|Sum8Bit:inst|Sum:inst1|inst3                                         ; |BaiTap|Datapath:inst|AU2:inst1|Sum8Bit:inst|Sum:inst1|inst3                                         ; out0             ;
; |BaiTap|Datapath:inst|AU2:inst1|busmux:inst3|lpm_mux:$00000|mux_smc:auto_generated|result_node[7]~0  ; |BaiTap|Datapath:inst|AU2:inst1|busmux:inst3|lpm_mux:$00000|mux_smc:auto_generated|result_node[7]~0  ; out0             ;
; |BaiTap|Datapath:inst|AU2:inst1|busmux:inst3|lpm_mux:$00000|mux_smc:auto_generated|result_node[7]~1  ; |BaiTap|Datapath:inst|AU2:inst1|busmux:inst3|lpm_mux:$00000|mux_smc:auto_generated|result_node[7]~1  ; out0             ;
; |BaiTap|Datapath:inst|AU2:inst1|busmux:inst3|lpm_mux:$00000|mux_smc:auto_generated|result_node[7]    ; |BaiTap|Datapath:inst|AU2:inst1|busmux:inst3|lpm_mux:$00000|mux_smc:auto_generated|result_node[7]    ; out0             ;
; |BaiTap|Datapath:inst|AU2:inst1|busmux:inst3|lpm_mux:$00000|mux_smc:auto_generated|result_node[6]~2  ; |BaiTap|Datapath:inst|AU2:inst1|busmux:inst3|lpm_mux:$00000|mux_smc:auto_generated|result_node[6]~2  ; out0             ;
; |BaiTap|Datapath:inst|AU2:inst1|busmux:inst3|lpm_mux:$00000|mux_smc:auto_generated|result_node[6]~3  ; |BaiTap|Datapath:inst|AU2:inst1|busmux:inst3|lpm_mux:$00000|mux_smc:auto_generated|result_node[6]~3  ; out0             ;
; |BaiTap|Datapath:inst|AU2:inst1|busmux:inst3|lpm_mux:$00000|mux_smc:auto_generated|result_node[6]    ; |BaiTap|Datapath:inst|AU2:inst1|busmux:inst3|lpm_mux:$00000|mux_smc:auto_generated|result_node[6]    ; out0             ;
; |BaiTap|Datapath:inst|AU2:inst1|busmux:inst3|lpm_mux:$00000|mux_smc:auto_generated|result_node[5]~4  ; |BaiTap|Datapath:inst|AU2:inst1|busmux:inst3|lpm_mux:$00000|mux_smc:auto_generated|result_node[5]~4  ; out0             ;
; |BaiTap|Datapath:inst|AU2:inst1|busmux:inst3|lpm_mux:$00000|mux_smc:auto_generated|result_node[5]~5  ; |BaiTap|Datapath:inst|AU2:inst1|busmux:inst3|lpm_mux:$00000|mux_smc:auto_generated|result_node[5]~5  ; out0             ;
; |BaiTap|Datapath:inst|AU2:inst1|busmux:inst3|lpm_mux:$00000|mux_smc:auto_generated|result_node[5]    ; |BaiTap|Datapath:inst|AU2:inst1|busmux:inst3|lpm_mux:$00000|mux_smc:auto_generated|result_node[5]    ; out0             ;
; |BaiTap|Datapath:inst|AU2:inst1|busmux:inst3|lpm_mux:$00000|mux_smc:auto_generated|result_node[4]~6  ; |BaiTap|Datapath:inst|AU2:inst1|busmux:inst3|lpm_mux:$00000|mux_smc:auto_generated|result_node[4]~6  ; out0             ;
; |BaiTap|Datapath:inst|AU2:inst1|busmux:inst3|lpm_mux:$00000|mux_smc:auto_generated|result_node[4]~7  ; |BaiTap|Datapath:inst|AU2:inst1|busmux:inst3|lpm_mux:$00000|mux_smc:auto_generated|result_node[4]~7  ; out0             ;
; |BaiTap|Datapath:inst|AU2:inst1|busmux:inst3|lpm_mux:$00000|mux_smc:auto_generated|result_node[4]    ; |BaiTap|Datapath:inst|AU2:inst1|busmux:inst3|lpm_mux:$00000|mux_smc:auto_generated|result_node[4]    ; out0             ;
; |BaiTap|Datapath:inst|AU2:inst1|busmux:inst3|lpm_mux:$00000|mux_smc:auto_generated|result_node[3]~8  ; |BaiTap|Datapath:inst|AU2:inst1|busmux:inst3|lpm_mux:$00000|mux_smc:auto_generated|result_node[3]~8  ; out0             ;
; |BaiTap|Datapath:inst|AU2:inst1|busmux:inst3|lpm_mux:$00000|mux_smc:auto_generated|result_node[3]~9  ; |BaiTap|Datapath:inst|AU2:inst1|busmux:inst3|lpm_mux:$00000|mux_smc:auto_generated|result_node[3]~9  ; out0             ;
; |BaiTap|Datapath:inst|AU2:inst1|busmux:inst3|lpm_mux:$00000|mux_smc:auto_generated|result_node[3]    ; |BaiTap|Datapath:inst|AU2:inst1|busmux:inst3|lpm_mux:$00000|mux_smc:auto_generated|result_node[3]    ; out0             ;
; |BaiTap|Datapath:inst|AU2:inst1|busmux:inst3|lpm_mux:$00000|mux_smc:auto_generated|result_node[2]~10 ; |BaiTap|Datapath:inst|AU2:inst1|busmux:inst3|lpm_mux:$00000|mux_smc:auto_generated|result_node[2]~10 ; out0             ;
; |BaiTap|Datapath:inst|AU2:inst1|busmux:inst3|lpm_mux:$00000|mux_smc:auto_generated|result_node[2]~11 ; |BaiTap|Datapath:inst|AU2:inst1|busmux:inst3|lpm_mux:$00000|mux_smc:auto_generated|result_node[2]~11 ; out0             ;
; |BaiTap|Datapath:inst|AU2:inst1|busmux:inst3|lpm_mux:$00000|mux_smc:auto_generated|result_node[2]    ; |BaiTap|Datapath:inst|AU2:inst1|busmux:inst3|lpm_mux:$00000|mux_smc:auto_generated|result_node[2]    ; out0             ;
; |BaiTap|Datapath:inst|AU2:inst1|busmux:inst3|lpm_mux:$00000|mux_smc:auto_generated|result_node[1]~12 ; |BaiTap|Datapath:inst|AU2:inst1|busmux:inst3|lpm_mux:$00000|mux_smc:auto_generated|result_node[1]~12 ; out0             ;
; |BaiTap|Datapath:inst|AU2:inst1|busmux:inst3|lpm_mux:$00000|mux_smc:auto_generated|result_node[1]~13 ; |BaiTap|Datapath:inst|AU2:inst1|busmux:inst3|lpm_mux:$00000|mux_smc:auto_generated|result_node[1]~13 ; out0             ;
; |BaiTap|Datapath:inst|AU2:inst1|busmux:inst3|lpm_mux:$00000|mux_smc:auto_generated|result_node[1]    ; |BaiTap|Datapath:inst|AU2:inst1|busmux:inst3|lpm_mux:$00000|mux_smc:auto_generated|result_node[1]    ; out0             ;
; |BaiTap|Datapath:inst|AU2:inst1|busmux:inst3|lpm_mux:$00000|mux_smc:auto_generated|result_node[0]~14 ; |BaiTap|Datapath:inst|AU2:inst1|busmux:inst3|lpm_mux:$00000|mux_smc:auto_generated|result_node[0]~14 ; out0             ;
; |BaiTap|Datapath:inst|AU2:inst1|busmux:inst3|lpm_mux:$00000|mux_smc:auto_generated|result_node[0]~15 ; |BaiTap|Datapath:inst|AU2:inst1|busmux:inst3|lpm_mux:$00000|mux_smc:auto_generated|result_node[0]~15 ; out0             ;
; |BaiTap|Datapath:inst|AU2:inst1|busmux:inst3|lpm_mux:$00000|mux_smc:auto_generated|result_node[0]    ; |BaiTap|Datapath:inst|AU2:inst1|busmux:inst3|lpm_mux:$00000|mux_smc:auto_generated|result_node[0]    ; out0             ;
; |BaiTap|Datapath:inst|AU2:inst1|busmux:inst2|lpm_mux:$00000|mux_smc:auto_generated|result_node[7]~1  ; |BaiTap|Datapath:inst|AU2:inst1|busmux:inst2|lpm_mux:$00000|mux_smc:auto_generated|result_node[7]~1  ; out0             ;
; |BaiTap|Datapath:inst|AU2:inst1|busmux:inst2|lpm_mux:$00000|mux_smc:auto_generated|result_node[6]~3  ; |BaiTap|Datapath:inst|AU2:inst1|busmux:inst2|lpm_mux:$00000|mux_smc:auto_generated|result_node[6]~3  ; out0             ;
; |BaiTap|Datapath:inst|AU2:inst1|busmux:inst2|lpm_mux:$00000|mux_smc:auto_generated|result_node[5]~5  ; |BaiTap|Datapath:inst|AU2:inst1|busmux:inst2|lpm_mux:$00000|mux_smc:auto_generated|result_node[5]~5  ; out0             ;
; |BaiTap|Datapath:inst|AU2:inst1|busmux:inst2|lpm_mux:$00000|mux_smc:auto_generated|result_node[4]~7  ; |BaiTap|Datapath:inst|AU2:inst1|busmux:inst2|lpm_mux:$00000|mux_smc:auto_generated|result_node[4]~7  ; out0             ;
; |BaiTap|Datapath:inst|AU2:inst1|busmux:inst2|lpm_mux:$00000|mux_smc:auto_generated|result_node[3]~9  ; |BaiTap|Datapath:inst|AU2:inst1|busmux:inst2|lpm_mux:$00000|mux_smc:auto_generated|result_node[3]~9  ; out0             ;
; |BaiTap|Datapath:inst|AU2:inst1|busmux:inst2|lpm_mux:$00000|mux_smc:auto_generated|result_node[2]~11 ; |BaiTap|Datapath:inst|AU2:inst1|busmux:inst2|lpm_mux:$00000|mux_smc:auto_generated|result_node[2]~11 ; out0             ;
; |BaiTap|Datapath:inst|AU2:inst1|busmux:inst2|lpm_mux:$00000|mux_smc:auto_generated|result_node[1]~13 ; |BaiTap|Datapath:inst|AU2:inst1|busmux:inst2|lpm_mux:$00000|mux_smc:auto_generated|result_node[1]~13 ; out0             ;
; |BaiTap|Datapath:inst|AU2:inst1|busmux:inst2|lpm_mux:$00000|mux_smc:auto_generated|result_node[0]~15 ; |BaiTap|Datapath:inst|AU2:inst1|busmux:inst2|lpm_mux:$00000|mux_smc:auto_generated|result_node[0]~15 ; out0             ;
; |BaiTap|Datapath:inst|AU2:inst1|Register4x8:inst4|register:inst1|A[3]                                ; |BaiTap|Datapath:inst|AU2:inst1|Register4x8:inst4|register:inst1|A[3]                                ; out0             ;
; |BaiTap|Datapath:inst|AU2:inst1|Register4x8:inst4|register:inst1|A[2]                                ; |BaiTap|Datapath:inst|AU2:inst1|Register4x8:inst4|register:inst1|A[2]                                ; out0             ;
; |BaiTap|Datapath:inst|AU2:inst1|Register4x8:inst4|register:inst1|A[1]                                ; |BaiTap|Datapath:inst|AU2:inst1|Register4x8:inst4|register:inst1|A[1]                                ; out0             ;
; |BaiTap|Datapath:inst|AU2:inst1|Register4x8:inst4|register:inst1|A[0]                                ; |BaiTap|Datapath:inst|AU2:inst1|Register4x8:inst4|register:inst1|A[0]                                ; out0             ;
; |BaiTap|Datapath:inst|AU2:inst1|Register4x8:inst4|register:inst1|RFC:inst18|inst1                    ; |BaiTap|Datapath:inst|AU2:inst1|Register4x8:inst4|register:inst1|RFC:inst18|inst1                    ; out              ;
; |BaiTap|Datapath:inst|AU2:inst1|Register4x8:inst4|register:inst1|RFC:inst18|inst                     ; |BaiTap|Datapath:inst|AU2:inst1|Register4x8:inst4|register:inst1|RFC:inst18|inst                     ; regout           ;
; |BaiTap|Datapath:inst|AU2:inst1|Register4x8:inst4|register:inst1|RFC:inst18|inst4                    ; |BaiTap|Datapath:inst|AU2:inst1|Register4x8:inst4|register:inst1|RFC:inst18|inst4                    ; out0             ;
; |BaiTap|Datapath:inst|AU2:inst1|Register4x8:inst4|register:inst1|RFC:inst18|inst3                    ; |BaiTap|Datapath:inst|AU2:inst1|Register4x8:inst4|register:inst1|RFC:inst18|inst3                    ; out0             ;
; |BaiTap|Datapath:inst|AU2:inst1|Register4x8:inst4|register:inst1|RFC:inst18|inst2                    ; |BaiTap|Datapath:inst|AU2:inst1|Register4x8:inst4|register:inst1|RFC:inst18|inst2                    ; out0             ;
; |BaiTap|Datapath:inst|AU2:inst1|Register4x8:inst4|register:inst1|RFC:inst14|inst1                    ; |BaiTap|Datapath:inst|AU2:inst1|Register4x8:inst4|register:inst1|RFC:inst14|inst1                    ; out              ;
; |BaiTap|Datapath:inst|AU2:inst1|Register4x8:inst4|register:inst1|RFC:inst14|inst                     ; |BaiTap|Datapath:inst|AU2:inst1|Register4x8:inst4|register:inst1|RFC:inst14|inst                     ; regout           ;
; |BaiTap|Datapath:inst|AU2:inst1|Register4x8:inst4|register:inst1|RFC:inst14|inst4                    ; |BaiTap|Datapath:inst|AU2:inst1|Register4x8:inst4|register:inst1|RFC:inst14|inst4                    ; out0             ;
; |BaiTap|Datapath:inst|AU2:inst1|Register4x8:inst4|register:inst1|RFC:inst14|inst3                    ; |BaiTap|Datapath:inst|AU2:inst1|Register4x8:inst4|register:inst1|RFC:inst14|inst3                    ; out0             ;
; |BaiTap|Datapath:inst|AU2:inst1|Register4x8:inst4|register:inst1|RFC:inst14|inst2                    ; |BaiTap|Datapath:inst|AU2:inst1|Register4x8:inst4|register:inst1|RFC:inst14|inst2                    ; out0             ;
; |BaiTap|Datapath:inst|AU2:inst1|Register4x8:inst4|register:inst1|RFC:inst10|inst1                    ; |BaiTap|Datapath:inst|AU2:inst1|Register4x8:inst4|register:inst1|RFC:inst10|inst1                    ; out              ;
; |BaiTap|Datapath:inst|AU2:inst1|Register4x8:inst4|register:inst1|RFC:inst10|inst                     ; |BaiTap|Datapath:inst|AU2:inst1|Register4x8:inst4|register:inst1|RFC:inst10|inst                     ; regout           ;
; |BaiTap|Datapath:inst|AU2:inst1|Register4x8:inst4|register:inst1|RFC:inst10|inst4                    ; |BaiTap|Datapath:inst|AU2:inst1|Register4x8:inst4|register:inst1|RFC:inst10|inst4                    ; out0             ;
; |BaiTap|Datapath:inst|AU2:inst1|Register4x8:inst4|register:inst1|RFC:inst10|inst3                    ; |BaiTap|Datapath:inst|AU2:inst1|Register4x8:inst4|register:inst1|RFC:inst10|inst3                    ; out0             ;
; |BaiTap|Datapath:inst|AU2:inst1|Register4x8:inst4|register:inst1|RFC:inst10|inst2                    ; |BaiTap|Datapath:inst|AU2:inst1|Register4x8:inst4|register:inst1|RFC:inst10|inst2                    ; out0             ;
; |BaiTap|Datapath:inst|AU2:inst1|Register4x8:inst4|register:inst1|RFC:inst6|inst1                     ; |BaiTap|Datapath:inst|AU2:inst1|Register4x8:inst4|register:inst1|RFC:inst6|inst1                     ; out              ;
; |BaiTap|Datapath:inst|AU2:inst1|Register4x8:inst4|register:inst1|RFC:inst6|inst                      ; |BaiTap|Datapath:inst|AU2:inst1|Register4x8:inst4|register:inst1|RFC:inst6|inst                      ; regout           ;
; |BaiTap|Datapath:inst|AU2:inst1|Register4x8:inst4|register:inst1|RFC:inst6|inst4                     ; |BaiTap|Datapath:inst|AU2:inst1|Register4x8:inst4|register:inst1|RFC:inst6|inst4                     ; out0             ;
; |BaiTap|Datapath:inst|AU2:inst1|Register4x8:inst4|register:inst1|RFC:inst6|inst3                     ; |BaiTap|Datapath:inst|AU2:inst1|Register4x8:inst4|register:inst1|RFC:inst6|inst3                     ; out0             ;
; |BaiTap|Datapath:inst|AU2:inst1|Register4x8:inst4|register:inst1|RFC:inst6|inst2                     ; |BaiTap|Datapath:inst|AU2:inst1|Register4x8:inst4|register:inst1|RFC:inst6|inst2                     ; out0             ;
; |BaiTap|Datapath:inst|AU2:inst1|Register4x8:inst4|register:inst1|RFC:inst17|inst1                    ; |BaiTap|Datapath:inst|AU2:inst1|Register4x8:inst4|register:inst1|RFC:inst17|inst1                    ; out              ;
; |BaiTap|Datapath:inst|AU2:inst1|Register4x8:inst4|register:inst1|RFC:inst17|inst                     ; |BaiTap|Datapath:inst|AU2:inst1|Register4x8:inst4|register:inst1|RFC:inst17|inst                     ; regout           ;
; |BaiTap|Datapath:inst|AU2:inst1|Register4x8:inst4|register:inst1|RFC:inst17|inst4                    ; |BaiTap|Datapath:inst|AU2:inst1|Register4x8:inst4|register:inst1|RFC:inst17|inst4                    ; out0             ;
; |BaiTap|Datapath:inst|AU2:inst1|Register4x8:inst4|register:inst1|RFC:inst17|inst3                    ; |BaiTap|Datapath:inst|AU2:inst1|Register4x8:inst4|register:inst1|RFC:inst17|inst3                    ; out0             ;
; |BaiTap|Datapath:inst|AU2:inst1|Register4x8:inst4|register:inst1|RFC:inst17|inst2                    ; |BaiTap|Datapath:inst|AU2:inst1|Register4x8:inst4|register:inst1|RFC:inst17|inst2                    ; out0             ;
; |BaiTap|Datapath:inst|AU2:inst1|Register4x8:inst4|register:inst1|RFC:inst13|inst1                    ; |BaiTap|Datapath:inst|AU2:inst1|Register4x8:inst4|register:inst1|RFC:inst13|inst1                    ; out              ;
; |BaiTap|Datapath:inst|AU2:inst1|Register4x8:inst4|register:inst1|RFC:inst13|inst                     ; |BaiTap|Datapath:inst|AU2:inst1|Register4x8:inst4|register:inst1|RFC:inst13|inst                     ; regout           ;
; |BaiTap|Datapath:inst|AU2:inst1|Register4x8:inst4|register:inst1|RFC:inst13|inst4                    ; |BaiTap|Datapath:inst|AU2:inst1|Register4x8:inst4|register:inst1|RFC:inst13|inst4                    ; out0             ;
; |BaiTap|Datapath:inst|AU2:inst1|Register4x8:inst4|register:inst1|RFC:inst13|inst3                    ; |BaiTap|Datapath:inst|AU2:inst1|Register4x8:inst4|register:inst1|RFC:inst13|inst3                    ; out0             ;
; |BaiTap|Datapath:inst|AU2:inst1|Register4x8:inst4|register:inst1|RFC:inst13|inst2                    ; |BaiTap|Datapath:inst|AU2:inst1|Register4x8:inst4|register:inst1|RFC:inst13|inst2                    ; out0             ;
; |BaiTap|Datapath:inst|AU2:inst1|Register4x8:inst4|register:inst1|RFC:inst9|inst1                     ; |BaiTap|Datapath:inst|AU2:inst1|Register4x8:inst4|register:inst1|RFC:inst9|inst1                     ; out              ;
; |BaiTap|Datapath:inst|AU2:inst1|Register4x8:inst4|register:inst1|RFC:inst9|inst                      ; |BaiTap|Datapath:inst|AU2:inst1|Register4x8:inst4|register:inst1|RFC:inst9|inst                      ; regout           ;
; |BaiTap|Datapath:inst|AU2:inst1|Register4x8:inst4|register:inst1|RFC:inst9|inst4                     ; |BaiTap|Datapath:inst|AU2:inst1|Register4x8:inst4|register:inst1|RFC:inst9|inst4                     ; out0             ;
; |BaiTap|Datapath:inst|AU2:inst1|Register4x8:inst4|register:inst1|RFC:inst9|inst3                     ; |BaiTap|Datapath:inst|AU2:inst1|Register4x8:inst4|register:inst1|RFC:inst9|inst3                     ; out0             ;
; |BaiTap|Datapath:inst|AU2:inst1|Register4x8:inst4|register:inst1|RFC:inst9|inst2                     ; |BaiTap|Datapath:inst|AU2:inst1|Register4x8:inst4|register:inst1|RFC:inst9|inst2                     ; out0             ;
; |BaiTap|Datapath:inst|AU2:inst1|Register4x8:inst4|register:inst1|RFC:inst5|inst1                     ; |BaiTap|Datapath:inst|AU2:inst1|Register4x8:inst4|register:inst1|RFC:inst5|inst1                     ; out              ;
; |BaiTap|Datapath:inst|AU2:inst1|Register4x8:inst4|register:inst1|RFC:inst5|inst                      ; |BaiTap|Datapath:inst|AU2:inst1|Register4x8:inst4|register:inst1|RFC:inst5|inst                      ; regout           ;
; |BaiTap|Datapath:inst|AU2:inst1|Register4x8:inst4|register:inst1|RFC:inst5|inst4                     ; |BaiTap|Datapath:inst|AU2:inst1|Register4x8:inst4|register:inst1|RFC:inst5|inst4                     ; out0             ;
; |BaiTap|Datapath:inst|AU2:inst1|Register4x8:inst4|register:inst1|RFC:inst5|inst3                     ; |BaiTap|Datapath:inst|AU2:inst1|Register4x8:inst4|register:inst1|RFC:inst5|inst3                     ; out0             ;
; |BaiTap|Datapath:inst|AU2:inst1|Register4x8:inst4|register:inst1|RFC:inst5|inst2                     ; |BaiTap|Datapath:inst|AU2:inst1|Register4x8:inst4|register:inst1|RFC:inst5|inst2                     ; out0             ;
; |BaiTap|Datapath:inst|AU2:inst1|Register4x8:inst4|register:inst1|RFC:inst8|inst1                     ; |BaiTap|Datapath:inst|AU2:inst1|Register4x8:inst4|register:inst1|RFC:inst8|inst1                     ; out              ;
; |BaiTap|Datapath:inst|AU2:inst1|Register4x8:inst4|register:inst1|RFC:inst8|inst                      ; |BaiTap|Datapath:inst|AU2:inst1|Register4x8:inst4|register:inst1|RFC:inst8|inst                      ; regout           ;
; |BaiTap|Datapath:inst|AU2:inst1|Register4x8:inst4|register:inst1|RFC:inst8|inst4                     ; |BaiTap|Datapath:inst|AU2:inst1|Register4x8:inst4|register:inst1|RFC:inst8|inst4                     ; out0             ;
; |BaiTap|Datapath:inst|AU2:inst1|Register4x8:inst4|register:inst1|RFC:inst8|inst3                     ; |BaiTap|Datapath:inst|AU2:inst1|Register4x8:inst4|register:inst1|RFC:inst8|inst3                     ; out0             ;
; |BaiTap|Datapath:inst|AU2:inst1|Register4x8:inst4|register:inst1|RFC:inst8|inst2                     ; |BaiTap|Datapath:inst|AU2:inst1|Register4x8:inst4|register:inst1|RFC:inst8|inst2                     ; out0             ;
; |BaiTap|Datapath:inst|AU2:inst1|Register4x8:inst4|register:inst1|RFC:inst12|inst1                    ; |BaiTap|Datapath:inst|AU2:inst1|Register4x8:inst4|register:inst1|RFC:inst12|inst1                    ; out              ;
; |BaiTap|Datapath:inst|AU2:inst1|Register4x8:inst4|register:inst1|RFC:inst12|inst                     ; |BaiTap|Datapath:inst|AU2:inst1|Register4x8:inst4|register:inst1|RFC:inst12|inst                     ; regout           ;
; |BaiTap|Datapath:inst|AU2:inst1|Register4x8:inst4|register:inst1|RFC:inst12|inst4                    ; |BaiTap|Datapath:inst|AU2:inst1|Register4x8:inst4|register:inst1|RFC:inst12|inst4                    ; out0             ;
; |BaiTap|Datapath:inst|AU2:inst1|Register4x8:inst4|register:inst1|RFC:inst12|inst3                    ; |BaiTap|Datapath:inst|AU2:inst1|Register4x8:inst4|register:inst1|RFC:inst12|inst3                    ; out0             ;
; |BaiTap|Datapath:inst|AU2:inst1|Register4x8:inst4|register:inst1|RFC:inst12|inst2                    ; |BaiTap|Datapath:inst|AU2:inst1|Register4x8:inst4|register:inst1|RFC:inst12|inst2                    ; out0             ;
; |BaiTap|Datapath:inst|AU2:inst1|Register4x8:inst4|register:inst1|RFC:inst16|inst1                    ; |BaiTap|Datapath:inst|AU2:inst1|Register4x8:inst4|register:inst1|RFC:inst16|inst1                    ; out              ;
; |BaiTap|Datapath:inst|AU2:inst1|Register4x8:inst4|register:inst1|RFC:inst16|inst                     ; |BaiTap|Datapath:inst|AU2:inst1|Register4x8:inst4|register:inst1|RFC:inst16|inst                     ; regout           ;
; |BaiTap|Datapath:inst|AU2:inst1|Register4x8:inst4|register:inst1|RFC:inst16|inst4                    ; |BaiTap|Datapath:inst|AU2:inst1|Register4x8:inst4|register:inst1|RFC:inst16|inst4                    ; out0             ;
; |BaiTap|Datapath:inst|AU2:inst1|Register4x8:inst4|register:inst1|RFC:inst16|inst3                    ; |BaiTap|Datapath:inst|AU2:inst1|Register4x8:inst4|register:inst1|RFC:inst16|inst3                    ; out0             ;
; |BaiTap|Datapath:inst|AU2:inst1|Register4x8:inst4|register:inst1|RFC:inst16|inst2                    ; |BaiTap|Datapath:inst|AU2:inst1|Register4x8:inst4|register:inst1|RFC:inst16|inst2                    ; out0             ;
; |BaiTap|Datapath:inst|AU2:inst1|Register4x8:inst4|register:inst1|RFC:inst4|inst1                     ; |BaiTap|Datapath:inst|AU2:inst1|Register4x8:inst4|register:inst1|RFC:inst4|inst1                     ; out              ;
; |BaiTap|Datapath:inst|AU2:inst1|Register4x8:inst4|register:inst1|RFC:inst4|inst                      ; |BaiTap|Datapath:inst|AU2:inst1|Register4x8:inst4|register:inst1|RFC:inst4|inst                      ; regout           ;
; |BaiTap|Datapath:inst|AU2:inst1|Register4x8:inst4|register:inst1|RFC:inst4|inst4                     ; |BaiTap|Datapath:inst|AU2:inst1|Register4x8:inst4|register:inst1|RFC:inst4|inst4                     ; out0             ;
; |BaiTap|Datapath:inst|AU2:inst1|Register4x8:inst4|register:inst1|RFC:inst4|inst3                     ; |BaiTap|Datapath:inst|AU2:inst1|Register4x8:inst4|register:inst1|RFC:inst4|inst3                     ; out0             ;
; |BaiTap|Datapath:inst|AU2:inst1|Register4x8:inst4|register:inst1|RFC:inst4|inst2                     ; |BaiTap|Datapath:inst|AU2:inst1|Register4x8:inst4|register:inst1|RFC:inst4|inst2                     ; out0             ;
; |BaiTap|Datapath:inst|AU2:inst1|Register4x8:inst4|register:inst1|RFC:inst15|inst1                    ; |BaiTap|Datapath:inst|AU2:inst1|Register4x8:inst4|register:inst1|RFC:inst15|inst1                    ; out              ;
; |BaiTap|Datapath:inst|AU2:inst1|Register4x8:inst4|register:inst1|RFC:inst15|inst                     ; |BaiTap|Datapath:inst|AU2:inst1|Register4x8:inst4|register:inst1|RFC:inst15|inst                     ; regout           ;
; |BaiTap|Datapath:inst|AU2:inst1|Register4x8:inst4|register:inst1|RFC:inst15|inst4                    ; |BaiTap|Datapath:inst|AU2:inst1|Register4x8:inst4|register:inst1|RFC:inst15|inst4                    ; out0             ;
; |BaiTap|Datapath:inst|AU2:inst1|Register4x8:inst4|register:inst1|RFC:inst15|inst3                    ; |BaiTap|Datapath:inst|AU2:inst1|Register4x8:inst4|register:inst1|RFC:inst15|inst3                    ; out0             ;
; |BaiTap|Datapath:inst|AU2:inst1|Register4x8:inst4|register:inst1|RFC:inst15|inst2                    ; |BaiTap|Datapath:inst|AU2:inst1|Register4x8:inst4|register:inst1|RFC:inst15|inst2                    ; out0             ;
; |BaiTap|Datapath:inst|AU2:inst1|Register4x8:inst4|register:inst1|RFC:inst11|inst1                    ; |BaiTap|Datapath:inst|AU2:inst1|Register4x8:inst4|register:inst1|RFC:inst11|inst1                    ; out              ;
; |BaiTap|Datapath:inst|AU2:inst1|Register4x8:inst4|register:inst1|RFC:inst11|inst                     ; |BaiTap|Datapath:inst|AU2:inst1|Register4x8:inst4|register:inst1|RFC:inst11|inst                     ; regout           ;
; |BaiTap|Datapath:inst|AU2:inst1|Register4x8:inst4|register:inst1|RFC:inst11|inst4                    ; |BaiTap|Datapath:inst|AU2:inst1|Register4x8:inst4|register:inst1|RFC:inst11|inst4                    ; out0             ;
; |BaiTap|Datapath:inst|AU2:inst1|Register4x8:inst4|register:inst1|RFC:inst11|inst3                    ; |BaiTap|Datapath:inst|AU2:inst1|Register4x8:inst4|register:inst1|RFC:inst11|inst3                    ; out0             ;
; |BaiTap|Datapath:inst|AU2:inst1|Register4x8:inst4|register:inst1|RFC:inst11|inst2                    ; |BaiTap|Datapath:inst|AU2:inst1|Register4x8:inst4|register:inst1|RFC:inst11|inst2                    ; out0             ;
; |BaiTap|Datapath:inst|AU2:inst1|Register4x8:inst4|register:inst1|RFC:inst7|inst1                     ; |BaiTap|Datapath:inst|AU2:inst1|Register4x8:inst4|register:inst1|RFC:inst7|inst1                     ; out              ;
; |BaiTap|Datapath:inst|AU2:inst1|Register4x8:inst4|register:inst1|RFC:inst7|inst                      ; |BaiTap|Datapath:inst|AU2:inst1|Register4x8:inst4|register:inst1|RFC:inst7|inst                      ; regout           ;
; |BaiTap|Datapath:inst|AU2:inst1|Register4x8:inst4|register:inst1|RFC:inst7|inst4                     ; |BaiTap|Datapath:inst|AU2:inst1|Register4x8:inst4|register:inst1|RFC:inst7|inst4                     ; out0             ;
; |BaiTap|Datapath:inst|AU2:inst1|Register4x8:inst4|register:inst1|RFC:inst7|inst3                     ; |BaiTap|Datapath:inst|AU2:inst1|Register4x8:inst4|register:inst1|RFC:inst7|inst3                     ; out0             ;
; |BaiTap|Datapath:inst|AU2:inst1|Register4x8:inst4|register:inst1|RFC:inst7|inst2                     ; |BaiTap|Datapath:inst|AU2:inst1|Register4x8:inst4|register:inst1|RFC:inst7|inst2                     ; out0             ;
; |BaiTap|Datapath:inst|AU2:inst1|Register4x8:inst4|register:inst1|Decoder2_4:inst20|inst              ; |BaiTap|Datapath:inst|AU2:inst1|Register4x8:inst4|register:inst1|Decoder2_4:inst20|inst              ; out0             ;
; |BaiTap|Datapath:inst|AU2:inst1|Register4x8:inst4|register:inst1|Decoder2_4:inst|inst                ; |BaiTap|Datapath:inst|AU2:inst1|Register4x8:inst4|register:inst1|Decoder2_4:inst|inst                ; out0             ;
; |BaiTap|Datapath:inst|AU2:inst1|Register4x8:inst4|register:inst1|RFC:inst3|inst1                     ; |BaiTap|Datapath:inst|AU2:inst1|Register4x8:inst4|register:inst1|RFC:inst3|inst1                     ; out              ;
; |BaiTap|Datapath:inst|AU2:inst1|Register4x8:inst4|register:inst1|RFC:inst3|inst                      ; |BaiTap|Datapath:inst|AU2:inst1|Register4x8:inst4|register:inst1|RFC:inst3|inst                      ; regout           ;
; |BaiTap|Datapath:inst|AU2:inst1|Register4x8:inst4|register:inst1|RFC:inst3|inst4                     ; |BaiTap|Datapath:inst|AU2:inst1|Register4x8:inst4|register:inst1|RFC:inst3|inst4                     ; out0             ;
; |BaiTap|Datapath:inst|AU2:inst1|Register4x8:inst4|register:inst1|RFC:inst3|inst3                     ; |BaiTap|Datapath:inst|AU2:inst1|Register4x8:inst4|register:inst1|RFC:inst3|inst3                     ; out0             ;
; |BaiTap|Datapath:inst|AU2:inst1|Register4x8:inst4|register:inst1|RFC:inst3|inst2                     ; |BaiTap|Datapath:inst|AU2:inst1|Register4x8:inst4|register:inst1|RFC:inst3|inst2                     ; out0             ;
; |BaiTap|Datapath:inst|AU2:inst1|Register4x8:inst4|register:inst|A[3]                                 ; |BaiTap|Datapath:inst|AU2:inst1|Register4x8:inst4|register:inst|A[3]                                 ; out0             ;
; |BaiTap|Datapath:inst|AU2:inst1|Register4x8:inst4|register:inst|A[2]                                 ; |BaiTap|Datapath:inst|AU2:inst1|Register4x8:inst4|register:inst|A[2]                                 ; out0             ;
; |BaiTap|Datapath:inst|AU2:inst1|Register4x8:inst4|register:inst|A[1]                                 ; |BaiTap|Datapath:inst|AU2:inst1|Register4x8:inst4|register:inst|A[1]                                 ; out0             ;
; |BaiTap|Datapath:inst|AU2:inst1|Register4x8:inst4|register:inst|A[0]                                 ; |BaiTap|Datapath:inst|AU2:inst1|Register4x8:inst4|register:inst|A[0]                                 ; out0             ;
; |BaiTap|Datapath:inst|AU2:inst1|Register4x8:inst4|register:inst|RFC:inst18|inst1                     ; |BaiTap|Datapath:inst|AU2:inst1|Register4x8:inst4|register:inst|RFC:inst18|inst1                     ; out              ;
; |BaiTap|Datapath:inst|AU2:inst1|Register4x8:inst4|register:inst|RFC:inst18|inst                      ; |BaiTap|Datapath:inst|AU2:inst1|Register4x8:inst4|register:inst|RFC:inst18|inst                      ; regout           ;
; |BaiTap|Datapath:inst|AU2:inst1|Register4x8:inst4|register:inst|RFC:inst18|inst4                     ; |BaiTap|Datapath:inst|AU2:inst1|Register4x8:inst4|register:inst|RFC:inst18|inst4                     ; out0             ;
; |BaiTap|Datapath:inst|AU2:inst1|Register4x8:inst4|register:inst|RFC:inst18|inst3                     ; |BaiTap|Datapath:inst|AU2:inst1|Register4x8:inst4|register:inst|RFC:inst18|inst3                     ; out0             ;
; |BaiTap|Datapath:inst|AU2:inst1|Register4x8:inst4|register:inst|RFC:inst18|inst2                     ; |BaiTap|Datapath:inst|AU2:inst1|Register4x8:inst4|register:inst|RFC:inst18|inst2                     ; out0             ;
; |BaiTap|Datapath:inst|AU2:inst1|Register4x8:inst4|register:inst|RFC:inst14|inst1                     ; |BaiTap|Datapath:inst|AU2:inst1|Register4x8:inst4|register:inst|RFC:inst14|inst1                     ; out              ;
; |BaiTap|Datapath:inst|AU2:inst1|Register4x8:inst4|register:inst|RFC:inst14|inst                      ; |BaiTap|Datapath:inst|AU2:inst1|Register4x8:inst4|register:inst|RFC:inst14|inst                      ; regout           ;
; |BaiTap|Datapath:inst|AU2:inst1|Register4x8:inst4|register:inst|RFC:inst14|inst4                     ; |BaiTap|Datapath:inst|AU2:inst1|Register4x8:inst4|register:inst|RFC:inst14|inst4                     ; out0             ;
; |BaiTap|Datapath:inst|AU2:inst1|Register4x8:inst4|register:inst|RFC:inst14|inst3                     ; |BaiTap|Datapath:inst|AU2:inst1|Register4x8:inst4|register:inst|RFC:inst14|inst3                     ; out0             ;
; |BaiTap|Datapath:inst|AU2:inst1|Register4x8:inst4|register:inst|RFC:inst14|inst2                     ; |BaiTap|Datapath:inst|AU2:inst1|Register4x8:inst4|register:inst|RFC:inst14|inst2                     ; out0             ;
; |BaiTap|Datapath:inst|AU2:inst1|Register4x8:inst4|register:inst|RFC:inst10|inst1                     ; |BaiTap|Datapath:inst|AU2:inst1|Register4x8:inst4|register:inst|RFC:inst10|inst1                     ; out              ;
; |BaiTap|Datapath:inst|AU2:inst1|Register4x8:inst4|register:inst|RFC:inst10|inst                      ; |BaiTap|Datapath:inst|AU2:inst1|Register4x8:inst4|register:inst|RFC:inst10|inst                      ; regout           ;
; |BaiTap|Datapath:inst|AU2:inst1|Register4x8:inst4|register:inst|RFC:inst10|inst4                     ; |BaiTap|Datapath:inst|AU2:inst1|Register4x8:inst4|register:inst|RFC:inst10|inst4                     ; out0             ;
; |BaiTap|Datapath:inst|AU2:inst1|Register4x8:inst4|register:inst|RFC:inst10|inst3                     ; |BaiTap|Datapath:inst|AU2:inst1|Register4x8:inst4|register:inst|RFC:inst10|inst3                     ; out0             ;
; |BaiTap|Datapath:inst|AU2:inst1|Register4x8:inst4|register:inst|RFC:inst10|inst2                     ; |BaiTap|Datapath:inst|AU2:inst1|Register4x8:inst4|register:inst|RFC:inst10|inst2                     ; out0             ;
; |BaiTap|Datapath:inst|AU2:inst1|Register4x8:inst4|register:inst|RFC:inst6|inst1                      ; |BaiTap|Datapath:inst|AU2:inst1|Register4x8:inst4|register:inst|RFC:inst6|inst1                      ; out              ;
; |BaiTap|Datapath:inst|AU2:inst1|Register4x8:inst4|register:inst|RFC:inst6|inst                       ; |BaiTap|Datapath:inst|AU2:inst1|Register4x8:inst4|register:inst|RFC:inst6|inst                       ; regout           ;
; |BaiTap|Datapath:inst|AU2:inst1|Register4x8:inst4|register:inst|RFC:inst6|inst4                      ; |BaiTap|Datapath:inst|AU2:inst1|Register4x8:inst4|register:inst|RFC:inst6|inst4                      ; out0             ;
; |BaiTap|Datapath:inst|AU2:inst1|Register4x8:inst4|register:inst|RFC:inst6|inst3                      ; |BaiTap|Datapath:inst|AU2:inst1|Register4x8:inst4|register:inst|RFC:inst6|inst3                      ; out0             ;
; |BaiTap|Datapath:inst|AU2:inst1|Register4x8:inst4|register:inst|RFC:inst6|inst2                      ; |BaiTap|Datapath:inst|AU2:inst1|Register4x8:inst4|register:inst|RFC:inst6|inst2                      ; out0             ;
; |BaiTap|Datapath:inst|AU2:inst1|Register4x8:inst4|register:inst|RFC:inst17|inst1                     ; |BaiTap|Datapath:inst|AU2:inst1|Register4x8:inst4|register:inst|RFC:inst17|inst1                     ; out              ;
; |BaiTap|Datapath:inst|AU2:inst1|Register4x8:inst4|register:inst|RFC:inst17|inst                      ; |BaiTap|Datapath:inst|AU2:inst1|Register4x8:inst4|register:inst|RFC:inst17|inst                      ; regout           ;
; |BaiTap|Datapath:inst|AU2:inst1|Register4x8:inst4|register:inst|RFC:inst17|inst4                     ; |BaiTap|Datapath:inst|AU2:inst1|Register4x8:inst4|register:inst|RFC:inst17|inst4                     ; out0             ;
; |BaiTap|Datapath:inst|AU2:inst1|Register4x8:inst4|register:inst|RFC:inst17|inst3                     ; |BaiTap|Datapath:inst|AU2:inst1|Register4x8:inst4|register:inst|RFC:inst17|inst3                     ; out0             ;
; |BaiTap|Datapath:inst|AU2:inst1|Register4x8:inst4|register:inst|RFC:inst17|inst2                     ; |BaiTap|Datapath:inst|AU2:inst1|Register4x8:inst4|register:inst|RFC:inst17|inst2                     ; out0             ;
; |BaiTap|Datapath:inst|AU2:inst1|Register4x8:inst4|register:inst|RFC:inst13|inst1                     ; |BaiTap|Datapath:inst|AU2:inst1|Register4x8:inst4|register:inst|RFC:inst13|inst1                     ; out              ;
; |BaiTap|Datapath:inst|AU2:inst1|Register4x8:inst4|register:inst|RFC:inst13|inst                      ; |BaiTap|Datapath:inst|AU2:inst1|Register4x8:inst4|register:inst|RFC:inst13|inst                      ; regout           ;
; |BaiTap|Datapath:inst|AU2:inst1|Register4x8:inst4|register:inst|RFC:inst13|inst4                     ; |BaiTap|Datapath:inst|AU2:inst1|Register4x8:inst4|register:inst|RFC:inst13|inst4                     ; out0             ;
; |BaiTap|Datapath:inst|AU2:inst1|Register4x8:inst4|register:inst|RFC:inst13|inst3                     ; |BaiTap|Datapath:inst|AU2:inst1|Register4x8:inst4|register:inst|RFC:inst13|inst3                     ; out0             ;
; |BaiTap|Datapath:inst|AU2:inst1|Register4x8:inst4|register:inst|RFC:inst13|inst2                     ; |BaiTap|Datapath:inst|AU2:inst1|Register4x8:inst4|register:inst|RFC:inst13|inst2                     ; out0             ;
; |BaiTap|Datapath:inst|AU2:inst1|Register4x8:inst4|register:inst|RFC:inst9|inst1                      ; |BaiTap|Datapath:inst|AU2:inst1|Register4x8:inst4|register:inst|RFC:inst9|inst1                      ; out              ;
; |BaiTap|Datapath:inst|AU2:inst1|Register4x8:inst4|register:inst|RFC:inst9|inst                       ; |BaiTap|Datapath:inst|AU2:inst1|Register4x8:inst4|register:inst|RFC:inst9|inst                       ; regout           ;
; |BaiTap|Datapath:inst|AU2:inst1|Register4x8:inst4|register:inst|RFC:inst9|inst4                      ; |BaiTap|Datapath:inst|AU2:inst1|Register4x8:inst4|register:inst|RFC:inst9|inst4                      ; out0             ;
; |BaiTap|Datapath:inst|AU2:inst1|Register4x8:inst4|register:inst|RFC:inst9|inst3                      ; |BaiTap|Datapath:inst|AU2:inst1|Register4x8:inst4|register:inst|RFC:inst9|inst3                      ; out0             ;
; |BaiTap|Datapath:inst|AU2:inst1|Register4x8:inst4|register:inst|RFC:inst9|inst2                      ; |BaiTap|Datapath:inst|AU2:inst1|Register4x8:inst4|register:inst|RFC:inst9|inst2                      ; out0             ;
; |BaiTap|Datapath:inst|AU2:inst1|Register4x8:inst4|register:inst|RFC:inst5|inst1                      ; |BaiTap|Datapath:inst|AU2:inst1|Register4x8:inst4|register:inst|RFC:inst5|inst1                      ; out              ;
; |BaiTap|Datapath:inst|AU2:inst1|Register4x8:inst4|register:inst|RFC:inst5|inst                       ; |BaiTap|Datapath:inst|AU2:inst1|Register4x8:inst4|register:inst|RFC:inst5|inst                       ; regout           ;
; |BaiTap|Datapath:inst|AU2:inst1|Register4x8:inst4|register:inst|RFC:inst5|inst4                      ; |BaiTap|Datapath:inst|AU2:inst1|Register4x8:inst4|register:inst|RFC:inst5|inst4                      ; out0             ;
; |BaiTap|Datapath:inst|AU2:inst1|Register4x8:inst4|register:inst|RFC:inst5|inst3                      ; |BaiTap|Datapath:inst|AU2:inst1|Register4x8:inst4|register:inst|RFC:inst5|inst3                      ; out0             ;
; |BaiTap|Datapath:inst|AU2:inst1|Register4x8:inst4|register:inst|RFC:inst5|inst2                      ; |BaiTap|Datapath:inst|AU2:inst1|Register4x8:inst4|register:inst|RFC:inst5|inst2                      ; out0             ;
; |BaiTap|Datapath:inst|AU2:inst1|Register4x8:inst4|register:inst|RFC:inst8|inst1                      ; |BaiTap|Datapath:inst|AU2:inst1|Register4x8:inst4|register:inst|RFC:inst8|inst1                      ; out              ;
; |BaiTap|Datapath:inst|AU2:inst1|Register4x8:inst4|register:inst|RFC:inst8|inst                       ; |BaiTap|Datapath:inst|AU2:inst1|Register4x8:inst4|register:inst|RFC:inst8|inst                       ; regout           ;
; |BaiTap|Datapath:inst|AU2:inst1|Register4x8:inst4|register:inst|RFC:inst8|inst4                      ; |BaiTap|Datapath:inst|AU2:inst1|Register4x8:inst4|register:inst|RFC:inst8|inst4                      ; out0             ;
; |BaiTap|Datapath:inst|AU2:inst1|Register4x8:inst4|register:inst|RFC:inst8|inst3                      ; |BaiTap|Datapath:inst|AU2:inst1|Register4x8:inst4|register:inst|RFC:inst8|inst3                      ; out0             ;
; |BaiTap|Datapath:inst|AU2:inst1|Register4x8:inst4|register:inst|RFC:inst8|inst2                      ; |BaiTap|Datapath:inst|AU2:inst1|Register4x8:inst4|register:inst|RFC:inst8|inst2                      ; out0             ;
; |BaiTap|Datapath:inst|AU2:inst1|Register4x8:inst4|register:inst|RFC:inst12|inst1                     ; |BaiTap|Datapath:inst|AU2:inst1|Register4x8:inst4|register:inst|RFC:inst12|inst1                     ; out              ;
; |BaiTap|Datapath:inst|AU2:inst1|Register4x8:inst4|register:inst|RFC:inst12|inst                      ; |BaiTap|Datapath:inst|AU2:inst1|Register4x8:inst4|register:inst|RFC:inst12|inst                      ; regout           ;
; |BaiTap|Datapath:inst|AU2:inst1|Register4x8:inst4|register:inst|RFC:inst12|inst4                     ; |BaiTap|Datapath:inst|AU2:inst1|Register4x8:inst4|register:inst|RFC:inst12|inst4                     ; out0             ;
; |BaiTap|Datapath:inst|AU2:inst1|Register4x8:inst4|register:inst|RFC:inst12|inst3                     ; |BaiTap|Datapath:inst|AU2:inst1|Register4x8:inst4|register:inst|RFC:inst12|inst3                     ; out0             ;
; |BaiTap|Datapath:inst|AU2:inst1|Register4x8:inst4|register:inst|RFC:inst12|inst2                     ; |BaiTap|Datapath:inst|AU2:inst1|Register4x8:inst4|register:inst|RFC:inst12|inst2                     ; out0             ;
; |BaiTap|Datapath:inst|AU2:inst1|Register4x8:inst4|register:inst|RFC:inst16|inst1                     ; |BaiTap|Datapath:inst|AU2:inst1|Register4x8:inst4|register:inst|RFC:inst16|inst1                     ; out              ;
; |BaiTap|Datapath:inst|AU2:inst1|Register4x8:inst4|register:inst|RFC:inst16|inst                      ; |BaiTap|Datapath:inst|AU2:inst1|Register4x8:inst4|register:inst|RFC:inst16|inst                      ; regout           ;
; |BaiTap|Datapath:inst|AU2:inst1|Register4x8:inst4|register:inst|RFC:inst16|inst4                     ; |BaiTap|Datapath:inst|AU2:inst1|Register4x8:inst4|register:inst|RFC:inst16|inst4                     ; out0             ;
; |BaiTap|Datapath:inst|AU2:inst1|Register4x8:inst4|register:inst|RFC:inst16|inst3                     ; |BaiTap|Datapath:inst|AU2:inst1|Register4x8:inst4|register:inst|RFC:inst16|inst3                     ; out0             ;
; |BaiTap|Datapath:inst|AU2:inst1|Register4x8:inst4|register:inst|RFC:inst16|inst2                     ; |BaiTap|Datapath:inst|AU2:inst1|Register4x8:inst4|register:inst|RFC:inst16|inst2                     ; out0             ;
; |BaiTap|Datapath:inst|AU2:inst1|Register4x8:inst4|register:inst|RFC:inst4|inst1                      ; |BaiTap|Datapath:inst|AU2:inst1|Register4x8:inst4|register:inst|RFC:inst4|inst1                      ; out              ;
; |BaiTap|Datapath:inst|AU2:inst1|Register4x8:inst4|register:inst|RFC:inst4|inst                       ; |BaiTap|Datapath:inst|AU2:inst1|Register4x8:inst4|register:inst|RFC:inst4|inst                       ; regout           ;
; |BaiTap|Datapath:inst|AU2:inst1|Register4x8:inst4|register:inst|RFC:inst4|inst4                      ; |BaiTap|Datapath:inst|AU2:inst1|Register4x8:inst4|register:inst|RFC:inst4|inst4                      ; out0             ;
; |BaiTap|Datapath:inst|AU2:inst1|Register4x8:inst4|register:inst|RFC:inst4|inst3                      ; |BaiTap|Datapath:inst|AU2:inst1|Register4x8:inst4|register:inst|RFC:inst4|inst3                      ; out0             ;
; |BaiTap|Datapath:inst|AU2:inst1|Register4x8:inst4|register:inst|RFC:inst4|inst2                      ; |BaiTap|Datapath:inst|AU2:inst1|Register4x8:inst4|register:inst|RFC:inst4|inst2                      ; out0             ;
; |BaiTap|Datapath:inst|AU2:inst1|Register4x8:inst4|register:inst|RFC:inst15|inst1                     ; |BaiTap|Datapath:inst|AU2:inst1|Register4x8:inst4|register:inst|RFC:inst15|inst1                     ; out              ;
; |BaiTap|Datapath:inst|AU2:inst1|Register4x8:inst4|register:inst|RFC:inst15|inst                      ; |BaiTap|Datapath:inst|AU2:inst1|Register4x8:inst4|register:inst|RFC:inst15|inst                      ; regout           ;
; |BaiTap|Datapath:inst|AU2:inst1|Register4x8:inst4|register:inst|RFC:inst15|inst4                     ; |BaiTap|Datapath:inst|AU2:inst1|Register4x8:inst4|register:inst|RFC:inst15|inst4                     ; out0             ;
; |BaiTap|Datapath:inst|AU2:inst1|Register4x8:inst4|register:inst|RFC:inst15|inst3                     ; |BaiTap|Datapath:inst|AU2:inst1|Register4x8:inst4|register:inst|RFC:inst15|inst3                     ; out0             ;
; |BaiTap|Datapath:inst|AU2:inst1|Register4x8:inst4|register:inst|RFC:inst15|inst2                     ; |BaiTap|Datapath:inst|AU2:inst1|Register4x8:inst4|register:inst|RFC:inst15|inst2                     ; out0             ;
; |BaiTap|Datapath:inst|AU2:inst1|Register4x8:inst4|register:inst|RFC:inst11|inst1                     ; |BaiTap|Datapath:inst|AU2:inst1|Register4x8:inst4|register:inst|RFC:inst11|inst1                     ; out              ;
; |BaiTap|Datapath:inst|AU2:inst1|Register4x8:inst4|register:inst|RFC:inst11|inst                      ; |BaiTap|Datapath:inst|AU2:inst1|Register4x8:inst4|register:inst|RFC:inst11|inst                      ; regout           ;
; |BaiTap|Datapath:inst|AU2:inst1|Register4x8:inst4|register:inst|RFC:inst11|inst4                     ; |BaiTap|Datapath:inst|AU2:inst1|Register4x8:inst4|register:inst|RFC:inst11|inst4                     ; out0             ;
; |BaiTap|Datapath:inst|AU2:inst1|Register4x8:inst4|register:inst|RFC:inst11|inst3                     ; |BaiTap|Datapath:inst|AU2:inst1|Register4x8:inst4|register:inst|RFC:inst11|inst3                     ; out0             ;
; |BaiTap|Datapath:inst|AU2:inst1|Register4x8:inst4|register:inst|RFC:inst11|inst2                     ; |BaiTap|Datapath:inst|AU2:inst1|Register4x8:inst4|register:inst|RFC:inst11|inst2                     ; out0             ;
; |BaiTap|Datapath:inst|AU2:inst1|Register4x8:inst4|register:inst|RFC:inst7|inst1                      ; |BaiTap|Datapath:inst|AU2:inst1|Register4x8:inst4|register:inst|RFC:inst7|inst1                      ; out              ;
; |BaiTap|Datapath:inst|AU2:inst1|Register4x8:inst4|register:inst|RFC:inst7|inst                       ; |BaiTap|Datapath:inst|AU2:inst1|Register4x8:inst4|register:inst|RFC:inst7|inst                       ; regout           ;
; |BaiTap|Datapath:inst|AU2:inst1|Register4x8:inst4|register:inst|RFC:inst7|inst4                      ; |BaiTap|Datapath:inst|AU2:inst1|Register4x8:inst4|register:inst|RFC:inst7|inst4                      ; out0             ;
; |BaiTap|Datapath:inst|AU2:inst1|Register4x8:inst4|register:inst|RFC:inst7|inst3                      ; |BaiTap|Datapath:inst|AU2:inst1|Register4x8:inst4|register:inst|RFC:inst7|inst3                      ; out0             ;
; |BaiTap|Datapath:inst|AU2:inst1|Register4x8:inst4|register:inst|RFC:inst7|inst2                      ; |BaiTap|Datapath:inst|AU2:inst1|Register4x8:inst4|register:inst|RFC:inst7|inst2                      ; out0             ;
; |BaiTap|Datapath:inst|AU2:inst1|Register4x8:inst4|register:inst|Decoder2_4:inst20|inst               ; |BaiTap|Datapath:inst|AU2:inst1|Register4x8:inst4|register:inst|Decoder2_4:inst20|inst               ; out0             ;
; |BaiTap|Datapath:inst|AU2:inst1|Register4x8:inst4|register:inst|Decoder2_4:inst|inst                 ; |BaiTap|Datapath:inst|AU2:inst1|Register4x8:inst4|register:inst|Decoder2_4:inst|inst                 ; out0             ;
; |BaiTap|Datapath:inst|AU2:inst1|Register4x8:inst4|register:inst|RFC:inst3|inst1                      ; |BaiTap|Datapath:inst|AU2:inst1|Register4x8:inst4|register:inst|RFC:inst3|inst1                      ; out              ;
; |BaiTap|Datapath:inst|AU2:inst1|Register4x8:inst4|register:inst|RFC:inst3|inst                       ; |BaiTap|Datapath:inst|AU2:inst1|Register4x8:inst4|register:inst|RFC:inst3|inst                       ; regout           ;
; |BaiTap|Datapath:inst|AU2:inst1|Register4x8:inst4|register:inst|RFC:inst3|inst4                      ; |BaiTap|Datapath:inst|AU2:inst1|Register4x8:inst4|register:inst|RFC:inst3|inst4                      ; out0             ;
; |BaiTap|Datapath:inst|AU2:inst1|Register4x8:inst4|register:inst|RFC:inst3|inst3                      ; |BaiTap|Datapath:inst|AU2:inst1|Register4x8:inst4|register:inst|RFC:inst3|inst3                      ; out0             ;
; |BaiTap|Datapath:inst|AU2:inst1|Register4x8:inst4|register:inst|RFC:inst3|inst2                      ; |BaiTap|Datapath:inst|AU2:inst1|Register4x8:inst4|register:inst|RFC:inst3|inst2                      ; out0             ;
; |BaiTap|Datapath:inst|Register4x8:inst14|register:inst1|A[3]                                         ; |BaiTap|Datapath:inst|Register4x8:inst14|register:inst1|A[3]                                         ; out0             ;
; |BaiTap|Datapath:inst|Register4x8:inst14|register:inst1|A[2]                                         ; |BaiTap|Datapath:inst|Register4x8:inst14|register:inst1|A[2]                                         ; out0             ;
; |BaiTap|Datapath:inst|Register4x8:inst14|register:inst1|A[1]                                         ; |BaiTap|Datapath:inst|Register4x8:inst14|register:inst1|A[1]                                         ; out0             ;
; |BaiTap|Datapath:inst|Register4x8:inst14|register:inst1|A[0]                                         ; |BaiTap|Datapath:inst|Register4x8:inst14|register:inst1|A[0]                                         ; out0             ;
; |BaiTap|Datapath:inst|Register4x8:inst14|register:inst1|RFC:inst18|inst1                             ; |BaiTap|Datapath:inst|Register4x8:inst14|register:inst1|RFC:inst18|inst1                             ; out              ;
; |BaiTap|Datapath:inst|Register4x8:inst14|register:inst1|RFC:inst18|inst                              ; |BaiTap|Datapath:inst|Register4x8:inst14|register:inst1|RFC:inst18|inst                              ; regout           ;
; |BaiTap|Datapath:inst|Register4x8:inst14|register:inst1|RFC:inst18|inst4                             ; |BaiTap|Datapath:inst|Register4x8:inst14|register:inst1|RFC:inst18|inst4                             ; out0             ;
; |BaiTap|Datapath:inst|Register4x8:inst14|register:inst1|RFC:inst18|inst3                             ; |BaiTap|Datapath:inst|Register4x8:inst14|register:inst1|RFC:inst18|inst3                             ; out0             ;
; |BaiTap|Datapath:inst|Register4x8:inst14|register:inst1|RFC:inst18|inst2                             ; |BaiTap|Datapath:inst|Register4x8:inst14|register:inst1|RFC:inst18|inst2                             ; out0             ;
; |BaiTap|Datapath:inst|Register4x8:inst14|register:inst1|RFC:inst14|inst1                             ; |BaiTap|Datapath:inst|Register4x8:inst14|register:inst1|RFC:inst14|inst1                             ; out              ;
; |BaiTap|Datapath:inst|Register4x8:inst14|register:inst1|RFC:inst14|inst                              ; |BaiTap|Datapath:inst|Register4x8:inst14|register:inst1|RFC:inst14|inst                              ; regout           ;
; |BaiTap|Datapath:inst|Register4x8:inst14|register:inst1|RFC:inst14|inst4                             ; |BaiTap|Datapath:inst|Register4x8:inst14|register:inst1|RFC:inst14|inst4                             ; out0             ;
; |BaiTap|Datapath:inst|Register4x8:inst14|register:inst1|RFC:inst14|inst3                             ; |BaiTap|Datapath:inst|Register4x8:inst14|register:inst1|RFC:inst14|inst3                             ; out0             ;
; |BaiTap|Datapath:inst|Register4x8:inst14|register:inst1|RFC:inst14|inst2                             ; |BaiTap|Datapath:inst|Register4x8:inst14|register:inst1|RFC:inst14|inst2                             ; out0             ;
; |BaiTap|Datapath:inst|Register4x8:inst14|register:inst1|RFC:inst10|inst1                             ; |BaiTap|Datapath:inst|Register4x8:inst14|register:inst1|RFC:inst10|inst1                             ; out              ;
; |BaiTap|Datapath:inst|Register4x8:inst14|register:inst1|RFC:inst10|inst                              ; |BaiTap|Datapath:inst|Register4x8:inst14|register:inst1|RFC:inst10|inst                              ; regout           ;
; |BaiTap|Datapath:inst|Register4x8:inst14|register:inst1|RFC:inst10|inst4                             ; |BaiTap|Datapath:inst|Register4x8:inst14|register:inst1|RFC:inst10|inst4                             ; out0             ;
; |BaiTap|Datapath:inst|Register4x8:inst14|register:inst1|RFC:inst10|inst3                             ; |BaiTap|Datapath:inst|Register4x8:inst14|register:inst1|RFC:inst10|inst3                             ; out0             ;
; |BaiTap|Datapath:inst|Register4x8:inst14|register:inst1|RFC:inst10|inst2                             ; |BaiTap|Datapath:inst|Register4x8:inst14|register:inst1|RFC:inst10|inst2                             ; out0             ;
; |BaiTap|Datapath:inst|Register4x8:inst14|register:inst1|RFC:inst6|inst1                              ; |BaiTap|Datapath:inst|Register4x8:inst14|register:inst1|RFC:inst6|inst1                              ; out              ;
; |BaiTap|Datapath:inst|Register4x8:inst14|register:inst1|RFC:inst6|inst                               ; |BaiTap|Datapath:inst|Register4x8:inst14|register:inst1|RFC:inst6|inst                               ; regout           ;
; |BaiTap|Datapath:inst|Register4x8:inst14|register:inst1|RFC:inst6|inst4                              ; |BaiTap|Datapath:inst|Register4x8:inst14|register:inst1|RFC:inst6|inst4                              ; out0             ;
; |BaiTap|Datapath:inst|Register4x8:inst14|register:inst1|RFC:inst6|inst3                              ; |BaiTap|Datapath:inst|Register4x8:inst14|register:inst1|RFC:inst6|inst3                              ; out0             ;
; |BaiTap|Datapath:inst|Register4x8:inst14|register:inst1|RFC:inst6|inst2                              ; |BaiTap|Datapath:inst|Register4x8:inst14|register:inst1|RFC:inst6|inst2                              ; out0             ;
; |BaiTap|Datapath:inst|Register4x8:inst14|register:inst1|RFC:inst17|inst1                             ; |BaiTap|Datapath:inst|Register4x8:inst14|register:inst1|RFC:inst17|inst1                             ; out              ;
; |BaiTap|Datapath:inst|Register4x8:inst14|register:inst1|RFC:inst17|inst                              ; |BaiTap|Datapath:inst|Register4x8:inst14|register:inst1|RFC:inst17|inst                              ; regout           ;
; |BaiTap|Datapath:inst|Register4x8:inst14|register:inst1|RFC:inst17|inst4                             ; |BaiTap|Datapath:inst|Register4x8:inst14|register:inst1|RFC:inst17|inst4                             ; out0             ;
; |BaiTap|Datapath:inst|Register4x8:inst14|register:inst1|RFC:inst17|inst3                             ; |BaiTap|Datapath:inst|Register4x8:inst14|register:inst1|RFC:inst17|inst3                             ; out0             ;
; |BaiTap|Datapath:inst|Register4x8:inst14|register:inst1|RFC:inst17|inst2                             ; |BaiTap|Datapath:inst|Register4x8:inst14|register:inst1|RFC:inst17|inst2                             ; out0             ;
; |BaiTap|Datapath:inst|Register4x8:inst14|register:inst1|RFC:inst13|inst1                             ; |BaiTap|Datapath:inst|Register4x8:inst14|register:inst1|RFC:inst13|inst1                             ; out              ;
; |BaiTap|Datapath:inst|Register4x8:inst14|register:inst1|RFC:inst13|inst                              ; |BaiTap|Datapath:inst|Register4x8:inst14|register:inst1|RFC:inst13|inst                              ; regout           ;
; |BaiTap|Datapath:inst|Register4x8:inst14|register:inst1|RFC:inst13|inst4                             ; |BaiTap|Datapath:inst|Register4x8:inst14|register:inst1|RFC:inst13|inst4                             ; out0             ;
; |BaiTap|Datapath:inst|Register4x8:inst14|register:inst1|RFC:inst13|inst3                             ; |BaiTap|Datapath:inst|Register4x8:inst14|register:inst1|RFC:inst13|inst3                             ; out0             ;
; |BaiTap|Datapath:inst|Register4x8:inst14|register:inst1|RFC:inst13|inst2                             ; |BaiTap|Datapath:inst|Register4x8:inst14|register:inst1|RFC:inst13|inst2                             ; out0             ;
; |BaiTap|Datapath:inst|Register4x8:inst14|register:inst1|RFC:inst9|inst1                              ; |BaiTap|Datapath:inst|Register4x8:inst14|register:inst1|RFC:inst9|inst1                              ; out              ;
; |BaiTap|Datapath:inst|Register4x8:inst14|register:inst1|RFC:inst9|inst                               ; |BaiTap|Datapath:inst|Register4x8:inst14|register:inst1|RFC:inst9|inst                               ; regout           ;
; |BaiTap|Datapath:inst|Register4x8:inst14|register:inst1|RFC:inst9|inst4                              ; |BaiTap|Datapath:inst|Register4x8:inst14|register:inst1|RFC:inst9|inst4                              ; out0             ;
; |BaiTap|Datapath:inst|Register4x8:inst14|register:inst1|RFC:inst9|inst3                              ; |BaiTap|Datapath:inst|Register4x8:inst14|register:inst1|RFC:inst9|inst3                              ; out0             ;
; |BaiTap|Datapath:inst|Register4x8:inst14|register:inst1|RFC:inst9|inst2                              ; |BaiTap|Datapath:inst|Register4x8:inst14|register:inst1|RFC:inst9|inst2                              ; out0             ;
; |BaiTap|Datapath:inst|Register4x8:inst14|register:inst1|RFC:inst5|inst1                              ; |BaiTap|Datapath:inst|Register4x8:inst14|register:inst1|RFC:inst5|inst1                              ; out              ;
; |BaiTap|Datapath:inst|Register4x8:inst14|register:inst1|RFC:inst5|inst                               ; |BaiTap|Datapath:inst|Register4x8:inst14|register:inst1|RFC:inst5|inst                               ; regout           ;
; |BaiTap|Datapath:inst|Register4x8:inst14|register:inst1|RFC:inst5|inst4                              ; |BaiTap|Datapath:inst|Register4x8:inst14|register:inst1|RFC:inst5|inst4                              ; out0             ;
; |BaiTap|Datapath:inst|Register4x8:inst14|register:inst1|RFC:inst5|inst3                              ; |BaiTap|Datapath:inst|Register4x8:inst14|register:inst1|RFC:inst5|inst3                              ; out0             ;
; |BaiTap|Datapath:inst|Register4x8:inst14|register:inst1|RFC:inst5|inst2                              ; |BaiTap|Datapath:inst|Register4x8:inst14|register:inst1|RFC:inst5|inst2                              ; out0             ;
; |BaiTap|Datapath:inst|Register4x8:inst14|register:inst1|RFC:inst8|inst1                              ; |BaiTap|Datapath:inst|Register4x8:inst14|register:inst1|RFC:inst8|inst1                              ; out              ;
; |BaiTap|Datapath:inst|Register4x8:inst14|register:inst1|RFC:inst8|inst                               ; |BaiTap|Datapath:inst|Register4x8:inst14|register:inst1|RFC:inst8|inst                               ; regout           ;
; |BaiTap|Datapath:inst|Register4x8:inst14|register:inst1|RFC:inst8|inst4                              ; |BaiTap|Datapath:inst|Register4x8:inst14|register:inst1|RFC:inst8|inst4                              ; out0             ;
; |BaiTap|Datapath:inst|Register4x8:inst14|register:inst1|RFC:inst8|inst3                              ; |BaiTap|Datapath:inst|Register4x8:inst14|register:inst1|RFC:inst8|inst3                              ; out0             ;
; |BaiTap|Datapath:inst|Register4x8:inst14|register:inst1|RFC:inst8|inst2                              ; |BaiTap|Datapath:inst|Register4x8:inst14|register:inst1|RFC:inst8|inst2                              ; out0             ;
; |BaiTap|Datapath:inst|Register4x8:inst14|register:inst1|RFC:inst12|inst1                             ; |BaiTap|Datapath:inst|Register4x8:inst14|register:inst1|RFC:inst12|inst1                             ; out              ;
; |BaiTap|Datapath:inst|Register4x8:inst14|register:inst1|RFC:inst12|inst                              ; |BaiTap|Datapath:inst|Register4x8:inst14|register:inst1|RFC:inst12|inst                              ; regout           ;
; |BaiTap|Datapath:inst|Register4x8:inst14|register:inst1|RFC:inst12|inst4                             ; |BaiTap|Datapath:inst|Register4x8:inst14|register:inst1|RFC:inst12|inst4                             ; out0             ;
; |BaiTap|Datapath:inst|Register4x8:inst14|register:inst1|RFC:inst12|inst3                             ; |BaiTap|Datapath:inst|Register4x8:inst14|register:inst1|RFC:inst12|inst3                             ; out0             ;
; |BaiTap|Datapath:inst|Register4x8:inst14|register:inst1|RFC:inst12|inst2                             ; |BaiTap|Datapath:inst|Register4x8:inst14|register:inst1|RFC:inst12|inst2                             ; out0             ;
; |BaiTap|Datapath:inst|Register4x8:inst14|register:inst1|RFC:inst16|inst1                             ; |BaiTap|Datapath:inst|Register4x8:inst14|register:inst1|RFC:inst16|inst1                             ; out              ;
; |BaiTap|Datapath:inst|Register4x8:inst14|register:inst1|RFC:inst16|inst                              ; |BaiTap|Datapath:inst|Register4x8:inst14|register:inst1|RFC:inst16|inst                              ; regout           ;
; |BaiTap|Datapath:inst|Register4x8:inst14|register:inst1|RFC:inst16|inst4                             ; |BaiTap|Datapath:inst|Register4x8:inst14|register:inst1|RFC:inst16|inst4                             ; out0             ;
; |BaiTap|Datapath:inst|Register4x8:inst14|register:inst1|RFC:inst16|inst3                             ; |BaiTap|Datapath:inst|Register4x8:inst14|register:inst1|RFC:inst16|inst3                             ; out0             ;
; |BaiTap|Datapath:inst|Register4x8:inst14|register:inst1|RFC:inst16|inst2                             ; |BaiTap|Datapath:inst|Register4x8:inst14|register:inst1|RFC:inst16|inst2                             ; out0             ;
; |BaiTap|Datapath:inst|Register4x8:inst14|register:inst1|RFC:inst4|inst1                              ; |BaiTap|Datapath:inst|Register4x8:inst14|register:inst1|RFC:inst4|inst1                              ; out              ;
; |BaiTap|Datapath:inst|Register4x8:inst14|register:inst1|RFC:inst4|inst                               ; |BaiTap|Datapath:inst|Register4x8:inst14|register:inst1|RFC:inst4|inst                               ; regout           ;
; |BaiTap|Datapath:inst|Register4x8:inst14|register:inst1|RFC:inst4|inst4                              ; |BaiTap|Datapath:inst|Register4x8:inst14|register:inst1|RFC:inst4|inst4                              ; out0             ;
; |BaiTap|Datapath:inst|Register4x8:inst14|register:inst1|RFC:inst4|inst3                              ; |BaiTap|Datapath:inst|Register4x8:inst14|register:inst1|RFC:inst4|inst3                              ; out0             ;
; |BaiTap|Datapath:inst|Register4x8:inst14|register:inst1|RFC:inst4|inst2                              ; |BaiTap|Datapath:inst|Register4x8:inst14|register:inst1|RFC:inst4|inst2                              ; out0             ;
; |BaiTap|Datapath:inst|Register4x8:inst14|register:inst1|RFC:inst15|inst1                             ; |BaiTap|Datapath:inst|Register4x8:inst14|register:inst1|RFC:inst15|inst1                             ; out              ;
; |BaiTap|Datapath:inst|Register4x8:inst14|register:inst1|RFC:inst15|inst                              ; |BaiTap|Datapath:inst|Register4x8:inst14|register:inst1|RFC:inst15|inst                              ; regout           ;
; |BaiTap|Datapath:inst|Register4x8:inst14|register:inst1|RFC:inst15|inst4                             ; |BaiTap|Datapath:inst|Register4x8:inst14|register:inst1|RFC:inst15|inst4                             ; out0             ;
; |BaiTap|Datapath:inst|Register4x8:inst14|register:inst1|RFC:inst15|inst3                             ; |BaiTap|Datapath:inst|Register4x8:inst14|register:inst1|RFC:inst15|inst3                             ; out0             ;
; |BaiTap|Datapath:inst|Register4x8:inst14|register:inst1|RFC:inst15|inst2                             ; |BaiTap|Datapath:inst|Register4x8:inst14|register:inst1|RFC:inst15|inst2                             ; out0             ;
; |BaiTap|Datapath:inst|Register4x8:inst14|register:inst1|RFC:inst11|inst1                             ; |BaiTap|Datapath:inst|Register4x8:inst14|register:inst1|RFC:inst11|inst1                             ; out              ;
; |BaiTap|Datapath:inst|Register4x8:inst14|register:inst1|RFC:inst11|inst                              ; |BaiTap|Datapath:inst|Register4x8:inst14|register:inst1|RFC:inst11|inst                              ; regout           ;
; |BaiTap|Datapath:inst|Register4x8:inst14|register:inst1|RFC:inst11|inst4                             ; |BaiTap|Datapath:inst|Register4x8:inst14|register:inst1|RFC:inst11|inst4                             ; out0             ;
; |BaiTap|Datapath:inst|Register4x8:inst14|register:inst1|RFC:inst11|inst3                             ; |BaiTap|Datapath:inst|Register4x8:inst14|register:inst1|RFC:inst11|inst3                             ; out0             ;
; |BaiTap|Datapath:inst|Register4x8:inst14|register:inst1|RFC:inst11|inst2                             ; |BaiTap|Datapath:inst|Register4x8:inst14|register:inst1|RFC:inst11|inst2                             ; out0             ;
; |BaiTap|Datapath:inst|Register4x8:inst14|register:inst1|RFC:inst7|inst1                              ; |BaiTap|Datapath:inst|Register4x8:inst14|register:inst1|RFC:inst7|inst1                              ; out              ;
; |BaiTap|Datapath:inst|Register4x8:inst14|register:inst1|RFC:inst7|inst                               ; |BaiTap|Datapath:inst|Register4x8:inst14|register:inst1|RFC:inst7|inst                               ; regout           ;
; |BaiTap|Datapath:inst|Register4x8:inst14|register:inst1|RFC:inst7|inst4                              ; |BaiTap|Datapath:inst|Register4x8:inst14|register:inst1|RFC:inst7|inst4                              ; out0             ;
; |BaiTap|Datapath:inst|Register4x8:inst14|register:inst1|RFC:inst7|inst3                              ; |BaiTap|Datapath:inst|Register4x8:inst14|register:inst1|RFC:inst7|inst3                              ; out0             ;
; |BaiTap|Datapath:inst|Register4x8:inst14|register:inst1|RFC:inst7|inst2                              ; |BaiTap|Datapath:inst|Register4x8:inst14|register:inst1|RFC:inst7|inst2                              ; out0             ;
; |BaiTap|Datapath:inst|Register4x8:inst14|register:inst1|RFC:inst3|inst1                              ; |BaiTap|Datapath:inst|Register4x8:inst14|register:inst1|RFC:inst3|inst1                              ; out              ;
; |BaiTap|Datapath:inst|Register4x8:inst14|register:inst1|RFC:inst3|inst                               ; |BaiTap|Datapath:inst|Register4x8:inst14|register:inst1|RFC:inst3|inst                               ; regout           ;
; |BaiTap|Datapath:inst|Register4x8:inst14|register:inst1|RFC:inst3|inst4                              ; |BaiTap|Datapath:inst|Register4x8:inst14|register:inst1|RFC:inst3|inst4                              ; out0             ;
; |BaiTap|Datapath:inst|Register4x8:inst14|register:inst1|RFC:inst3|inst3                              ; |BaiTap|Datapath:inst|Register4x8:inst14|register:inst1|RFC:inst3|inst3                              ; out0             ;
; |BaiTap|Datapath:inst|Register4x8:inst14|register:inst1|RFC:inst3|inst2                              ; |BaiTap|Datapath:inst|Register4x8:inst14|register:inst1|RFC:inst3|inst2                              ; out0             ;
; |BaiTap|Datapath:inst|Register4x8:inst14|register:inst|A[3]                                          ; |BaiTap|Datapath:inst|Register4x8:inst14|register:inst|A[3]                                          ; out0             ;
; |BaiTap|Datapath:inst|Register4x8:inst14|register:inst|A[2]                                          ; |BaiTap|Datapath:inst|Register4x8:inst14|register:inst|A[2]                                          ; out0             ;
; |BaiTap|Datapath:inst|Register4x8:inst14|register:inst|A[1]                                          ; |BaiTap|Datapath:inst|Register4x8:inst14|register:inst|A[1]                                          ; out0             ;
; |BaiTap|Datapath:inst|Register4x8:inst14|register:inst|A[0]                                          ; |BaiTap|Datapath:inst|Register4x8:inst14|register:inst|A[0]                                          ; out0             ;
; |BaiTap|Datapath:inst|Register4x8:inst14|register:inst|RFC:inst18|inst1                              ; |BaiTap|Datapath:inst|Register4x8:inst14|register:inst|RFC:inst18|inst1                              ; out              ;
; |BaiTap|Datapath:inst|Register4x8:inst14|register:inst|RFC:inst18|inst                               ; |BaiTap|Datapath:inst|Register4x8:inst14|register:inst|RFC:inst18|inst                               ; regout           ;
; |BaiTap|Datapath:inst|Register4x8:inst14|register:inst|RFC:inst18|inst4                              ; |BaiTap|Datapath:inst|Register4x8:inst14|register:inst|RFC:inst18|inst4                              ; out0             ;
; |BaiTap|Datapath:inst|Register4x8:inst14|register:inst|RFC:inst18|inst3                              ; |BaiTap|Datapath:inst|Register4x8:inst14|register:inst|RFC:inst18|inst3                              ; out0             ;
; |BaiTap|Datapath:inst|Register4x8:inst14|register:inst|RFC:inst18|inst2                              ; |BaiTap|Datapath:inst|Register4x8:inst14|register:inst|RFC:inst18|inst2                              ; out0             ;
; |BaiTap|Datapath:inst|Register4x8:inst14|register:inst|RFC:inst14|inst1                              ; |BaiTap|Datapath:inst|Register4x8:inst14|register:inst|RFC:inst14|inst1                              ; out              ;
; |BaiTap|Datapath:inst|Register4x8:inst14|register:inst|RFC:inst14|inst                               ; |BaiTap|Datapath:inst|Register4x8:inst14|register:inst|RFC:inst14|inst                               ; regout           ;
; |BaiTap|Datapath:inst|Register4x8:inst14|register:inst|RFC:inst14|inst4                              ; |BaiTap|Datapath:inst|Register4x8:inst14|register:inst|RFC:inst14|inst4                              ; out0             ;
; |BaiTap|Datapath:inst|Register4x8:inst14|register:inst|RFC:inst14|inst3                              ; |BaiTap|Datapath:inst|Register4x8:inst14|register:inst|RFC:inst14|inst3                              ; out0             ;
; |BaiTap|Datapath:inst|Register4x8:inst14|register:inst|RFC:inst14|inst2                              ; |BaiTap|Datapath:inst|Register4x8:inst14|register:inst|RFC:inst14|inst2                              ; out0             ;
; |BaiTap|Datapath:inst|Register4x8:inst14|register:inst|RFC:inst10|inst1                              ; |BaiTap|Datapath:inst|Register4x8:inst14|register:inst|RFC:inst10|inst1                              ; out              ;
; |BaiTap|Datapath:inst|Register4x8:inst14|register:inst|RFC:inst10|inst                               ; |BaiTap|Datapath:inst|Register4x8:inst14|register:inst|RFC:inst10|inst                               ; regout           ;
; |BaiTap|Datapath:inst|Register4x8:inst14|register:inst|RFC:inst10|inst4                              ; |BaiTap|Datapath:inst|Register4x8:inst14|register:inst|RFC:inst10|inst4                              ; out0             ;
; |BaiTap|Datapath:inst|Register4x8:inst14|register:inst|RFC:inst10|inst3                              ; |BaiTap|Datapath:inst|Register4x8:inst14|register:inst|RFC:inst10|inst3                              ; out0             ;
; |BaiTap|Datapath:inst|Register4x8:inst14|register:inst|RFC:inst10|inst2                              ; |BaiTap|Datapath:inst|Register4x8:inst14|register:inst|RFC:inst10|inst2                              ; out0             ;
; |BaiTap|Datapath:inst|Register4x8:inst14|register:inst|RFC:inst6|inst1                               ; |BaiTap|Datapath:inst|Register4x8:inst14|register:inst|RFC:inst6|inst1                               ; out              ;
; |BaiTap|Datapath:inst|Register4x8:inst14|register:inst|RFC:inst6|inst                                ; |BaiTap|Datapath:inst|Register4x8:inst14|register:inst|RFC:inst6|inst                                ; regout           ;
; |BaiTap|Datapath:inst|Register4x8:inst14|register:inst|RFC:inst6|inst4                               ; |BaiTap|Datapath:inst|Register4x8:inst14|register:inst|RFC:inst6|inst4                               ; out0             ;
; |BaiTap|Datapath:inst|Register4x8:inst14|register:inst|RFC:inst6|inst3                               ; |BaiTap|Datapath:inst|Register4x8:inst14|register:inst|RFC:inst6|inst3                               ; out0             ;
; |BaiTap|Datapath:inst|Register4x8:inst14|register:inst|RFC:inst6|inst2                               ; |BaiTap|Datapath:inst|Register4x8:inst14|register:inst|RFC:inst6|inst2                               ; out0             ;
; |BaiTap|Datapath:inst|Register4x8:inst14|register:inst|RFC:inst17|inst1                              ; |BaiTap|Datapath:inst|Register4x8:inst14|register:inst|RFC:inst17|inst1                              ; out              ;
; |BaiTap|Datapath:inst|Register4x8:inst14|register:inst|RFC:inst17|inst                               ; |BaiTap|Datapath:inst|Register4x8:inst14|register:inst|RFC:inst17|inst                               ; regout           ;
; |BaiTap|Datapath:inst|Register4x8:inst14|register:inst|RFC:inst17|inst4                              ; |BaiTap|Datapath:inst|Register4x8:inst14|register:inst|RFC:inst17|inst4                              ; out0             ;
; |BaiTap|Datapath:inst|Register4x8:inst14|register:inst|RFC:inst17|inst3                              ; |BaiTap|Datapath:inst|Register4x8:inst14|register:inst|RFC:inst17|inst3                              ; out0             ;
; |BaiTap|Datapath:inst|Register4x8:inst14|register:inst|RFC:inst17|inst2                              ; |BaiTap|Datapath:inst|Register4x8:inst14|register:inst|RFC:inst17|inst2                              ; out0             ;
; |BaiTap|Datapath:inst|Register4x8:inst14|register:inst|RFC:inst13|inst1                              ; |BaiTap|Datapath:inst|Register4x8:inst14|register:inst|RFC:inst13|inst1                              ; out              ;
; |BaiTap|Datapath:inst|Register4x8:inst14|register:inst|RFC:inst13|inst                               ; |BaiTap|Datapath:inst|Register4x8:inst14|register:inst|RFC:inst13|inst                               ; regout           ;
; |BaiTap|Datapath:inst|Register4x8:inst14|register:inst|RFC:inst13|inst4                              ; |BaiTap|Datapath:inst|Register4x8:inst14|register:inst|RFC:inst13|inst4                              ; out0             ;
; |BaiTap|Datapath:inst|Register4x8:inst14|register:inst|RFC:inst13|inst3                              ; |BaiTap|Datapath:inst|Register4x8:inst14|register:inst|RFC:inst13|inst3                              ; out0             ;
; |BaiTap|Datapath:inst|Register4x8:inst14|register:inst|RFC:inst13|inst2                              ; |BaiTap|Datapath:inst|Register4x8:inst14|register:inst|RFC:inst13|inst2                              ; out0             ;
; |BaiTap|Datapath:inst|Register4x8:inst14|register:inst|RFC:inst9|inst1                               ; |BaiTap|Datapath:inst|Register4x8:inst14|register:inst|RFC:inst9|inst1                               ; out              ;
; |BaiTap|Datapath:inst|Register4x8:inst14|register:inst|RFC:inst9|inst                                ; |BaiTap|Datapath:inst|Register4x8:inst14|register:inst|RFC:inst9|inst                                ; regout           ;
; |BaiTap|Datapath:inst|Register4x8:inst14|register:inst|RFC:inst9|inst4                               ; |BaiTap|Datapath:inst|Register4x8:inst14|register:inst|RFC:inst9|inst4                               ; out0             ;
; |BaiTap|Datapath:inst|Register4x8:inst14|register:inst|RFC:inst9|inst3                               ; |BaiTap|Datapath:inst|Register4x8:inst14|register:inst|RFC:inst9|inst3                               ; out0             ;
; |BaiTap|Datapath:inst|Register4x8:inst14|register:inst|RFC:inst9|inst2                               ; |BaiTap|Datapath:inst|Register4x8:inst14|register:inst|RFC:inst9|inst2                               ; out0             ;
; |BaiTap|Datapath:inst|Register4x8:inst14|register:inst|RFC:inst5|inst1                               ; |BaiTap|Datapath:inst|Register4x8:inst14|register:inst|RFC:inst5|inst1                               ; out              ;
; |BaiTap|Datapath:inst|Register4x8:inst14|register:inst|RFC:inst5|inst                                ; |BaiTap|Datapath:inst|Register4x8:inst14|register:inst|RFC:inst5|inst                                ; regout           ;
; |BaiTap|Datapath:inst|Register4x8:inst14|register:inst|RFC:inst5|inst4                               ; |BaiTap|Datapath:inst|Register4x8:inst14|register:inst|RFC:inst5|inst4                               ; out0             ;
; |BaiTap|Datapath:inst|Register4x8:inst14|register:inst|RFC:inst5|inst3                               ; |BaiTap|Datapath:inst|Register4x8:inst14|register:inst|RFC:inst5|inst3                               ; out0             ;
; |BaiTap|Datapath:inst|Register4x8:inst14|register:inst|RFC:inst5|inst2                               ; |BaiTap|Datapath:inst|Register4x8:inst14|register:inst|RFC:inst5|inst2                               ; out0             ;
; |BaiTap|Datapath:inst|Register4x8:inst14|register:inst|RFC:inst8|inst1                               ; |BaiTap|Datapath:inst|Register4x8:inst14|register:inst|RFC:inst8|inst1                               ; out              ;
; |BaiTap|Datapath:inst|Register4x8:inst14|register:inst|RFC:inst8|inst                                ; |BaiTap|Datapath:inst|Register4x8:inst14|register:inst|RFC:inst8|inst                                ; regout           ;
; |BaiTap|Datapath:inst|Register4x8:inst14|register:inst|RFC:inst8|inst4                               ; |BaiTap|Datapath:inst|Register4x8:inst14|register:inst|RFC:inst8|inst4                               ; out0             ;
; |BaiTap|Datapath:inst|Register4x8:inst14|register:inst|RFC:inst8|inst3                               ; |BaiTap|Datapath:inst|Register4x8:inst14|register:inst|RFC:inst8|inst3                               ; out0             ;
; |BaiTap|Datapath:inst|Register4x8:inst14|register:inst|RFC:inst8|inst2                               ; |BaiTap|Datapath:inst|Register4x8:inst14|register:inst|RFC:inst8|inst2                               ; out0             ;
; |BaiTap|Datapath:inst|Register4x8:inst14|register:inst|RFC:inst12|inst1                              ; |BaiTap|Datapath:inst|Register4x8:inst14|register:inst|RFC:inst12|inst1                              ; out              ;
; |BaiTap|Datapath:inst|Register4x8:inst14|register:inst|RFC:inst12|inst                               ; |BaiTap|Datapath:inst|Register4x8:inst14|register:inst|RFC:inst12|inst                               ; regout           ;
; |BaiTap|Datapath:inst|Register4x8:inst14|register:inst|RFC:inst12|inst4                              ; |BaiTap|Datapath:inst|Register4x8:inst14|register:inst|RFC:inst12|inst4                              ; out0             ;
; |BaiTap|Datapath:inst|Register4x8:inst14|register:inst|RFC:inst12|inst3                              ; |BaiTap|Datapath:inst|Register4x8:inst14|register:inst|RFC:inst12|inst3                              ; out0             ;
; |BaiTap|Datapath:inst|Register4x8:inst14|register:inst|RFC:inst12|inst2                              ; |BaiTap|Datapath:inst|Register4x8:inst14|register:inst|RFC:inst12|inst2                              ; out0             ;
; |BaiTap|Datapath:inst|Register4x8:inst14|register:inst|RFC:inst16|inst1                              ; |BaiTap|Datapath:inst|Register4x8:inst14|register:inst|RFC:inst16|inst1                              ; out              ;
; |BaiTap|Datapath:inst|Register4x8:inst14|register:inst|RFC:inst16|inst                               ; |BaiTap|Datapath:inst|Register4x8:inst14|register:inst|RFC:inst16|inst                               ; regout           ;
; |BaiTap|Datapath:inst|Register4x8:inst14|register:inst|RFC:inst16|inst4                              ; |BaiTap|Datapath:inst|Register4x8:inst14|register:inst|RFC:inst16|inst4                              ; out0             ;
; |BaiTap|Datapath:inst|Register4x8:inst14|register:inst|RFC:inst16|inst3                              ; |BaiTap|Datapath:inst|Register4x8:inst14|register:inst|RFC:inst16|inst3                              ; out0             ;
; |BaiTap|Datapath:inst|Register4x8:inst14|register:inst|RFC:inst16|inst2                              ; |BaiTap|Datapath:inst|Register4x8:inst14|register:inst|RFC:inst16|inst2                              ; out0             ;
; |BaiTap|Datapath:inst|Register4x8:inst14|register:inst|RFC:inst4|inst1                               ; |BaiTap|Datapath:inst|Register4x8:inst14|register:inst|RFC:inst4|inst1                               ; out              ;
; |BaiTap|Datapath:inst|Register4x8:inst14|register:inst|RFC:inst4|inst                                ; |BaiTap|Datapath:inst|Register4x8:inst14|register:inst|RFC:inst4|inst                                ; regout           ;
; |BaiTap|Datapath:inst|Register4x8:inst14|register:inst|RFC:inst4|inst4                               ; |BaiTap|Datapath:inst|Register4x8:inst14|register:inst|RFC:inst4|inst4                               ; out0             ;
; |BaiTap|Datapath:inst|Register4x8:inst14|register:inst|RFC:inst4|inst3                               ; |BaiTap|Datapath:inst|Register4x8:inst14|register:inst|RFC:inst4|inst3                               ; out0             ;
; |BaiTap|Datapath:inst|Register4x8:inst14|register:inst|RFC:inst4|inst2                               ; |BaiTap|Datapath:inst|Register4x8:inst14|register:inst|RFC:inst4|inst2                               ; out0             ;
; |BaiTap|Datapath:inst|Register4x8:inst14|register:inst|RFC:inst15|inst1                              ; |BaiTap|Datapath:inst|Register4x8:inst14|register:inst|RFC:inst15|inst1                              ; out              ;
; |BaiTap|Datapath:inst|Register4x8:inst14|register:inst|RFC:inst15|inst                               ; |BaiTap|Datapath:inst|Register4x8:inst14|register:inst|RFC:inst15|inst                               ; regout           ;
; |BaiTap|Datapath:inst|Register4x8:inst14|register:inst|RFC:inst15|inst4                              ; |BaiTap|Datapath:inst|Register4x8:inst14|register:inst|RFC:inst15|inst4                              ; out0             ;
; |BaiTap|Datapath:inst|Register4x8:inst14|register:inst|RFC:inst15|inst3                              ; |BaiTap|Datapath:inst|Register4x8:inst14|register:inst|RFC:inst15|inst3                              ; out0             ;
; |BaiTap|Datapath:inst|Register4x8:inst14|register:inst|RFC:inst15|inst2                              ; |BaiTap|Datapath:inst|Register4x8:inst14|register:inst|RFC:inst15|inst2                              ; out0             ;
; |BaiTap|Datapath:inst|Register4x8:inst14|register:inst|RFC:inst11|inst1                              ; |BaiTap|Datapath:inst|Register4x8:inst14|register:inst|RFC:inst11|inst1                              ; out              ;
; |BaiTap|Datapath:inst|Register4x8:inst14|register:inst|RFC:inst11|inst                               ; |BaiTap|Datapath:inst|Register4x8:inst14|register:inst|RFC:inst11|inst                               ; regout           ;
; |BaiTap|Datapath:inst|Register4x8:inst14|register:inst|RFC:inst11|inst4                              ; |BaiTap|Datapath:inst|Register4x8:inst14|register:inst|RFC:inst11|inst4                              ; out0             ;
; |BaiTap|Datapath:inst|Register4x8:inst14|register:inst|RFC:inst11|inst3                              ; |BaiTap|Datapath:inst|Register4x8:inst14|register:inst|RFC:inst11|inst3                              ; out0             ;
; |BaiTap|Datapath:inst|Register4x8:inst14|register:inst|RFC:inst11|inst2                              ; |BaiTap|Datapath:inst|Register4x8:inst14|register:inst|RFC:inst11|inst2                              ; out0             ;
; |BaiTap|Datapath:inst|Register4x8:inst14|register:inst|RFC:inst7|inst1                               ; |BaiTap|Datapath:inst|Register4x8:inst14|register:inst|RFC:inst7|inst1                               ; out              ;
; |BaiTap|Datapath:inst|Register4x8:inst14|register:inst|RFC:inst7|inst                                ; |BaiTap|Datapath:inst|Register4x8:inst14|register:inst|RFC:inst7|inst                                ; regout           ;
; |BaiTap|Datapath:inst|Register4x8:inst14|register:inst|RFC:inst7|inst4                               ; |BaiTap|Datapath:inst|Register4x8:inst14|register:inst|RFC:inst7|inst4                               ; out0             ;
; |BaiTap|Datapath:inst|Register4x8:inst14|register:inst|RFC:inst7|inst3                               ; |BaiTap|Datapath:inst|Register4x8:inst14|register:inst|RFC:inst7|inst3                               ; out0             ;
; |BaiTap|Datapath:inst|Register4x8:inst14|register:inst|RFC:inst7|inst2                               ; |BaiTap|Datapath:inst|Register4x8:inst14|register:inst|RFC:inst7|inst2                               ; out0             ;
; |BaiTap|Datapath:inst|Register4x8:inst14|register:inst|RFC:inst3|inst1                               ; |BaiTap|Datapath:inst|Register4x8:inst14|register:inst|RFC:inst3|inst1                               ; out              ;
; |BaiTap|Datapath:inst|Register4x8:inst14|register:inst|RFC:inst3|inst                                ; |BaiTap|Datapath:inst|Register4x8:inst14|register:inst|RFC:inst3|inst                                ; regout           ;
; |BaiTap|Datapath:inst|Register4x8:inst14|register:inst|RFC:inst3|inst4                               ; |BaiTap|Datapath:inst|Register4x8:inst14|register:inst|RFC:inst3|inst4                               ; out0             ;
; |BaiTap|Datapath:inst|Register4x8:inst14|register:inst|RFC:inst3|inst3                               ; |BaiTap|Datapath:inst|Register4x8:inst14|register:inst|RFC:inst3|inst3                               ; out0             ;
; |BaiTap|Datapath:inst|Register4x8:inst14|register:inst|RFC:inst3|inst2                               ; |BaiTap|Datapath:inst|Register4x8:inst14|register:inst|RFC:inst3|inst2                               ; out0             ;
; |BaiTap|Datapath:inst|Register1x8:inst24|RFC:inst10|inst1                                            ; |BaiTap|Datapath:inst|Register1x8:inst24|RFC:inst10|inst1                                            ; out              ;
; |BaiTap|Datapath:inst|Register1x8:inst24|RFC:inst10|inst                                             ; |BaiTap|Datapath:inst|Register1x8:inst24|RFC:inst10|inst                                             ; regout           ;
; |BaiTap|Datapath:inst|Register1x8:inst24|RFC:inst10|inst4                                            ; |BaiTap|Datapath:inst|Register1x8:inst24|RFC:inst10|inst4                                            ; out0             ;
; |BaiTap|Datapath:inst|Register1x8:inst24|RFC:inst10|inst3                                            ; |BaiTap|Datapath:inst|Register1x8:inst24|RFC:inst10|inst3                                            ; out0             ;
; |BaiTap|Datapath:inst|Register1x8:inst24|RFC:inst10|inst2                                            ; |BaiTap|Datapath:inst|Register1x8:inst24|RFC:inst10|inst2                                            ; out0             ;
; |BaiTap|Datapath:inst|Register1x8:inst24|RFC:inst11|inst1                                            ; |BaiTap|Datapath:inst|Register1x8:inst24|RFC:inst11|inst1                                            ; out              ;
; |BaiTap|Datapath:inst|Register1x8:inst24|RFC:inst11|inst                                             ; |BaiTap|Datapath:inst|Register1x8:inst24|RFC:inst11|inst                                             ; regout           ;
; |BaiTap|Datapath:inst|Register1x8:inst24|RFC:inst11|inst4                                            ; |BaiTap|Datapath:inst|Register1x8:inst24|RFC:inst11|inst4                                            ; out0             ;
; |BaiTap|Datapath:inst|Register1x8:inst24|RFC:inst11|inst3                                            ; |BaiTap|Datapath:inst|Register1x8:inst24|RFC:inst11|inst3                                            ; out0             ;
; |BaiTap|Datapath:inst|Register1x8:inst24|RFC:inst11|inst2                                            ; |BaiTap|Datapath:inst|Register1x8:inst24|RFC:inst11|inst2                                            ; out0             ;
; |BaiTap|Datapath:inst|Register1x8:inst24|RFC:inst9|inst1                                             ; |BaiTap|Datapath:inst|Register1x8:inst24|RFC:inst9|inst1                                             ; out              ;
; |BaiTap|Datapath:inst|Register1x8:inst24|RFC:inst9|inst                                              ; |BaiTap|Datapath:inst|Register1x8:inst24|RFC:inst9|inst                                              ; regout           ;
; |BaiTap|Datapath:inst|Register1x8:inst24|RFC:inst9|inst4                                             ; |BaiTap|Datapath:inst|Register1x8:inst24|RFC:inst9|inst4                                             ; out0             ;
; |BaiTap|Datapath:inst|Register1x8:inst24|RFC:inst9|inst3                                             ; |BaiTap|Datapath:inst|Register1x8:inst24|RFC:inst9|inst3                                             ; out0             ;
; |BaiTap|Datapath:inst|Register1x8:inst24|RFC:inst9|inst2                                             ; |BaiTap|Datapath:inst|Register1x8:inst24|RFC:inst9|inst2                                             ; out0             ;
; |BaiTap|Datapath:inst|Register1x8:inst24|RFC:inst4|inst1                                             ; |BaiTap|Datapath:inst|Register1x8:inst24|RFC:inst4|inst1                                             ; out              ;
; |BaiTap|Datapath:inst|Register1x8:inst24|RFC:inst4|inst                                              ; |BaiTap|Datapath:inst|Register1x8:inst24|RFC:inst4|inst                                              ; regout           ;
; |BaiTap|Datapath:inst|Register1x8:inst24|RFC:inst4|inst4                                             ; |BaiTap|Datapath:inst|Register1x8:inst24|RFC:inst4|inst4                                             ; out0             ;
; |BaiTap|Datapath:inst|Register1x8:inst24|RFC:inst4|inst3                                             ; |BaiTap|Datapath:inst|Register1x8:inst24|RFC:inst4|inst3                                             ; out0             ;
; |BaiTap|Datapath:inst|Register1x8:inst24|RFC:inst4|inst2                                             ; |BaiTap|Datapath:inst|Register1x8:inst24|RFC:inst4|inst2                                             ; out0             ;
; |BaiTap|Datapath:inst|Register1x8:inst24|RFC:inst12|inst1                                            ; |BaiTap|Datapath:inst|Register1x8:inst24|RFC:inst12|inst1                                            ; out              ;
; |BaiTap|Datapath:inst|Register1x8:inst24|RFC:inst12|inst                                             ; |BaiTap|Datapath:inst|Register1x8:inst24|RFC:inst12|inst                                             ; regout           ;
; |BaiTap|Datapath:inst|Register1x8:inst24|RFC:inst12|inst4                                            ; |BaiTap|Datapath:inst|Register1x8:inst24|RFC:inst12|inst4                                            ; out0             ;
; |BaiTap|Datapath:inst|Register1x8:inst24|RFC:inst12|inst3                                            ; |BaiTap|Datapath:inst|Register1x8:inst24|RFC:inst12|inst3                                            ; out0             ;
; |BaiTap|Datapath:inst|Register1x8:inst24|RFC:inst12|inst2                                            ; |BaiTap|Datapath:inst|Register1x8:inst24|RFC:inst12|inst2                                            ; out0             ;
; |BaiTap|Datapath:inst|Register1x8:inst24|RFC:inst8|inst1                                             ; |BaiTap|Datapath:inst|Register1x8:inst24|RFC:inst8|inst1                                             ; out              ;
; |BaiTap|Datapath:inst|Register1x8:inst24|RFC:inst8|inst                                              ; |BaiTap|Datapath:inst|Register1x8:inst24|RFC:inst8|inst                                              ; regout           ;
; |BaiTap|Datapath:inst|Register1x8:inst24|RFC:inst8|inst4                                             ; |BaiTap|Datapath:inst|Register1x8:inst24|RFC:inst8|inst4                                             ; out0             ;
; |BaiTap|Datapath:inst|Register1x8:inst24|RFC:inst8|inst3                                             ; |BaiTap|Datapath:inst|Register1x8:inst24|RFC:inst8|inst3                                             ; out0             ;
; |BaiTap|Datapath:inst|Register1x8:inst24|RFC:inst8|inst2                                             ; |BaiTap|Datapath:inst|Register1x8:inst24|RFC:inst8|inst2                                             ; out0             ;
; |BaiTap|Datapath:inst|Register1x8:inst24|RFC:inst7|inst1                                             ; |BaiTap|Datapath:inst|Register1x8:inst24|RFC:inst7|inst1                                             ; out              ;
; |BaiTap|Datapath:inst|Register1x8:inst24|RFC:inst7|inst                                              ; |BaiTap|Datapath:inst|Register1x8:inst24|RFC:inst7|inst                                              ; regout           ;
; |BaiTap|Datapath:inst|Register1x8:inst24|RFC:inst7|inst4                                             ; |BaiTap|Datapath:inst|Register1x8:inst24|RFC:inst7|inst4                                             ; out0             ;
; |BaiTap|Datapath:inst|Register1x8:inst24|RFC:inst7|inst3                                             ; |BaiTap|Datapath:inst|Register1x8:inst24|RFC:inst7|inst3                                             ; out0             ;
; |BaiTap|Datapath:inst|Register1x8:inst24|RFC:inst7|inst2                                             ; |BaiTap|Datapath:inst|Register1x8:inst24|RFC:inst7|inst2                                             ; out0             ;
; |BaiTap|Datapath:inst|Register1x8:inst24|RFC:inst3|inst1                                             ; |BaiTap|Datapath:inst|Register1x8:inst24|RFC:inst3|inst1                                             ; out              ;
; |BaiTap|Datapath:inst|Register1x8:inst24|RFC:inst3|inst                                              ; |BaiTap|Datapath:inst|Register1x8:inst24|RFC:inst3|inst                                              ; regout           ;
; |BaiTap|Datapath:inst|Register1x8:inst24|RFC:inst3|inst2                                             ; |BaiTap|Datapath:inst|Register1x8:inst24|RFC:inst3|inst2                                             ; out0             ;
; |BaiTap|Datapath:inst|Register1x8:inst25|RFC:inst10|inst1                                            ; |BaiTap|Datapath:inst|Register1x8:inst25|RFC:inst10|inst1                                            ; out              ;
; |BaiTap|Datapath:inst|Register1x8:inst25|RFC:inst10|inst                                             ; |BaiTap|Datapath:inst|Register1x8:inst25|RFC:inst10|inst                                             ; regout           ;
; |BaiTap|Datapath:inst|Register1x8:inst25|RFC:inst10|inst4                                            ; |BaiTap|Datapath:inst|Register1x8:inst25|RFC:inst10|inst4                                            ; out0             ;
; |BaiTap|Datapath:inst|Register1x8:inst25|RFC:inst10|inst3                                            ; |BaiTap|Datapath:inst|Register1x8:inst25|RFC:inst10|inst3                                            ; out0             ;
; |BaiTap|Datapath:inst|Register1x8:inst25|RFC:inst10|inst2                                            ; |BaiTap|Datapath:inst|Register1x8:inst25|RFC:inst10|inst2                                            ; out0             ;
; |BaiTap|Datapath:inst|Register1x8:inst25|RFC:inst11|inst1                                            ; |BaiTap|Datapath:inst|Register1x8:inst25|RFC:inst11|inst1                                            ; out              ;
; |BaiTap|Datapath:inst|Register1x8:inst25|RFC:inst11|inst                                             ; |BaiTap|Datapath:inst|Register1x8:inst25|RFC:inst11|inst                                             ; regout           ;
; |BaiTap|Datapath:inst|Register1x8:inst25|RFC:inst11|inst4                                            ; |BaiTap|Datapath:inst|Register1x8:inst25|RFC:inst11|inst4                                            ; out0             ;
; |BaiTap|Datapath:inst|Register1x8:inst25|RFC:inst11|inst3                                            ; |BaiTap|Datapath:inst|Register1x8:inst25|RFC:inst11|inst3                                            ; out0             ;
; |BaiTap|Datapath:inst|Register1x8:inst25|RFC:inst11|inst2                                            ; |BaiTap|Datapath:inst|Register1x8:inst25|RFC:inst11|inst2                                            ; out0             ;
; |BaiTap|Datapath:inst|Register1x8:inst25|RFC:inst9|inst1                                             ; |BaiTap|Datapath:inst|Register1x8:inst25|RFC:inst9|inst1                                             ; out              ;
; |BaiTap|Datapath:inst|Register1x8:inst25|RFC:inst9|inst                                              ; |BaiTap|Datapath:inst|Register1x8:inst25|RFC:inst9|inst                                              ; regout           ;
; |BaiTap|Datapath:inst|Register1x8:inst25|RFC:inst9|inst4                                             ; |BaiTap|Datapath:inst|Register1x8:inst25|RFC:inst9|inst4                                             ; out0             ;
; |BaiTap|Datapath:inst|Register1x8:inst25|RFC:inst9|inst3                                             ; |BaiTap|Datapath:inst|Register1x8:inst25|RFC:inst9|inst3                                             ; out0             ;
; |BaiTap|Datapath:inst|Register1x8:inst25|RFC:inst9|inst2                                             ; |BaiTap|Datapath:inst|Register1x8:inst25|RFC:inst9|inst2                                             ; out0             ;
; |BaiTap|Datapath:inst|Register1x8:inst25|RFC:inst4|inst1                                             ; |BaiTap|Datapath:inst|Register1x8:inst25|RFC:inst4|inst1                                             ; out              ;
; |BaiTap|Datapath:inst|Register1x8:inst25|RFC:inst4|inst                                              ; |BaiTap|Datapath:inst|Register1x8:inst25|RFC:inst4|inst                                              ; regout           ;
; |BaiTap|Datapath:inst|Register1x8:inst25|RFC:inst4|inst4                                             ; |BaiTap|Datapath:inst|Register1x8:inst25|RFC:inst4|inst4                                             ; out0             ;
; |BaiTap|Datapath:inst|Register1x8:inst25|RFC:inst4|inst3                                             ; |BaiTap|Datapath:inst|Register1x8:inst25|RFC:inst4|inst3                                             ; out0             ;
; |BaiTap|Datapath:inst|Register1x8:inst25|RFC:inst4|inst2                                             ; |BaiTap|Datapath:inst|Register1x8:inst25|RFC:inst4|inst2                                             ; out0             ;
; |BaiTap|Datapath:inst|Register1x8:inst25|RFC:inst12|inst1                                            ; |BaiTap|Datapath:inst|Register1x8:inst25|RFC:inst12|inst1                                            ; out              ;
; |BaiTap|Datapath:inst|Register1x8:inst25|RFC:inst12|inst                                             ; |BaiTap|Datapath:inst|Register1x8:inst25|RFC:inst12|inst                                             ; regout           ;
; |BaiTap|Datapath:inst|Register1x8:inst25|RFC:inst12|inst4                                            ; |BaiTap|Datapath:inst|Register1x8:inst25|RFC:inst12|inst4                                            ; out0             ;
; |BaiTap|Datapath:inst|Register1x8:inst25|RFC:inst12|inst3                                            ; |BaiTap|Datapath:inst|Register1x8:inst25|RFC:inst12|inst3                                            ; out0             ;
; |BaiTap|Datapath:inst|Register1x8:inst25|RFC:inst12|inst2                                            ; |BaiTap|Datapath:inst|Register1x8:inst25|RFC:inst12|inst2                                            ; out0             ;
; |BaiTap|Datapath:inst|Register1x8:inst25|RFC:inst8|inst1                                             ; |BaiTap|Datapath:inst|Register1x8:inst25|RFC:inst8|inst1                                             ; out              ;
; |BaiTap|Datapath:inst|Register1x8:inst25|RFC:inst8|inst                                              ; |BaiTap|Datapath:inst|Register1x8:inst25|RFC:inst8|inst                                              ; regout           ;
; |BaiTap|Datapath:inst|Register1x8:inst25|RFC:inst8|inst4                                             ; |BaiTap|Datapath:inst|Register1x8:inst25|RFC:inst8|inst4                                             ; out0             ;
; |BaiTap|Datapath:inst|Register1x8:inst25|RFC:inst8|inst3                                             ; |BaiTap|Datapath:inst|Register1x8:inst25|RFC:inst8|inst3                                             ; out0             ;
; |BaiTap|Datapath:inst|Register1x8:inst25|RFC:inst8|inst2                                             ; |BaiTap|Datapath:inst|Register1x8:inst25|RFC:inst8|inst2                                             ; out0             ;
; |BaiTap|Datapath:inst|Register1x8:inst25|RFC:inst7|inst1                                             ; |BaiTap|Datapath:inst|Register1x8:inst25|RFC:inst7|inst1                                             ; out              ;
; |BaiTap|Datapath:inst|Register1x8:inst25|RFC:inst7|inst                                              ; |BaiTap|Datapath:inst|Register1x8:inst25|RFC:inst7|inst                                              ; regout           ;
; |BaiTap|Datapath:inst|Register1x8:inst25|RFC:inst7|inst4                                             ; |BaiTap|Datapath:inst|Register1x8:inst25|RFC:inst7|inst4                                             ; out0             ;
; |BaiTap|Datapath:inst|Register1x8:inst25|RFC:inst7|inst3                                             ; |BaiTap|Datapath:inst|Register1x8:inst25|RFC:inst7|inst3                                             ; out0             ;
; |BaiTap|Datapath:inst|Register1x8:inst25|RFC:inst7|inst2                                             ; |BaiTap|Datapath:inst|Register1x8:inst25|RFC:inst7|inst2                                             ; out0             ;
; |BaiTap|Datapath:inst|Register1x8:inst25|RFC:inst3|inst1                                             ; |BaiTap|Datapath:inst|Register1x8:inst25|RFC:inst3|inst1                                             ; out              ;
; |BaiTap|Datapath:inst|Register1x8:inst25|RFC:inst3|inst                                              ; |BaiTap|Datapath:inst|Register1x8:inst25|RFC:inst3|inst                                              ; regout           ;
; |BaiTap|Datapath:inst|Register1x8:inst25|RFC:inst3|inst4                                             ; |BaiTap|Datapath:inst|Register1x8:inst25|RFC:inst3|inst4                                             ; out0             ;
; |BaiTap|Datapath:inst|Register1x8:inst25|RFC:inst3|inst3                                             ; |BaiTap|Datapath:inst|Register1x8:inst25|RFC:inst3|inst3                                             ; out0             ;
; |BaiTap|Datapath:inst|Register1x8:inst25|RFC:inst3|inst2                                             ; |BaiTap|Datapath:inst|Register1x8:inst25|RFC:inst3|inst2                                             ; out0             ;
; |BaiTap|Datapath:inst|Register2x8:inst23|OA[7]                                                       ; |BaiTap|Datapath:inst|Register2x8:inst23|OA[7]                                                       ; out0             ;
; |BaiTap|Datapath:inst|Register2x8:inst23|OA[5]                                                       ; |BaiTap|Datapath:inst|Register2x8:inst23|OA[5]                                                       ; out0             ;
; |BaiTap|Datapath:inst|Register2x8:inst23|OA[2]                                                       ; |BaiTap|Datapath:inst|Register2x8:inst23|OA[2]                                                       ; out0             ;
; |BaiTap|Datapath:inst|Register2x8:inst23|OA[0]                                                       ; |BaiTap|Datapath:inst|Register2x8:inst23|OA[0]                                                       ; out0             ;
; |BaiTap|Datapath:inst|Register2x8:inst23|OA[6]                                                       ; |BaiTap|Datapath:inst|Register2x8:inst23|OA[6]                                                       ; out0             ;
; |BaiTap|Datapath:inst|Register2x8:inst23|RFC:inst17|inst3                                            ; |BaiTap|Datapath:inst|Register2x8:inst23|RFC:inst17|inst3                                            ; out0             ;
; |BaiTap|Datapath:inst|Register2x8:inst23|RFC:inst15|inst1                                            ; |BaiTap|Datapath:inst|Register2x8:inst23|RFC:inst15|inst1                                            ; out              ;
; |BaiTap|Datapath:inst|Register2x8:inst23|RFC:inst15|inst                                             ; |BaiTap|Datapath:inst|Register2x8:inst23|RFC:inst15|inst                                             ; regout           ;
; |BaiTap|Datapath:inst|Register2x8:inst23|RFC:inst15|inst4                                            ; |BaiTap|Datapath:inst|Register2x8:inst23|RFC:inst15|inst4                                            ; out0             ;
; |BaiTap|Datapath:inst|Register2x8:inst23|RFC:inst15|inst3                                            ; |BaiTap|Datapath:inst|Register2x8:inst23|RFC:inst15|inst3                                            ; out0             ;
; |BaiTap|Datapath:inst|Register2x8:inst23|RFC:inst15|inst2                                            ; |BaiTap|Datapath:inst|Register2x8:inst23|RFC:inst15|inst2                                            ; out0             ;
; |BaiTap|Datapath:inst|Register2x8:inst23|RFC:inst13|inst3                                            ; |BaiTap|Datapath:inst|Register2x8:inst23|RFC:inst13|inst3                                            ; out0             ;
; |BaiTap|Datapath:inst|Register2x8:inst23|RFC:inst11|inst1                                            ; |BaiTap|Datapath:inst|Register2x8:inst23|RFC:inst11|inst1                                            ; out              ;
; |BaiTap|Datapath:inst|Register2x8:inst23|RFC:inst11|inst                                             ; |BaiTap|Datapath:inst|Register2x8:inst23|RFC:inst11|inst                                             ; regout           ;
; |BaiTap|Datapath:inst|Register2x8:inst23|RFC:inst11|inst4                                            ; |BaiTap|Datapath:inst|Register2x8:inst23|RFC:inst11|inst4                                            ; out0             ;
; |BaiTap|Datapath:inst|Register2x8:inst23|RFC:inst11|inst3                                            ; |BaiTap|Datapath:inst|Register2x8:inst23|RFC:inst11|inst3                                            ; out0             ;
; |BaiTap|Datapath:inst|Register2x8:inst23|RFC:inst11|inst2                                            ; |BaiTap|Datapath:inst|Register2x8:inst23|RFC:inst11|inst2                                            ; out0             ;
; |BaiTap|Datapath:inst|Register2x8:inst23|RFC:inst8|inst1                                             ; |BaiTap|Datapath:inst|Register2x8:inst23|RFC:inst8|inst1                                             ; out              ;
; |BaiTap|Datapath:inst|Register2x8:inst23|RFC:inst8|inst                                              ; |BaiTap|Datapath:inst|Register2x8:inst23|RFC:inst8|inst                                              ; regout           ;
; |BaiTap|Datapath:inst|Register2x8:inst23|RFC:inst8|inst4                                             ; |BaiTap|Datapath:inst|Register2x8:inst23|RFC:inst8|inst4                                             ; out0             ;
; |BaiTap|Datapath:inst|Register2x8:inst23|RFC:inst8|inst3                                             ; |BaiTap|Datapath:inst|Register2x8:inst23|RFC:inst8|inst3                                             ; out0             ;
; |BaiTap|Datapath:inst|Register2x8:inst23|RFC:inst8|inst2                                             ; |BaiTap|Datapath:inst|Register2x8:inst23|RFC:inst8|inst2                                             ; out0             ;
; |BaiTap|Datapath:inst|Register2x8:inst23|RFC:inst4|inst1                                             ; |BaiTap|Datapath:inst|Register2x8:inst23|RFC:inst4|inst1                                             ; out              ;
; |BaiTap|Datapath:inst|Register2x8:inst23|RFC:inst4|inst                                              ; |BaiTap|Datapath:inst|Register2x8:inst23|RFC:inst4|inst                                              ; regout           ;
; |BaiTap|Datapath:inst|Register2x8:inst23|RFC:inst4|inst4                                             ; |BaiTap|Datapath:inst|Register2x8:inst23|RFC:inst4|inst4                                             ; out0             ;
; |BaiTap|Datapath:inst|Register2x8:inst23|RFC:inst4|inst3                                             ; |BaiTap|Datapath:inst|Register2x8:inst23|RFC:inst4|inst3                                             ; out0             ;
; |BaiTap|Datapath:inst|Register2x8:inst23|RFC:inst4|inst2                                             ; |BaiTap|Datapath:inst|Register2x8:inst23|RFC:inst4|inst2                                             ; out0             ;
; |BaiTap|Datapath:inst|Register2x8:inst23|RFC:inst18|inst1                                            ; |BaiTap|Datapath:inst|Register2x8:inst23|RFC:inst18|inst1                                            ; out              ;
; |BaiTap|Datapath:inst|Register2x8:inst23|RFC:inst18|inst                                             ; |BaiTap|Datapath:inst|Register2x8:inst23|RFC:inst18|inst                                             ; regout           ;
; |BaiTap|Datapath:inst|Register2x8:inst23|RFC:inst18|inst4                                            ; |BaiTap|Datapath:inst|Register2x8:inst23|RFC:inst18|inst4                                            ; out0             ;
; |BaiTap|Datapath:inst|Register2x8:inst23|RFC:inst18|inst3                                            ; |BaiTap|Datapath:inst|Register2x8:inst23|RFC:inst18|inst3                                            ; out0             ;
; |BaiTap|Datapath:inst|Register2x8:inst23|RFC:inst18|inst2                                            ; |BaiTap|Datapath:inst|Register2x8:inst23|RFC:inst18|inst2                                            ; out0             ;
; |BaiTap|Datapath:inst|Register2x8:inst23|RFC:inst16|inst1                                            ; |BaiTap|Datapath:inst|Register2x8:inst23|RFC:inst16|inst1                                            ; out              ;
; |BaiTap|Datapath:inst|Register2x8:inst23|RFC:inst16|inst                                             ; |BaiTap|Datapath:inst|Register2x8:inst23|RFC:inst16|inst                                             ; regout           ;
; |BaiTap|Datapath:inst|Register2x8:inst23|RFC:inst16|inst4                                            ; |BaiTap|Datapath:inst|Register2x8:inst23|RFC:inst16|inst4                                            ; out0             ;
; |BaiTap|Datapath:inst|Register2x8:inst23|RFC:inst16|inst3                                            ; |BaiTap|Datapath:inst|Register2x8:inst23|RFC:inst16|inst3                                            ; out0             ;
; |BaiTap|Datapath:inst|Register2x8:inst23|RFC:inst16|inst2                                            ; |BaiTap|Datapath:inst|Register2x8:inst23|RFC:inst16|inst2                                            ; out0             ;
; |BaiTap|Datapath:inst|Register2x8:inst23|RFC:inst14|inst1                                            ; |BaiTap|Datapath:inst|Register2x8:inst23|RFC:inst14|inst1                                            ; out              ;
; |BaiTap|Datapath:inst|Register2x8:inst23|RFC:inst14|inst                                             ; |BaiTap|Datapath:inst|Register2x8:inst23|RFC:inst14|inst                                             ; regout           ;
; |BaiTap|Datapath:inst|Register2x8:inst23|RFC:inst14|inst4                                            ; |BaiTap|Datapath:inst|Register2x8:inst23|RFC:inst14|inst4                                            ; out0             ;
; |BaiTap|Datapath:inst|Register2x8:inst23|RFC:inst14|inst3                                            ; |BaiTap|Datapath:inst|Register2x8:inst23|RFC:inst14|inst3                                            ; out0             ;
; |BaiTap|Datapath:inst|Register2x8:inst23|RFC:inst14|inst2                                            ; |BaiTap|Datapath:inst|Register2x8:inst23|RFC:inst14|inst2                                            ; out0             ;
; |BaiTap|Datapath:inst|Register2x8:inst23|RFC:inst12|inst1                                            ; |BaiTap|Datapath:inst|Register2x8:inst23|RFC:inst12|inst1                                            ; out              ;
; |BaiTap|Datapath:inst|Register2x8:inst23|RFC:inst12|inst                                             ; |BaiTap|Datapath:inst|Register2x8:inst23|RFC:inst12|inst                                             ; regout           ;
; |BaiTap|Datapath:inst|Register2x8:inst23|RFC:inst12|inst4                                            ; |BaiTap|Datapath:inst|Register2x8:inst23|RFC:inst12|inst4                                            ; out0             ;
; |BaiTap|Datapath:inst|Register2x8:inst23|RFC:inst12|inst3                                            ; |BaiTap|Datapath:inst|Register2x8:inst23|RFC:inst12|inst3                                            ; out0             ;
; |BaiTap|Datapath:inst|Register2x8:inst23|RFC:inst12|inst2                                            ; |BaiTap|Datapath:inst|Register2x8:inst23|RFC:inst12|inst2                                            ; out0             ;
; |BaiTap|Datapath:inst|Register2x8:inst23|RFC:inst10|inst4                                            ; |BaiTap|Datapath:inst|Register2x8:inst23|RFC:inst10|inst4                                            ; out0             ;
; |BaiTap|Datapath:inst|Register2x8:inst23|RFC:inst9|inst1                                             ; |BaiTap|Datapath:inst|Register2x8:inst23|RFC:inst9|inst1                                             ; out              ;
; |BaiTap|Datapath:inst|Register2x8:inst23|RFC:inst9|inst                                              ; |BaiTap|Datapath:inst|Register2x8:inst23|RFC:inst9|inst                                              ; regout           ;
; |BaiTap|Datapath:inst|Register2x8:inst23|RFC:inst9|inst4                                             ; |BaiTap|Datapath:inst|Register2x8:inst23|RFC:inst9|inst4                                             ; out0             ;
; |BaiTap|Datapath:inst|Register2x8:inst23|RFC:inst9|inst3                                             ; |BaiTap|Datapath:inst|Register2x8:inst23|RFC:inst9|inst3                                             ; out0             ;
; |BaiTap|Datapath:inst|Register2x8:inst23|RFC:inst9|inst2                                             ; |BaiTap|Datapath:inst|Register2x8:inst23|RFC:inst9|inst2                                             ; out0             ;
; |BaiTap|Datapath:inst|Register2x8:inst23|RFC:inst5|inst1                                             ; |BaiTap|Datapath:inst|Register2x8:inst23|RFC:inst5|inst1                                             ; out              ;
; |BaiTap|Datapath:inst|Register2x8:inst23|RFC:inst5|inst                                              ; |BaiTap|Datapath:inst|Register2x8:inst23|RFC:inst5|inst                                              ; regout           ;
; |BaiTap|Datapath:inst|Register2x8:inst23|RFC:inst5|inst4                                             ; |BaiTap|Datapath:inst|Register2x8:inst23|RFC:inst5|inst4                                             ; out0             ;
; |BaiTap|Datapath:inst|Register2x8:inst23|RFC:inst5|inst3                                             ; |BaiTap|Datapath:inst|Register2x8:inst23|RFC:inst5|inst3                                             ; out0             ;
; |BaiTap|Datapath:inst|Register2x8:inst23|RFC:inst5|inst2                                             ; |BaiTap|Datapath:inst|Register2x8:inst23|RFC:inst5|inst2                                             ; out0             ;
; |BaiTap|Datapath:inst|Register2x8:inst23|RFC:inst7|inst1                                             ; |BaiTap|Datapath:inst|Register2x8:inst23|RFC:inst7|inst1                                             ; out              ;
; |BaiTap|Datapath:inst|Register2x8:inst23|RFC:inst7|inst                                              ; |BaiTap|Datapath:inst|Register2x8:inst23|RFC:inst7|inst                                              ; regout           ;
; |BaiTap|Datapath:inst|Register2x8:inst23|RFC:inst7|inst4                                             ; |BaiTap|Datapath:inst|Register2x8:inst23|RFC:inst7|inst4                                             ; out0             ;
; |BaiTap|Datapath:inst|Register2x8:inst23|RFC:inst7|inst3                                             ; |BaiTap|Datapath:inst|Register2x8:inst23|RFC:inst7|inst3                                             ; out0             ;
; |BaiTap|Datapath:inst|Register2x8:inst23|RFC:inst7|inst2                                             ; |BaiTap|Datapath:inst|Register2x8:inst23|RFC:inst7|inst2                                             ; out0             ;
; |BaiTap|Datapath:inst|Register2x8:inst23|RFC:inst3|inst1                                             ; |BaiTap|Datapath:inst|Register2x8:inst23|RFC:inst3|inst1                                             ; out              ;
; |BaiTap|Datapath:inst|Register2x8:inst23|RFC:inst3|inst                                              ; |BaiTap|Datapath:inst|Register2x8:inst23|RFC:inst3|inst                                              ; regout           ;
; |BaiTap|Datapath:inst|Register2x8:inst23|RFC:inst3|inst4                                             ; |BaiTap|Datapath:inst|Register2x8:inst23|RFC:inst3|inst4                                             ; out0             ;
; |BaiTap|Datapath:inst|Register2x8:inst23|RFC:inst3|inst3                                             ; |BaiTap|Datapath:inst|Register2x8:inst23|RFC:inst3|inst3                                             ; out0             ;
; |BaiTap|Datapath:inst|Register2x8:inst23|RFC:inst3|inst2                                             ; |BaiTap|Datapath:inst|Register2x8:inst23|RFC:inst3|inst2                                             ; out0             ;
; |BaiTap|Datapath:inst|AU1:inst|inst6[7]                                                              ; |BaiTap|Datapath:inst|AU1:inst|inst6[7]                                                              ; out0             ;
; |BaiTap|Datapath:inst|AU1:inst|inst6[6]                                                              ; |BaiTap|Datapath:inst|AU1:inst|inst6[6]                                                              ; out0             ;
; |BaiTap|Datapath:inst|AU1:inst|inst6[5]                                                              ; |BaiTap|Datapath:inst|AU1:inst|inst6[5]                                                              ; out0             ;
; |BaiTap|Datapath:inst|AU1:inst|inst6[4]                                                              ; |BaiTap|Datapath:inst|AU1:inst|inst6[4]                                                              ; out0             ;
; |BaiTap|Datapath:inst|AU1:inst|inst6[3]                                                              ; |BaiTap|Datapath:inst|AU1:inst|inst6[3]                                                              ; out0             ;
; |BaiTap|Datapath:inst|AU1:inst|inst6[2]                                                              ; |BaiTap|Datapath:inst|AU1:inst|inst6[2]                                                              ; out0             ;
; |BaiTap|Datapath:inst|AU1:inst|inst6[1]                                                              ; |BaiTap|Datapath:inst|AU1:inst|inst6[1]                                                              ; out0             ;
; |BaiTap|Datapath:inst|AU1:inst|inst6[0]                                                              ; |BaiTap|Datapath:inst|AU1:inst|inst6[0]                                                              ; out0             ;
; |BaiTap|Datapath:inst|AU1:inst|busmux:inst7|lpm_mux:$00000|mux_smc:auto_generated|result_node[7]~0   ; |BaiTap|Datapath:inst|AU1:inst|busmux:inst7|lpm_mux:$00000|mux_smc:auto_generated|result_node[7]~0   ; out0             ;
; |BaiTap|Datapath:inst|AU1:inst|busmux:inst7|lpm_mux:$00000|mux_smc:auto_generated|result_node[6]~2   ; |BaiTap|Datapath:inst|AU1:inst|busmux:inst7|lpm_mux:$00000|mux_smc:auto_generated|result_node[6]~2   ; out0             ;
; |BaiTap|Datapath:inst|AU1:inst|busmux:inst7|lpm_mux:$00000|mux_smc:auto_generated|result_node[5]~4   ; |BaiTap|Datapath:inst|AU1:inst|busmux:inst7|lpm_mux:$00000|mux_smc:auto_generated|result_node[5]~4   ; out0             ;
; |BaiTap|Datapath:inst|AU1:inst|busmux:inst7|lpm_mux:$00000|mux_smc:auto_generated|result_node[4]~6   ; |BaiTap|Datapath:inst|AU1:inst|busmux:inst7|lpm_mux:$00000|mux_smc:auto_generated|result_node[4]~6   ; out0             ;
; |BaiTap|Datapath:inst|AU1:inst|busmux:inst7|lpm_mux:$00000|mux_smc:auto_generated|result_node[3]~8   ; |BaiTap|Datapath:inst|AU1:inst|busmux:inst7|lpm_mux:$00000|mux_smc:auto_generated|result_node[3]~8   ; out0             ;
; |BaiTap|Datapath:inst|AU1:inst|busmux:inst7|lpm_mux:$00000|mux_smc:auto_generated|result_node[3]~9   ; |BaiTap|Datapath:inst|AU1:inst|busmux:inst7|lpm_mux:$00000|mux_smc:auto_generated|result_node[3]~9   ; out0             ;
; |BaiTap|Datapath:inst|AU1:inst|busmux:inst7|lpm_mux:$00000|mux_smc:auto_generated|result_node[3]     ; |BaiTap|Datapath:inst|AU1:inst|busmux:inst7|lpm_mux:$00000|mux_smc:auto_generated|result_node[3]     ; out0             ;
; |BaiTap|Datapath:inst|AU1:inst|busmux:inst7|lpm_mux:$00000|mux_smc:auto_generated|result_node[2]~10  ; |BaiTap|Datapath:inst|AU1:inst|busmux:inst7|lpm_mux:$00000|mux_smc:auto_generated|result_node[2]~10  ; out0             ;
; |BaiTap|Datapath:inst|AU1:inst|busmux:inst7|lpm_mux:$00000|mux_smc:auto_generated|result_node[1]~12  ; |BaiTap|Datapath:inst|AU1:inst|busmux:inst7|lpm_mux:$00000|mux_smc:auto_generated|result_node[1]~12  ; out0             ;
; |BaiTap|Datapath:inst|AU1:inst|busmux:inst7|lpm_mux:$00000|mux_smc:auto_generated|result_node[0]~14  ; |BaiTap|Datapath:inst|AU1:inst|busmux:inst7|lpm_mux:$00000|mux_smc:auto_generated|result_node[0]~14  ; out0             ;
; |BaiTap|Datapath:inst|AU1:inst|busmux:inst7|lpm_mux:$00000|mux_smc:auto_generated|result_node[0]~15  ; |BaiTap|Datapath:inst|AU1:inst|busmux:inst7|lpm_mux:$00000|mux_smc:auto_generated|result_node[0]~15  ; out0             ;
; |BaiTap|Datapath:inst|AU1:inst|busmux:inst7|lpm_mux:$00000|mux_smc:auto_generated|result_node[0]     ; |BaiTap|Datapath:inst|AU1:inst|busmux:inst7|lpm_mux:$00000|mux_smc:auto_generated|result_node[0]     ; out0             ;
; |BaiTap|Datapath:inst|AU1:inst|Sum8Bit:inst|Sum:inst6|inst3                                          ; |BaiTap|Datapath:inst|AU1:inst|Sum8Bit:inst|Sum:inst6|inst3                                          ; out0             ;
; |BaiTap|Datapath:inst|AU1:inst|Sum8Bit:inst|Sum:inst7|inst5                                          ; |BaiTap|Datapath:inst|AU1:inst|Sum8Bit:inst|Sum:inst7|inst5                                          ; out0             ;
; |BaiTap|Datapath:inst|AU1:inst|Sum8Bit:inst|Sum:inst7|inst3                                          ; |BaiTap|Datapath:inst|AU1:inst|Sum8Bit:inst|Sum:inst7|inst3                                          ; out0             ;
; |BaiTap|Datapath:inst|AU1:inst|Sum8Bit:inst|Sum:inst3|inst5                                          ; |BaiTap|Datapath:inst|AU1:inst|Sum8Bit:inst|Sum:inst3|inst5                                          ; out0             ;
; |BaiTap|Datapath:inst|AU1:inst|Sum8Bit:inst|Sum:inst3|inst3                                          ; |BaiTap|Datapath:inst|AU1:inst|Sum8Bit:inst|Sum:inst3|inst3                                          ; out0             ;
; |BaiTap|Datapath:inst|AU1:inst|Sum8Bit:inst|Sum:inst5|inst1                                          ; |BaiTap|Datapath:inst|AU1:inst|Sum8Bit:inst|Sum:inst5|inst1                                          ; out0             ;
; |BaiTap|Datapath:inst|AU1:inst|Sum8Bit:inst|Sum:inst5|inst5                                          ; |BaiTap|Datapath:inst|AU1:inst|Sum8Bit:inst|Sum:inst5|inst5                                          ; out0             ;
; |BaiTap|Datapath:inst|AU1:inst|Sum8Bit:inst|Sum:inst5|inst3                                          ; |BaiTap|Datapath:inst|AU1:inst|Sum8Bit:inst|Sum:inst5|inst3                                          ; out0             ;
; |BaiTap|Datapath:inst|AU1:inst|Sum8Bit:inst|Sum:inst4|inst5                                          ; |BaiTap|Datapath:inst|AU1:inst|Sum8Bit:inst|Sum:inst4|inst5                                          ; out0             ;
; |BaiTap|Datapath:inst|AU1:inst|Sum8Bit:inst|Sum:inst4|inst3                                          ; |BaiTap|Datapath:inst|AU1:inst|Sum8Bit:inst|Sum:inst4|inst3                                          ; out0             ;
; |BaiTap|Datapath:inst|AU1:inst|Sum8Bit:inst|Sum:inst2|inst5                                          ; |BaiTap|Datapath:inst|AU1:inst|Sum8Bit:inst|Sum:inst2|inst5                                          ; out0             ;
; |BaiTap|Datapath:inst|AU1:inst|Sum8Bit:inst|Sum:inst2|inst3                                          ; |BaiTap|Datapath:inst|AU1:inst|Sum8Bit:inst|Sum:inst2|inst3                                          ; out0             ;
; |BaiTap|Datapath:inst|AU1:inst|Sum8Bit:inst|Sum:inst1|inst5                                          ; |BaiTap|Datapath:inst|AU1:inst|Sum8Bit:inst|Sum:inst1|inst5                                          ; out0             ;
; |BaiTap|Datapath:inst|AU1:inst|Sum8Bit:inst|Sum:inst1|inst3                                          ; |BaiTap|Datapath:inst|AU1:inst|Sum8Bit:inst|Sum:inst1|inst3                                          ; out0             ;
; |BaiTap|Datapath:inst|AU1:inst|busmux:inst8|lpm_mux:$00000|mux_smc:auto_generated|result_node[7]~1   ; |BaiTap|Datapath:inst|AU1:inst|busmux:inst8|lpm_mux:$00000|mux_smc:auto_generated|result_node[7]~1   ; out0             ;
; |BaiTap|Datapath:inst|AU1:inst|busmux:inst8|lpm_mux:$00000|mux_smc:auto_generated|result_node[6]~3   ; |BaiTap|Datapath:inst|AU1:inst|busmux:inst8|lpm_mux:$00000|mux_smc:auto_generated|result_node[6]~3   ; out0             ;
; |BaiTap|Datapath:inst|AU1:inst|busmux:inst8|lpm_mux:$00000|mux_smc:auto_generated|result_node[5]~5   ; |BaiTap|Datapath:inst|AU1:inst|busmux:inst8|lpm_mux:$00000|mux_smc:auto_generated|result_node[5]~5   ; out0             ;
; |BaiTap|Datapath:inst|AU1:inst|busmux:inst8|lpm_mux:$00000|mux_smc:auto_generated|result_node[3]~8   ; |BaiTap|Datapath:inst|AU1:inst|busmux:inst8|lpm_mux:$00000|mux_smc:auto_generated|result_node[3]~8   ; out0             ;
; |BaiTap|Datapath:inst|AU1:inst|busmux:inst8|lpm_mux:$00000|mux_smc:auto_generated|result_node[2]~10  ; |BaiTap|Datapath:inst|AU1:inst|busmux:inst8|lpm_mux:$00000|mux_smc:auto_generated|result_node[2]~10  ; out0             ;
; |BaiTap|Datapath:inst|AU1:inst|busmux:inst8|lpm_mux:$00000|mux_smc:auto_generated|result_node[2]~11  ; |BaiTap|Datapath:inst|AU1:inst|busmux:inst8|lpm_mux:$00000|mux_smc:auto_generated|result_node[2]~11  ; out0             ;
; |BaiTap|Datapath:inst|AU1:inst|busmux:inst8|lpm_mux:$00000|mux_smc:auto_generated|result_node[2]     ; |BaiTap|Datapath:inst|AU1:inst|busmux:inst8|lpm_mux:$00000|mux_smc:auto_generated|result_node[2]     ; out0             ;
; |BaiTap|Datapath:inst|AU1:inst|busmux:inst8|lpm_mux:$00000|mux_smc:auto_generated|result_node[1]~12  ; |BaiTap|Datapath:inst|AU1:inst|busmux:inst8|lpm_mux:$00000|mux_smc:auto_generated|result_node[1]~12  ; out0             ;
; |BaiTap|Datapath:inst|AU1:inst|busmux:inst8|lpm_mux:$00000|mux_smc:auto_generated|result_node[0]~14  ; |BaiTap|Datapath:inst|AU1:inst|busmux:inst8|lpm_mux:$00000|mux_smc:auto_generated|result_node[0]~14  ; out0             ;
; |BaiTap|Datapath:inst|AU1:inst|busmux:inst8|lpm_mux:$00000|mux_smc:auto_generated|result_node[0]~15  ; |BaiTap|Datapath:inst|AU1:inst|busmux:inst8|lpm_mux:$00000|mux_smc:auto_generated|result_node[0]~15  ; out0             ;
; |BaiTap|Datapath:inst|AU1:inst|busmux:inst8|lpm_mux:$00000|mux_smc:auto_generated|result_node[0]     ; |BaiTap|Datapath:inst|AU1:inst|busmux:inst8|lpm_mux:$00000|mux_smc:auto_generated|result_node[0]     ; out0             ;
; |BaiTap|Datapath:inst|AU1:inst|Register4x8:inst1|register:inst1|A[3]                                 ; |BaiTap|Datapath:inst|AU1:inst|Register4x8:inst1|register:inst1|A[3]                                 ; out0             ;
; |BaiTap|Datapath:inst|AU1:inst|Register4x8:inst1|register:inst1|A[2]                                 ; |BaiTap|Datapath:inst|AU1:inst|Register4x8:inst1|register:inst1|A[2]                                 ; out0             ;
; |BaiTap|Datapath:inst|AU1:inst|Register4x8:inst1|register:inst1|A[1]                                 ; |BaiTap|Datapath:inst|AU1:inst|Register4x8:inst1|register:inst1|A[1]                                 ; out0             ;
; |BaiTap|Datapath:inst|AU1:inst|Register4x8:inst1|register:inst1|A[0]                                 ; |BaiTap|Datapath:inst|AU1:inst|Register4x8:inst1|register:inst1|A[0]                                 ; out0             ;
; |BaiTap|Datapath:inst|AU1:inst|Register4x8:inst1|register:inst1|RFC:inst18|inst1                     ; |BaiTap|Datapath:inst|AU1:inst|Register4x8:inst1|register:inst1|RFC:inst18|inst1                     ; out              ;
; |BaiTap|Datapath:inst|AU1:inst|Register4x8:inst1|register:inst1|RFC:inst18|inst                      ; |BaiTap|Datapath:inst|AU1:inst|Register4x8:inst1|register:inst1|RFC:inst18|inst                      ; regout           ;
; |BaiTap|Datapath:inst|AU1:inst|Register4x8:inst1|register:inst1|RFC:inst18|inst4                     ; |BaiTap|Datapath:inst|AU1:inst|Register4x8:inst1|register:inst1|RFC:inst18|inst4                     ; out0             ;
; |BaiTap|Datapath:inst|AU1:inst|Register4x8:inst1|register:inst1|RFC:inst18|inst3                     ; |BaiTap|Datapath:inst|AU1:inst|Register4x8:inst1|register:inst1|RFC:inst18|inst3                     ; out0             ;
; |BaiTap|Datapath:inst|AU1:inst|Register4x8:inst1|register:inst1|RFC:inst18|inst2                     ; |BaiTap|Datapath:inst|AU1:inst|Register4x8:inst1|register:inst1|RFC:inst18|inst2                     ; out0             ;
; |BaiTap|Datapath:inst|AU1:inst|Register4x8:inst1|register:inst1|RFC:inst14|inst1                     ; |BaiTap|Datapath:inst|AU1:inst|Register4x8:inst1|register:inst1|RFC:inst14|inst1                     ; out              ;
; |BaiTap|Datapath:inst|AU1:inst|Register4x8:inst1|register:inst1|RFC:inst14|inst                      ; |BaiTap|Datapath:inst|AU1:inst|Register4x8:inst1|register:inst1|RFC:inst14|inst                      ; regout           ;
; |BaiTap|Datapath:inst|AU1:inst|Register4x8:inst1|register:inst1|RFC:inst14|inst4                     ; |BaiTap|Datapath:inst|AU1:inst|Register4x8:inst1|register:inst1|RFC:inst14|inst4                     ; out0             ;
; |BaiTap|Datapath:inst|AU1:inst|Register4x8:inst1|register:inst1|RFC:inst14|inst3                     ; |BaiTap|Datapath:inst|AU1:inst|Register4x8:inst1|register:inst1|RFC:inst14|inst3                     ; out0             ;
; |BaiTap|Datapath:inst|AU1:inst|Register4x8:inst1|register:inst1|RFC:inst14|inst2                     ; |BaiTap|Datapath:inst|AU1:inst|Register4x8:inst1|register:inst1|RFC:inst14|inst2                     ; out0             ;
; |BaiTap|Datapath:inst|AU1:inst|Register4x8:inst1|register:inst1|RFC:inst10|inst1                     ; |BaiTap|Datapath:inst|AU1:inst|Register4x8:inst1|register:inst1|RFC:inst10|inst1                     ; out              ;
; |BaiTap|Datapath:inst|AU1:inst|Register4x8:inst1|register:inst1|RFC:inst10|inst                      ; |BaiTap|Datapath:inst|AU1:inst|Register4x8:inst1|register:inst1|RFC:inst10|inst                      ; regout           ;
; |BaiTap|Datapath:inst|AU1:inst|Register4x8:inst1|register:inst1|RFC:inst10|inst4                     ; |BaiTap|Datapath:inst|AU1:inst|Register4x8:inst1|register:inst1|RFC:inst10|inst4                     ; out0             ;
; |BaiTap|Datapath:inst|AU1:inst|Register4x8:inst1|register:inst1|RFC:inst10|inst3                     ; |BaiTap|Datapath:inst|AU1:inst|Register4x8:inst1|register:inst1|RFC:inst10|inst3                     ; out0             ;
; |BaiTap|Datapath:inst|AU1:inst|Register4x8:inst1|register:inst1|RFC:inst10|inst2                     ; |BaiTap|Datapath:inst|AU1:inst|Register4x8:inst1|register:inst1|RFC:inst10|inst2                     ; out0             ;
; |BaiTap|Datapath:inst|AU1:inst|Register4x8:inst1|register:inst1|RFC:inst6|inst1                      ; |BaiTap|Datapath:inst|AU1:inst|Register4x8:inst1|register:inst1|RFC:inst6|inst1                      ; out              ;
; |BaiTap|Datapath:inst|AU1:inst|Register4x8:inst1|register:inst1|RFC:inst6|inst                       ; |BaiTap|Datapath:inst|AU1:inst|Register4x8:inst1|register:inst1|RFC:inst6|inst                       ; regout           ;
; |BaiTap|Datapath:inst|AU1:inst|Register4x8:inst1|register:inst1|RFC:inst6|inst4                      ; |BaiTap|Datapath:inst|AU1:inst|Register4x8:inst1|register:inst1|RFC:inst6|inst4                      ; out0             ;
; |BaiTap|Datapath:inst|AU1:inst|Register4x8:inst1|register:inst1|RFC:inst6|inst3                      ; |BaiTap|Datapath:inst|AU1:inst|Register4x8:inst1|register:inst1|RFC:inst6|inst3                      ; out0             ;
; |BaiTap|Datapath:inst|AU1:inst|Register4x8:inst1|register:inst1|RFC:inst6|inst2                      ; |BaiTap|Datapath:inst|AU1:inst|Register4x8:inst1|register:inst1|RFC:inst6|inst2                      ; out0             ;
; |BaiTap|Datapath:inst|AU1:inst|Register4x8:inst1|register:inst1|RFC:inst17|inst1                     ; |BaiTap|Datapath:inst|AU1:inst|Register4x8:inst1|register:inst1|RFC:inst17|inst1                     ; out              ;
; |BaiTap|Datapath:inst|AU1:inst|Register4x8:inst1|register:inst1|RFC:inst17|inst                      ; |BaiTap|Datapath:inst|AU1:inst|Register4x8:inst1|register:inst1|RFC:inst17|inst                      ; regout           ;
; |BaiTap|Datapath:inst|AU1:inst|Register4x8:inst1|register:inst1|RFC:inst17|inst4                     ; |BaiTap|Datapath:inst|AU1:inst|Register4x8:inst1|register:inst1|RFC:inst17|inst4                     ; out0             ;
; |BaiTap|Datapath:inst|AU1:inst|Register4x8:inst1|register:inst1|RFC:inst17|inst3                     ; |BaiTap|Datapath:inst|AU1:inst|Register4x8:inst1|register:inst1|RFC:inst17|inst3                     ; out0             ;
; |BaiTap|Datapath:inst|AU1:inst|Register4x8:inst1|register:inst1|RFC:inst17|inst2                     ; |BaiTap|Datapath:inst|AU1:inst|Register4x8:inst1|register:inst1|RFC:inst17|inst2                     ; out0             ;
; |BaiTap|Datapath:inst|AU1:inst|Register4x8:inst1|register:inst1|RFC:inst13|inst1                     ; |BaiTap|Datapath:inst|AU1:inst|Register4x8:inst1|register:inst1|RFC:inst13|inst1                     ; out              ;
; |BaiTap|Datapath:inst|AU1:inst|Register4x8:inst1|register:inst1|RFC:inst13|inst                      ; |BaiTap|Datapath:inst|AU1:inst|Register4x8:inst1|register:inst1|RFC:inst13|inst                      ; regout           ;
; |BaiTap|Datapath:inst|AU1:inst|Register4x8:inst1|register:inst1|RFC:inst13|inst4                     ; |BaiTap|Datapath:inst|AU1:inst|Register4x8:inst1|register:inst1|RFC:inst13|inst4                     ; out0             ;
; |BaiTap|Datapath:inst|AU1:inst|Register4x8:inst1|register:inst1|RFC:inst13|inst3                     ; |BaiTap|Datapath:inst|AU1:inst|Register4x8:inst1|register:inst1|RFC:inst13|inst3                     ; out0             ;
; |BaiTap|Datapath:inst|AU1:inst|Register4x8:inst1|register:inst1|RFC:inst13|inst2                     ; |BaiTap|Datapath:inst|AU1:inst|Register4x8:inst1|register:inst1|RFC:inst13|inst2                     ; out0             ;
; |BaiTap|Datapath:inst|AU1:inst|Register4x8:inst1|register:inst1|RFC:inst9|inst1                      ; |BaiTap|Datapath:inst|AU1:inst|Register4x8:inst1|register:inst1|RFC:inst9|inst1                      ; out              ;
; |BaiTap|Datapath:inst|AU1:inst|Register4x8:inst1|register:inst1|RFC:inst9|inst                       ; |BaiTap|Datapath:inst|AU1:inst|Register4x8:inst1|register:inst1|RFC:inst9|inst                       ; regout           ;
; |BaiTap|Datapath:inst|AU1:inst|Register4x8:inst1|register:inst1|RFC:inst9|inst4                      ; |BaiTap|Datapath:inst|AU1:inst|Register4x8:inst1|register:inst1|RFC:inst9|inst4                      ; out0             ;
; |BaiTap|Datapath:inst|AU1:inst|Register4x8:inst1|register:inst1|RFC:inst9|inst3                      ; |BaiTap|Datapath:inst|AU1:inst|Register4x8:inst1|register:inst1|RFC:inst9|inst3                      ; out0             ;
; |BaiTap|Datapath:inst|AU1:inst|Register4x8:inst1|register:inst1|RFC:inst9|inst2                      ; |BaiTap|Datapath:inst|AU1:inst|Register4x8:inst1|register:inst1|RFC:inst9|inst2                      ; out0             ;
; |BaiTap|Datapath:inst|AU1:inst|Register4x8:inst1|register:inst1|RFC:inst8|inst1                      ; |BaiTap|Datapath:inst|AU1:inst|Register4x8:inst1|register:inst1|RFC:inst8|inst1                      ; out              ;
; |BaiTap|Datapath:inst|AU1:inst|Register4x8:inst1|register:inst1|RFC:inst8|inst                       ; |BaiTap|Datapath:inst|AU1:inst|Register4x8:inst1|register:inst1|RFC:inst8|inst                       ; regout           ;
; |BaiTap|Datapath:inst|AU1:inst|Register4x8:inst1|register:inst1|RFC:inst8|inst4                      ; |BaiTap|Datapath:inst|AU1:inst|Register4x8:inst1|register:inst1|RFC:inst8|inst4                      ; out0             ;
; |BaiTap|Datapath:inst|AU1:inst|Register4x8:inst1|register:inst1|RFC:inst8|inst3                      ; |BaiTap|Datapath:inst|AU1:inst|Register4x8:inst1|register:inst1|RFC:inst8|inst3                      ; out0             ;
; |BaiTap|Datapath:inst|AU1:inst|Register4x8:inst1|register:inst1|RFC:inst8|inst2                      ; |BaiTap|Datapath:inst|AU1:inst|Register4x8:inst1|register:inst1|RFC:inst8|inst2                      ; out0             ;
; |BaiTap|Datapath:inst|AU1:inst|Register4x8:inst1|register:inst1|RFC:inst12|inst1                     ; |BaiTap|Datapath:inst|AU1:inst|Register4x8:inst1|register:inst1|RFC:inst12|inst1                     ; out              ;
; |BaiTap|Datapath:inst|AU1:inst|Register4x8:inst1|register:inst1|RFC:inst12|inst                      ; |BaiTap|Datapath:inst|AU1:inst|Register4x8:inst1|register:inst1|RFC:inst12|inst                      ; regout           ;
; |BaiTap|Datapath:inst|AU1:inst|Register4x8:inst1|register:inst1|RFC:inst12|inst4                     ; |BaiTap|Datapath:inst|AU1:inst|Register4x8:inst1|register:inst1|RFC:inst12|inst4                     ; out0             ;
; |BaiTap|Datapath:inst|AU1:inst|Register4x8:inst1|register:inst1|RFC:inst12|inst3                     ; |BaiTap|Datapath:inst|AU1:inst|Register4x8:inst1|register:inst1|RFC:inst12|inst3                     ; out0             ;
; |BaiTap|Datapath:inst|AU1:inst|Register4x8:inst1|register:inst1|RFC:inst12|inst2                     ; |BaiTap|Datapath:inst|AU1:inst|Register4x8:inst1|register:inst1|RFC:inst12|inst2                     ; out0             ;
; |BaiTap|Datapath:inst|AU1:inst|Register4x8:inst1|register:inst1|RFC:inst16|inst1                     ; |BaiTap|Datapath:inst|AU1:inst|Register4x8:inst1|register:inst1|RFC:inst16|inst1                     ; out              ;
; |BaiTap|Datapath:inst|AU1:inst|Register4x8:inst1|register:inst1|RFC:inst16|inst                      ; |BaiTap|Datapath:inst|AU1:inst|Register4x8:inst1|register:inst1|RFC:inst16|inst                      ; regout           ;
; |BaiTap|Datapath:inst|AU1:inst|Register4x8:inst1|register:inst1|RFC:inst16|inst4                     ; |BaiTap|Datapath:inst|AU1:inst|Register4x8:inst1|register:inst1|RFC:inst16|inst4                     ; out0             ;
; |BaiTap|Datapath:inst|AU1:inst|Register4x8:inst1|register:inst1|RFC:inst16|inst3                     ; |BaiTap|Datapath:inst|AU1:inst|Register4x8:inst1|register:inst1|RFC:inst16|inst3                     ; out0             ;
; |BaiTap|Datapath:inst|AU1:inst|Register4x8:inst1|register:inst1|RFC:inst16|inst2                     ; |BaiTap|Datapath:inst|AU1:inst|Register4x8:inst1|register:inst1|RFC:inst16|inst2                     ; out0             ;
; |BaiTap|Datapath:inst|AU1:inst|Register4x8:inst1|register:inst1|RFC:inst4|inst1                      ; |BaiTap|Datapath:inst|AU1:inst|Register4x8:inst1|register:inst1|RFC:inst4|inst1                      ; out              ;
; |BaiTap|Datapath:inst|AU1:inst|Register4x8:inst1|register:inst1|RFC:inst4|inst                       ; |BaiTap|Datapath:inst|AU1:inst|Register4x8:inst1|register:inst1|RFC:inst4|inst                       ; regout           ;
; |BaiTap|Datapath:inst|AU1:inst|Register4x8:inst1|register:inst1|RFC:inst4|inst4                      ; |BaiTap|Datapath:inst|AU1:inst|Register4x8:inst1|register:inst1|RFC:inst4|inst4                      ; out0             ;
; |BaiTap|Datapath:inst|AU1:inst|Register4x8:inst1|register:inst1|RFC:inst4|inst3                      ; |BaiTap|Datapath:inst|AU1:inst|Register4x8:inst1|register:inst1|RFC:inst4|inst3                      ; out0             ;
; |BaiTap|Datapath:inst|AU1:inst|Register4x8:inst1|register:inst1|RFC:inst4|inst2                      ; |BaiTap|Datapath:inst|AU1:inst|Register4x8:inst1|register:inst1|RFC:inst4|inst2                      ; out0             ;
; |BaiTap|Datapath:inst|AU1:inst|Register4x8:inst1|register:inst1|RFC:inst15|inst1                     ; |BaiTap|Datapath:inst|AU1:inst|Register4x8:inst1|register:inst1|RFC:inst15|inst1                     ; out              ;
; |BaiTap|Datapath:inst|AU1:inst|Register4x8:inst1|register:inst1|RFC:inst15|inst                      ; |BaiTap|Datapath:inst|AU1:inst|Register4x8:inst1|register:inst1|RFC:inst15|inst                      ; regout           ;
; |BaiTap|Datapath:inst|AU1:inst|Register4x8:inst1|register:inst1|RFC:inst15|inst4                     ; |BaiTap|Datapath:inst|AU1:inst|Register4x8:inst1|register:inst1|RFC:inst15|inst4                     ; out0             ;
; |BaiTap|Datapath:inst|AU1:inst|Register4x8:inst1|register:inst1|RFC:inst15|inst3                     ; |BaiTap|Datapath:inst|AU1:inst|Register4x8:inst1|register:inst1|RFC:inst15|inst3                     ; out0             ;
; |BaiTap|Datapath:inst|AU1:inst|Register4x8:inst1|register:inst1|RFC:inst15|inst2                     ; |BaiTap|Datapath:inst|AU1:inst|Register4x8:inst1|register:inst1|RFC:inst15|inst2                     ; out0             ;
; |BaiTap|Datapath:inst|AU1:inst|Register4x8:inst1|register:inst1|RFC:inst11|inst1                     ; |BaiTap|Datapath:inst|AU1:inst|Register4x8:inst1|register:inst1|RFC:inst11|inst1                     ; out              ;
; |BaiTap|Datapath:inst|AU1:inst|Register4x8:inst1|register:inst1|RFC:inst11|inst                      ; |BaiTap|Datapath:inst|AU1:inst|Register4x8:inst1|register:inst1|RFC:inst11|inst                      ; regout           ;
; |BaiTap|Datapath:inst|AU1:inst|Register4x8:inst1|register:inst1|RFC:inst11|inst4                     ; |BaiTap|Datapath:inst|AU1:inst|Register4x8:inst1|register:inst1|RFC:inst11|inst4                     ; out0             ;
; |BaiTap|Datapath:inst|AU1:inst|Register4x8:inst1|register:inst1|RFC:inst11|inst3                     ; |BaiTap|Datapath:inst|AU1:inst|Register4x8:inst1|register:inst1|RFC:inst11|inst3                     ; out0             ;
; |BaiTap|Datapath:inst|AU1:inst|Register4x8:inst1|register:inst1|RFC:inst11|inst2                     ; |BaiTap|Datapath:inst|AU1:inst|Register4x8:inst1|register:inst1|RFC:inst11|inst2                     ; out0             ;
; |BaiTap|Datapath:inst|AU1:inst|Register4x8:inst1|register:inst1|RFC:inst7|inst1                      ; |BaiTap|Datapath:inst|AU1:inst|Register4x8:inst1|register:inst1|RFC:inst7|inst1                      ; out              ;
; |BaiTap|Datapath:inst|AU1:inst|Register4x8:inst1|register:inst1|RFC:inst7|inst                       ; |BaiTap|Datapath:inst|AU1:inst|Register4x8:inst1|register:inst1|RFC:inst7|inst                       ; regout           ;
; |BaiTap|Datapath:inst|AU1:inst|Register4x8:inst1|register:inst1|RFC:inst7|inst4                      ; |BaiTap|Datapath:inst|AU1:inst|Register4x8:inst1|register:inst1|RFC:inst7|inst4                      ; out0             ;
; |BaiTap|Datapath:inst|AU1:inst|Register4x8:inst1|register:inst1|RFC:inst7|inst3                      ; |BaiTap|Datapath:inst|AU1:inst|Register4x8:inst1|register:inst1|RFC:inst7|inst3                      ; out0             ;
; |BaiTap|Datapath:inst|AU1:inst|Register4x8:inst1|register:inst1|RFC:inst7|inst2                      ; |BaiTap|Datapath:inst|AU1:inst|Register4x8:inst1|register:inst1|RFC:inst7|inst2                      ; out0             ;
; |BaiTap|Datapath:inst|AU1:inst|Register4x8:inst1|register:inst|A[3]                                  ; |BaiTap|Datapath:inst|AU1:inst|Register4x8:inst1|register:inst|A[3]                                  ; out0             ;
; |BaiTap|Datapath:inst|AU1:inst|Register4x8:inst1|register:inst|A[2]                                  ; |BaiTap|Datapath:inst|AU1:inst|Register4x8:inst1|register:inst|A[2]                                  ; out0             ;
; |BaiTap|Datapath:inst|AU1:inst|Register4x8:inst1|register:inst|A[1]                                  ; |BaiTap|Datapath:inst|AU1:inst|Register4x8:inst1|register:inst|A[1]                                  ; out0             ;
; |BaiTap|Datapath:inst|AU1:inst|Register4x8:inst1|register:inst|RFC:inst18|inst1                      ; |BaiTap|Datapath:inst|AU1:inst|Register4x8:inst1|register:inst|RFC:inst18|inst1                      ; out              ;
; |BaiTap|Datapath:inst|AU1:inst|Register4x8:inst1|register:inst|RFC:inst18|inst                       ; |BaiTap|Datapath:inst|AU1:inst|Register4x8:inst1|register:inst|RFC:inst18|inst                       ; regout           ;
; |BaiTap|Datapath:inst|AU1:inst|Register4x8:inst1|register:inst|RFC:inst18|inst4                      ; |BaiTap|Datapath:inst|AU1:inst|Register4x8:inst1|register:inst|RFC:inst18|inst4                      ; out0             ;
; |BaiTap|Datapath:inst|AU1:inst|Register4x8:inst1|register:inst|RFC:inst18|inst3                      ; |BaiTap|Datapath:inst|AU1:inst|Register4x8:inst1|register:inst|RFC:inst18|inst3                      ; out0             ;
; |BaiTap|Datapath:inst|AU1:inst|Register4x8:inst1|register:inst|RFC:inst18|inst2                      ; |BaiTap|Datapath:inst|AU1:inst|Register4x8:inst1|register:inst|RFC:inst18|inst2                      ; out0             ;
; |BaiTap|Datapath:inst|AU1:inst|Register4x8:inst1|register:inst|RFC:inst17|inst1                      ; |BaiTap|Datapath:inst|AU1:inst|Register4x8:inst1|register:inst|RFC:inst17|inst1                      ; out              ;
; |BaiTap|Datapath:inst|AU1:inst|Register4x8:inst1|register:inst|RFC:inst17|inst                       ; |BaiTap|Datapath:inst|AU1:inst|Register4x8:inst1|register:inst|RFC:inst17|inst                       ; regout           ;
; |BaiTap|Datapath:inst|AU1:inst|Register4x8:inst1|register:inst|RFC:inst17|inst4                      ; |BaiTap|Datapath:inst|AU1:inst|Register4x8:inst1|register:inst|RFC:inst17|inst4                      ; out0             ;
; |BaiTap|Datapath:inst|AU1:inst|Register4x8:inst1|register:inst|RFC:inst17|inst3                      ; |BaiTap|Datapath:inst|AU1:inst|Register4x8:inst1|register:inst|RFC:inst17|inst3                      ; out0             ;
; |BaiTap|Datapath:inst|AU1:inst|Register4x8:inst1|register:inst|RFC:inst17|inst2                      ; |BaiTap|Datapath:inst|AU1:inst|Register4x8:inst1|register:inst|RFC:inst17|inst2                      ; out0             ;
; |BaiTap|Datapath:inst|AU1:inst|Register4x8:inst1|register:inst|RFC:inst13|inst1                      ; |BaiTap|Datapath:inst|AU1:inst|Register4x8:inst1|register:inst|RFC:inst13|inst1                      ; out              ;
; |BaiTap|Datapath:inst|AU1:inst|Register4x8:inst1|register:inst|RFC:inst13|inst                       ; |BaiTap|Datapath:inst|AU1:inst|Register4x8:inst1|register:inst|RFC:inst13|inst                       ; regout           ;
; |BaiTap|Datapath:inst|AU1:inst|Register4x8:inst1|register:inst|RFC:inst13|inst4                      ; |BaiTap|Datapath:inst|AU1:inst|Register4x8:inst1|register:inst|RFC:inst13|inst4                      ; out0             ;
; |BaiTap|Datapath:inst|AU1:inst|Register4x8:inst1|register:inst|RFC:inst13|inst3                      ; |BaiTap|Datapath:inst|AU1:inst|Register4x8:inst1|register:inst|RFC:inst13|inst3                      ; out0             ;
; |BaiTap|Datapath:inst|AU1:inst|Register4x8:inst1|register:inst|RFC:inst13|inst2                      ; |BaiTap|Datapath:inst|AU1:inst|Register4x8:inst1|register:inst|RFC:inst13|inst2                      ; out0             ;
; |BaiTap|Datapath:inst|AU1:inst|Register4x8:inst1|register:inst|RFC:inst9|inst1                       ; |BaiTap|Datapath:inst|AU1:inst|Register4x8:inst1|register:inst|RFC:inst9|inst1                       ; out              ;
; |BaiTap|Datapath:inst|AU1:inst|Register4x8:inst1|register:inst|RFC:inst9|inst                        ; |BaiTap|Datapath:inst|AU1:inst|Register4x8:inst1|register:inst|RFC:inst9|inst                        ; regout           ;
; |BaiTap|Datapath:inst|AU1:inst|Register4x8:inst1|register:inst|RFC:inst9|inst4                       ; |BaiTap|Datapath:inst|AU1:inst|Register4x8:inst1|register:inst|RFC:inst9|inst4                       ; out0             ;
; |BaiTap|Datapath:inst|AU1:inst|Register4x8:inst1|register:inst|RFC:inst9|inst3                       ; |BaiTap|Datapath:inst|AU1:inst|Register4x8:inst1|register:inst|RFC:inst9|inst3                       ; out0             ;
; |BaiTap|Datapath:inst|AU1:inst|Register4x8:inst1|register:inst|RFC:inst9|inst2                       ; |BaiTap|Datapath:inst|AU1:inst|Register4x8:inst1|register:inst|RFC:inst9|inst2                       ; out0             ;
; |BaiTap|Datapath:inst|AU1:inst|Register4x8:inst1|register:inst|RFC:inst5|inst1                       ; |BaiTap|Datapath:inst|AU1:inst|Register4x8:inst1|register:inst|RFC:inst5|inst1                       ; out              ;
; |BaiTap|Datapath:inst|AU1:inst|Register4x8:inst1|register:inst|RFC:inst5|inst                        ; |BaiTap|Datapath:inst|AU1:inst|Register4x8:inst1|register:inst|RFC:inst5|inst                        ; regout           ;
; |BaiTap|Datapath:inst|AU1:inst|Register4x8:inst1|register:inst|RFC:inst5|inst4                       ; |BaiTap|Datapath:inst|AU1:inst|Register4x8:inst1|register:inst|RFC:inst5|inst4                       ; out0             ;
; |BaiTap|Datapath:inst|AU1:inst|Register4x8:inst1|register:inst|RFC:inst5|inst3                       ; |BaiTap|Datapath:inst|AU1:inst|Register4x8:inst1|register:inst|RFC:inst5|inst3                       ; out0             ;
; |BaiTap|Datapath:inst|AU1:inst|Register4x8:inst1|register:inst|RFC:inst5|inst2                       ; |BaiTap|Datapath:inst|AU1:inst|Register4x8:inst1|register:inst|RFC:inst5|inst2                       ; out0             ;
; |BaiTap|Datapath:inst|AU1:inst|Register4x8:inst1|register:inst|RFC:inst8|inst1                       ; |BaiTap|Datapath:inst|AU1:inst|Register4x8:inst1|register:inst|RFC:inst8|inst1                       ; out              ;
; |BaiTap|Datapath:inst|AU1:inst|Register4x8:inst1|register:inst|RFC:inst8|inst                        ; |BaiTap|Datapath:inst|AU1:inst|Register4x8:inst1|register:inst|RFC:inst8|inst                        ; regout           ;
; |BaiTap|Datapath:inst|AU1:inst|Register4x8:inst1|register:inst|RFC:inst8|inst4                       ; |BaiTap|Datapath:inst|AU1:inst|Register4x8:inst1|register:inst|RFC:inst8|inst4                       ; out0             ;
; |BaiTap|Datapath:inst|AU1:inst|Register4x8:inst1|register:inst|RFC:inst8|inst3                       ; |BaiTap|Datapath:inst|AU1:inst|Register4x8:inst1|register:inst|RFC:inst8|inst3                       ; out0             ;
; |BaiTap|Datapath:inst|AU1:inst|Register4x8:inst1|register:inst|RFC:inst8|inst2                       ; |BaiTap|Datapath:inst|AU1:inst|Register4x8:inst1|register:inst|RFC:inst8|inst2                       ; out0             ;
; |BaiTap|Datapath:inst|AU1:inst|Register4x8:inst1|register:inst|RFC:inst12|inst1                      ; |BaiTap|Datapath:inst|AU1:inst|Register4x8:inst1|register:inst|RFC:inst12|inst1                      ; out              ;
; |BaiTap|Datapath:inst|AU1:inst|Register4x8:inst1|register:inst|RFC:inst12|inst                       ; |BaiTap|Datapath:inst|AU1:inst|Register4x8:inst1|register:inst|RFC:inst12|inst                       ; regout           ;
; |BaiTap|Datapath:inst|AU1:inst|Register4x8:inst1|register:inst|RFC:inst12|inst4                      ; |BaiTap|Datapath:inst|AU1:inst|Register4x8:inst1|register:inst|RFC:inst12|inst4                      ; out0             ;
; |BaiTap|Datapath:inst|AU1:inst|Register4x8:inst1|register:inst|RFC:inst12|inst3                      ; |BaiTap|Datapath:inst|AU1:inst|Register4x8:inst1|register:inst|RFC:inst12|inst3                      ; out0             ;
; |BaiTap|Datapath:inst|AU1:inst|Register4x8:inst1|register:inst|RFC:inst12|inst2                      ; |BaiTap|Datapath:inst|AU1:inst|Register4x8:inst1|register:inst|RFC:inst12|inst2                      ; out0             ;
; |BaiTap|Datapath:inst|AU1:inst|Register4x8:inst1|register:inst|RFC:inst16|inst1                      ; |BaiTap|Datapath:inst|AU1:inst|Register4x8:inst1|register:inst|RFC:inst16|inst1                      ; out              ;
; |BaiTap|Datapath:inst|AU1:inst|Register4x8:inst1|register:inst|RFC:inst16|inst                       ; |BaiTap|Datapath:inst|AU1:inst|Register4x8:inst1|register:inst|RFC:inst16|inst                       ; regout           ;
; |BaiTap|Datapath:inst|AU1:inst|Register4x8:inst1|register:inst|RFC:inst16|inst4                      ; |BaiTap|Datapath:inst|AU1:inst|Register4x8:inst1|register:inst|RFC:inst16|inst4                      ; out0             ;
; |BaiTap|Datapath:inst|AU1:inst|Register4x8:inst1|register:inst|RFC:inst16|inst3                      ; |BaiTap|Datapath:inst|AU1:inst|Register4x8:inst1|register:inst|RFC:inst16|inst3                      ; out0             ;
; |BaiTap|Datapath:inst|AU1:inst|Register4x8:inst1|register:inst|RFC:inst16|inst2                      ; |BaiTap|Datapath:inst|AU1:inst|Register4x8:inst1|register:inst|RFC:inst16|inst2                      ; out0             ;
; |BaiTap|Datapath:inst|AU1:inst|Register4x8:inst1|register:inst|RFC:inst4|inst1                       ; |BaiTap|Datapath:inst|AU1:inst|Register4x8:inst1|register:inst|RFC:inst4|inst1                       ; out              ;
; |BaiTap|Datapath:inst|AU1:inst|Register4x8:inst1|register:inst|RFC:inst4|inst                        ; |BaiTap|Datapath:inst|AU1:inst|Register4x8:inst1|register:inst|RFC:inst4|inst                        ; regout           ;
; |BaiTap|Datapath:inst|AU1:inst|Register4x8:inst1|register:inst|RFC:inst4|inst4                       ; |BaiTap|Datapath:inst|AU1:inst|Register4x8:inst1|register:inst|RFC:inst4|inst4                       ; out0             ;
; |BaiTap|Datapath:inst|AU1:inst|Register4x8:inst1|register:inst|RFC:inst4|inst3                       ; |BaiTap|Datapath:inst|AU1:inst|Register4x8:inst1|register:inst|RFC:inst4|inst3                       ; out0             ;
; |BaiTap|Datapath:inst|AU1:inst|Register4x8:inst1|register:inst|RFC:inst4|inst2                       ; |BaiTap|Datapath:inst|AU1:inst|Register4x8:inst1|register:inst|RFC:inst4|inst2                       ; out0             ;
; |BaiTap|Datapath:inst|AU1:inst|Register4x8:inst1|register:inst|RFC:inst15|inst1                      ; |BaiTap|Datapath:inst|AU1:inst|Register4x8:inst1|register:inst|RFC:inst15|inst1                      ; out              ;
; |BaiTap|Datapath:inst|AU1:inst|Register4x8:inst1|register:inst|RFC:inst15|inst                       ; |BaiTap|Datapath:inst|AU1:inst|Register4x8:inst1|register:inst|RFC:inst15|inst                       ; regout           ;
; |BaiTap|Datapath:inst|AU1:inst|Register4x8:inst1|register:inst|RFC:inst15|inst4                      ; |BaiTap|Datapath:inst|AU1:inst|Register4x8:inst1|register:inst|RFC:inst15|inst4                      ; out0             ;
; |BaiTap|Datapath:inst|AU1:inst|Register4x8:inst1|register:inst|RFC:inst15|inst3                      ; |BaiTap|Datapath:inst|AU1:inst|Register4x8:inst1|register:inst|RFC:inst15|inst3                      ; out0             ;
; |BaiTap|Datapath:inst|AU1:inst|Register4x8:inst1|register:inst|RFC:inst15|inst2                      ; |BaiTap|Datapath:inst|AU1:inst|Register4x8:inst1|register:inst|RFC:inst15|inst2                      ; out0             ;
; |BaiTap|Datapath:inst|AU1:inst|Register4x8:inst1|register:inst|RFC:inst11|inst1                      ; |BaiTap|Datapath:inst|AU1:inst|Register4x8:inst1|register:inst|RFC:inst11|inst1                      ; out              ;
; |BaiTap|Datapath:inst|AU1:inst|Register4x8:inst1|register:inst|RFC:inst11|inst                       ; |BaiTap|Datapath:inst|AU1:inst|Register4x8:inst1|register:inst|RFC:inst11|inst                       ; regout           ;
; |BaiTap|Datapath:inst|AU1:inst|Register4x8:inst1|register:inst|RFC:inst11|inst4                      ; |BaiTap|Datapath:inst|AU1:inst|Register4x8:inst1|register:inst|RFC:inst11|inst4                      ; out0             ;
; |BaiTap|Datapath:inst|AU1:inst|Register4x8:inst1|register:inst|RFC:inst11|inst3                      ; |BaiTap|Datapath:inst|AU1:inst|Register4x8:inst1|register:inst|RFC:inst11|inst3                      ; out0             ;
; |BaiTap|Datapath:inst|AU1:inst|Register4x8:inst1|register:inst|RFC:inst11|inst2                      ; |BaiTap|Datapath:inst|AU1:inst|Register4x8:inst1|register:inst|RFC:inst11|inst2                      ; out0             ;
; |BaiTap|Datapath:inst|AU1:inst|Register4x8:inst1|register:inst|RFC:inst7|inst1                       ; |BaiTap|Datapath:inst|AU1:inst|Register4x8:inst1|register:inst|RFC:inst7|inst1                       ; out              ;
; |BaiTap|Datapath:inst|AU1:inst|Register4x8:inst1|register:inst|RFC:inst7|inst                        ; |BaiTap|Datapath:inst|AU1:inst|Register4x8:inst1|register:inst|RFC:inst7|inst                        ; regout           ;
; |BaiTap|Datapath:inst|AU1:inst|Register4x8:inst1|register:inst|RFC:inst7|inst4                       ; |BaiTap|Datapath:inst|AU1:inst|Register4x8:inst1|register:inst|RFC:inst7|inst4                       ; out0             ;
; |BaiTap|Datapath:inst|AU1:inst|Register4x8:inst1|register:inst|RFC:inst7|inst3                       ; |BaiTap|Datapath:inst|AU1:inst|Register4x8:inst1|register:inst|RFC:inst7|inst3                       ; out0             ;
; |BaiTap|Datapath:inst|AU1:inst|Register4x8:inst1|register:inst|RFC:inst7|inst2                       ; |BaiTap|Datapath:inst|AU1:inst|Register4x8:inst1|register:inst|RFC:inst7|inst2                       ; out0             ;
; |BaiTap|Datapath:inst|AU1:inst|Register4x8:inst1|register:inst|RFC:inst3|inst1                       ; |BaiTap|Datapath:inst|AU1:inst|Register4x8:inst1|register:inst|RFC:inst3|inst1                       ; out              ;
; |BaiTap|Datapath:inst|AU1:inst|Register4x8:inst1|register:inst|RFC:inst3|inst                        ; |BaiTap|Datapath:inst|AU1:inst|Register4x8:inst1|register:inst|RFC:inst3|inst                        ; regout           ;
; |BaiTap|Datapath:inst|AU1:inst|Register4x8:inst1|register:inst|RFC:inst3|inst4                       ; |BaiTap|Datapath:inst|AU1:inst|Register4x8:inst1|register:inst|RFC:inst3|inst4                       ; out0             ;
; |BaiTap|Datapath:inst|AU1:inst|Register4x8:inst1|register:inst|RFC:inst3|inst3                       ; |BaiTap|Datapath:inst|AU1:inst|Register4x8:inst1|register:inst|RFC:inst3|inst3                       ; out0             ;
; |BaiTap|Datapath:inst|AU1:inst|Register4x8:inst1|register:inst|RFC:inst3|inst2                       ; |BaiTap|Datapath:inst|AU1:inst|Register4x8:inst1|register:inst|RFC:inst3|inst2                       ; out0             ;
; |BaiTap|Datapath:inst|Register2x8:inst2|OA[7]                                                        ; |BaiTap|Datapath:inst|Register2x8:inst2|OA[7]                                                        ; out0             ;
; |BaiTap|Datapath:inst|Register2x8:inst2|OA[5]                                                        ; |BaiTap|Datapath:inst|Register2x8:inst2|OA[5]                                                        ; out0             ;
; |BaiTap|Datapath:inst|Register2x8:inst2|OA[2]                                                        ; |BaiTap|Datapath:inst|Register2x8:inst2|OA[2]                                                        ; out0             ;
; |BaiTap|Datapath:inst|Register2x8:inst2|OA[0]                                                        ; |BaiTap|Datapath:inst|Register2x8:inst2|OA[0]                                                        ; out0             ;
; |BaiTap|Datapath:inst|Register2x8:inst2|OA[6]                                                        ; |BaiTap|Datapath:inst|Register2x8:inst2|OA[6]                                                        ; out0             ;
; |BaiTap|Datapath:inst|Register2x8:inst2|OA[3]                                                        ; |BaiTap|Datapath:inst|Register2x8:inst2|OA[3]                                                        ; out0             ;
; |BaiTap|Datapath:inst|Register2x8:inst2|OA[1]                                                        ; |BaiTap|Datapath:inst|Register2x8:inst2|OA[1]                                                        ; out0             ;
; |BaiTap|Datapath:inst|Register2x8:inst2|RFC:inst17|inst1                                             ; |BaiTap|Datapath:inst|Register2x8:inst2|RFC:inst17|inst1                                             ; out              ;
; |BaiTap|Datapath:inst|Register2x8:inst2|RFC:inst17|inst                                              ; |BaiTap|Datapath:inst|Register2x8:inst2|RFC:inst17|inst                                              ; regout           ;
; |BaiTap|Datapath:inst|Register2x8:inst2|RFC:inst17|inst4                                             ; |BaiTap|Datapath:inst|Register2x8:inst2|RFC:inst17|inst4                                             ; out0             ;
; |BaiTap|Datapath:inst|Register2x8:inst2|RFC:inst17|inst3                                             ; |BaiTap|Datapath:inst|Register2x8:inst2|RFC:inst17|inst3                                             ; out0             ;
; |BaiTap|Datapath:inst|Register2x8:inst2|RFC:inst17|inst2                                             ; |BaiTap|Datapath:inst|Register2x8:inst2|RFC:inst17|inst2                                             ; out0             ;
; |BaiTap|Datapath:inst|Register2x8:inst2|RFC:inst15|inst1                                             ; |BaiTap|Datapath:inst|Register2x8:inst2|RFC:inst15|inst1                                             ; out              ;
; |BaiTap|Datapath:inst|Register2x8:inst2|RFC:inst15|inst                                              ; |BaiTap|Datapath:inst|Register2x8:inst2|RFC:inst15|inst                                              ; regout           ;
; |BaiTap|Datapath:inst|Register2x8:inst2|RFC:inst15|inst4                                             ; |BaiTap|Datapath:inst|Register2x8:inst2|RFC:inst15|inst4                                             ; out0             ;
; |BaiTap|Datapath:inst|Register2x8:inst2|RFC:inst15|inst3                                             ; |BaiTap|Datapath:inst|Register2x8:inst2|RFC:inst15|inst3                                             ; out0             ;
; |BaiTap|Datapath:inst|Register2x8:inst2|RFC:inst15|inst2                                             ; |BaiTap|Datapath:inst|Register2x8:inst2|RFC:inst15|inst2                                             ; out0             ;
; |BaiTap|Datapath:inst|Register2x8:inst2|RFC:inst13|inst1                                             ; |BaiTap|Datapath:inst|Register2x8:inst2|RFC:inst13|inst1                                             ; out              ;
; |BaiTap|Datapath:inst|Register2x8:inst2|RFC:inst13|inst                                              ; |BaiTap|Datapath:inst|Register2x8:inst2|RFC:inst13|inst                                              ; regout           ;
; |BaiTap|Datapath:inst|Register2x8:inst2|RFC:inst13|inst4                                             ; |BaiTap|Datapath:inst|Register2x8:inst2|RFC:inst13|inst4                                             ; out0             ;
; |BaiTap|Datapath:inst|Register2x8:inst2|RFC:inst13|inst3                                             ; |BaiTap|Datapath:inst|Register2x8:inst2|RFC:inst13|inst3                                             ; out0             ;
; |BaiTap|Datapath:inst|Register2x8:inst2|RFC:inst13|inst2                                             ; |BaiTap|Datapath:inst|Register2x8:inst2|RFC:inst13|inst2                                             ; out0             ;
; |BaiTap|Datapath:inst|Register2x8:inst2|RFC:inst11|inst1                                             ; |BaiTap|Datapath:inst|Register2x8:inst2|RFC:inst11|inst1                                             ; out              ;
; |BaiTap|Datapath:inst|Register2x8:inst2|RFC:inst11|inst                                              ; |BaiTap|Datapath:inst|Register2x8:inst2|RFC:inst11|inst                                              ; regout           ;
; |BaiTap|Datapath:inst|Register2x8:inst2|RFC:inst11|inst4                                             ; |BaiTap|Datapath:inst|Register2x8:inst2|RFC:inst11|inst4                                             ; out0             ;
; |BaiTap|Datapath:inst|Register2x8:inst2|RFC:inst11|inst3                                             ; |BaiTap|Datapath:inst|Register2x8:inst2|RFC:inst11|inst3                                             ; out0             ;
; |BaiTap|Datapath:inst|Register2x8:inst2|RFC:inst11|inst2                                             ; |BaiTap|Datapath:inst|Register2x8:inst2|RFC:inst11|inst2                                             ; out0             ;
; |BaiTap|Datapath:inst|Register2x8:inst2|RFC:inst8|inst1                                              ; |BaiTap|Datapath:inst|Register2x8:inst2|RFC:inst8|inst1                                              ; out              ;
; |BaiTap|Datapath:inst|Register2x8:inst2|RFC:inst8|inst                                               ; |BaiTap|Datapath:inst|Register2x8:inst2|RFC:inst8|inst                                               ; regout           ;
; |BaiTap|Datapath:inst|Register2x8:inst2|RFC:inst8|inst4                                              ; |BaiTap|Datapath:inst|Register2x8:inst2|RFC:inst8|inst4                                              ; out0             ;
; |BaiTap|Datapath:inst|Register2x8:inst2|RFC:inst8|inst3                                              ; |BaiTap|Datapath:inst|Register2x8:inst2|RFC:inst8|inst3                                              ; out0             ;
; |BaiTap|Datapath:inst|Register2x8:inst2|RFC:inst8|inst2                                              ; |BaiTap|Datapath:inst|Register2x8:inst2|RFC:inst8|inst2                                              ; out0             ;
; |BaiTap|Datapath:inst|Register2x8:inst2|RFC:inst4|inst1                                              ; |BaiTap|Datapath:inst|Register2x8:inst2|RFC:inst4|inst1                                              ; out              ;
; |BaiTap|Datapath:inst|Register2x8:inst2|RFC:inst4|inst                                               ; |BaiTap|Datapath:inst|Register2x8:inst2|RFC:inst4|inst                                               ; regout           ;
; |BaiTap|Datapath:inst|Register2x8:inst2|RFC:inst4|inst4                                              ; |BaiTap|Datapath:inst|Register2x8:inst2|RFC:inst4|inst4                                              ; out0             ;
; |BaiTap|Datapath:inst|Register2x8:inst2|RFC:inst4|inst3                                              ; |BaiTap|Datapath:inst|Register2x8:inst2|RFC:inst4|inst3                                              ; out0             ;
; |BaiTap|Datapath:inst|Register2x8:inst2|RFC:inst4|inst2                                              ; |BaiTap|Datapath:inst|Register2x8:inst2|RFC:inst4|inst2                                              ; out0             ;
; |BaiTap|Datapath:inst|Register2x8:inst2|RFC:inst18|inst1                                             ; |BaiTap|Datapath:inst|Register2x8:inst2|RFC:inst18|inst1                                             ; out              ;
; |BaiTap|Datapath:inst|Register2x8:inst2|RFC:inst18|inst                                              ; |BaiTap|Datapath:inst|Register2x8:inst2|RFC:inst18|inst                                              ; regout           ;
; |BaiTap|Datapath:inst|Register2x8:inst2|RFC:inst18|inst4                                             ; |BaiTap|Datapath:inst|Register2x8:inst2|RFC:inst18|inst4                                             ; out0             ;
; |BaiTap|Datapath:inst|Register2x8:inst2|RFC:inst18|inst3                                             ; |BaiTap|Datapath:inst|Register2x8:inst2|RFC:inst18|inst3                                             ; out0             ;
; |BaiTap|Datapath:inst|Register2x8:inst2|RFC:inst18|inst2                                             ; |BaiTap|Datapath:inst|Register2x8:inst2|RFC:inst18|inst2                                             ; out0             ;
; |BaiTap|Datapath:inst|Register2x8:inst2|RFC:inst16|inst1                                             ; |BaiTap|Datapath:inst|Register2x8:inst2|RFC:inst16|inst1                                             ; out              ;
; |BaiTap|Datapath:inst|Register2x8:inst2|RFC:inst16|inst                                              ; |BaiTap|Datapath:inst|Register2x8:inst2|RFC:inst16|inst                                              ; regout           ;
; |BaiTap|Datapath:inst|Register2x8:inst2|RFC:inst16|inst4                                             ; |BaiTap|Datapath:inst|Register2x8:inst2|RFC:inst16|inst4                                             ; out0             ;
; |BaiTap|Datapath:inst|Register2x8:inst2|RFC:inst16|inst3                                             ; |BaiTap|Datapath:inst|Register2x8:inst2|RFC:inst16|inst3                                             ; out0             ;
; |BaiTap|Datapath:inst|Register2x8:inst2|RFC:inst16|inst2                                             ; |BaiTap|Datapath:inst|Register2x8:inst2|RFC:inst16|inst2                                             ; out0             ;
; |BaiTap|Datapath:inst|Register2x8:inst2|RFC:inst14|inst1                                             ; |BaiTap|Datapath:inst|Register2x8:inst2|RFC:inst14|inst1                                             ; out              ;
; |BaiTap|Datapath:inst|Register2x8:inst2|RFC:inst14|inst                                              ; |BaiTap|Datapath:inst|Register2x8:inst2|RFC:inst14|inst                                              ; regout           ;
; |BaiTap|Datapath:inst|Register2x8:inst2|RFC:inst14|inst4                                             ; |BaiTap|Datapath:inst|Register2x8:inst2|RFC:inst14|inst4                                             ; out0             ;
; |BaiTap|Datapath:inst|Register2x8:inst2|RFC:inst14|inst3                                             ; |BaiTap|Datapath:inst|Register2x8:inst2|RFC:inst14|inst3                                             ; out0             ;
; |BaiTap|Datapath:inst|Register2x8:inst2|RFC:inst14|inst2                                             ; |BaiTap|Datapath:inst|Register2x8:inst2|RFC:inst14|inst2                                             ; out0             ;
; |BaiTap|Datapath:inst|Register2x8:inst2|RFC:inst12|inst1                                             ; |BaiTap|Datapath:inst|Register2x8:inst2|RFC:inst12|inst1                                             ; out              ;
; |BaiTap|Datapath:inst|Register2x8:inst2|RFC:inst12|inst                                              ; |BaiTap|Datapath:inst|Register2x8:inst2|RFC:inst12|inst                                              ; regout           ;
; |BaiTap|Datapath:inst|Register2x8:inst2|RFC:inst12|inst4                                             ; |BaiTap|Datapath:inst|Register2x8:inst2|RFC:inst12|inst4                                             ; out0             ;
; |BaiTap|Datapath:inst|Register2x8:inst2|RFC:inst12|inst3                                             ; |BaiTap|Datapath:inst|Register2x8:inst2|RFC:inst12|inst3                                             ; out0             ;
; |BaiTap|Datapath:inst|Register2x8:inst2|RFC:inst12|inst2                                             ; |BaiTap|Datapath:inst|Register2x8:inst2|RFC:inst12|inst2                                             ; out0             ;
; |BaiTap|Datapath:inst|Register2x8:inst2|RFC:inst10|inst4                                             ; |BaiTap|Datapath:inst|Register2x8:inst2|RFC:inst10|inst4                                             ; out0             ;
; |BaiTap|Datapath:inst|Register2x8:inst2|RFC:inst10|inst3                                             ; |BaiTap|Datapath:inst|Register2x8:inst2|RFC:inst10|inst3                                             ; out0             ;
; |BaiTap|Datapath:inst|Register2x8:inst2|RFC:inst6|inst1                                              ; |BaiTap|Datapath:inst|Register2x8:inst2|RFC:inst6|inst1                                              ; out              ;
; |BaiTap|Datapath:inst|Register2x8:inst2|RFC:inst6|inst                                               ; |BaiTap|Datapath:inst|Register2x8:inst2|RFC:inst6|inst                                               ; regout           ;
; |BaiTap|Datapath:inst|Register2x8:inst2|RFC:inst6|inst2                                              ; |BaiTap|Datapath:inst|Register2x8:inst2|RFC:inst6|inst2                                              ; out0             ;
; |BaiTap|Datapath:inst|Register2x8:inst2|RFC:inst9|inst1                                              ; |BaiTap|Datapath:inst|Register2x8:inst2|RFC:inst9|inst1                                              ; out              ;
; |BaiTap|Datapath:inst|Register2x8:inst2|RFC:inst9|inst                                               ; |BaiTap|Datapath:inst|Register2x8:inst2|RFC:inst9|inst                                               ; regout           ;
; |BaiTap|Datapath:inst|Register2x8:inst2|RFC:inst9|inst4                                              ; |BaiTap|Datapath:inst|Register2x8:inst2|RFC:inst9|inst4                                              ; out0             ;
; |BaiTap|Datapath:inst|Register2x8:inst2|RFC:inst9|inst3                                              ; |BaiTap|Datapath:inst|Register2x8:inst2|RFC:inst9|inst3                                              ; out0             ;
; |BaiTap|Datapath:inst|Register2x8:inst2|RFC:inst9|inst2                                              ; |BaiTap|Datapath:inst|Register2x8:inst2|RFC:inst9|inst2                                              ; out0             ;
; |BaiTap|Datapath:inst|Register2x8:inst2|RFC:inst5|inst1                                              ; |BaiTap|Datapath:inst|Register2x8:inst2|RFC:inst5|inst1                                              ; out              ;
; |BaiTap|Datapath:inst|Register2x8:inst2|RFC:inst5|inst                                               ; |BaiTap|Datapath:inst|Register2x8:inst2|RFC:inst5|inst                                               ; regout           ;
; |BaiTap|Datapath:inst|Register2x8:inst2|RFC:inst5|inst4                                              ; |BaiTap|Datapath:inst|Register2x8:inst2|RFC:inst5|inst4                                              ; out0             ;
; |BaiTap|Datapath:inst|Register2x8:inst2|RFC:inst5|inst3                                              ; |BaiTap|Datapath:inst|Register2x8:inst2|RFC:inst5|inst3                                              ; out0             ;
; |BaiTap|Datapath:inst|Register2x8:inst2|RFC:inst5|inst2                                              ; |BaiTap|Datapath:inst|Register2x8:inst2|RFC:inst5|inst2                                              ; out0             ;
; |BaiTap|Datapath:inst|Register2x8:inst2|RFC:inst7|inst1                                              ; |BaiTap|Datapath:inst|Register2x8:inst2|RFC:inst7|inst1                                              ; out              ;
; |BaiTap|Datapath:inst|Register2x8:inst2|RFC:inst7|inst                                               ; |BaiTap|Datapath:inst|Register2x8:inst2|RFC:inst7|inst                                               ; regout           ;
; |BaiTap|Datapath:inst|Register2x8:inst2|RFC:inst7|inst4                                              ; |BaiTap|Datapath:inst|Register2x8:inst2|RFC:inst7|inst4                                              ; out0             ;
; |BaiTap|Datapath:inst|Register2x8:inst2|RFC:inst7|inst3                                              ; |BaiTap|Datapath:inst|Register2x8:inst2|RFC:inst7|inst3                                              ; out0             ;
; |BaiTap|Datapath:inst|Register2x8:inst2|RFC:inst7|inst2                                              ; |BaiTap|Datapath:inst|Register2x8:inst2|RFC:inst7|inst2                                              ; out0             ;
; |BaiTap|Datapath:inst|Register2x8:inst2|RFC:inst3|inst1                                              ; |BaiTap|Datapath:inst|Register2x8:inst2|RFC:inst3|inst1                                              ; out              ;
; |BaiTap|Datapath:inst|Register2x8:inst2|RFC:inst3|inst                                               ; |BaiTap|Datapath:inst|Register2x8:inst2|RFC:inst3|inst                                               ; regout           ;
; |BaiTap|Datapath:inst|Register2x8:inst2|RFC:inst3|inst4                                              ; |BaiTap|Datapath:inst|Register2x8:inst2|RFC:inst3|inst4                                              ; out0             ;
; |BaiTap|Datapath:inst|Register2x8:inst2|RFC:inst3|inst3                                              ; |BaiTap|Datapath:inst|Register2x8:inst2|RFC:inst3|inst3                                              ; out0             ;
; |BaiTap|Datapath:inst|Register2x8:inst2|RFC:inst3|inst2                                              ; |BaiTap|Datapath:inst|Register2x8:inst2|RFC:inst3|inst2                                              ; out0             ;
+------------------------------------------------------------------------------------------------------+------------------------------------------------------------------------------------------------------+------------------+


The following table displays output ports that do not toggle to 0 during simulation.
+------------------------------------------------------------------------------------------------------------------------------------------------------------------------------------------------------+
; Missing 0-Value Coverage                                                                                                                                                                             ;
+-----------------------------------------------------------------------------------------+-----------------------------------------------------------------------------------------+------------------+
; Node Name                                                                               ; Output Port Name                                                                        ; Output Port Type ;
+-----------------------------------------------------------------------------------------+-----------------------------------------------------------------------------------------+------------------+
; |BaiTap|CLR                                                                             ; |BaiTap|CLR                                                                             ; out              ;
; |BaiTap|In1[7]                                                                          ; |BaiTap|In1[7]                                                                          ; out              ;
; |BaiTap|In1[6]                                                                          ; |BaiTap|In1[6]                                                                          ; out              ;
; |BaiTap|In1[5]                                                                          ; |BaiTap|In1[5]                                                                          ; out              ;
; |BaiTap|In1[3]                                                                          ; |BaiTap|In1[3]                                                                          ; out              ;
; |BaiTap|In1[2]                                                                          ; |BaiTap|In1[2]                                                                          ; out              ;
; |BaiTap|In1[1]                                                                          ; |BaiTap|In1[1]                                                                          ; out              ;
; |BaiTap|In1[0]                                                                          ; |BaiTap|In1[0]                                                                          ; out              ;
; |BaiTap|In2[7]                                                                          ; |BaiTap|In2[7]                                                                          ; out              ;
; |BaiTap|In2[6]                                                                          ; |BaiTap|In2[6]                                                                          ; out              ;
; |BaiTap|In2[5]                                                                          ; |BaiTap|In2[5]                                                                          ; out              ;
; |BaiTap|In2[2]                                                                          ; |BaiTap|In2[2]                                                                          ; out              ;
; |BaiTap|In2[0]                                                                          ; |BaiTap|In2[0]                                                                          ; out              ;
; |BaiTap|Control:inst1|NextState:inst|inst16                                             ; |BaiTap|Control:inst1|NextState:inst|inst16                                             ; out0             ;
; |BaiTap|Datapath:inst|AU2:inst1|Register4x8:inst4|register:inst1|A[3]                   ; |BaiTap|Datapath:inst|AU2:inst1|Register4x8:inst4|register:inst1|A[3]                   ; out0             ;
; |BaiTap|Datapath:inst|AU2:inst1|Register4x8:inst4|register:inst1|A[2]                   ; |BaiTap|Datapath:inst|AU2:inst1|Register4x8:inst4|register:inst1|A[2]                   ; out0             ;
; |BaiTap|Datapath:inst|AU2:inst1|Register4x8:inst4|register:inst1|A[1]                   ; |BaiTap|Datapath:inst|AU2:inst1|Register4x8:inst4|register:inst1|A[1]                   ; out0             ;
; |BaiTap|Datapath:inst|AU2:inst1|Register4x8:inst4|register:inst1|A[0]                   ; |BaiTap|Datapath:inst|AU2:inst1|Register4x8:inst4|register:inst1|A[0]                   ; out0             ;
; |BaiTap|Datapath:inst|AU2:inst1|Register4x8:inst4|register:inst1|RFC:inst18|inst1       ; |BaiTap|Datapath:inst|AU2:inst1|Register4x8:inst4|register:inst1|RFC:inst18|inst1       ; out              ;
; |BaiTap|Datapath:inst|AU2:inst1|Register4x8:inst4|register:inst1|RFC:inst18|inst        ; |BaiTap|Datapath:inst|AU2:inst1|Register4x8:inst4|register:inst1|RFC:inst18|inst        ; regout           ;
; |BaiTap|Datapath:inst|AU2:inst1|Register4x8:inst4|register:inst1|RFC:inst18|inst4       ; |BaiTap|Datapath:inst|AU2:inst1|Register4x8:inst4|register:inst1|RFC:inst18|inst4       ; out0             ;
; |BaiTap|Datapath:inst|AU2:inst1|Register4x8:inst4|register:inst1|RFC:inst18|inst3       ; |BaiTap|Datapath:inst|AU2:inst1|Register4x8:inst4|register:inst1|RFC:inst18|inst3       ; out0             ;
; |BaiTap|Datapath:inst|AU2:inst1|Register4x8:inst4|register:inst1|RFC:inst18|inst2       ; |BaiTap|Datapath:inst|AU2:inst1|Register4x8:inst4|register:inst1|RFC:inst18|inst2       ; out0             ;
; |BaiTap|Datapath:inst|AU2:inst1|Register4x8:inst4|register:inst1|RFC:inst14|inst        ; |BaiTap|Datapath:inst|AU2:inst1|Register4x8:inst4|register:inst1|RFC:inst14|inst        ; regout           ;
; |BaiTap|Datapath:inst|AU2:inst1|Register4x8:inst4|register:inst1|RFC:inst14|inst2       ; |BaiTap|Datapath:inst|AU2:inst1|Register4x8:inst4|register:inst1|RFC:inst14|inst2       ; out0             ;
; |BaiTap|Datapath:inst|AU2:inst1|Register4x8:inst4|register:inst1|RFC:inst10|inst        ; |BaiTap|Datapath:inst|AU2:inst1|Register4x8:inst4|register:inst1|RFC:inst10|inst        ; regout           ;
; |BaiTap|Datapath:inst|AU2:inst1|Register4x8:inst4|register:inst1|RFC:inst10|inst2       ; |BaiTap|Datapath:inst|AU2:inst1|Register4x8:inst4|register:inst1|RFC:inst10|inst2       ; out0             ;
; |BaiTap|Datapath:inst|AU2:inst1|Register4x8:inst4|register:inst1|RFC:inst6|inst         ; |BaiTap|Datapath:inst|AU2:inst1|Register4x8:inst4|register:inst1|RFC:inst6|inst         ; regout           ;
; |BaiTap|Datapath:inst|AU2:inst1|Register4x8:inst4|register:inst1|RFC:inst6|inst2        ; |BaiTap|Datapath:inst|AU2:inst1|Register4x8:inst4|register:inst1|RFC:inst6|inst2        ; out0             ;
; |BaiTap|Datapath:inst|AU2:inst1|Register4x8:inst4|register:inst1|RFC:inst17|inst1       ; |BaiTap|Datapath:inst|AU2:inst1|Register4x8:inst4|register:inst1|RFC:inst17|inst1       ; out              ;
; |BaiTap|Datapath:inst|AU2:inst1|Register4x8:inst4|register:inst1|RFC:inst17|inst        ; |BaiTap|Datapath:inst|AU2:inst1|Register4x8:inst4|register:inst1|RFC:inst17|inst        ; regout           ;
; |BaiTap|Datapath:inst|AU2:inst1|Register4x8:inst4|register:inst1|RFC:inst17|inst4       ; |BaiTap|Datapath:inst|AU2:inst1|Register4x8:inst4|register:inst1|RFC:inst17|inst4       ; out0             ;
; |BaiTap|Datapath:inst|AU2:inst1|Register4x8:inst4|register:inst1|RFC:inst17|inst3       ; |BaiTap|Datapath:inst|AU2:inst1|Register4x8:inst4|register:inst1|RFC:inst17|inst3       ; out0             ;
; |BaiTap|Datapath:inst|AU2:inst1|Register4x8:inst4|register:inst1|RFC:inst17|inst2       ; |BaiTap|Datapath:inst|AU2:inst1|Register4x8:inst4|register:inst1|RFC:inst17|inst2       ; out0             ;
; |BaiTap|Datapath:inst|AU2:inst1|Register4x8:inst4|register:inst1|RFC:inst13|inst        ; |BaiTap|Datapath:inst|AU2:inst1|Register4x8:inst4|register:inst1|RFC:inst13|inst        ; regout           ;
; |BaiTap|Datapath:inst|AU2:inst1|Register4x8:inst4|register:inst1|RFC:inst13|inst2       ; |BaiTap|Datapath:inst|AU2:inst1|Register4x8:inst4|register:inst1|RFC:inst13|inst2       ; out0             ;
; |BaiTap|Datapath:inst|AU2:inst1|Register4x8:inst4|register:inst1|RFC:inst9|inst         ; |BaiTap|Datapath:inst|AU2:inst1|Register4x8:inst4|register:inst1|RFC:inst9|inst         ; regout           ;
; |BaiTap|Datapath:inst|AU2:inst1|Register4x8:inst4|register:inst1|RFC:inst9|inst2        ; |BaiTap|Datapath:inst|AU2:inst1|Register4x8:inst4|register:inst1|RFC:inst9|inst2        ; out0             ;
; |BaiTap|Datapath:inst|AU2:inst1|Register4x8:inst4|register:inst1|RFC:inst5|inst         ; |BaiTap|Datapath:inst|AU2:inst1|Register4x8:inst4|register:inst1|RFC:inst5|inst         ; regout           ;
; |BaiTap|Datapath:inst|AU2:inst1|Register4x8:inst4|register:inst1|RFC:inst5|inst2        ; |BaiTap|Datapath:inst|AU2:inst1|Register4x8:inst4|register:inst1|RFC:inst5|inst2        ; out0             ;
; |BaiTap|Datapath:inst|AU2:inst1|Register4x8:inst4|register:inst1|RFC:inst8|inst         ; |BaiTap|Datapath:inst|AU2:inst1|Register4x8:inst4|register:inst1|RFC:inst8|inst         ; regout           ;
; |BaiTap|Datapath:inst|AU2:inst1|Register4x8:inst4|register:inst1|RFC:inst8|inst2        ; |BaiTap|Datapath:inst|AU2:inst1|Register4x8:inst4|register:inst1|RFC:inst8|inst2        ; out0             ;
; |BaiTap|Datapath:inst|AU2:inst1|Register4x8:inst4|register:inst1|RFC:inst12|inst        ; |BaiTap|Datapath:inst|AU2:inst1|Register4x8:inst4|register:inst1|RFC:inst12|inst        ; regout           ;
; |BaiTap|Datapath:inst|AU2:inst1|Register4x8:inst4|register:inst1|RFC:inst12|inst2       ; |BaiTap|Datapath:inst|AU2:inst1|Register4x8:inst4|register:inst1|RFC:inst12|inst2       ; out0             ;
; |BaiTap|Datapath:inst|AU2:inst1|Register4x8:inst4|register:inst1|RFC:inst16|inst1       ; |BaiTap|Datapath:inst|AU2:inst1|Register4x8:inst4|register:inst1|RFC:inst16|inst1       ; out              ;
; |BaiTap|Datapath:inst|AU2:inst1|Register4x8:inst4|register:inst1|RFC:inst16|inst        ; |BaiTap|Datapath:inst|AU2:inst1|Register4x8:inst4|register:inst1|RFC:inst16|inst        ; regout           ;
; |BaiTap|Datapath:inst|AU2:inst1|Register4x8:inst4|register:inst1|RFC:inst16|inst4       ; |BaiTap|Datapath:inst|AU2:inst1|Register4x8:inst4|register:inst1|RFC:inst16|inst4       ; out0             ;
; |BaiTap|Datapath:inst|AU2:inst1|Register4x8:inst4|register:inst1|RFC:inst16|inst3       ; |BaiTap|Datapath:inst|AU2:inst1|Register4x8:inst4|register:inst1|RFC:inst16|inst3       ; out0             ;
; |BaiTap|Datapath:inst|AU2:inst1|Register4x8:inst4|register:inst1|RFC:inst16|inst2       ; |BaiTap|Datapath:inst|AU2:inst1|Register4x8:inst4|register:inst1|RFC:inst16|inst2       ; out0             ;
; |BaiTap|Datapath:inst|AU2:inst1|Register4x8:inst4|register:inst1|RFC:inst4|inst         ; |BaiTap|Datapath:inst|AU2:inst1|Register4x8:inst4|register:inst1|RFC:inst4|inst         ; regout           ;
; |BaiTap|Datapath:inst|AU2:inst1|Register4x8:inst4|register:inst1|RFC:inst4|inst2        ; |BaiTap|Datapath:inst|AU2:inst1|Register4x8:inst4|register:inst1|RFC:inst4|inst2        ; out0             ;
; |BaiTap|Datapath:inst|AU2:inst1|Register4x8:inst4|register:inst1|RFC:inst15|inst1       ; |BaiTap|Datapath:inst|AU2:inst1|Register4x8:inst4|register:inst1|RFC:inst15|inst1       ; out              ;
; |BaiTap|Datapath:inst|AU2:inst1|Register4x8:inst4|register:inst1|RFC:inst15|inst        ; |BaiTap|Datapath:inst|AU2:inst1|Register4x8:inst4|register:inst1|RFC:inst15|inst        ; regout           ;
; |BaiTap|Datapath:inst|AU2:inst1|Register4x8:inst4|register:inst1|RFC:inst15|inst4       ; |BaiTap|Datapath:inst|AU2:inst1|Register4x8:inst4|register:inst1|RFC:inst15|inst4       ; out0             ;
; |BaiTap|Datapath:inst|AU2:inst1|Register4x8:inst4|register:inst1|RFC:inst15|inst3       ; |BaiTap|Datapath:inst|AU2:inst1|Register4x8:inst4|register:inst1|RFC:inst15|inst3       ; out0             ;
; |BaiTap|Datapath:inst|AU2:inst1|Register4x8:inst4|register:inst1|RFC:inst15|inst2       ; |BaiTap|Datapath:inst|AU2:inst1|Register4x8:inst4|register:inst1|RFC:inst15|inst2       ; out0             ;
; |BaiTap|Datapath:inst|AU2:inst1|Register4x8:inst4|register:inst1|RFC:inst11|inst        ; |BaiTap|Datapath:inst|AU2:inst1|Register4x8:inst4|register:inst1|RFC:inst11|inst        ; regout           ;
; |BaiTap|Datapath:inst|AU2:inst1|Register4x8:inst4|register:inst1|RFC:inst11|inst2       ; |BaiTap|Datapath:inst|AU2:inst1|Register4x8:inst4|register:inst1|RFC:inst11|inst2       ; out0             ;
; |BaiTap|Datapath:inst|AU2:inst1|Register4x8:inst4|register:inst1|RFC:inst7|inst         ; |BaiTap|Datapath:inst|AU2:inst1|Register4x8:inst4|register:inst1|RFC:inst7|inst         ; regout           ;
; |BaiTap|Datapath:inst|AU2:inst1|Register4x8:inst4|register:inst1|RFC:inst7|inst2        ; |BaiTap|Datapath:inst|AU2:inst1|Register4x8:inst4|register:inst1|RFC:inst7|inst2        ; out0             ;
; |BaiTap|Datapath:inst|AU2:inst1|Register4x8:inst4|register:inst1|Decoder2_4:inst20|inst ; |BaiTap|Datapath:inst|AU2:inst1|Register4x8:inst4|register:inst1|Decoder2_4:inst20|inst ; out0             ;
; |BaiTap|Datapath:inst|AU2:inst1|Register4x8:inst4|register:inst1|Decoder2_4:inst|inst   ; |BaiTap|Datapath:inst|AU2:inst1|Register4x8:inst4|register:inst1|Decoder2_4:inst|inst   ; out0             ;
; |BaiTap|Datapath:inst|AU2:inst1|Register4x8:inst4|register:inst1|RFC:inst3|inst         ; |BaiTap|Datapath:inst|AU2:inst1|Register4x8:inst4|register:inst1|RFC:inst3|inst         ; regout           ;
; |BaiTap|Datapath:inst|AU2:inst1|Register4x8:inst4|register:inst1|RFC:inst3|inst2        ; |BaiTap|Datapath:inst|AU2:inst1|Register4x8:inst4|register:inst1|RFC:inst3|inst2        ; out0             ;
; |BaiTap|Datapath:inst|AU2:inst1|Register4x8:inst4|register:inst|A[3]                    ; |BaiTap|Datapath:inst|AU2:inst1|Register4x8:inst4|register:inst|A[3]                    ; out0             ;
; |BaiTap|Datapath:inst|AU2:inst1|Register4x8:inst4|register:inst|A[2]                    ; |BaiTap|Datapath:inst|AU2:inst1|Register4x8:inst4|register:inst|A[2]                    ; out0             ;
; |BaiTap|Datapath:inst|AU2:inst1|Register4x8:inst4|register:inst|A[1]                    ; |BaiTap|Datapath:inst|AU2:inst1|Register4x8:inst4|register:inst|A[1]                    ; out0             ;
; |BaiTap|Datapath:inst|AU2:inst1|Register4x8:inst4|register:inst|A[0]                    ; |BaiTap|Datapath:inst|AU2:inst1|Register4x8:inst4|register:inst|A[0]                    ; out0             ;
; |BaiTap|Datapath:inst|AU2:inst1|Register4x8:inst4|register:inst|RFC:inst18|inst1        ; |BaiTap|Datapath:inst|AU2:inst1|Register4x8:inst4|register:inst|RFC:inst18|inst1        ; out              ;
; |BaiTap|Datapath:inst|AU2:inst1|Register4x8:inst4|register:inst|RFC:inst18|inst         ; |BaiTap|Datapath:inst|AU2:inst1|Register4x8:inst4|register:inst|RFC:inst18|inst         ; regout           ;
; |BaiTap|Datapath:inst|AU2:inst1|Register4x8:inst4|register:inst|RFC:inst18|inst4        ; |BaiTap|Datapath:inst|AU2:inst1|Register4x8:inst4|register:inst|RFC:inst18|inst4        ; out0             ;
; |BaiTap|Datapath:inst|AU2:inst1|Register4x8:inst4|register:inst|RFC:inst18|inst3        ; |BaiTap|Datapath:inst|AU2:inst1|Register4x8:inst4|register:inst|RFC:inst18|inst3        ; out0             ;
; |BaiTap|Datapath:inst|AU2:inst1|Register4x8:inst4|register:inst|RFC:inst18|inst2        ; |BaiTap|Datapath:inst|AU2:inst1|Register4x8:inst4|register:inst|RFC:inst18|inst2        ; out0             ;
; |BaiTap|Datapath:inst|AU2:inst1|Register4x8:inst4|register:inst|RFC:inst14|inst         ; |BaiTap|Datapath:inst|AU2:inst1|Register4x8:inst4|register:inst|RFC:inst14|inst         ; regout           ;
; |BaiTap|Datapath:inst|AU2:inst1|Register4x8:inst4|register:inst|RFC:inst14|inst2        ; |BaiTap|Datapath:inst|AU2:inst1|Register4x8:inst4|register:inst|RFC:inst14|inst2        ; out0             ;
; |BaiTap|Datapath:inst|AU2:inst1|Register4x8:inst4|register:inst|RFC:inst10|inst         ; |BaiTap|Datapath:inst|AU2:inst1|Register4x8:inst4|register:inst|RFC:inst10|inst         ; regout           ;
; |BaiTap|Datapath:inst|AU2:inst1|Register4x8:inst4|register:inst|RFC:inst10|inst2        ; |BaiTap|Datapath:inst|AU2:inst1|Register4x8:inst4|register:inst|RFC:inst10|inst2        ; out0             ;
; |BaiTap|Datapath:inst|AU2:inst1|Register4x8:inst4|register:inst|RFC:inst6|inst          ; |BaiTap|Datapath:inst|AU2:inst1|Register4x8:inst4|register:inst|RFC:inst6|inst          ; regout           ;
; |BaiTap|Datapath:inst|AU2:inst1|Register4x8:inst4|register:inst|RFC:inst6|inst2         ; |BaiTap|Datapath:inst|AU2:inst1|Register4x8:inst4|register:inst|RFC:inst6|inst2         ; out0             ;
; |BaiTap|Datapath:inst|AU2:inst1|Register4x8:inst4|register:inst|RFC:inst17|inst1        ; |BaiTap|Datapath:inst|AU2:inst1|Register4x8:inst4|register:inst|RFC:inst17|inst1        ; out              ;
; |BaiTap|Datapath:inst|AU2:inst1|Register4x8:inst4|register:inst|RFC:inst17|inst         ; |BaiTap|Datapath:inst|AU2:inst1|Register4x8:inst4|register:inst|RFC:inst17|inst         ; regout           ;
; |BaiTap|Datapath:inst|AU2:inst1|Register4x8:inst4|register:inst|RFC:inst17|inst4        ; |BaiTap|Datapath:inst|AU2:inst1|Register4x8:inst4|register:inst|RFC:inst17|inst4        ; out0             ;
; |BaiTap|Datapath:inst|AU2:inst1|Register4x8:inst4|register:inst|RFC:inst17|inst3        ; |BaiTap|Datapath:inst|AU2:inst1|Register4x8:inst4|register:inst|RFC:inst17|inst3        ; out0             ;
; |BaiTap|Datapath:inst|AU2:inst1|Register4x8:inst4|register:inst|RFC:inst17|inst2        ; |BaiTap|Datapath:inst|AU2:inst1|Register4x8:inst4|register:inst|RFC:inst17|inst2        ; out0             ;
; |BaiTap|Datapath:inst|AU2:inst1|Register4x8:inst4|register:inst|RFC:inst13|inst         ; |BaiTap|Datapath:inst|AU2:inst1|Register4x8:inst4|register:inst|RFC:inst13|inst         ; regout           ;
; |BaiTap|Datapath:inst|AU2:inst1|Register4x8:inst4|register:inst|RFC:inst13|inst2        ; |BaiTap|Datapath:inst|AU2:inst1|Register4x8:inst4|register:inst|RFC:inst13|inst2        ; out0             ;
; |BaiTap|Datapath:inst|AU2:inst1|Register4x8:inst4|register:inst|RFC:inst9|inst          ; |BaiTap|Datapath:inst|AU2:inst1|Register4x8:inst4|register:inst|RFC:inst9|inst          ; regout           ;
; |BaiTap|Datapath:inst|AU2:inst1|Register4x8:inst4|register:inst|RFC:inst9|inst2         ; |BaiTap|Datapath:inst|AU2:inst1|Register4x8:inst4|register:inst|RFC:inst9|inst2         ; out0             ;
; |BaiTap|Datapath:inst|AU2:inst1|Register4x8:inst4|register:inst|RFC:inst5|inst          ; |BaiTap|Datapath:inst|AU2:inst1|Register4x8:inst4|register:inst|RFC:inst5|inst          ; regout           ;
; |BaiTap|Datapath:inst|AU2:inst1|Register4x8:inst4|register:inst|RFC:inst5|inst2         ; |BaiTap|Datapath:inst|AU2:inst1|Register4x8:inst4|register:inst|RFC:inst5|inst2         ; out0             ;
; |BaiTap|Datapath:inst|AU2:inst1|Register4x8:inst4|register:inst|RFC:inst8|inst          ; |BaiTap|Datapath:inst|AU2:inst1|Register4x8:inst4|register:inst|RFC:inst8|inst          ; regout           ;
; |BaiTap|Datapath:inst|AU2:inst1|Register4x8:inst4|register:inst|RFC:inst8|inst2         ; |BaiTap|Datapath:inst|AU2:inst1|Register4x8:inst4|register:inst|RFC:inst8|inst2         ; out0             ;
; |BaiTap|Datapath:inst|AU2:inst1|Register4x8:inst4|register:inst|RFC:inst12|inst         ; |BaiTap|Datapath:inst|AU2:inst1|Register4x8:inst4|register:inst|RFC:inst12|inst         ; regout           ;
; |BaiTap|Datapath:inst|AU2:inst1|Register4x8:inst4|register:inst|RFC:inst12|inst2        ; |BaiTap|Datapath:inst|AU2:inst1|Register4x8:inst4|register:inst|RFC:inst12|inst2        ; out0             ;
; |BaiTap|Datapath:inst|AU2:inst1|Register4x8:inst4|register:inst|RFC:inst16|inst1        ; |BaiTap|Datapath:inst|AU2:inst1|Register4x8:inst4|register:inst|RFC:inst16|inst1        ; out              ;
; |BaiTap|Datapath:inst|AU2:inst1|Register4x8:inst4|register:inst|RFC:inst16|inst         ; |BaiTap|Datapath:inst|AU2:inst1|Register4x8:inst4|register:inst|RFC:inst16|inst         ; regout           ;
; |BaiTap|Datapath:inst|AU2:inst1|Register4x8:inst4|register:inst|RFC:inst16|inst4        ; |BaiTap|Datapath:inst|AU2:inst1|Register4x8:inst4|register:inst|RFC:inst16|inst4        ; out0             ;
; |BaiTap|Datapath:inst|AU2:inst1|Register4x8:inst4|register:inst|RFC:inst16|inst3        ; |BaiTap|Datapath:inst|AU2:inst1|Register4x8:inst4|register:inst|RFC:inst16|inst3        ; out0             ;
; |BaiTap|Datapath:inst|AU2:inst1|Register4x8:inst4|register:inst|RFC:inst16|inst2        ; |BaiTap|Datapath:inst|AU2:inst1|Register4x8:inst4|register:inst|RFC:inst16|inst2        ; out0             ;
; |BaiTap|Datapath:inst|AU2:inst1|Register4x8:inst4|register:inst|RFC:inst4|inst          ; |BaiTap|Datapath:inst|AU2:inst1|Register4x8:inst4|register:inst|RFC:inst4|inst          ; regout           ;
; |BaiTap|Datapath:inst|AU2:inst1|Register4x8:inst4|register:inst|RFC:inst4|inst2         ; |BaiTap|Datapath:inst|AU2:inst1|Register4x8:inst4|register:inst|RFC:inst4|inst2         ; out0             ;
; |BaiTap|Datapath:inst|AU2:inst1|Register4x8:inst4|register:inst|RFC:inst15|inst1        ; |BaiTap|Datapath:inst|AU2:inst1|Register4x8:inst4|register:inst|RFC:inst15|inst1        ; out              ;
; |BaiTap|Datapath:inst|AU2:inst1|Register4x8:inst4|register:inst|RFC:inst15|inst         ; |BaiTap|Datapath:inst|AU2:inst1|Register4x8:inst4|register:inst|RFC:inst15|inst         ; regout           ;
; |BaiTap|Datapath:inst|AU2:inst1|Register4x8:inst4|register:inst|RFC:inst15|inst4        ; |BaiTap|Datapath:inst|AU2:inst1|Register4x8:inst4|register:inst|RFC:inst15|inst4        ; out0             ;
; |BaiTap|Datapath:inst|AU2:inst1|Register4x8:inst4|register:inst|RFC:inst15|inst3        ; |BaiTap|Datapath:inst|AU2:inst1|Register4x8:inst4|register:inst|RFC:inst15|inst3        ; out0             ;
; |BaiTap|Datapath:inst|AU2:inst1|Register4x8:inst4|register:inst|RFC:inst15|inst2        ; |BaiTap|Datapath:inst|AU2:inst1|Register4x8:inst4|register:inst|RFC:inst15|inst2        ; out0             ;
; |BaiTap|Datapath:inst|AU2:inst1|Register4x8:inst4|register:inst|RFC:inst11|inst         ; |BaiTap|Datapath:inst|AU2:inst1|Register4x8:inst4|register:inst|RFC:inst11|inst         ; regout           ;
; |BaiTap|Datapath:inst|AU2:inst1|Register4x8:inst4|register:inst|RFC:inst11|inst2        ; |BaiTap|Datapath:inst|AU2:inst1|Register4x8:inst4|register:inst|RFC:inst11|inst2        ; out0             ;
; |BaiTap|Datapath:inst|AU2:inst1|Register4x8:inst4|register:inst|RFC:inst7|inst          ; |BaiTap|Datapath:inst|AU2:inst1|Register4x8:inst4|register:inst|RFC:inst7|inst          ; regout           ;
; |BaiTap|Datapath:inst|AU2:inst1|Register4x8:inst4|register:inst|RFC:inst7|inst2         ; |BaiTap|Datapath:inst|AU2:inst1|Register4x8:inst4|register:inst|RFC:inst7|inst2         ; out0             ;
; |BaiTap|Datapath:inst|AU2:inst1|Register4x8:inst4|register:inst|Decoder2_4:inst20|inst  ; |BaiTap|Datapath:inst|AU2:inst1|Register4x8:inst4|register:inst|Decoder2_4:inst20|inst  ; out0             ;
; |BaiTap|Datapath:inst|AU2:inst1|Register4x8:inst4|register:inst|Decoder2_4:inst|inst    ; |BaiTap|Datapath:inst|AU2:inst1|Register4x8:inst4|register:inst|Decoder2_4:inst|inst    ; out0             ;
; |BaiTap|Datapath:inst|AU2:inst1|Register4x8:inst4|register:inst|RFC:inst3|inst          ; |BaiTap|Datapath:inst|AU2:inst1|Register4x8:inst4|register:inst|RFC:inst3|inst          ; regout           ;
; |BaiTap|Datapath:inst|AU2:inst1|Register4x8:inst4|register:inst|RFC:inst3|inst2         ; |BaiTap|Datapath:inst|AU2:inst1|Register4x8:inst4|register:inst|RFC:inst3|inst2         ; out0             ;
; |BaiTap|Datapath:inst|Register4x8:inst14|register:inst1|RFC:inst18|inst                 ; |BaiTap|Datapath:inst|Register4x8:inst14|register:inst1|RFC:inst18|inst                 ; regout           ;
; |BaiTap|Datapath:inst|Register4x8:inst14|register:inst1|RFC:inst18|inst2                ; |BaiTap|Datapath:inst|Register4x8:inst14|register:inst1|RFC:inst18|inst2                ; out0             ;
; |BaiTap|Datapath:inst|Register4x8:inst14|register:inst1|RFC:inst14|inst                 ; |BaiTap|Datapath:inst|Register4x8:inst14|register:inst1|RFC:inst14|inst                 ; regout           ;
; |BaiTap|Datapath:inst|Register4x8:inst14|register:inst1|RFC:inst14|inst2                ; |BaiTap|Datapath:inst|Register4x8:inst14|register:inst1|RFC:inst14|inst2                ; out0             ;
; |BaiTap|Datapath:inst|Register4x8:inst14|register:inst1|RFC:inst10|inst                 ; |BaiTap|Datapath:inst|Register4x8:inst14|register:inst1|RFC:inst10|inst                 ; regout           ;
; |BaiTap|Datapath:inst|Register4x8:inst14|register:inst1|RFC:inst10|inst2                ; |BaiTap|Datapath:inst|Register4x8:inst14|register:inst1|RFC:inst10|inst2                ; out0             ;
; |BaiTap|Datapath:inst|Register4x8:inst14|register:inst1|RFC:inst6|inst                  ; |BaiTap|Datapath:inst|Register4x8:inst14|register:inst1|RFC:inst6|inst                  ; regout           ;
; |BaiTap|Datapath:inst|Register4x8:inst14|register:inst1|RFC:inst6|inst4                 ; |BaiTap|Datapath:inst|Register4x8:inst14|register:inst1|RFC:inst6|inst4                 ; out0             ;
; |BaiTap|Datapath:inst|Register4x8:inst14|register:inst1|RFC:inst6|inst3                 ; |BaiTap|Datapath:inst|Register4x8:inst14|register:inst1|RFC:inst6|inst3                 ; out0             ;
; |BaiTap|Datapath:inst|Register4x8:inst14|register:inst1|RFC:inst6|inst2                 ; |BaiTap|Datapath:inst|Register4x8:inst14|register:inst1|RFC:inst6|inst2                 ; out0             ;
; |BaiTap|Datapath:inst|Register4x8:inst14|register:inst1|RFC:inst17|inst                 ; |BaiTap|Datapath:inst|Register4x8:inst14|register:inst1|RFC:inst17|inst                 ; regout           ;
; |BaiTap|Datapath:inst|Register4x8:inst14|register:inst1|RFC:inst17|inst2                ; |BaiTap|Datapath:inst|Register4x8:inst14|register:inst1|RFC:inst17|inst2                ; out0             ;
; |BaiTap|Datapath:inst|Register4x8:inst14|register:inst1|RFC:inst13|inst                 ; |BaiTap|Datapath:inst|Register4x8:inst14|register:inst1|RFC:inst13|inst                 ; regout           ;
; |BaiTap|Datapath:inst|Register4x8:inst14|register:inst1|RFC:inst13|inst2                ; |BaiTap|Datapath:inst|Register4x8:inst14|register:inst1|RFC:inst13|inst2                ; out0             ;
; |BaiTap|Datapath:inst|Register4x8:inst14|register:inst1|RFC:inst9|inst                  ; |BaiTap|Datapath:inst|Register4x8:inst14|register:inst1|RFC:inst9|inst                  ; regout           ;
; |BaiTap|Datapath:inst|Register4x8:inst14|register:inst1|RFC:inst9|inst2                 ; |BaiTap|Datapath:inst|Register4x8:inst14|register:inst1|RFC:inst9|inst2                 ; out0             ;
; |BaiTap|Datapath:inst|Register4x8:inst14|register:inst1|RFC:inst5|inst                  ; |BaiTap|Datapath:inst|Register4x8:inst14|register:inst1|RFC:inst5|inst                  ; regout           ;
; |BaiTap|Datapath:inst|Register4x8:inst14|register:inst1|RFC:inst5|inst4                 ; |BaiTap|Datapath:inst|Register4x8:inst14|register:inst1|RFC:inst5|inst4                 ; out0             ;
; |BaiTap|Datapath:inst|Register4x8:inst14|register:inst1|RFC:inst5|inst3                 ; |BaiTap|Datapath:inst|Register4x8:inst14|register:inst1|RFC:inst5|inst3                 ; out0             ;
; |BaiTap|Datapath:inst|Register4x8:inst14|register:inst1|RFC:inst5|inst2                 ; |BaiTap|Datapath:inst|Register4x8:inst14|register:inst1|RFC:inst5|inst2                 ; out0             ;
; |BaiTap|Datapath:inst|Register4x8:inst14|register:inst1|RFC:inst8|inst                  ; |BaiTap|Datapath:inst|Register4x8:inst14|register:inst1|RFC:inst8|inst                  ; regout           ;
; |BaiTap|Datapath:inst|Register4x8:inst14|register:inst1|RFC:inst8|inst2                 ; |BaiTap|Datapath:inst|Register4x8:inst14|register:inst1|RFC:inst8|inst2                 ; out0             ;
; |BaiTap|Datapath:inst|Register4x8:inst14|register:inst1|RFC:inst12|inst                 ; |BaiTap|Datapath:inst|Register4x8:inst14|register:inst1|RFC:inst12|inst                 ; regout           ;
; |BaiTap|Datapath:inst|Register4x8:inst14|register:inst1|RFC:inst12|inst2                ; |BaiTap|Datapath:inst|Register4x8:inst14|register:inst1|RFC:inst12|inst2                ; out0             ;
; |BaiTap|Datapath:inst|Register4x8:inst14|register:inst1|RFC:inst16|inst                 ; |BaiTap|Datapath:inst|Register4x8:inst14|register:inst1|RFC:inst16|inst                 ; regout           ;
; |BaiTap|Datapath:inst|Register4x8:inst14|register:inst1|RFC:inst16|inst2                ; |BaiTap|Datapath:inst|Register4x8:inst14|register:inst1|RFC:inst16|inst2                ; out0             ;
; |BaiTap|Datapath:inst|Register4x8:inst14|register:inst1|RFC:inst4|inst                  ; |BaiTap|Datapath:inst|Register4x8:inst14|register:inst1|RFC:inst4|inst                  ; regout           ;
; |BaiTap|Datapath:inst|Register4x8:inst14|register:inst1|RFC:inst4|inst4                 ; |BaiTap|Datapath:inst|Register4x8:inst14|register:inst1|RFC:inst4|inst4                 ; out0             ;
; |BaiTap|Datapath:inst|Register4x8:inst14|register:inst1|RFC:inst4|inst3                 ; |BaiTap|Datapath:inst|Register4x8:inst14|register:inst1|RFC:inst4|inst3                 ; out0             ;
; |BaiTap|Datapath:inst|Register4x8:inst14|register:inst1|RFC:inst4|inst2                 ; |BaiTap|Datapath:inst|Register4x8:inst14|register:inst1|RFC:inst4|inst2                 ; out0             ;
; |BaiTap|Datapath:inst|Register4x8:inst14|register:inst1|RFC:inst15|inst                 ; |BaiTap|Datapath:inst|Register4x8:inst14|register:inst1|RFC:inst15|inst                 ; regout           ;
; |BaiTap|Datapath:inst|Register4x8:inst14|register:inst1|RFC:inst15|inst2                ; |BaiTap|Datapath:inst|Register4x8:inst14|register:inst1|RFC:inst15|inst2                ; out0             ;
; |BaiTap|Datapath:inst|Register4x8:inst14|register:inst1|RFC:inst11|inst                 ; |BaiTap|Datapath:inst|Register4x8:inst14|register:inst1|RFC:inst11|inst                 ; regout           ;
; |BaiTap|Datapath:inst|Register4x8:inst14|register:inst1|RFC:inst11|inst2                ; |BaiTap|Datapath:inst|Register4x8:inst14|register:inst1|RFC:inst11|inst2                ; out0             ;
; |BaiTap|Datapath:inst|Register4x8:inst14|register:inst1|RFC:inst7|inst                  ; |BaiTap|Datapath:inst|Register4x8:inst14|register:inst1|RFC:inst7|inst                  ; regout           ;
; |BaiTap|Datapath:inst|Register4x8:inst14|register:inst1|RFC:inst7|inst2                 ; |BaiTap|Datapath:inst|Register4x8:inst14|register:inst1|RFC:inst7|inst2                 ; out0             ;
; |BaiTap|Datapath:inst|Register4x8:inst14|register:inst1|RFC:inst3|inst                  ; |BaiTap|Datapath:inst|Register4x8:inst14|register:inst1|RFC:inst3|inst                  ; regout           ;
; |BaiTap|Datapath:inst|Register4x8:inst14|register:inst1|RFC:inst3|inst4                 ; |BaiTap|Datapath:inst|Register4x8:inst14|register:inst1|RFC:inst3|inst4                 ; out0             ;
; |BaiTap|Datapath:inst|Register4x8:inst14|register:inst1|RFC:inst3|inst3                 ; |BaiTap|Datapath:inst|Register4x8:inst14|register:inst1|RFC:inst3|inst3                 ; out0             ;
; |BaiTap|Datapath:inst|Register4x8:inst14|register:inst1|RFC:inst3|inst2                 ; |BaiTap|Datapath:inst|Register4x8:inst14|register:inst1|RFC:inst3|inst2                 ; out0             ;
; |BaiTap|Datapath:inst|Register4x8:inst14|register:inst|RFC:inst18|inst                  ; |BaiTap|Datapath:inst|Register4x8:inst14|register:inst|RFC:inst18|inst                  ; regout           ;
; |BaiTap|Datapath:inst|Register4x8:inst14|register:inst|RFC:inst18|inst2                 ; |BaiTap|Datapath:inst|Register4x8:inst14|register:inst|RFC:inst18|inst2                 ; out0             ;
; |BaiTap|Datapath:inst|Register4x8:inst14|register:inst|RFC:inst14|inst                  ; |BaiTap|Datapath:inst|Register4x8:inst14|register:inst|RFC:inst14|inst                  ; regout           ;
; |BaiTap|Datapath:inst|Register4x8:inst14|register:inst|RFC:inst14|inst2                 ; |BaiTap|Datapath:inst|Register4x8:inst14|register:inst|RFC:inst14|inst2                 ; out0             ;
; |BaiTap|Datapath:inst|Register4x8:inst14|register:inst|RFC:inst10|inst                  ; |BaiTap|Datapath:inst|Register4x8:inst14|register:inst|RFC:inst10|inst                  ; regout           ;
; |BaiTap|Datapath:inst|Register4x8:inst14|register:inst|RFC:inst10|inst2                 ; |BaiTap|Datapath:inst|Register4x8:inst14|register:inst|RFC:inst10|inst2                 ; out0             ;
; |BaiTap|Datapath:inst|Register4x8:inst14|register:inst|RFC:inst6|inst                   ; |BaiTap|Datapath:inst|Register4x8:inst14|register:inst|RFC:inst6|inst                   ; regout           ;
; |BaiTap|Datapath:inst|Register4x8:inst14|register:inst|RFC:inst6|inst4                  ; |BaiTap|Datapath:inst|Register4x8:inst14|register:inst|RFC:inst6|inst4                  ; out0             ;
; |BaiTap|Datapath:inst|Register4x8:inst14|register:inst|RFC:inst6|inst3                  ; |BaiTap|Datapath:inst|Register4x8:inst14|register:inst|RFC:inst6|inst3                  ; out0             ;
; |BaiTap|Datapath:inst|Register4x8:inst14|register:inst|RFC:inst6|inst2                  ; |BaiTap|Datapath:inst|Register4x8:inst14|register:inst|RFC:inst6|inst2                  ; out0             ;
; |BaiTap|Datapath:inst|Register4x8:inst14|register:inst|RFC:inst17|inst                  ; |BaiTap|Datapath:inst|Register4x8:inst14|register:inst|RFC:inst17|inst                  ; regout           ;
; |BaiTap|Datapath:inst|Register4x8:inst14|register:inst|RFC:inst17|inst2                 ; |BaiTap|Datapath:inst|Register4x8:inst14|register:inst|RFC:inst17|inst2                 ; out0             ;
; |BaiTap|Datapath:inst|Register4x8:inst14|register:inst|RFC:inst13|inst                  ; |BaiTap|Datapath:inst|Register4x8:inst14|register:inst|RFC:inst13|inst                  ; regout           ;
; |BaiTap|Datapath:inst|Register4x8:inst14|register:inst|RFC:inst13|inst2                 ; |BaiTap|Datapath:inst|Register4x8:inst14|register:inst|RFC:inst13|inst2                 ; out0             ;
; |BaiTap|Datapath:inst|Register4x8:inst14|register:inst|RFC:inst9|inst                   ; |BaiTap|Datapath:inst|Register4x8:inst14|register:inst|RFC:inst9|inst                   ; regout           ;
; |BaiTap|Datapath:inst|Register4x8:inst14|register:inst|RFC:inst9|inst2                  ; |BaiTap|Datapath:inst|Register4x8:inst14|register:inst|RFC:inst9|inst2                  ; out0             ;
; |BaiTap|Datapath:inst|Register4x8:inst14|register:inst|RFC:inst5|inst                   ; |BaiTap|Datapath:inst|Register4x8:inst14|register:inst|RFC:inst5|inst                   ; regout           ;
; |BaiTap|Datapath:inst|Register4x8:inst14|register:inst|RFC:inst5|inst4                  ; |BaiTap|Datapath:inst|Register4x8:inst14|register:inst|RFC:inst5|inst4                  ; out0             ;
; |BaiTap|Datapath:inst|Register4x8:inst14|register:inst|RFC:inst5|inst3                  ; |BaiTap|Datapath:inst|Register4x8:inst14|register:inst|RFC:inst5|inst3                  ; out0             ;
; |BaiTap|Datapath:inst|Register4x8:inst14|register:inst|RFC:inst5|inst2                  ; |BaiTap|Datapath:inst|Register4x8:inst14|register:inst|RFC:inst5|inst2                  ; out0             ;
; |BaiTap|Datapath:inst|Register4x8:inst14|register:inst|RFC:inst8|inst                   ; |BaiTap|Datapath:inst|Register4x8:inst14|register:inst|RFC:inst8|inst                   ; regout           ;
; |BaiTap|Datapath:inst|Register4x8:inst14|register:inst|RFC:inst8|inst2                  ; |BaiTap|Datapath:inst|Register4x8:inst14|register:inst|RFC:inst8|inst2                  ; out0             ;
; |BaiTap|Datapath:inst|Register4x8:inst14|register:inst|RFC:inst12|inst                  ; |BaiTap|Datapath:inst|Register4x8:inst14|register:inst|RFC:inst12|inst                  ; regout           ;
; |BaiTap|Datapath:inst|Register4x8:inst14|register:inst|RFC:inst12|inst2                 ; |BaiTap|Datapath:inst|Register4x8:inst14|register:inst|RFC:inst12|inst2                 ; out0             ;
; |BaiTap|Datapath:inst|Register4x8:inst14|register:inst|RFC:inst16|inst                  ; |BaiTap|Datapath:inst|Register4x8:inst14|register:inst|RFC:inst16|inst                  ; regout           ;
; |BaiTap|Datapath:inst|Register4x8:inst14|register:inst|RFC:inst16|inst2                 ; |BaiTap|Datapath:inst|Register4x8:inst14|register:inst|RFC:inst16|inst2                 ; out0             ;
; |BaiTap|Datapath:inst|Register4x8:inst14|register:inst|RFC:inst4|inst                   ; |BaiTap|Datapath:inst|Register4x8:inst14|register:inst|RFC:inst4|inst                   ; regout           ;
; |BaiTap|Datapath:inst|Register4x8:inst14|register:inst|RFC:inst4|inst4                  ; |BaiTap|Datapath:inst|Register4x8:inst14|register:inst|RFC:inst4|inst4                  ; out0             ;
; |BaiTap|Datapath:inst|Register4x8:inst14|register:inst|RFC:inst4|inst3                  ; |BaiTap|Datapath:inst|Register4x8:inst14|register:inst|RFC:inst4|inst3                  ; out0             ;
; |BaiTap|Datapath:inst|Register4x8:inst14|register:inst|RFC:inst4|inst2                  ; |BaiTap|Datapath:inst|Register4x8:inst14|register:inst|RFC:inst4|inst2                  ; out0             ;
; |BaiTap|Datapath:inst|Register4x8:inst14|register:inst|RFC:inst15|inst                  ; |BaiTap|Datapath:inst|Register4x8:inst14|register:inst|RFC:inst15|inst                  ; regout           ;
; |BaiTap|Datapath:inst|Register4x8:inst14|register:inst|RFC:inst15|inst2                 ; |BaiTap|Datapath:inst|Register4x8:inst14|register:inst|RFC:inst15|inst2                 ; out0             ;
; |BaiTap|Datapath:inst|Register4x8:inst14|register:inst|RFC:inst11|inst                  ; |BaiTap|Datapath:inst|Register4x8:inst14|register:inst|RFC:inst11|inst                  ; regout           ;
; |BaiTap|Datapath:inst|Register4x8:inst14|register:inst|RFC:inst11|inst2                 ; |BaiTap|Datapath:inst|Register4x8:inst14|register:inst|RFC:inst11|inst2                 ; out0             ;
; |BaiTap|Datapath:inst|Register4x8:inst14|register:inst|RFC:inst7|inst                   ; |BaiTap|Datapath:inst|Register4x8:inst14|register:inst|RFC:inst7|inst                   ; regout           ;
; |BaiTap|Datapath:inst|Register4x8:inst14|register:inst|RFC:inst7|inst2                  ; |BaiTap|Datapath:inst|Register4x8:inst14|register:inst|RFC:inst7|inst2                  ; out0             ;
; |BaiTap|Datapath:inst|Register4x8:inst14|register:inst|RFC:inst3|inst                   ; |BaiTap|Datapath:inst|Register4x8:inst14|register:inst|RFC:inst3|inst                   ; regout           ;
; |BaiTap|Datapath:inst|Register4x8:inst14|register:inst|RFC:inst3|inst4                  ; |BaiTap|Datapath:inst|Register4x8:inst14|register:inst|RFC:inst3|inst4                  ; out0             ;
; |BaiTap|Datapath:inst|Register4x8:inst14|register:inst|RFC:inst3|inst3                  ; |BaiTap|Datapath:inst|Register4x8:inst14|register:inst|RFC:inst3|inst3                  ; out0             ;
; |BaiTap|Datapath:inst|Register4x8:inst14|register:inst|RFC:inst3|inst2                  ; |BaiTap|Datapath:inst|Register4x8:inst14|register:inst|RFC:inst3|inst2                  ; out0             ;
; |BaiTap|Datapath:inst|Register1x8:inst24|RFC:inst10|inst                                ; |BaiTap|Datapath:inst|Register1x8:inst24|RFC:inst10|inst                                ; regout           ;
; |BaiTap|Datapath:inst|Register1x8:inst24|RFC:inst10|inst4                               ; |BaiTap|Datapath:inst|Register1x8:inst24|RFC:inst10|inst4                               ; out0             ;
; |BaiTap|Datapath:inst|Register1x8:inst24|RFC:inst10|inst3                               ; |BaiTap|Datapath:inst|Register1x8:inst24|RFC:inst10|inst3                               ; out0             ;
; |BaiTap|Datapath:inst|Register1x8:inst24|RFC:inst10|inst2                               ; |BaiTap|Datapath:inst|Register1x8:inst24|RFC:inst10|inst2                               ; out0             ;
; |BaiTap|Datapath:inst|Register1x8:inst24|RFC:inst11|inst                                ; |BaiTap|Datapath:inst|Register1x8:inst24|RFC:inst11|inst                                ; regout           ;
; |BaiTap|Datapath:inst|Register1x8:inst24|RFC:inst11|inst4                               ; |BaiTap|Datapath:inst|Register1x8:inst24|RFC:inst11|inst4                               ; out0             ;
; |BaiTap|Datapath:inst|Register1x8:inst24|RFC:inst11|inst3                               ; |BaiTap|Datapath:inst|Register1x8:inst24|RFC:inst11|inst3                               ; out0             ;
; |BaiTap|Datapath:inst|Register1x8:inst24|RFC:inst11|inst2                               ; |BaiTap|Datapath:inst|Register1x8:inst24|RFC:inst11|inst2                               ; out0             ;
; |BaiTap|Datapath:inst|Register1x8:inst24|RFC:inst9|inst                                 ; |BaiTap|Datapath:inst|Register1x8:inst24|RFC:inst9|inst                                 ; regout           ;
; |BaiTap|Datapath:inst|Register1x8:inst24|RFC:inst9|inst4                                ; |BaiTap|Datapath:inst|Register1x8:inst24|RFC:inst9|inst4                                ; out0             ;
; |BaiTap|Datapath:inst|Register1x8:inst24|RFC:inst9|inst3                                ; |BaiTap|Datapath:inst|Register1x8:inst24|RFC:inst9|inst3                                ; out0             ;
; |BaiTap|Datapath:inst|Register1x8:inst24|RFC:inst9|inst2                                ; |BaiTap|Datapath:inst|Register1x8:inst24|RFC:inst9|inst2                                ; out0             ;
; |BaiTap|Datapath:inst|Register1x8:inst24|RFC:inst4|inst                                 ; |BaiTap|Datapath:inst|Register1x8:inst24|RFC:inst4|inst                                 ; regout           ;
; |BaiTap|Datapath:inst|Register1x8:inst24|RFC:inst4|inst4                                ; |BaiTap|Datapath:inst|Register1x8:inst24|RFC:inst4|inst4                                ; out0             ;
; |BaiTap|Datapath:inst|Register1x8:inst24|RFC:inst4|inst3                                ; |BaiTap|Datapath:inst|Register1x8:inst24|RFC:inst4|inst3                                ; out0             ;
; |BaiTap|Datapath:inst|Register1x8:inst24|RFC:inst4|inst2                                ; |BaiTap|Datapath:inst|Register1x8:inst24|RFC:inst4|inst2                                ; out0             ;
; |BaiTap|Datapath:inst|Register1x8:inst24|RFC:inst12|inst                                ; |BaiTap|Datapath:inst|Register1x8:inst24|RFC:inst12|inst                                ; regout           ;
; |BaiTap|Datapath:inst|Register1x8:inst24|RFC:inst12|inst4                               ; |BaiTap|Datapath:inst|Register1x8:inst24|RFC:inst12|inst4                               ; out0             ;
; |BaiTap|Datapath:inst|Register1x8:inst24|RFC:inst12|inst3                               ; |BaiTap|Datapath:inst|Register1x8:inst24|RFC:inst12|inst3                               ; out0             ;
; |BaiTap|Datapath:inst|Register1x8:inst24|RFC:inst12|inst2                               ; |BaiTap|Datapath:inst|Register1x8:inst24|RFC:inst12|inst2                               ; out0             ;
; |BaiTap|Datapath:inst|Register1x8:inst24|RFC:inst8|inst                                 ; |BaiTap|Datapath:inst|Register1x8:inst24|RFC:inst8|inst                                 ; regout           ;
; |BaiTap|Datapath:inst|Register1x8:inst24|RFC:inst8|inst4                                ; |BaiTap|Datapath:inst|Register1x8:inst24|RFC:inst8|inst4                                ; out0             ;
; |BaiTap|Datapath:inst|Register1x8:inst24|RFC:inst8|inst3                                ; |BaiTap|Datapath:inst|Register1x8:inst24|RFC:inst8|inst3                                ; out0             ;
; |BaiTap|Datapath:inst|Register1x8:inst24|RFC:inst8|inst2                                ; |BaiTap|Datapath:inst|Register1x8:inst24|RFC:inst8|inst2                                ; out0             ;
; |BaiTap|Datapath:inst|Register1x8:inst24|RFC:inst7|inst                                 ; |BaiTap|Datapath:inst|Register1x8:inst24|RFC:inst7|inst                                 ; regout           ;
; |BaiTap|Datapath:inst|Register1x8:inst24|RFC:inst7|inst4                                ; |BaiTap|Datapath:inst|Register1x8:inst24|RFC:inst7|inst4                                ; out0             ;
; |BaiTap|Datapath:inst|Register1x8:inst24|RFC:inst7|inst3                                ; |BaiTap|Datapath:inst|Register1x8:inst24|RFC:inst7|inst3                                ; out0             ;
; |BaiTap|Datapath:inst|Register1x8:inst24|RFC:inst7|inst2                                ; |BaiTap|Datapath:inst|Register1x8:inst24|RFC:inst7|inst2                                ; out0             ;
; |BaiTap|Datapath:inst|Register1x8:inst24|RFC:inst3|inst                                 ; |BaiTap|Datapath:inst|Register1x8:inst24|RFC:inst3|inst                                 ; regout           ;
; |BaiTap|Datapath:inst|Register1x8:inst24|RFC:inst3|inst2                                ; |BaiTap|Datapath:inst|Register1x8:inst24|RFC:inst3|inst2                                ; out0             ;
; |BaiTap|Datapath:inst|Register1x8:inst25|RFC:inst10|inst                                ; |BaiTap|Datapath:inst|Register1x8:inst25|RFC:inst10|inst                                ; regout           ;
; |BaiTap|Datapath:inst|Register1x8:inst25|RFC:inst10|inst4                               ; |BaiTap|Datapath:inst|Register1x8:inst25|RFC:inst10|inst4                               ; out0             ;
; |BaiTap|Datapath:inst|Register1x8:inst25|RFC:inst10|inst3                               ; |BaiTap|Datapath:inst|Register1x8:inst25|RFC:inst10|inst3                               ; out0             ;
; |BaiTap|Datapath:inst|Register1x8:inst25|RFC:inst10|inst2                               ; |BaiTap|Datapath:inst|Register1x8:inst25|RFC:inst10|inst2                               ; out0             ;
; |BaiTap|Datapath:inst|Register1x8:inst25|RFC:inst11|inst                                ; |BaiTap|Datapath:inst|Register1x8:inst25|RFC:inst11|inst                                ; regout           ;
; |BaiTap|Datapath:inst|Register1x8:inst25|RFC:inst11|inst4                               ; |BaiTap|Datapath:inst|Register1x8:inst25|RFC:inst11|inst4                               ; out0             ;
; |BaiTap|Datapath:inst|Register1x8:inst25|RFC:inst11|inst3                               ; |BaiTap|Datapath:inst|Register1x8:inst25|RFC:inst11|inst3                               ; out0             ;
; |BaiTap|Datapath:inst|Register1x8:inst25|RFC:inst11|inst2                               ; |BaiTap|Datapath:inst|Register1x8:inst25|RFC:inst11|inst2                               ; out0             ;
; |BaiTap|Datapath:inst|Register1x8:inst25|RFC:inst9|inst                                 ; |BaiTap|Datapath:inst|Register1x8:inst25|RFC:inst9|inst                                 ; regout           ;
; |BaiTap|Datapath:inst|Register1x8:inst25|RFC:inst9|inst4                                ; |BaiTap|Datapath:inst|Register1x8:inst25|RFC:inst9|inst4                                ; out0             ;
; |BaiTap|Datapath:inst|Register1x8:inst25|RFC:inst9|inst3                                ; |BaiTap|Datapath:inst|Register1x8:inst25|RFC:inst9|inst3                                ; out0             ;
; |BaiTap|Datapath:inst|Register1x8:inst25|RFC:inst9|inst2                                ; |BaiTap|Datapath:inst|Register1x8:inst25|RFC:inst9|inst2                                ; out0             ;
; |BaiTap|Datapath:inst|Register1x8:inst25|RFC:inst4|inst                                 ; |BaiTap|Datapath:inst|Register1x8:inst25|RFC:inst4|inst                                 ; regout           ;
; |BaiTap|Datapath:inst|Register1x8:inst25|RFC:inst4|inst4                                ; |BaiTap|Datapath:inst|Register1x8:inst25|RFC:inst4|inst4                                ; out0             ;
; |BaiTap|Datapath:inst|Register1x8:inst25|RFC:inst4|inst3                                ; |BaiTap|Datapath:inst|Register1x8:inst25|RFC:inst4|inst3                                ; out0             ;
; |BaiTap|Datapath:inst|Register1x8:inst25|RFC:inst4|inst2                                ; |BaiTap|Datapath:inst|Register1x8:inst25|RFC:inst4|inst2                                ; out0             ;
; |BaiTap|Datapath:inst|Register1x8:inst25|RFC:inst12|inst                                ; |BaiTap|Datapath:inst|Register1x8:inst25|RFC:inst12|inst                                ; regout           ;
; |BaiTap|Datapath:inst|Register1x8:inst25|RFC:inst12|inst4                               ; |BaiTap|Datapath:inst|Register1x8:inst25|RFC:inst12|inst4                               ; out0             ;
; |BaiTap|Datapath:inst|Register1x8:inst25|RFC:inst12|inst3                               ; |BaiTap|Datapath:inst|Register1x8:inst25|RFC:inst12|inst3                               ; out0             ;
; |BaiTap|Datapath:inst|Register1x8:inst25|RFC:inst12|inst2                               ; |BaiTap|Datapath:inst|Register1x8:inst25|RFC:inst12|inst2                               ; out0             ;
; |BaiTap|Datapath:inst|Register1x8:inst25|RFC:inst8|inst                                 ; |BaiTap|Datapath:inst|Register1x8:inst25|RFC:inst8|inst                                 ; regout           ;
; |BaiTap|Datapath:inst|Register1x8:inst25|RFC:inst8|inst4                                ; |BaiTap|Datapath:inst|Register1x8:inst25|RFC:inst8|inst4                                ; out0             ;
; |BaiTap|Datapath:inst|Register1x8:inst25|RFC:inst8|inst3                                ; |BaiTap|Datapath:inst|Register1x8:inst25|RFC:inst8|inst3                                ; out0             ;
; |BaiTap|Datapath:inst|Register1x8:inst25|RFC:inst8|inst2                                ; |BaiTap|Datapath:inst|Register1x8:inst25|RFC:inst8|inst2                                ; out0             ;
; |BaiTap|Datapath:inst|Register1x8:inst25|RFC:inst7|inst                                 ; |BaiTap|Datapath:inst|Register1x8:inst25|RFC:inst7|inst                                 ; regout           ;
; |BaiTap|Datapath:inst|Register1x8:inst25|RFC:inst7|inst4                                ; |BaiTap|Datapath:inst|Register1x8:inst25|RFC:inst7|inst4                                ; out0             ;
; |BaiTap|Datapath:inst|Register1x8:inst25|RFC:inst7|inst3                                ; |BaiTap|Datapath:inst|Register1x8:inst25|RFC:inst7|inst3                                ; out0             ;
; |BaiTap|Datapath:inst|Register1x8:inst25|RFC:inst7|inst2                                ; |BaiTap|Datapath:inst|Register1x8:inst25|RFC:inst7|inst2                                ; out0             ;
; |BaiTap|Datapath:inst|Register1x8:inst25|RFC:inst3|inst                                 ; |BaiTap|Datapath:inst|Register1x8:inst25|RFC:inst3|inst                                 ; regout           ;
; |BaiTap|Datapath:inst|Register1x8:inst25|RFC:inst3|inst4                                ; |BaiTap|Datapath:inst|Register1x8:inst25|RFC:inst3|inst4                                ; out0             ;
; |BaiTap|Datapath:inst|Register1x8:inst25|RFC:inst3|inst3                                ; |BaiTap|Datapath:inst|Register1x8:inst25|RFC:inst3|inst3                                ; out0             ;
; |BaiTap|Datapath:inst|Register1x8:inst25|RFC:inst3|inst2                                ; |BaiTap|Datapath:inst|Register1x8:inst25|RFC:inst3|inst2                                ; out0             ;
; |BaiTap|Datapath:inst|Register2x8:inst23|RFC:inst15|inst                                ; |BaiTap|Datapath:inst|Register2x8:inst23|RFC:inst15|inst                                ; regout           ;
; |BaiTap|Datapath:inst|Register2x8:inst23|RFC:inst15|inst2                               ; |BaiTap|Datapath:inst|Register2x8:inst23|RFC:inst15|inst2                               ; out0             ;
; |BaiTap|Datapath:inst|Register2x8:inst23|RFC:inst11|inst                                ; |BaiTap|Datapath:inst|Register2x8:inst23|RFC:inst11|inst                                ; regout           ;
; |BaiTap|Datapath:inst|Register2x8:inst23|RFC:inst11|inst2                               ; |BaiTap|Datapath:inst|Register2x8:inst23|RFC:inst11|inst2                               ; out0             ;
; |BaiTap|Datapath:inst|Register2x8:inst23|RFC:inst8|inst                                 ; |BaiTap|Datapath:inst|Register2x8:inst23|RFC:inst8|inst                                 ; regout           ;
; |BaiTap|Datapath:inst|Register2x8:inst23|RFC:inst8|inst2                                ; |BaiTap|Datapath:inst|Register2x8:inst23|RFC:inst8|inst2                                ; out0             ;
; |BaiTap|Datapath:inst|Register2x8:inst23|RFC:inst4|inst                                 ; |BaiTap|Datapath:inst|Register2x8:inst23|RFC:inst4|inst                                 ; regout           ;
; |BaiTap|Datapath:inst|Register2x8:inst23|RFC:inst4|inst2                                ; |BaiTap|Datapath:inst|Register2x8:inst23|RFC:inst4|inst2                                ; out0             ;
; |BaiTap|Datapath:inst|Register2x8:inst23|RFC:inst18|inst                                ; |BaiTap|Datapath:inst|Register2x8:inst23|RFC:inst18|inst                                ; regout           ;
; |BaiTap|Datapath:inst|Register2x8:inst23|RFC:inst18|inst2                               ; |BaiTap|Datapath:inst|Register2x8:inst23|RFC:inst18|inst2                               ; out0             ;
; |BaiTap|Datapath:inst|Register2x8:inst23|RFC:inst16|inst                                ; |BaiTap|Datapath:inst|Register2x8:inst23|RFC:inst16|inst                                ; regout           ;
; |BaiTap|Datapath:inst|Register2x8:inst23|RFC:inst16|inst2                               ; |BaiTap|Datapath:inst|Register2x8:inst23|RFC:inst16|inst2                               ; out0             ;
; |BaiTap|Datapath:inst|Register2x8:inst23|RFC:inst14|inst                                ; |BaiTap|Datapath:inst|Register2x8:inst23|RFC:inst14|inst                                ; regout           ;
; |BaiTap|Datapath:inst|Register2x8:inst23|RFC:inst14|inst2                               ; |BaiTap|Datapath:inst|Register2x8:inst23|RFC:inst14|inst2                               ; out0             ;
; |BaiTap|Datapath:inst|Register2x8:inst23|RFC:inst12|inst                                ; |BaiTap|Datapath:inst|Register2x8:inst23|RFC:inst12|inst                                ; regout           ;
; |BaiTap|Datapath:inst|Register2x8:inst23|RFC:inst12|inst2                               ; |BaiTap|Datapath:inst|Register2x8:inst23|RFC:inst12|inst2                               ; out0             ;
; |BaiTap|Datapath:inst|Register2x8:inst23|RFC:inst9|inst                                 ; |BaiTap|Datapath:inst|Register2x8:inst23|RFC:inst9|inst                                 ; regout           ;
; |BaiTap|Datapath:inst|Register2x8:inst23|RFC:inst9|inst2                                ; |BaiTap|Datapath:inst|Register2x8:inst23|RFC:inst9|inst2                                ; out0             ;
; |BaiTap|Datapath:inst|Register2x8:inst23|RFC:inst5|inst                                 ; |BaiTap|Datapath:inst|Register2x8:inst23|RFC:inst5|inst                                 ; regout           ;
; |BaiTap|Datapath:inst|Register2x8:inst23|RFC:inst5|inst2                                ; |BaiTap|Datapath:inst|Register2x8:inst23|RFC:inst5|inst2                                ; out0             ;
; |BaiTap|Datapath:inst|Register2x8:inst23|RFC:inst7|inst                                 ; |BaiTap|Datapath:inst|Register2x8:inst23|RFC:inst7|inst                                 ; regout           ;
; |BaiTap|Datapath:inst|Register2x8:inst23|RFC:inst7|inst2                                ; |BaiTap|Datapath:inst|Register2x8:inst23|RFC:inst7|inst2                                ; out0             ;
; |BaiTap|Datapath:inst|Register2x8:inst23|RFC:inst3|inst                                 ; |BaiTap|Datapath:inst|Register2x8:inst23|RFC:inst3|inst                                 ; regout           ;
; |BaiTap|Datapath:inst|Register2x8:inst23|RFC:inst3|inst2                                ; |BaiTap|Datapath:inst|Register2x8:inst23|RFC:inst3|inst2                                ; out0             ;
; |BaiTap|Datapath:inst|AU1:inst|Sum8Bit:inst|Sum:inst6|inst                              ; |BaiTap|Datapath:inst|AU1:inst|Sum8Bit:inst|Sum:inst6|inst                              ; out0             ;
; |BaiTap|Datapath:inst|AU1:inst|Sum8Bit:inst|Sum:inst6|inst2                             ; |BaiTap|Datapath:inst|AU1:inst|Sum8Bit:inst|Sum:inst6|inst2                             ; out0             ;
; |BaiTap|Datapath:inst|AU1:inst|Sum8Bit:inst|Sum:inst3|inst                              ; |BaiTap|Datapath:inst|AU1:inst|Sum8Bit:inst|Sum:inst3|inst                              ; out0             ;
; |BaiTap|Datapath:inst|AU1:inst|Sum8Bit:inst|Sum:inst2|inst                              ; |BaiTap|Datapath:inst|AU1:inst|Sum8Bit:inst|Sum:inst2|inst                              ; out0             ;
; |BaiTap|Datapath:inst|AU1:inst|Sum8Bit:inst|Sum:inst1|inst                              ; |BaiTap|Datapath:inst|AU1:inst|Sum8Bit:inst|Sum:inst1|inst                              ; out0             ;
; |BaiTap|Datapath:inst|AU1:inst|Sum8Bit:inst|Sum:inst|inst                               ; |BaiTap|Datapath:inst|AU1:inst|Sum8Bit:inst|Sum:inst|inst                               ; out0             ;
; |BaiTap|Datapath:inst|AU1:inst|Register4x8:inst1|register:inst1|A[3]                    ; |BaiTap|Datapath:inst|AU1:inst|Register4x8:inst1|register:inst1|A[3]                    ; out0             ;
; |BaiTap|Datapath:inst|AU1:inst|Register4x8:inst1|register:inst1|A[2]                    ; |BaiTap|Datapath:inst|AU1:inst|Register4x8:inst1|register:inst1|A[2]                    ; out0             ;
; |BaiTap|Datapath:inst|AU1:inst|Register4x8:inst1|register:inst1|A[1]                    ; |BaiTap|Datapath:inst|AU1:inst|Register4x8:inst1|register:inst1|A[1]                    ; out0             ;
; |BaiTap|Datapath:inst|AU1:inst|Register4x8:inst1|register:inst1|A[0]                    ; |BaiTap|Datapath:inst|AU1:inst|Register4x8:inst1|register:inst1|A[0]                    ; out0             ;
; |BaiTap|Datapath:inst|AU1:inst|Register4x8:inst1|register:inst1|RFC:inst18|inst         ; |BaiTap|Datapath:inst|AU1:inst|Register4x8:inst1|register:inst1|RFC:inst18|inst         ; regout           ;
; |BaiTap|Datapath:inst|AU1:inst|Register4x8:inst1|register:inst1|RFC:inst18|inst2        ; |BaiTap|Datapath:inst|AU1:inst|Register4x8:inst1|register:inst1|RFC:inst18|inst2        ; out0             ;
; |BaiTap|Datapath:inst|AU1:inst|Register4x8:inst1|register:inst1|RFC:inst14|inst         ; |BaiTap|Datapath:inst|AU1:inst|Register4x8:inst1|register:inst1|RFC:inst14|inst         ; regout           ;
; |BaiTap|Datapath:inst|AU1:inst|Register4x8:inst1|register:inst1|RFC:inst14|inst2        ; |BaiTap|Datapath:inst|AU1:inst|Register4x8:inst1|register:inst1|RFC:inst14|inst2        ; out0             ;
; |BaiTap|Datapath:inst|AU1:inst|Register4x8:inst1|register:inst1|RFC:inst10|inst         ; |BaiTap|Datapath:inst|AU1:inst|Register4x8:inst1|register:inst1|RFC:inst10|inst         ; regout           ;
; |BaiTap|Datapath:inst|AU1:inst|Register4x8:inst1|register:inst1|RFC:inst10|inst2        ; |BaiTap|Datapath:inst|AU1:inst|Register4x8:inst1|register:inst1|RFC:inst10|inst2        ; out0             ;
; |BaiTap|Datapath:inst|AU1:inst|Register4x8:inst1|register:inst1|RFC:inst6|inst          ; |BaiTap|Datapath:inst|AU1:inst|Register4x8:inst1|register:inst1|RFC:inst6|inst          ; regout           ;
; |BaiTap|Datapath:inst|AU1:inst|Register4x8:inst1|register:inst1|RFC:inst6|inst2         ; |BaiTap|Datapath:inst|AU1:inst|Register4x8:inst1|register:inst1|RFC:inst6|inst2         ; out0             ;
; |BaiTap|Datapath:inst|AU1:inst|Register4x8:inst1|register:inst1|RFC:inst17|inst         ; |BaiTap|Datapath:inst|AU1:inst|Register4x8:inst1|register:inst1|RFC:inst17|inst         ; regout           ;
; |BaiTap|Datapath:inst|AU1:inst|Register4x8:inst1|register:inst1|RFC:inst17|inst2        ; |BaiTap|Datapath:inst|AU1:inst|Register4x8:inst1|register:inst1|RFC:inst17|inst2        ; out0             ;
; |BaiTap|Datapath:inst|AU1:inst|Register4x8:inst1|register:inst1|RFC:inst13|inst         ; |BaiTap|Datapath:inst|AU1:inst|Register4x8:inst1|register:inst1|RFC:inst13|inst         ; regout           ;
; |BaiTap|Datapath:inst|AU1:inst|Register4x8:inst1|register:inst1|RFC:inst13|inst2        ; |BaiTap|Datapath:inst|AU1:inst|Register4x8:inst1|register:inst1|RFC:inst13|inst2        ; out0             ;
; |BaiTap|Datapath:inst|AU1:inst|Register4x8:inst1|register:inst1|RFC:inst9|inst          ; |BaiTap|Datapath:inst|AU1:inst|Register4x8:inst1|register:inst1|RFC:inst9|inst          ; regout           ;
; |BaiTap|Datapath:inst|AU1:inst|Register4x8:inst1|register:inst1|RFC:inst9|inst2         ; |BaiTap|Datapath:inst|AU1:inst|Register4x8:inst1|register:inst1|RFC:inst9|inst2         ; out0             ;
; |BaiTap|Datapath:inst|AU1:inst|Register4x8:inst1|register:inst1|RFC:inst8|inst          ; |BaiTap|Datapath:inst|AU1:inst|Register4x8:inst1|register:inst1|RFC:inst8|inst          ; regout           ;
; |BaiTap|Datapath:inst|AU1:inst|Register4x8:inst1|register:inst1|RFC:inst8|inst2         ; |BaiTap|Datapath:inst|AU1:inst|Register4x8:inst1|register:inst1|RFC:inst8|inst2         ; out0             ;
; |BaiTap|Datapath:inst|AU1:inst|Register4x8:inst1|register:inst1|RFC:inst12|inst         ; |BaiTap|Datapath:inst|AU1:inst|Register4x8:inst1|register:inst1|RFC:inst12|inst         ; regout           ;
; |BaiTap|Datapath:inst|AU1:inst|Register4x8:inst1|register:inst1|RFC:inst12|inst2        ; |BaiTap|Datapath:inst|AU1:inst|Register4x8:inst1|register:inst1|RFC:inst12|inst2        ; out0             ;
; |BaiTap|Datapath:inst|AU1:inst|Register4x8:inst1|register:inst1|RFC:inst16|inst         ; |BaiTap|Datapath:inst|AU1:inst|Register4x8:inst1|register:inst1|RFC:inst16|inst         ; regout           ;
; |BaiTap|Datapath:inst|AU1:inst|Register4x8:inst1|register:inst1|RFC:inst16|inst2        ; |BaiTap|Datapath:inst|AU1:inst|Register4x8:inst1|register:inst1|RFC:inst16|inst2        ; out0             ;
; |BaiTap|Datapath:inst|AU1:inst|Register4x8:inst1|register:inst1|RFC:inst4|inst          ; |BaiTap|Datapath:inst|AU1:inst|Register4x8:inst1|register:inst1|RFC:inst4|inst          ; regout           ;
; |BaiTap|Datapath:inst|AU1:inst|Register4x8:inst1|register:inst1|RFC:inst4|inst2         ; |BaiTap|Datapath:inst|AU1:inst|Register4x8:inst1|register:inst1|RFC:inst4|inst2         ; out0             ;
; |BaiTap|Datapath:inst|AU1:inst|Register4x8:inst1|register:inst1|RFC:inst15|inst         ; |BaiTap|Datapath:inst|AU1:inst|Register4x8:inst1|register:inst1|RFC:inst15|inst         ; regout           ;
; |BaiTap|Datapath:inst|AU1:inst|Register4x8:inst1|register:inst1|RFC:inst15|inst2        ; |BaiTap|Datapath:inst|AU1:inst|Register4x8:inst1|register:inst1|RFC:inst15|inst2        ; out0             ;
; |BaiTap|Datapath:inst|AU1:inst|Register4x8:inst1|register:inst1|RFC:inst11|inst         ; |BaiTap|Datapath:inst|AU1:inst|Register4x8:inst1|register:inst1|RFC:inst11|inst         ; regout           ;
; |BaiTap|Datapath:inst|AU1:inst|Register4x8:inst1|register:inst1|RFC:inst11|inst2        ; |BaiTap|Datapath:inst|AU1:inst|Register4x8:inst1|register:inst1|RFC:inst11|inst2        ; out0             ;
; |BaiTap|Datapath:inst|AU1:inst|Register4x8:inst1|register:inst1|RFC:inst7|inst          ; |BaiTap|Datapath:inst|AU1:inst|Register4x8:inst1|register:inst1|RFC:inst7|inst          ; regout           ;
; |BaiTap|Datapath:inst|AU1:inst|Register4x8:inst1|register:inst1|RFC:inst7|inst2         ; |BaiTap|Datapath:inst|AU1:inst|Register4x8:inst1|register:inst1|RFC:inst7|inst2         ; out0             ;
; |BaiTap|Datapath:inst|AU1:inst|Register4x8:inst1|register:inst|A[3]                     ; |BaiTap|Datapath:inst|AU1:inst|Register4x8:inst1|register:inst|A[3]                     ; out0             ;
; |BaiTap|Datapath:inst|AU1:inst|Register4x8:inst1|register:inst|A[2]                     ; |BaiTap|Datapath:inst|AU1:inst|Register4x8:inst1|register:inst|A[2]                     ; out0             ;
; |BaiTap|Datapath:inst|AU1:inst|Register4x8:inst1|register:inst|A[1]                     ; |BaiTap|Datapath:inst|AU1:inst|Register4x8:inst1|register:inst|A[1]                     ; out0             ;
; |BaiTap|Datapath:inst|AU1:inst|Register4x8:inst1|register:inst|RFC:inst18|inst          ; |BaiTap|Datapath:inst|AU1:inst|Register4x8:inst1|register:inst|RFC:inst18|inst          ; regout           ;
; |BaiTap|Datapath:inst|AU1:inst|Register4x8:inst1|register:inst|RFC:inst18|inst2         ; |BaiTap|Datapath:inst|AU1:inst|Register4x8:inst1|register:inst|RFC:inst18|inst2         ; out0             ;
; |BaiTap|Datapath:inst|AU1:inst|Register4x8:inst1|register:inst|RFC:inst17|inst          ; |BaiTap|Datapath:inst|AU1:inst|Register4x8:inst1|register:inst|RFC:inst17|inst          ; regout           ;
; |BaiTap|Datapath:inst|AU1:inst|Register4x8:inst1|register:inst|RFC:inst17|inst2         ; |BaiTap|Datapath:inst|AU1:inst|Register4x8:inst1|register:inst|RFC:inst17|inst2         ; out0             ;
; |BaiTap|Datapath:inst|AU1:inst|Register4x8:inst1|register:inst|RFC:inst13|inst          ; |BaiTap|Datapath:inst|AU1:inst|Register4x8:inst1|register:inst|RFC:inst13|inst          ; regout           ;
; |BaiTap|Datapath:inst|AU1:inst|Register4x8:inst1|register:inst|RFC:inst13|inst2         ; |BaiTap|Datapath:inst|AU1:inst|Register4x8:inst1|register:inst|RFC:inst13|inst2         ; out0             ;
; |BaiTap|Datapath:inst|AU1:inst|Register4x8:inst1|register:inst|RFC:inst9|inst           ; |BaiTap|Datapath:inst|AU1:inst|Register4x8:inst1|register:inst|RFC:inst9|inst           ; regout           ;
; |BaiTap|Datapath:inst|AU1:inst|Register4x8:inst1|register:inst|RFC:inst9|inst2          ; |BaiTap|Datapath:inst|AU1:inst|Register4x8:inst1|register:inst|RFC:inst9|inst2          ; out0             ;
; |BaiTap|Datapath:inst|AU1:inst|Register4x8:inst1|register:inst|RFC:inst5|inst           ; |BaiTap|Datapath:inst|AU1:inst|Register4x8:inst1|register:inst|RFC:inst5|inst           ; regout           ;
; |BaiTap|Datapath:inst|AU1:inst|Register4x8:inst1|register:inst|RFC:inst5|inst2          ; |BaiTap|Datapath:inst|AU1:inst|Register4x8:inst1|register:inst|RFC:inst5|inst2          ; out0             ;
; |BaiTap|Datapath:inst|AU1:inst|Register4x8:inst1|register:inst|RFC:inst8|inst           ; |BaiTap|Datapath:inst|AU1:inst|Register4x8:inst1|register:inst|RFC:inst8|inst           ; regout           ;
; |BaiTap|Datapath:inst|AU1:inst|Register4x8:inst1|register:inst|RFC:inst8|inst2          ; |BaiTap|Datapath:inst|AU1:inst|Register4x8:inst1|register:inst|RFC:inst8|inst2          ; out0             ;
; |BaiTap|Datapath:inst|AU1:inst|Register4x8:inst1|register:inst|RFC:inst12|inst          ; |BaiTap|Datapath:inst|AU1:inst|Register4x8:inst1|register:inst|RFC:inst12|inst          ; regout           ;
; |BaiTap|Datapath:inst|AU1:inst|Register4x8:inst1|register:inst|RFC:inst12|inst2         ; |BaiTap|Datapath:inst|AU1:inst|Register4x8:inst1|register:inst|RFC:inst12|inst2         ; out0             ;
; |BaiTap|Datapath:inst|AU1:inst|Register4x8:inst1|register:inst|RFC:inst16|inst          ; |BaiTap|Datapath:inst|AU1:inst|Register4x8:inst1|register:inst|RFC:inst16|inst          ; regout           ;
; |BaiTap|Datapath:inst|AU1:inst|Register4x8:inst1|register:inst|RFC:inst16|inst2         ; |BaiTap|Datapath:inst|AU1:inst|Register4x8:inst1|register:inst|RFC:inst16|inst2         ; out0             ;
; |BaiTap|Datapath:inst|AU1:inst|Register4x8:inst1|register:inst|RFC:inst4|inst           ; |BaiTap|Datapath:inst|AU1:inst|Register4x8:inst1|register:inst|RFC:inst4|inst           ; regout           ;
; |BaiTap|Datapath:inst|AU1:inst|Register4x8:inst1|register:inst|RFC:inst4|inst2          ; |BaiTap|Datapath:inst|AU1:inst|Register4x8:inst1|register:inst|RFC:inst4|inst2          ; out0             ;
; |BaiTap|Datapath:inst|AU1:inst|Register4x8:inst1|register:inst|RFC:inst15|inst          ; |BaiTap|Datapath:inst|AU1:inst|Register4x8:inst1|register:inst|RFC:inst15|inst          ; regout           ;
; |BaiTap|Datapath:inst|AU1:inst|Register4x8:inst1|register:inst|RFC:inst15|inst2         ; |BaiTap|Datapath:inst|AU1:inst|Register4x8:inst1|register:inst|RFC:inst15|inst2         ; out0             ;
; |BaiTap|Datapath:inst|AU1:inst|Register4x8:inst1|register:inst|RFC:inst11|inst          ; |BaiTap|Datapath:inst|AU1:inst|Register4x8:inst1|register:inst|RFC:inst11|inst          ; regout           ;
; |BaiTap|Datapath:inst|AU1:inst|Register4x8:inst1|register:inst|RFC:inst11|inst2         ; |BaiTap|Datapath:inst|AU1:inst|Register4x8:inst1|register:inst|RFC:inst11|inst2         ; out0             ;
; |BaiTap|Datapath:inst|AU1:inst|Register4x8:inst1|register:inst|RFC:inst7|inst           ; |BaiTap|Datapath:inst|AU1:inst|Register4x8:inst1|register:inst|RFC:inst7|inst           ; regout           ;
; |BaiTap|Datapath:inst|AU1:inst|Register4x8:inst1|register:inst|RFC:inst7|inst2          ; |BaiTap|Datapath:inst|AU1:inst|Register4x8:inst1|register:inst|RFC:inst7|inst2          ; out0             ;
; |BaiTap|Datapath:inst|AU1:inst|Register4x8:inst1|register:inst|RFC:inst3|inst           ; |BaiTap|Datapath:inst|AU1:inst|Register4x8:inst1|register:inst|RFC:inst3|inst           ; regout           ;
; |BaiTap|Datapath:inst|AU1:inst|Register4x8:inst1|register:inst|RFC:inst3|inst2          ; |BaiTap|Datapath:inst|AU1:inst|Register4x8:inst1|register:inst|RFC:inst3|inst2          ; out0             ;
; |BaiTap|Datapath:inst|Register2x8:inst2|RFC:inst17|inst                                 ; |BaiTap|Datapath:inst|Register2x8:inst2|RFC:inst17|inst                                 ; regout           ;
; |BaiTap|Datapath:inst|Register2x8:inst2|RFC:inst17|inst2                                ; |BaiTap|Datapath:inst|Register2x8:inst2|RFC:inst17|inst2                                ; out0             ;
; |BaiTap|Datapath:inst|Register2x8:inst2|RFC:inst15|inst                                 ; |BaiTap|Datapath:inst|Register2x8:inst2|RFC:inst15|inst                                 ; regout           ;
; |BaiTap|Datapath:inst|Register2x8:inst2|RFC:inst15|inst2                                ; |BaiTap|Datapath:inst|Register2x8:inst2|RFC:inst15|inst2                                ; out0             ;
; |BaiTap|Datapath:inst|Register2x8:inst2|RFC:inst13|inst                                 ; |BaiTap|Datapath:inst|Register2x8:inst2|RFC:inst13|inst                                 ; regout           ;
; |BaiTap|Datapath:inst|Register2x8:inst2|RFC:inst13|inst2                                ; |BaiTap|Datapath:inst|Register2x8:inst2|RFC:inst13|inst2                                ; out0             ;
; |BaiTap|Datapath:inst|Register2x8:inst2|RFC:inst11|inst                                 ; |BaiTap|Datapath:inst|Register2x8:inst2|RFC:inst11|inst                                 ; regout           ;
; |BaiTap|Datapath:inst|Register2x8:inst2|RFC:inst11|inst2                                ; |BaiTap|Datapath:inst|Register2x8:inst2|RFC:inst11|inst2                                ; out0             ;
; |BaiTap|Datapath:inst|Register2x8:inst2|RFC:inst8|inst                                  ; |BaiTap|Datapath:inst|Register2x8:inst2|RFC:inst8|inst                                  ; regout           ;
; |BaiTap|Datapath:inst|Register2x8:inst2|RFC:inst8|inst2                                 ; |BaiTap|Datapath:inst|Register2x8:inst2|RFC:inst8|inst2                                 ; out0             ;
; |BaiTap|Datapath:inst|Register2x8:inst2|RFC:inst4|inst                                  ; |BaiTap|Datapath:inst|Register2x8:inst2|RFC:inst4|inst                                  ; regout           ;
; |BaiTap|Datapath:inst|Register2x8:inst2|RFC:inst4|inst2                                 ; |BaiTap|Datapath:inst|Register2x8:inst2|RFC:inst4|inst2                                 ; out0             ;
; |BaiTap|Datapath:inst|Register2x8:inst2|RFC:inst18|inst                                 ; |BaiTap|Datapath:inst|Register2x8:inst2|RFC:inst18|inst                                 ; regout           ;
; |BaiTap|Datapath:inst|Register2x8:inst2|RFC:inst18|inst2                                ; |BaiTap|Datapath:inst|Register2x8:inst2|RFC:inst18|inst2                                ; out0             ;
; |BaiTap|Datapath:inst|Register2x8:inst2|RFC:inst16|inst                                 ; |BaiTap|Datapath:inst|Register2x8:inst2|RFC:inst16|inst                                 ; regout           ;
; |BaiTap|Datapath:inst|Register2x8:inst2|RFC:inst16|inst2                                ; |BaiTap|Datapath:inst|Register2x8:inst2|RFC:inst16|inst2                                ; out0             ;
; |BaiTap|Datapath:inst|Register2x8:inst2|RFC:inst14|inst                                 ; |BaiTap|Datapath:inst|Register2x8:inst2|RFC:inst14|inst                                 ; regout           ;
; |BaiTap|Datapath:inst|Register2x8:inst2|RFC:inst14|inst2                                ; |BaiTap|Datapath:inst|Register2x8:inst2|RFC:inst14|inst2                                ; out0             ;
; |BaiTap|Datapath:inst|Register2x8:inst2|RFC:inst12|inst                                 ; |BaiTap|Datapath:inst|Register2x8:inst2|RFC:inst12|inst                                 ; regout           ;
; |BaiTap|Datapath:inst|Register2x8:inst2|RFC:inst12|inst2                                ; |BaiTap|Datapath:inst|Register2x8:inst2|RFC:inst12|inst2                                ; out0             ;
; |BaiTap|Datapath:inst|Register2x8:inst2|RFC:inst6|inst                                  ; |BaiTap|Datapath:inst|Register2x8:inst2|RFC:inst6|inst                                  ; regout           ;
; |BaiTap|Datapath:inst|Register2x8:inst2|RFC:inst6|inst2                                 ; |BaiTap|Datapath:inst|Register2x8:inst2|RFC:inst6|inst2                                 ; out0             ;
; |BaiTap|Datapath:inst|Register2x8:inst2|RFC:inst9|inst                                  ; |BaiTap|Datapath:inst|Register2x8:inst2|RFC:inst9|inst                                  ; regout           ;
; |BaiTap|Datapath:inst|Register2x8:inst2|RFC:inst9|inst2                                 ; |BaiTap|Datapath:inst|Register2x8:inst2|RFC:inst9|inst2                                 ; out0             ;
; |BaiTap|Datapath:inst|Register2x8:inst2|RFC:inst5|inst                                  ; |BaiTap|Datapath:inst|Register2x8:inst2|RFC:inst5|inst                                  ; regout           ;
; |BaiTap|Datapath:inst|Register2x8:inst2|RFC:inst5|inst2                                 ; |BaiTap|Datapath:inst|Register2x8:inst2|RFC:inst5|inst2                                 ; out0             ;
; |BaiTap|Datapath:inst|Register2x8:inst2|RFC:inst7|inst                                  ; |BaiTap|Datapath:inst|Register2x8:inst2|RFC:inst7|inst                                  ; regout           ;
; |BaiTap|Datapath:inst|Register2x8:inst2|RFC:inst7|inst2                                 ; |BaiTap|Datapath:inst|Register2x8:inst2|RFC:inst7|inst2                                 ; out0             ;
; |BaiTap|Datapath:inst|Register2x8:inst2|RFC:inst3|inst                                  ; |BaiTap|Datapath:inst|Register2x8:inst2|RFC:inst3|inst                                  ; regout           ;
; |BaiTap|Datapath:inst|Register2x8:inst2|RFC:inst3|inst2                                 ; |BaiTap|Datapath:inst|Register2x8:inst2|RFC:inst3|inst2                                 ; out0             ;
+-----------------------------------------------------------------------------------------+-----------------------------------------------------------------------------------------+------------------+


+---------------------+
; Simulator INI Usage ;
+--------+------------+
; Option ; Usage      ;
+--------+------------+


+--------------------+
; Simulator Messages ;
+--------------------+
Info: *******************************************************************
Info: Running Quartus II 64-Bit Simulator
    Info: Version 13.0.1 Build 232 06/12/2013 Service Pack 1 SJ Web Edition
    Info: Processing started: Wed Nov 27 02:58:05 2024
Info: Command: quartus_sim --simulation_results_format=VWF BaiTap -c BaiTap
Info (324025): Using vector source file "C:/Hung/Year3/TKLLS/CE118/DoAn/DPPipline_FuncPipeline/Waveform1.vwf"
Info (310003): Option to preserve fewer signal transitions to reduce memory requirements is enabled
    Info (310004): Simulation has been partitioned into sub-simulations according to the maximum transition count determined by the engine. Transitions from memory will be flushed out to disk at the end of each sub-simulation to reduce memory requirements.
Info (310002): Simulation partitioned into 1 sub-simulations
Info (328053): Simulation coverage is      27.81 %
Info (328052): Number of transitions in simulation is 48568
Info (324045): Vector file BaiTap.sim.vwf is saved in VWF text format. You can compress it into CVWF format in order to reduce file size. For more details please refer to the Quartus II Help.
Info: Quartus II 64-Bit Simulator was successful. 0 errors, 0 warnings
    Info: Peak virtual memory: 4460 megabytes
    Info: Processing ended: Wed Nov 27 02:58:06 2024
    Info: Elapsed time: 00:00:01
    Info: Total CPU time (on all processors): 00:00:00


