Simulator report for FIFO
Mon Oct 14 15:18:00 2024
Quartus II 64-Bit Version 13.0.1 Build 232 06/12/2013 Service Pack 1 SJ Web Edition


---------------------
; Table of Contents ;
---------------------
  1. Legal Notice
  2. Simulator Summary
  3. Simulator Settings
  4. Simulation Waveforms
  5. Coverage Summary
  6. Complete 1/0-Value Coverage
  7. Missing 1-Value Coverage
  8. Missing 0-Value Coverage
  9. Simulator INI Usage
 10. Simulator Messages



----------------
; Legal Notice ;
----------------
Copyright (C) 1991-2013 Altera Corporation
Your use of Altera Corporation's design tools, logic functions 
and other software and tools, and its AMPP partner logic 
functions, and any output files from any of the foregoing 
(including device programming or simulation files), and any 
associated documentation or information are expressly subject 
to the terms and conditions of the Altera Program License 
Subscription Agreement, Altera MegaCore Function License 
Agreement, or other applicable license agreement, including, 
without limitation, that your use is for the sole purpose of 
programming logic devices manufactured by Altera and sold by 
Altera or its authorized distributors.  Please refer to the 
applicable agreement for further details.



+--------------------------------------------+
; Simulator Summary                          ;
+-----------------------------+--------------+
; Type                        ; Value        ;
+-----------------------------+--------------+
; Simulation Start Time       ; 0 ps         ;
; Simulation End Time         ; 1.0 us       ;
; Simulation Netlist Size     ; 576 nodes    ;
; Simulation Coverage         ;      37.50 % ;
; Total Number of Transitions ; 3463         ;
; Simulation Breakpoints      ; 0            ;
; Family                      ; Cyclone II   ;
+-----------------------------+--------------+


+---------------------------------------------------------------------------------------------------------------------------------------------------------------------------------------------------+
; Simulator Settings                                                                                                                                                                                ;
+--------------------------------------------------------------------------------------------+--------------------------------------------------------------------------------------+---------------+
; Option                                                                                     ; Setting                                                                              ; Default Value ;
+--------------------------------------------------------------------------------------------+--------------------------------------------------------------------------------------+---------------+
; Simulation mode                                                                            ; Functional                                                                           ; Timing        ;
; Start time                                                                                 ; 0 ns                                                                                 ; 0 ns          ;
; Simulation results format                                                                  ; VWF                                                                                  ;               ;
; Vector input source                                                                        ; D:/Documents/HK5/Thiet_Ke_Luan_Ly_So/Mo_Phong_Ly_Thuyet/FIFO_16x8_RAM/Waveform16.vwf ;               ;
; Add pins automatically to simulation output waveforms                                      ; On                                                                                   ; On            ;
; Check outputs                                                                              ; Off                                                                                  ; Off           ;
; Report simulation coverage                                                                 ; On                                                                                   ; On            ;
; Display complete 1/0 value coverage report                                                 ; On                                                                                   ; On            ;
; Display missing 1-value coverage report                                                    ; On                                                                                   ; On            ;
; Display missing 0-value coverage report                                                    ; On                                                                                   ; On            ;
; Detect setup and hold time violations                                                      ; Off                                                                                  ; Off           ;
; Detect glitches                                                                            ; Off                                                                                  ; Off           ;
; Disable timing delays in Timing Simulation                                                 ; Off                                                                                  ; Off           ;
; Generate Signal Activity File                                                              ; Off                                                                                  ; Off           ;
; Generate VCD File for PowerPlay Power Analyzer                                             ; Off                                                                                  ; Off           ;
; Group bus channels in simulation results                                                   ; Off                                                                                  ; Off           ;
; Preserve fewer signal transitions to reduce memory requirements                            ; On                                                                                   ; On            ;
; Trigger vector comparison with the specified mode                                          ; INPUT_EDGE                                                                           ; INPUT_EDGE    ;
; Disable setup and hold time violations detection in input registers of bi-directional pins ; Off                                                                                  ; Off           ;
; Overwrite Waveform Inputs With Simulation Outputs                                          ; Off                                                                                  ;               ;
; Perform Glitch Filtering in Timing Simulation                                              ; Auto                                                                                 ; Auto          ;
+--------------------------------------------------------------------------------------------+--------------------------------------------------------------------------------------+---------------+


+----------------------+
; Simulation Waveforms ;
+----------------------+
Waveform report data cannot be output to ASCII.
Please use Quartus II 64-Bit to view the waveform report data.


+--------------------------------------------------------------------+
; Coverage Summary                                                   ;
+-----------------------------------------------------+--------------+
; Type                                                ; Value        ;
+-----------------------------------------------------+--------------+
; Total coverage as a percentage                      ;      37.50 % ;
; Total nodes checked                                 ; 576          ;
; Total output ports checked                          ; 584          ;
; Total output ports with complete 1/0-value coverage ; 219          ;
; Total output ports with no 1/0-value coverage       ; 243          ;
; Total output ports with no 1-value coverage         ; 348          ;
; Total output ports with no 0-value coverage         ; 260          ;
+-----------------------------------------------------+--------------+


The following table displays output ports that toggle between 1 and 0 during simulation.
+--------------------------------------------------------------------------------------------------------------------------------------+
; Complete 1/0-Value Coverage                                                                                                          ;
+---------------------------------------------------------+---------------------------------------------------------+------------------+
; Node Name                                               ; Output Port Name                                        ; Output Port Type ;
+---------------------------------------------------------+---------------------------------------------------------+------------------+
; |FIFO|EMPTY                                             ; |FIFO|EMPTY                                             ; pin_out          ;
; |FIFO|inst11                                            ; |FIFO|inst11                                            ; out0             ;
; |FIFO|CLK                                               ; |FIFO|CLK                                               ; out              ;
; |FIFO|ADDRESS[3]                                        ; |FIFO|ADDRESS[3]                                        ; pin_out          ;
; |FIFO|ADDRESS[2]                                        ; |FIFO|ADDRESS[2]                                        ; pin_out          ;
; |FIFO|ADDRESS[1]                                        ; |FIFO|ADDRESS[1]                                        ; pin_out          ;
; |FIFO|ADDRESS[0]                                        ; |FIFO|ADDRESS[0]                                        ; pin_out          ;
; |FIFO|IO[4]                                             ; |FIFO|IO[4]~result                                      ; pin_out          ;
; |FIFO|IO[3]                                             ; |FIFO|IO[3]                                             ; out              ;
; |FIFO|IO[3]                                             ; |FIFO|IO[3]~result                                      ; pin_out          ;
; |FIFO|IO[2]                                             ; |FIFO|IO[2]                                             ; out              ;
; |FIFO|IO[2]                                             ; |FIFO|IO[2]~result                                      ; pin_out          ;
; |FIFO|IO[1]                                             ; |FIFO|IO[1]                                             ; out              ;
; |FIFO|IO[1]                                             ; |FIFO|IO[1]~result                                      ; pin_out          ;
; |FIFO|IO[0]                                             ; |FIFO|IO[0]                                             ; out              ;
; |FIFO|IO[0]                                             ; |FIFO|IO[0]~result                                      ; pin_out          ;
; |FIFO|IO~3                                              ; |FIFO|IO~3                                              ; out0             ;
; |FIFO|IO~4                                              ; |FIFO|IO~4                                              ; out0             ;
; |FIFO|IO~5                                              ; |FIFO|IO~5                                              ; out0             ;
; |FIFO|IO~6                                              ; |FIFO|IO~6                                              ; out0             ;
; |FIFO|IO~7                                              ; |FIFO|IO~7                                              ; out0             ;
; |FIFO|RAM16_8:inst7|RAM4_4:inst3|inst17                 ; |FIFO|RAM16_8:inst7|RAM4_4:inst3|inst17                 ; out0             ;
; |FIFO|RAM16_8:inst7|RAM4_4:inst3|Decoder2_4:inst|inst5  ; |FIFO|RAM16_8:inst7|RAM4_4:inst3|Decoder2_4:inst|inst5  ; out0             ;
; |FIFO|RAM16_8:inst7|RAM4_4:inst3|Decoder2_4:inst|inst4  ; |FIFO|RAM16_8:inst7|RAM4_4:inst3|Decoder2_4:inst|inst4  ; out0             ;
; |FIFO|RAM16_8:inst7|RAM4_4:inst3|Decoder2_4:inst|inst3  ; |FIFO|RAM16_8:inst7|RAM4_4:inst3|Decoder2_4:inst|inst3  ; out0             ;
; |FIFO|RAM16_8:inst7|RAM4_4:inst3|Decoder2_4:inst|inst2  ; |FIFO|RAM16_8:inst7|RAM4_4:inst3|Decoder2_4:inst|inst2  ; out0             ;
; |FIFO|RAM16_8:inst7|RAM4_4:inst10|inst17                ; |FIFO|RAM16_8:inst7|RAM4_4:inst10|inst17                ; out0             ;
; |FIFO|RAM16_8:inst7|RAM4_4:inst10|Decoder2_4:inst|inst5 ; |FIFO|RAM16_8:inst7|RAM4_4:inst10|Decoder2_4:inst|inst5 ; out0             ;
; |FIFO|RAM16_8:inst7|RAM4_4:inst10|Decoder2_4:inst|inst4 ; |FIFO|RAM16_8:inst7|RAM4_4:inst10|Decoder2_4:inst|inst4 ; out0             ;
; |FIFO|RAM16_8:inst7|RAM4_4:inst10|Decoder2_4:inst|inst3 ; |FIFO|RAM16_8:inst7|RAM4_4:inst10|Decoder2_4:inst|inst3 ; out0             ;
; |FIFO|RAM16_8:inst7|RAM4_4:inst10|Decoder2_4:inst|inst2 ; |FIFO|RAM16_8:inst7|RAM4_4:inst10|Decoder2_4:inst|inst2 ; out0             ;
; |FIFO|RAM16_8:inst7|RAM4_4:inst7|IN~0                   ; |FIFO|RAM16_8:inst7|RAM4_4:inst7|IN~0                   ; out0             ;
; |FIFO|RAM16_8:inst7|RAM4_4:inst7|inst18                 ; |FIFO|RAM16_8:inst7|RAM4_4:inst7|inst18                 ; out0             ;
; |FIFO|RAM16_8:inst7|RAM4_4:inst7|inst17                 ; |FIFO|RAM16_8:inst7|RAM4_4:inst7|inst17                 ; out0             ;
; |FIFO|RAM16_8:inst7|RAM4_4:inst7|inst24                 ; |FIFO|RAM16_8:inst7|RAM4_4:inst7|inst24                 ; out              ;
; |FIFO|RAM16_8:inst7|RAM4_4:inst7|IN~1                   ; |FIFO|RAM16_8:inst7|RAM4_4:inst7|IN~1                   ; out0             ;
; |FIFO|RAM16_8:inst7|RAM4_4:inst7|inst22                 ; |FIFO|RAM16_8:inst7|RAM4_4:inst7|inst22                 ; out              ;
; |FIFO|RAM16_8:inst7|RAM4_4:inst7|IN~2                   ; |FIFO|RAM16_8:inst7|RAM4_4:inst7|IN~2                   ; out0             ;
; |FIFO|RAM16_8:inst7|RAM4_4:inst7|inst23                 ; |FIFO|RAM16_8:inst7|RAM4_4:inst7|inst23                 ; out              ;
; |FIFO|RAM16_8:inst7|RAM4_4:inst7|IN~3                   ; |FIFO|RAM16_8:inst7|RAM4_4:inst7|IN~3                   ; out0             ;
; |FIFO|RAM16_8:inst7|RAM4_4:inst7|MC:inst8|inst3         ; |FIFO|RAM16_8:inst7|RAM4_4:inst7|MC:inst8|inst3         ; out              ;
; |FIFO|RAM16_8:inst7|RAM4_4:inst7|MC:inst8|inst          ; |FIFO|RAM16_8:inst7|RAM4_4:inst7|MC:inst8|inst          ; out              ;
; |FIFO|RAM16_8:inst7|RAM4_4:inst7|MC:inst8|inst1         ; |FIFO|RAM16_8:inst7|RAM4_4:inst7|MC:inst8|inst1         ; out0             ;
; |FIFO|RAM16_8:inst7|RAM4_4:inst7|MC:inst11|inst1        ; |FIFO|RAM16_8:inst7|RAM4_4:inst7|MC:inst11|inst1        ; out0             ;
; |FIFO|RAM16_8:inst7|RAM4_4:inst7|MC:inst16|inst1        ; |FIFO|RAM16_8:inst7|RAM4_4:inst7|MC:inst16|inst1        ; out0             ;
; |FIFO|RAM16_8:inst7|RAM4_4:inst7|MC:inst4|inst1         ; |FIFO|RAM16_8:inst7|RAM4_4:inst7|MC:inst4|inst1         ; out0             ;
; |FIFO|RAM16_8:inst7|RAM4_4:inst7|MC:inst15|inst1        ; |FIFO|RAM16_8:inst7|RAM4_4:inst7|MC:inst15|inst1        ; out0             ;
; |FIFO|RAM16_8:inst7|RAM4_4:inst7|MC:inst10|inst1        ; |FIFO|RAM16_8:inst7|RAM4_4:inst7|MC:inst10|inst1        ; out0             ;
; |FIFO|RAM16_8:inst7|RAM4_4:inst7|MC:inst7|inst3         ; |FIFO|RAM16_8:inst7|RAM4_4:inst7|MC:inst7|inst3         ; out              ;
; |FIFO|RAM16_8:inst7|RAM4_4:inst7|MC:inst7|inst          ; |FIFO|RAM16_8:inst7|RAM4_4:inst7|MC:inst7|inst          ; out              ;
; |FIFO|RAM16_8:inst7|RAM4_4:inst7|MC:inst7|inst1         ; |FIFO|RAM16_8:inst7|RAM4_4:inst7|MC:inst7|inst1         ; out0             ;
; |FIFO|RAM16_8:inst7|RAM4_4:inst7|MC:inst3|inst3         ; |FIFO|RAM16_8:inst7|RAM4_4:inst7|MC:inst3|inst3         ; out              ;
; |FIFO|RAM16_8:inst7|RAM4_4:inst7|MC:inst3|inst          ; |FIFO|RAM16_8:inst7|RAM4_4:inst7|MC:inst3|inst          ; out              ;
; |FIFO|RAM16_8:inst7|RAM4_4:inst7|MC:inst3|inst1         ; |FIFO|RAM16_8:inst7|RAM4_4:inst7|MC:inst3|inst1         ; out0             ;
; |FIFO|RAM16_8:inst7|RAM4_4:inst7|MC:inst14|inst1        ; |FIFO|RAM16_8:inst7|RAM4_4:inst7|MC:inst14|inst1        ; out0             ;
; |FIFO|RAM16_8:inst7|RAM4_4:inst7|MC:inst12|inst3        ; |FIFO|RAM16_8:inst7|RAM4_4:inst7|MC:inst12|inst3        ; out              ;
; |FIFO|RAM16_8:inst7|RAM4_4:inst7|MC:inst12|inst         ; |FIFO|RAM16_8:inst7|RAM4_4:inst7|MC:inst12|inst         ; out              ;
; |FIFO|RAM16_8:inst7|RAM4_4:inst7|MC:inst12|inst1        ; |FIFO|RAM16_8:inst7|RAM4_4:inst7|MC:inst12|inst1        ; out0             ;
; |FIFO|RAM16_8:inst7|RAM4_4:inst7|MC:inst6|inst3         ; |FIFO|RAM16_8:inst7|RAM4_4:inst7|MC:inst6|inst3         ; out              ;
; |FIFO|RAM16_8:inst7|RAM4_4:inst7|MC:inst6|inst          ; |FIFO|RAM16_8:inst7|RAM4_4:inst7|MC:inst6|inst          ; out              ;
; |FIFO|RAM16_8:inst7|RAM4_4:inst7|MC:inst6|inst1         ; |FIFO|RAM16_8:inst7|RAM4_4:inst7|MC:inst6|inst1         ; out0             ;
; |FIFO|RAM16_8:inst7|RAM4_4:inst7|MC:inst2|inst3         ; |FIFO|RAM16_8:inst7|RAM4_4:inst7|MC:inst2|inst3         ; out              ;
; |FIFO|RAM16_8:inst7|RAM4_4:inst7|MC:inst2|inst          ; |FIFO|RAM16_8:inst7|RAM4_4:inst7|MC:inst2|inst          ; out              ;
; |FIFO|RAM16_8:inst7|RAM4_4:inst7|MC:inst2|inst1         ; |FIFO|RAM16_8:inst7|RAM4_4:inst7|MC:inst2|inst1         ; out0             ;
; |FIFO|RAM16_8:inst7|RAM4_4:inst7|MC:inst13|inst1        ; |FIFO|RAM16_8:inst7|RAM4_4:inst7|MC:inst13|inst1        ; out0             ;
; |FIFO|RAM16_8:inst7|RAM4_4:inst7|MC:inst9|inst3         ; |FIFO|RAM16_8:inst7|RAM4_4:inst7|MC:inst9|inst3         ; out              ;
; |FIFO|RAM16_8:inst7|RAM4_4:inst7|MC:inst9|inst          ; |FIFO|RAM16_8:inst7|RAM4_4:inst7|MC:inst9|inst          ; out              ;
; |FIFO|RAM16_8:inst7|RAM4_4:inst7|MC:inst9|inst1         ; |FIFO|RAM16_8:inst7|RAM4_4:inst7|MC:inst9|inst1         ; out0             ;
; |FIFO|RAM16_8:inst7|RAM4_4:inst7|MC:inst5|inst3         ; |FIFO|RAM16_8:inst7|RAM4_4:inst7|MC:inst5|inst3         ; out              ;
; |FIFO|RAM16_8:inst7|RAM4_4:inst7|MC:inst5|inst          ; |FIFO|RAM16_8:inst7|RAM4_4:inst7|MC:inst5|inst          ; out              ;
; |FIFO|RAM16_8:inst7|RAM4_4:inst7|MC:inst5|inst1         ; |FIFO|RAM16_8:inst7|RAM4_4:inst7|MC:inst5|inst1         ; out0             ;
; |FIFO|RAM16_8:inst7|RAM4_4:inst7|Decoder2_4:inst|inst5  ; |FIFO|RAM16_8:inst7|RAM4_4:inst7|Decoder2_4:inst|inst5  ; out0             ;
; |FIFO|RAM16_8:inst7|RAM4_4:inst7|Decoder2_4:inst|inst4  ; |FIFO|RAM16_8:inst7|RAM4_4:inst7|Decoder2_4:inst|inst4  ; out0             ;
; |FIFO|RAM16_8:inst7|RAM4_4:inst7|Decoder2_4:inst|inst3  ; |FIFO|RAM16_8:inst7|RAM4_4:inst7|Decoder2_4:inst|inst3  ; out0             ;
; |FIFO|RAM16_8:inst7|RAM4_4:inst7|Decoder2_4:inst|inst2  ; |FIFO|RAM16_8:inst7|RAM4_4:inst7|Decoder2_4:inst|inst2  ; out0             ;
; |FIFO|RAM16_8:inst7|RAM4_4:inst7|MC:inst1|inst3         ; |FIFO|RAM16_8:inst7|RAM4_4:inst7|MC:inst1|inst3         ; out              ;
; |FIFO|RAM16_8:inst7|RAM4_4:inst7|MC:inst1|inst          ; |FIFO|RAM16_8:inst7|RAM4_4:inst7|MC:inst1|inst          ; out              ;
; |FIFO|RAM16_8:inst7|RAM4_4:inst7|MC:inst1|inst1         ; |FIFO|RAM16_8:inst7|RAM4_4:inst7|MC:inst1|inst1         ; out0             ;
; |FIFO|RAM16_8:inst7|RAM4_4:inst1|IN~0                   ; |FIFO|RAM16_8:inst7|RAM4_4:inst1|IN~0                   ; out0             ;
; |FIFO|RAM16_8:inst7|RAM4_4:inst1|inst17                 ; |FIFO|RAM16_8:inst7|RAM4_4:inst1|inst17                 ; out0             ;
; |FIFO|RAM16_8:inst7|RAM4_4:inst1|inst24                 ; |FIFO|RAM16_8:inst7|RAM4_4:inst1|inst24                 ; out              ;
; |FIFO|RAM16_8:inst7|RAM4_4:inst1|IN~1                   ; |FIFO|RAM16_8:inst7|RAM4_4:inst1|IN~1                   ; out0             ;
; |FIFO|RAM16_8:inst7|RAM4_4:inst1|inst22                 ; |FIFO|RAM16_8:inst7|RAM4_4:inst1|inst22                 ; out              ;
; |FIFO|RAM16_8:inst7|RAM4_4:inst1|IN~2                   ; |FIFO|RAM16_8:inst7|RAM4_4:inst1|IN~2                   ; out0             ;
; |FIFO|RAM16_8:inst7|RAM4_4:inst1|inst23                 ; |FIFO|RAM16_8:inst7|RAM4_4:inst1|inst23                 ; out              ;
; |FIFO|RAM16_8:inst7|RAM4_4:inst1|IN~3                   ; |FIFO|RAM16_8:inst7|RAM4_4:inst1|IN~3                   ; out0             ;
; |FIFO|RAM16_8:inst7|RAM4_4:inst1|MC:inst8|inst3         ; |FIFO|RAM16_8:inst7|RAM4_4:inst1|MC:inst8|inst3         ; out              ;
; |FIFO|RAM16_8:inst7|RAM4_4:inst1|MC:inst8|inst          ; |FIFO|RAM16_8:inst7|RAM4_4:inst1|MC:inst8|inst          ; out              ;
; |FIFO|RAM16_8:inst7|RAM4_4:inst1|MC:inst8|inst1         ; |FIFO|RAM16_8:inst7|RAM4_4:inst1|MC:inst8|inst1         ; out0             ;
; |FIFO|RAM16_8:inst7|RAM4_4:inst1|MC:inst11|inst1        ; |FIFO|RAM16_8:inst7|RAM4_4:inst1|MC:inst11|inst1        ; out0             ;
; |FIFO|RAM16_8:inst7|RAM4_4:inst1|MC:inst16|inst1        ; |FIFO|RAM16_8:inst7|RAM4_4:inst1|MC:inst16|inst1        ; out0             ;
; |FIFO|RAM16_8:inst7|RAM4_4:inst1|MC:inst15|inst1        ; |FIFO|RAM16_8:inst7|RAM4_4:inst1|MC:inst15|inst1        ; out0             ;
; |FIFO|RAM16_8:inst7|RAM4_4:inst1|MC:inst10|inst1        ; |FIFO|RAM16_8:inst7|RAM4_4:inst1|MC:inst10|inst1        ; out0             ;
; |FIFO|RAM16_8:inst7|RAM4_4:inst1|MC:inst7|inst3         ; |FIFO|RAM16_8:inst7|RAM4_4:inst1|MC:inst7|inst3         ; out              ;
; |FIFO|RAM16_8:inst7|RAM4_4:inst1|MC:inst7|inst          ; |FIFO|RAM16_8:inst7|RAM4_4:inst1|MC:inst7|inst          ; out              ;
; |FIFO|RAM16_8:inst7|RAM4_4:inst1|MC:inst7|inst1         ; |FIFO|RAM16_8:inst7|RAM4_4:inst1|MC:inst7|inst1         ; out0             ;
; |FIFO|RAM16_8:inst7|RAM4_4:inst1|MC:inst3|inst3         ; |FIFO|RAM16_8:inst7|RAM4_4:inst1|MC:inst3|inst3         ; out              ;
; |FIFO|RAM16_8:inst7|RAM4_4:inst1|MC:inst3|inst          ; |FIFO|RAM16_8:inst7|RAM4_4:inst1|MC:inst3|inst          ; out              ;
; |FIFO|RAM16_8:inst7|RAM4_4:inst1|MC:inst14|inst3        ; |FIFO|RAM16_8:inst7|RAM4_4:inst1|MC:inst14|inst3        ; out              ;
; |FIFO|RAM16_8:inst7|RAM4_4:inst1|MC:inst14|inst         ; |FIFO|RAM16_8:inst7|RAM4_4:inst1|MC:inst14|inst         ; out              ;
; |FIFO|RAM16_8:inst7|RAM4_4:inst1|MC:inst14|inst1        ; |FIFO|RAM16_8:inst7|RAM4_4:inst1|MC:inst14|inst1        ; out0             ;
; |FIFO|RAM16_8:inst7|RAM4_4:inst1|MC:inst12|inst3        ; |FIFO|RAM16_8:inst7|RAM4_4:inst1|MC:inst12|inst3        ; out              ;
; |FIFO|RAM16_8:inst7|RAM4_4:inst1|MC:inst12|inst         ; |FIFO|RAM16_8:inst7|RAM4_4:inst1|MC:inst12|inst         ; out              ;
; |FIFO|RAM16_8:inst7|RAM4_4:inst1|MC:inst12|inst1        ; |FIFO|RAM16_8:inst7|RAM4_4:inst1|MC:inst12|inst1        ; out0             ;
; |FIFO|RAM16_8:inst7|RAM4_4:inst1|MC:inst6|inst3         ; |FIFO|RAM16_8:inst7|RAM4_4:inst1|MC:inst6|inst3         ; out              ;
; |FIFO|RAM16_8:inst7|RAM4_4:inst1|MC:inst6|inst          ; |FIFO|RAM16_8:inst7|RAM4_4:inst1|MC:inst6|inst          ; out              ;
; |FIFO|RAM16_8:inst7|RAM4_4:inst1|MC:inst6|inst1         ; |FIFO|RAM16_8:inst7|RAM4_4:inst1|MC:inst6|inst1         ; out0             ;
; |FIFO|RAM16_8:inst7|RAM4_4:inst1|MC:inst2|inst3         ; |FIFO|RAM16_8:inst7|RAM4_4:inst1|MC:inst2|inst3         ; out              ;
; |FIFO|RAM16_8:inst7|RAM4_4:inst1|MC:inst2|inst          ; |FIFO|RAM16_8:inst7|RAM4_4:inst1|MC:inst2|inst          ; out              ;
; |FIFO|RAM16_8:inst7|RAM4_4:inst1|MC:inst13|inst3        ; |FIFO|RAM16_8:inst7|RAM4_4:inst1|MC:inst13|inst3        ; out              ;
; |FIFO|RAM16_8:inst7|RAM4_4:inst1|MC:inst13|inst         ; |FIFO|RAM16_8:inst7|RAM4_4:inst1|MC:inst13|inst         ; out              ;
; |FIFO|RAM16_8:inst7|RAM4_4:inst1|MC:inst13|inst1        ; |FIFO|RAM16_8:inst7|RAM4_4:inst1|MC:inst13|inst1        ; out0             ;
; |FIFO|RAM16_8:inst7|RAM4_4:inst1|MC:inst9|inst3         ; |FIFO|RAM16_8:inst7|RAM4_4:inst1|MC:inst9|inst3         ; out              ;
; |FIFO|RAM16_8:inst7|RAM4_4:inst1|MC:inst9|inst          ; |FIFO|RAM16_8:inst7|RAM4_4:inst1|MC:inst9|inst          ; out              ;
; |FIFO|RAM16_8:inst7|RAM4_4:inst1|MC:inst9|inst1         ; |FIFO|RAM16_8:inst7|RAM4_4:inst1|MC:inst9|inst1         ; out0             ;
; |FIFO|RAM16_8:inst7|RAM4_4:inst1|MC:inst5|inst3         ; |FIFO|RAM16_8:inst7|RAM4_4:inst1|MC:inst5|inst3         ; out              ;
; |FIFO|RAM16_8:inst7|RAM4_4:inst1|MC:inst5|inst          ; |FIFO|RAM16_8:inst7|RAM4_4:inst1|MC:inst5|inst          ; out              ;
; |FIFO|RAM16_8:inst7|RAM4_4:inst1|MC:inst5|inst1         ; |FIFO|RAM16_8:inst7|RAM4_4:inst1|MC:inst5|inst1         ; out0             ;
; |FIFO|RAM16_8:inst7|RAM4_4:inst1|Decoder2_4:inst|inst5  ; |FIFO|RAM16_8:inst7|RAM4_4:inst1|Decoder2_4:inst|inst5  ; out0             ;
; |FIFO|RAM16_8:inst7|RAM4_4:inst1|Decoder2_4:inst|inst4  ; |FIFO|RAM16_8:inst7|RAM4_4:inst1|Decoder2_4:inst|inst4  ; out0             ;
; |FIFO|RAM16_8:inst7|RAM4_4:inst1|Decoder2_4:inst|inst3  ; |FIFO|RAM16_8:inst7|RAM4_4:inst1|Decoder2_4:inst|inst3  ; out0             ;
; |FIFO|RAM16_8:inst7|RAM4_4:inst1|Decoder2_4:inst|inst2  ; |FIFO|RAM16_8:inst7|RAM4_4:inst1|Decoder2_4:inst|inst2  ; out0             ;
; |FIFO|RAM16_8:inst7|RAM4_4:inst1|MC:inst1|inst3         ; |FIFO|RAM16_8:inst7|RAM4_4:inst1|MC:inst1|inst3         ; out              ;
; |FIFO|RAM16_8:inst7|RAM4_4:inst1|MC:inst1|inst          ; |FIFO|RAM16_8:inst7|RAM4_4:inst1|MC:inst1|inst          ; out              ;
; |FIFO|RAM16_8:inst7|RAM4_4:inst9|inst17                 ; |FIFO|RAM16_8:inst7|RAM4_4:inst9|inst17                 ; out0             ;
; |FIFO|RAM16_8:inst7|RAM4_4:inst9|Decoder2_4:inst|inst5  ; |FIFO|RAM16_8:inst7|RAM4_4:inst9|Decoder2_4:inst|inst5  ; out0             ;
; |FIFO|RAM16_8:inst7|RAM4_4:inst9|Decoder2_4:inst|inst4  ; |FIFO|RAM16_8:inst7|RAM4_4:inst9|Decoder2_4:inst|inst4  ; out0             ;
; |FIFO|RAM16_8:inst7|RAM4_4:inst9|Decoder2_4:inst|inst3  ; |FIFO|RAM16_8:inst7|RAM4_4:inst9|Decoder2_4:inst|inst3  ; out0             ;
; |FIFO|RAM16_8:inst7|RAM4_4:inst9|Decoder2_4:inst|inst2  ; |FIFO|RAM16_8:inst7|RAM4_4:inst9|Decoder2_4:inst|inst2  ; out0             ;
; |FIFO|RAM16_8:inst7|RAM4_4:inst4|inst18                 ; |FIFO|RAM16_8:inst7|RAM4_4:inst4|inst18                 ; out0             ;
; |FIFO|RAM16_8:inst7|RAM4_4:inst4|inst17                 ; |FIFO|RAM16_8:inst7|RAM4_4:inst4|inst17                 ; out0             ;
; |FIFO|RAM16_8:inst7|RAM4_4:inst4|inst23                 ; |FIFO|RAM16_8:inst7|RAM4_4:inst4|inst23                 ; out              ;
; |FIFO|RAM16_8:inst7|RAM4_4:inst4|IN~3                   ; |FIFO|RAM16_8:inst7|RAM4_4:inst4|IN~3                   ; out0             ;
; |FIFO|RAM16_8:inst7|RAM4_4:inst4|MC:inst8|inst3         ; |FIFO|RAM16_8:inst7|RAM4_4:inst4|MC:inst8|inst3         ; out              ;
; |FIFO|RAM16_8:inst7|RAM4_4:inst4|MC:inst8|inst          ; |FIFO|RAM16_8:inst7|RAM4_4:inst4|MC:inst8|inst          ; out              ;
; |FIFO|RAM16_8:inst7|RAM4_4:inst4|MC:inst8|inst1         ; |FIFO|RAM16_8:inst7|RAM4_4:inst4|MC:inst8|inst1         ; out0             ;
; |FIFO|RAM16_8:inst7|RAM4_4:inst4|MC:inst11|inst1        ; |FIFO|RAM16_8:inst7|RAM4_4:inst4|MC:inst11|inst1        ; out0             ;
; |FIFO|RAM16_8:inst7|RAM4_4:inst4|MC:inst16|inst1        ; |FIFO|RAM16_8:inst7|RAM4_4:inst4|MC:inst16|inst1        ; out0             ;
; |FIFO|RAM16_8:inst7|RAM4_4:inst4|MC:inst4|inst1         ; |FIFO|RAM16_8:inst7|RAM4_4:inst4|MC:inst4|inst1         ; out0             ;
; |FIFO|RAM16_8:inst7|RAM4_4:inst4|MC:inst15|inst1        ; |FIFO|RAM16_8:inst7|RAM4_4:inst4|MC:inst15|inst1        ; out0             ;
; |FIFO|RAM16_8:inst7|RAM4_4:inst4|MC:inst10|inst1        ; |FIFO|RAM16_8:inst7|RAM4_4:inst4|MC:inst10|inst1        ; out0             ;
; |FIFO|RAM16_8:inst7|RAM4_4:inst4|MC:inst7|inst1         ; |FIFO|RAM16_8:inst7|RAM4_4:inst4|MC:inst7|inst1         ; out0             ;
; |FIFO|RAM16_8:inst7|RAM4_4:inst4|MC:inst3|inst1         ; |FIFO|RAM16_8:inst7|RAM4_4:inst4|MC:inst3|inst1         ; out0             ;
; |FIFO|RAM16_8:inst7|RAM4_4:inst4|MC:inst14|inst1        ; |FIFO|RAM16_8:inst7|RAM4_4:inst4|MC:inst14|inst1        ; out0             ;
; |FIFO|RAM16_8:inst7|RAM4_4:inst4|MC:inst12|inst1        ; |FIFO|RAM16_8:inst7|RAM4_4:inst4|MC:inst12|inst1        ; out0             ;
; |FIFO|RAM16_8:inst7|RAM4_4:inst4|MC:inst6|inst1         ; |FIFO|RAM16_8:inst7|RAM4_4:inst4|MC:inst6|inst1         ; out0             ;
; |FIFO|RAM16_8:inst7|RAM4_4:inst4|MC:inst2|inst1         ; |FIFO|RAM16_8:inst7|RAM4_4:inst4|MC:inst2|inst1         ; out0             ;
; |FIFO|RAM16_8:inst7|RAM4_4:inst4|MC:inst13|inst1        ; |FIFO|RAM16_8:inst7|RAM4_4:inst4|MC:inst13|inst1        ; out0             ;
; |FIFO|RAM16_8:inst7|RAM4_4:inst4|MC:inst9|inst1         ; |FIFO|RAM16_8:inst7|RAM4_4:inst4|MC:inst9|inst1         ; out0             ;
; |FIFO|RAM16_8:inst7|RAM4_4:inst4|MC:inst5|inst1         ; |FIFO|RAM16_8:inst7|RAM4_4:inst4|MC:inst5|inst1         ; out0             ;
; |FIFO|RAM16_8:inst7|RAM4_4:inst4|Decoder2_4:inst|inst5  ; |FIFO|RAM16_8:inst7|RAM4_4:inst4|Decoder2_4:inst|inst5  ; out0             ;
; |FIFO|RAM16_8:inst7|RAM4_4:inst4|Decoder2_4:inst|inst4  ; |FIFO|RAM16_8:inst7|RAM4_4:inst4|Decoder2_4:inst|inst4  ; out0             ;
; |FIFO|RAM16_8:inst7|RAM4_4:inst4|Decoder2_4:inst|inst3  ; |FIFO|RAM16_8:inst7|RAM4_4:inst4|Decoder2_4:inst|inst3  ; out0             ;
; |FIFO|RAM16_8:inst7|RAM4_4:inst4|Decoder2_4:inst|inst2  ; |FIFO|RAM16_8:inst7|RAM4_4:inst4|Decoder2_4:inst|inst2  ; out0             ;
; |FIFO|RAM16_8:inst7|RAM4_4:inst4|MC:inst1|inst1         ; |FIFO|RAM16_8:inst7|RAM4_4:inst4|MC:inst1|inst1         ; out0             ;
; |FIFO|RAM16_8:inst7|RAM4_4:inst2|inst17                 ; |FIFO|RAM16_8:inst7|RAM4_4:inst2|inst17                 ; out0             ;
; |FIFO|RAM16_8:inst7|RAM4_4:inst2|Decoder2_4:inst|inst5  ; |FIFO|RAM16_8:inst7|RAM4_4:inst2|Decoder2_4:inst|inst5  ; out0             ;
; |FIFO|RAM16_8:inst7|RAM4_4:inst2|Decoder2_4:inst|inst4  ; |FIFO|RAM16_8:inst7|RAM4_4:inst2|Decoder2_4:inst|inst4  ; out0             ;
; |FIFO|RAM16_8:inst7|RAM4_4:inst2|Decoder2_4:inst|inst3  ; |FIFO|RAM16_8:inst7|RAM4_4:inst2|Decoder2_4:inst|inst3  ; out0             ;
; |FIFO|RAM16_8:inst7|RAM4_4:inst2|Decoder2_4:inst|inst2  ; |FIFO|RAM16_8:inst7|RAM4_4:inst2|Decoder2_4:inst|inst2  ; out0             ;
; |FIFO|RAM16_8:inst7|Decoder2_4:inst27|inst5             ; |FIFO|RAM16_8:inst7|Decoder2_4:inst27|inst5             ; out0             ;
; |FIFO|RAM16_8:inst7|Decoder2_4:inst27|inst4             ; |FIFO|RAM16_8:inst7|Decoder2_4:inst27|inst4             ; out0             ;
; |FIFO|RAM16_8:inst7|Decoder2_4:inst27|inst3             ; |FIFO|RAM16_8:inst7|Decoder2_4:inst27|inst3             ; out0             ;
; |FIFO|RAM16_8:inst7|Decoder2_4:inst27|inst2             ; |FIFO|RAM16_8:inst7|Decoder2_4:inst27|inst2             ; out0             ;
; |FIFO|RAM16_8:inst7|RAM4_4:inst|inst17                  ; |FIFO|RAM16_8:inst7|RAM4_4:inst|inst17                  ; out0             ;
; |FIFO|RAM16_8:inst7|RAM4_4:inst|MC:inst8|inst1          ; |FIFO|RAM16_8:inst7|RAM4_4:inst|MC:inst8|inst1          ; out0             ;
; |FIFO|RAM16_8:inst7|RAM4_4:inst|MC:inst11|inst1         ; |FIFO|RAM16_8:inst7|RAM4_4:inst|MC:inst11|inst1         ; out0             ;
; |FIFO|RAM16_8:inst7|RAM4_4:inst|MC:inst16|inst1         ; |FIFO|RAM16_8:inst7|RAM4_4:inst|MC:inst16|inst1         ; out0             ;
; |FIFO|RAM16_8:inst7|RAM4_4:inst|MC:inst15|inst1         ; |FIFO|RAM16_8:inst7|RAM4_4:inst|MC:inst15|inst1         ; out0             ;
; |FIFO|RAM16_8:inst7|RAM4_4:inst|MC:inst10|inst1         ; |FIFO|RAM16_8:inst7|RAM4_4:inst|MC:inst10|inst1         ; out0             ;
; |FIFO|RAM16_8:inst7|RAM4_4:inst|MC:inst7|inst1          ; |FIFO|RAM16_8:inst7|RAM4_4:inst|MC:inst7|inst1          ; out0             ;
; |FIFO|RAM16_8:inst7|RAM4_4:inst|MC:inst14|inst1         ; |FIFO|RAM16_8:inst7|RAM4_4:inst|MC:inst14|inst1         ; out0             ;
; |FIFO|RAM16_8:inst7|RAM4_4:inst|MC:inst12|inst1         ; |FIFO|RAM16_8:inst7|RAM4_4:inst|MC:inst12|inst1         ; out0             ;
; |FIFO|RAM16_8:inst7|RAM4_4:inst|MC:inst6|inst1          ; |FIFO|RAM16_8:inst7|RAM4_4:inst|MC:inst6|inst1          ; out0             ;
; |FIFO|RAM16_8:inst7|RAM4_4:inst|MC:inst13|inst1         ; |FIFO|RAM16_8:inst7|RAM4_4:inst|MC:inst13|inst1         ; out0             ;
; |FIFO|RAM16_8:inst7|RAM4_4:inst|MC:inst9|inst1          ; |FIFO|RAM16_8:inst7|RAM4_4:inst|MC:inst9|inst1          ; out0             ;
; |FIFO|RAM16_8:inst7|RAM4_4:inst|MC:inst5|inst1          ; |FIFO|RAM16_8:inst7|RAM4_4:inst|MC:inst5|inst1          ; out0             ;
; |FIFO|RAM16_8:inst7|RAM4_4:inst|Decoder2_4:inst|inst5   ; |FIFO|RAM16_8:inst7|RAM4_4:inst|Decoder2_4:inst|inst5   ; out0             ;
; |FIFO|RAM16_8:inst7|RAM4_4:inst|Decoder2_4:inst|inst4   ; |FIFO|RAM16_8:inst7|RAM4_4:inst|Decoder2_4:inst|inst4   ; out0             ;
; |FIFO|RAM16_8:inst7|RAM4_4:inst|Decoder2_4:inst|inst3   ; |FIFO|RAM16_8:inst7|RAM4_4:inst|Decoder2_4:inst|inst3   ; out0             ;
; |FIFO|RAM16_8:inst7|RAM4_4:inst|Decoder2_4:inst|inst2   ; |FIFO|RAM16_8:inst7|RAM4_4:inst|Decoder2_4:inst|inst2   ; out0             ;
; |FIFO|MUX_BUS_4:inst5|21mux:inst3|5                     ; |FIFO|MUX_BUS_4:inst5|21mux:inst3|5                     ; out0             ;
; |FIFO|MUX_BUS_4:inst5|21mux:inst3|6                     ; |FIFO|MUX_BUS_4:inst5|21mux:inst3|6                     ; out0             ;
; |FIFO|MUX_BUS_4:inst5|21mux:inst3|7                     ; |FIFO|MUX_BUS_4:inst5|21mux:inst3|7                     ; out0             ;
; |FIFO|MUX_BUS_4:inst5|21mux:inst2|5                     ; |FIFO|MUX_BUS_4:inst5|21mux:inst2|5                     ; out0             ;
; |FIFO|MUX_BUS_4:inst5|21mux:inst2|6                     ; |FIFO|MUX_BUS_4:inst5|21mux:inst2|6                     ; out0             ;
; |FIFO|MUX_BUS_4:inst5|21mux:inst2|7                     ; |FIFO|MUX_BUS_4:inst5|21mux:inst2|7                     ; out0             ;
; |FIFO|MUX_BUS_4:inst5|21mux:inst1|5                     ; |FIFO|MUX_BUS_4:inst5|21mux:inst1|5                     ; out0             ;
; |FIFO|MUX_BUS_4:inst5|21mux:inst1|6                     ; |FIFO|MUX_BUS_4:inst5|21mux:inst1|6                     ; out0             ;
; |FIFO|MUX_BUS_4:inst5|21mux:inst1|7                     ; |FIFO|MUX_BUS_4:inst5|21mux:inst1|7                     ; out0             ;
; |FIFO|MUX_BUS_4:inst5|21mux:inst|5                      ; |FIFO|MUX_BUS_4:inst5|21mux:inst|5                      ; out0             ;
; |FIFO|MUX_BUS_4:inst5|21mux:inst|6                      ; |FIFO|MUX_BUS_4:inst5|21mux:inst|6                      ; out0             ;
; |FIFO|Counter:inst|inst17                               ; |FIFO|Counter:inst|inst17                               ; regout           ;
; |FIFO|Counter:inst|inst                                 ; |FIFO|Counter:inst|inst                                 ; regout           ;
; |FIFO|Counter:inst|HAS:inst1|inst                       ; |FIFO|Counter:inst|HAS:inst1|inst                       ; out0             ;
; |FIFO|Counter:inst|HAS:inst1|inst2                      ; |FIFO|Counter:inst|HAS:inst1|inst2                      ; out0             ;
; |FIFO|Counter:inst|HAS:inst3|inst                       ; |FIFO|Counter:inst|HAS:inst3|inst                       ; out0             ;
; |FIFO|Counter:inst|HAS:inst3|inst2                      ; |FIFO|Counter:inst|HAS:inst3|inst2                      ; out0             ;
; |FIFO|Counter:inst|HAS:inst4|inst                       ; |FIFO|Counter:inst|HAS:inst4|inst                       ; out0             ;
; |FIFO|Counter:inst|HAS:inst4|inst2                      ; |FIFO|Counter:inst|HAS:inst4|inst2                      ; out0             ;
; |FIFO|Counter:inst|HAS:inst5|inst                       ; |FIFO|Counter:inst|HAS:inst5|inst                       ; out0             ;
; |FIFO|Counter:inst1|inst19                              ; |FIFO|Counter:inst1|inst19                              ; regout           ;
; |FIFO|Counter:inst1|inst18                              ; |FIFO|Counter:inst1|inst18                              ; regout           ;
; |FIFO|Counter:inst1|inst17                              ; |FIFO|Counter:inst1|inst17                              ; regout           ;
; |FIFO|Counter:inst1|inst                                ; |FIFO|Counter:inst1|inst                                ; regout           ;
; |FIFO|Counter:inst1|HAS:inst1|inst                      ; |FIFO|Counter:inst1|HAS:inst1|inst                      ; out0             ;
; |FIFO|Counter:inst1|HAS:inst1|inst2                     ; |FIFO|Counter:inst1|HAS:inst1|inst2                     ; out0             ;
; |FIFO|Counter:inst1|HAS:inst3|inst                      ; |FIFO|Counter:inst1|HAS:inst3|inst                      ; out0             ;
; |FIFO|Counter:inst1|HAS:inst3|inst2                     ; |FIFO|Counter:inst1|HAS:inst3|inst2                     ; out0             ;
; |FIFO|Counter:inst1|HAS:inst4|inst                      ; |FIFO|Counter:inst1|HAS:inst4|inst                      ; out0             ;
; |FIFO|Counter:inst1|HAS:inst4|inst2                     ; |FIFO|Counter:inst1|HAS:inst4|inst2                     ; out0             ;
; |FIFO|Counter:inst1|HAS:inst5|inst                      ; |FIFO|Counter:inst1|HAS:inst5|inst                      ; out0             ;
; |FIFO|Counter:inst1|HAS:inst5|inst2                     ; |FIFO|Counter:inst1|HAS:inst5|inst2                     ; out0             ;
; |FIFO|Counter:inst1|HAS:inst6|inst                      ; |FIFO|Counter:inst1|HAS:inst6|inst                      ; out0             ;
; |FIFO|compare4:inst6|inst4                              ; |FIFO|compare4:inst6|inst4                              ; out0             ;
; |FIFO|compare4:inst6|inst                               ; |FIFO|compare4:inst6|inst                               ; out0             ;
; |FIFO|compare4:inst6|inst2                              ; |FIFO|compare4:inst6|inst2                              ; out0             ;
; |FIFO|compare4:inst6|inst3                              ; |FIFO|compare4:inst6|inst3                              ; out0             ;
; |FIFO|compare4:inst6|inst1                              ; |FIFO|compare4:inst6|inst1                              ; out0             ;
+---------------------------------------------------------+---------------------------------------------------------+------------------+


The following table displays output ports that do not toggle to 1 during simulation.
+--------------------------------------------------------------------------------------------------------------------------+
; Missing 1-Value Coverage                                                                                                 ;
+---------------------------------------------------+---------------------------------------------------+------------------+
; Node Name                                         ; Output Port Name                                  ; Output Port Type ;
+---------------------------------------------------+---------------------------------------------------+------------------+
; |FIFO|READ_WRITE                                  ; |FIFO|READ_WRITE                                  ; out              ;
; |FIFO|ENABLE                                      ; |FIFO|ENABLE                                      ; out              ;
; |FIFO|RESET                                       ; |FIFO|RESET                                       ; out              ;
; |FIFO|inst9                                       ; |FIFO|inst9                                       ; out0             ;
; |FIFO|FULL                                        ; |FIFO|FULL                                        ; pin_out          ;
; |FIFO|inst12                                      ; |FIFO|inst12                                      ; out0             ;
; |FIFO|IO[7]                                       ; |FIFO|IO[7]                                       ; out              ;
; |FIFO|IO[7]                                       ; |FIFO|IO[7]~result                                ; pin_out          ;
; |FIFO|IO[6]                                       ; |FIFO|IO[6]                                       ; out              ;
; |FIFO|IO[6]                                       ; |FIFO|IO[6]~result                                ; pin_out          ;
; |FIFO|IO[5]                                       ; |FIFO|IO[5]                                       ; out              ;
; |FIFO|IO[5]                                       ; |FIFO|IO[5]~result                                ; pin_out          ;
; |FIFO|IO~0                                        ; |FIFO|IO~0                                        ; out0             ;
; |FIFO|IO~1                                        ; |FIFO|IO~1                                        ; out0             ;
; |FIFO|IO~2                                        ; |FIFO|IO~2                                        ; out0             ;
; |FIFO|RAM16_8:inst7|RAM4_4:inst3|inst25           ; |FIFO|RAM16_8:inst7|RAM4_4:inst3|inst25           ; out              ;
; |FIFO|RAM16_8:inst7|RAM4_4:inst3|IN~0             ; |FIFO|RAM16_8:inst7|RAM4_4:inst3|IN~0             ; out0             ;
; |FIFO|RAM16_8:inst7|RAM4_4:inst3|inst18           ; |FIFO|RAM16_8:inst7|RAM4_4:inst3|inst18           ; out0             ;
; |FIFO|RAM16_8:inst7|RAM4_4:inst3|inst24           ; |FIFO|RAM16_8:inst7|RAM4_4:inst3|inst24           ; out              ;
; |FIFO|RAM16_8:inst7|RAM4_4:inst3|IN~1             ; |FIFO|RAM16_8:inst7|RAM4_4:inst3|IN~1             ; out0             ;
; |FIFO|RAM16_8:inst7|RAM4_4:inst3|inst22           ; |FIFO|RAM16_8:inst7|RAM4_4:inst3|inst22           ; out              ;
; |FIFO|RAM16_8:inst7|RAM4_4:inst3|IN~2             ; |FIFO|RAM16_8:inst7|RAM4_4:inst3|IN~2             ; out0             ;
; |FIFO|RAM16_8:inst7|RAM4_4:inst3|inst23           ; |FIFO|RAM16_8:inst7|RAM4_4:inst3|inst23           ; out              ;
; |FIFO|RAM16_8:inst7|RAM4_4:inst3|IN~3             ; |FIFO|RAM16_8:inst7|RAM4_4:inst3|IN~3             ; out0             ;
; |FIFO|RAM16_8:inst7|RAM4_4:inst3|MC:inst8|inst3   ; |FIFO|RAM16_8:inst7|RAM4_4:inst3|MC:inst8|inst3   ; out              ;
; |FIFO|RAM16_8:inst7|RAM4_4:inst3|MC:inst8|inst    ; |FIFO|RAM16_8:inst7|RAM4_4:inst3|MC:inst8|inst    ; out              ;
; |FIFO|RAM16_8:inst7|RAM4_4:inst3|MC:inst8|inst1   ; |FIFO|RAM16_8:inst7|RAM4_4:inst3|MC:inst8|inst1   ; out0             ;
; |FIFO|RAM16_8:inst7|RAM4_4:inst3|MC:inst11|inst3  ; |FIFO|RAM16_8:inst7|RAM4_4:inst3|MC:inst11|inst3  ; out              ;
; |FIFO|RAM16_8:inst7|RAM4_4:inst3|MC:inst11|inst   ; |FIFO|RAM16_8:inst7|RAM4_4:inst3|MC:inst11|inst   ; out              ;
; |FIFO|RAM16_8:inst7|RAM4_4:inst3|MC:inst11|inst1  ; |FIFO|RAM16_8:inst7|RAM4_4:inst3|MC:inst11|inst1  ; out0             ;
; |FIFO|RAM16_8:inst7|RAM4_4:inst3|MC:inst16|inst3  ; |FIFO|RAM16_8:inst7|RAM4_4:inst3|MC:inst16|inst3  ; out              ;
; |FIFO|RAM16_8:inst7|RAM4_4:inst3|MC:inst16|inst   ; |FIFO|RAM16_8:inst7|RAM4_4:inst3|MC:inst16|inst   ; out              ;
; |FIFO|RAM16_8:inst7|RAM4_4:inst3|MC:inst16|inst1  ; |FIFO|RAM16_8:inst7|RAM4_4:inst3|MC:inst16|inst1  ; out0             ;
; |FIFO|RAM16_8:inst7|RAM4_4:inst3|MC:inst4|inst3   ; |FIFO|RAM16_8:inst7|RAM4_4:inst3|MC:inst4|inst3   ; out              ;
; |FIFO|RAM16_8:inst7|RAM4_4:inst3|MC:inst4|inst    ; |FIFO|RAM16_8:inst7|RAM4_4:inst3|MC:inst4|inst    ; out              ;
; |FIFO|RAM16_8:inst7|RAM4_4:inst3|MC:inst4|inst1   ; |FIFO|RAM16_8:inst7|RAM4_4:inst3|MC:inst4|inst1   ; out0             ;
; |FIFO|RAM16_8:inst7|RAM4_4:inst3|MC:inst15|inst3  ; |FIFO|RAM16_8:inst7|RAM4_4:inst3|MC:inst15|inst3  ; out              ;
; |FIFO|RAM16_8:inst7|RAM4_4:inst3|MC:inst15|inst   ; |FIFO|RAM16_8:inst7|RAM4_4:inst3|MC:inst15|inst   ; out              ;
; |FIFO|RAM16_8:inst7|RAM4_4:inst3|MC:inst15|inst1  ; |FIFO|RAM16_8:inst7|RAM4_4:inst3|MC:inst15|inst1  ; out0             ;
; |FIFO|RAM16_8:inst7|RAM4_4:inst3|MC:inst10|inst3  ; |FIFO|RAM16_8:inst7|RAM4_4:inst3|MC:inst10|inst3  ; out              ;
; |FIFO|RAM16_8:inst7|RAM4_4:inst3|MC:inst10|inst   ; |FIFO|RAM16_8:inst7|RAM4_4:inst3|MC:inst10|inst   ; out              ;
; |FIFO|RAM16_8:inst7|RAM4_4:inst3|MC:inst10|inst1  ; |FIFO|RAM16_8:inst7|RAM4_4:inst3|MC:inst10|inst1  ; out0             ;
; |FIFO|RAM16_8:inst7|RAM4_4:inst3|MC:inst7|inst3   ; |FIFO|RAM16_8:inst7|RAM4_4:inst3|MC:inst7|inst3   ; out              ;
; |FIFO|RAM16_8:inst7|RAM4_4:inst3|MC:inst7|inst    ; |FIFO|RAM16_8:inst7|RAM4_4:inst3|MC:inst7|inst    ; out              ;
; |FIFO|RAM16_8:inst7|RAM4_4:inst3|MC:inst7|inst1   ; |FIFO|RAM16_8:inst7|RAM4_4:inst3|MC:inst7|inst1   ; out0             ;
; |FIFO|RAM16_8:inst7|RAM4_4:inst3|MC:inst3|inst3   ; |FIFO|RAM16_8:inst7|RAM4_4:inst3|MC:inst3|inst3   ; out              ;
; |FIFO|RAM16_8:inst7|RAM4_4:inst3|MC:inst3|inst    ; |FIFO|RAM16_8:inst7|RAM4_4:inst3|MC:inst3|inst    ; out              ;
; |FIFO|RAM16_8:inst7|RAM4_4:inst3|MC:inst3|inst1   ; |FIFO|RAM16_8:inst7|RAM4_4:inst3|MC:inst3|inst1   ; out0             ;
; |FIFO|RAM16_8:inst7|RAM4_4:inst3|MC:inst14|inst3  ; |FIFO|RAM16_8:inst7|RAM4_4:inst3|MC:inst14|inst3  ; out              ;
; |FIFO|RAM16_8:inst7|RAM4_4:inst3|MC:inst14|inst   ; |FIFO|RAM16_8:inst7|RAM4_4:inst3|MC:inst14|inst   ; out              ;
; |FIFO|RAM16_8:inst7|RAM4_4:inst3|MC:inst14|inst1  ; |FIFO|RAM16_8:inst7|RAM4_4:inst3|MC:inst14|inst1  ; out0             ;
; |FIFO|RAM16_8:inst7|RAM4_4:inst3|MC:inst12|inst3  ; |FIFO|RAM16_8:inst7|RAM4_4:inst3|MC:inst12|inst3  ; out              ;
; |FIFO|RAM16_8:inst7|RAM4_4:inst3|MC:inst12|inst   ; |FIFO|RAM16_8:inst7|RAM4_4:inst3|MC:inst12|inst   ; out              ;
; |FIFO|RAM16_8:inst7|RAM4_4:inst3|MC:inst12|inst1  ; |FIFO|RAM16_8:inst7|RAM4_4:inst3|MC:inst12|inst1  ; out0             ;
; |FIFO|RAM16_8:inst7|RAM4_4:inst3|MC:inst6|inst3   ; |FIFO|RAM16_8:inst7|RAM4_4:inst3|MC:inst6|inst3   ; out              ;
; |FIFO|RAM16_8:inst7|RAM4_4:inst3|MC:inst6|inst    ; |FIFO|RAM16_8:inst7|RAM4_4:inst3|MC:inst6|inst    ; out              ;
; |FIFO|RAM16_8:inst7|RAM4_4:inst3|MC:inst6|inst1   ; |FIFO|RAM16_8:inst7|RAM4_4:inst3|MC:inst6|inst1   ; out0             ;
; |FIFO|RAM16_8:inst7|RAM4_4:inst3|MC:inst2|inst3   ; |FIFO|RAM16_8:inst7|RAM4_4:inst3|MC:inst2|inst3   ; out              ;
; |FIFO|RAM16_8:inst7|RAM4_4:inst3|MC:inst2|inst    ; |FIFO|RAM16_8:inst7|RAM4_4:inst3|MC:inst2|inst    ; out              ;
; |FIFO|RAM16_8:inst7|RAM4_4:inst3|MC:inst2|inst1   ; |FIFO|RAM16_8:inst7|RAM4_4:inst3|MC:inst2|inst1   ; out0             ;
; |FIFO|RAM16_8:inst7|RAM4_4:inst3|MC:inst13|inst3  ; |FIFO|RAM16_8:inst7|RAM4_4:inst3|MC:inst13|inst3  ; out              ;
; |FIFO|RAM16_8:inst7|RAM4_4:inst3|MC:inst13|inst   ; |FIFO|RAM16_8:inst7|RAM4_4:inst3|MC:inst13|inst   ; out              ;
; |FIFO|RAM16_8:inst7|RAM4_4:inst3|MC:inst13|inst1  ; |FIFO|RAM16_8:inst7|RAM4_4:inst3|MC:inst13|inst1  ; out0             ;
; |FIFO|RAM16_8:inst7|RAM4_4:inst3|MC:inst9|inst3   ; |FIFO|RAM16_8:inst7|RAM4_4:inst3|MC:inst9|inst3   ; out              ;
; |FIFO|RAM16_8:inst7|RAM4_4:inst3|MC:inst9|inst    ; |FIFO|RAM16_8:inst7|RAM4_4:inst3|MC:inst9|inst    ; out              ;
; |FIFO|RAM16_8:inst7|RAM4_4:inst3|MC:inst9|inst1   ; |FIFO|RAM16_8:inst7|RAM4_4:inst3|MC:inst9|inst1   ; out0             ;
; |FIFO|RAM16_8:inst7|RAM4_4:inst3|MC:inst5|inst3   ; |FIFO|RAM16_8:inst7|RAM4_4:inst3|MC:inst5|inst3   ; out              ;
; |FIFO|RAM16_8:inst7|RAM4_4:inst3|MC:inst5|inst    ; |FIFO|RAM16_8:inst7|RAM4_4:inst3|MC:inst5|inst    ; out              ;
; |FIFO|RAM16_8:inst7|RAM4_4:inst3|MC:inst5|inst1   ; |FIFO|RAM16_8:inst7|RAM4_4:inst3|MC:inst5|inst1   ; out0             ;
; |FIFO|RAM16_8:inst7|RAM4_4:inst3|MC:inst1|inst3   ; |FIFO|RAM16_8:inst7|RAM4_4:inst3|MC:inst1|inst3   ; out              ;
; |FIFO|RAM16_8:inst7|RAM4_4:inst3|MC:inst1|inst    ; |FIFO|RAM16_8:inst7|RAM4_4:inst3|MC:inst1|inst    ; out              ;
; |FIFO|RAM16_8:inst7|RAM4_4:inst3|MC:inst1|inst1   ; |FIFO|RAM16_8:inst7|RAM4_4:inst3|MC:inst1|inst1   ; out0             ;
; |FIFO|RAM16_8:inst7|RAM4_4:inst10|inst25          ; |FIFO|RAM16_8:inst7|RAM4_4:inst10|inst25          ; out              ;
; |FIFO|RAM16_8:inst7|RAM4_4:inst10|IN~0            ; |FIFO|RAM16_8:inst7|RAM4_4:inst10|IN~0            ; out0             ;
; |FIFO|RAM16_8:inst7|RAM4_4:inst10|inst18          ; |FIFO|RAM16_8:inst7|RAM4_4:inst10|inst18          ; out0             ;
; |FIFO|RAM16_8:inst7|RAM4_4:inst10|inst24          ; |FIFO|RAM16_8:inst7|RAM4_4:inst10|inst24          ; out              ;
; |FIFO|RAM16_8:inst7|RAM4_4:inst10|IN~1            ; |FIFO|RAM16_8:inst7|RAM4_4:inst10|IN~1            ; out0             ;
; |FIFO|RAM16_8:inst7|RAM4_4:inst10|inst22          ; |FIFO|RAM16_8:inst7|RAM4_4:inst10|inst22          ; out              ;
; |FIFO|RAM16_8:inst7|RAM4_4:inst10|IN~2            ; |FIFO|RAM16_8:inst7|RAM4_4:inst10|IN~2            ; out0             ;
; |FIFO|RAM16_8:inst7|RAM4_4:inst10|inst23          ; |FIFO|RAM16_8:inst7|RAM4_4:inst10|inst23          ; out              ;
; |FIFO|RAM16_8:inst7|RAM4_4:inst10|IN~3            ; |FIFO|RAM16_8:inst7|RAM4_4:inst10|IN~3            ; out0             ;
; |FIFO|RAM16_8:inst7|RAM4_4:inst10|MC:inst8|inst3  ; |FIFO|RAM16_8:inst7|RAM4_4:inst10|MC:inst8|inst3  ; out              ;
; |FIFO|RAM16_8:inst7|RAM4_4:inst10|MC:inst8|inst   ; |FIFO|RAM16_8:inst7|RAM4_4:inst10|MC:inst8|inst   ; out              ;
; |FIFO|RAM16_8:inst7|RAM4_4:inst10|MC:inst8|inst1  ; |FIFO|RAM16_8:inst7|RAM4_4:inst10|MC:inst8|inst1  ; out0             ;
; |FIFO|RAM16_8:inst7|RAM4_4:inst10|MC:inst11|inst3 ; |FIFO|RAM16_8:inst7|RAM4_4:inst10|MC:inst11|inst3 ; out              ;
; |FIFO|RAM16_8:inst7|RAM4_4:inst10|MC:inst11|inst  ; |FIFO|RAM16_8:inst7|RAM4_4:inst10|MC:inst11|inst  ; out              ;
; |FIFO|RAM16_8:inst7|RAM4_4:inst10|MC:inst11|inst1 ; |FIFO|RAM16_8:inst7|RAM4_4:inst10|MC:inst11|inst1 ; out0             ;
; |FIFO|RAM16_8:inst7|RAM4_4:inst10|MC:inst16|inst3 ; |FIFO|RAM16_8:inst7|RAM4_4:inst10|MC:inst16|inst3 ; out              ;
; |FIFO|RAM16_8:inst7|RAM4_4:inst10|MC:inst16|inst  ; |FIFO|RAM16_8:inst7|RAM4_4:inst10|MC:inst16|inst  ; out              ;
; |FIFO|RAM16_8:inst7|RAM4_4:inst10|MC:inst16|inst1 ; |FIFO|RAM16_8:inst7|RAM4_4:inst10|MC:inst16|inst1 ; out0             ;
; |FIFO|RAM16_8:inst7|RAM4_4:inst10|MC:inst4|inst3  ; |FIFO|RAM16_8:inst7|RAM4_4:inst10|MC:inst4|inst3  ; out              ;
; |FIFO|RAM16_8:inst7|RAM4_4:inst10|MC:inst4|inst   ; |FIFO|RAM16_8:inst7|RAM4_4:inst10|MC:inst4|inst   ; out              ;
; |FIFO|RAM16_8:inst7|RAM4_4:inst10|MC:inst4|inst1  ; |FIFO|RAM16_8:inst7|RAM4_4:inst10|MC:inst4|inst1  ; out0             ;
; |FIFO|RAM16_8:inst7|RAM4_4:inst10|MC:inst15|inst3 ; |FIFO|RAM16_8:inst7|RAM4_4:inst10|MC:inst15|inst3 ; out              ;
; |FIFO|RAM16_8:inst7|RAM4_4:inst10|MC:inst15|inst  ; |FIFO|RAM16_8:inst7|RAM4_4:inst10|MC:inst15|inst  ; out              ;
; |FIFO|RAM16_8:inst7|RAM4_4:inst10|MC:inst15|inst1 ; |FIFO|RAM16_8:inst7|RAM4_4:inst10|MC:inst15|inst1 ; out0             ;
; |FIFO|RAM16_8:inst7|RAM4_4:inst10|MC:inst10|inst3 ; |FIFO|RAM16_8:inst7|RAM4_4:inst10|MC:inst10|inst3 ; out              ;
; |FIFO|RAM16_8:inst7|RAM4_4:inst10|MC:inst10|inst  ; |FIFO|RAM16_8:inst7|RAM4_4:inst10|MC:inst10|inst  ; out              ;
; |FIFO|RAM16_8:inst7|RAM4_4:inst10|MC:inst10|inst1 ; |FIFO|RAM16_8:inst7|RAM4_4:inst10|MC:inst10|inst1 ; out0             ;
; |FIFO|RAM16_8:inst7|RAM4_4:inst10|MC:inst7|inst3  ; |FIFO|RAM16_8:inst7|RAM4_4:inst10|MC:inst7|inst3  ; out              ;
; |FIFO|RAM16_8:inst7|RAM4_4:inst10|MC:inst7|inst   ; |FIFO|RAM16_8:inst7|RAM4_4:inst10|MC:inst7|inst   ; out              ;
; |FIFO|RAM16_8:inst7|RAM4_4:inst10|MC:inst7|inst1  ; |FIFO|RAM16_8:inst7|RAM4_4:inst10|MC:inst7|inst1  ; out0             ;
; |FIFO|RAM16_8:inst7|RAM4_4:inst10|MC:inst3|inst3  ; |FIFO|RAM16_8:inst7|RAM4_4:inst10|MC:inst3|inst3  ; out              ;
; |FIFO|RAM16_8:inst7|RAM4_4:inst10|MC:inst3|inst   ; |FIFO|RAM16_8:inst7|RAM4_4:inst10|MC:inst3|inst   ; out              ;
; |FIFO|RAM16_8:inst7|RAM4_4:inst10|MC:inst3|inst1  ; |FIFO|RAM16_8:inst7|RAM4_4:inst10|MC:inst3|inst1  ; out0             ;
; |FIFO|RAM16_8:inst7|RAM4_4:inst10|MC:inst14|inst3 ; |FIFO|RAM16_8:inst7|RAM4_4:inst10|MC:inst14|inst3 ; out              ;
; |FIFO|RAM16_8:inst7|RAM4_4:inst10|MC:inst14|inst  ; |FIFO|RAM16_8:inst7|RAM4_4:inst10|MC:inst14|inst  ; out              ;
; |FIFO|RAM16_8:inst7|RAM4_4:inst10|MC:inst14|inst1 ; |FIFO|RAM16_8:inst7|RAM4_4:inst10|MC:inst14|inst1 ; out0             ;
; |FIFO|RAM16_8:inst7|RAM4_4:inst10|MC:inst12|inst3 ; |FIFO|RAM16_8:inst7|RAM4_4:inst10|MC:inst12|inst3 ; out              ;
; |FIFO|RAM16_8:inst7|RAM4_4:inst10|MC:inst12|inst  ; |FIFO|RAM16_8:inst7|RAM4_4:inst10|MC:inst12|inst  ; out              ;
; |FIFO|RAM16_8:inst7|RAM4_4:inst10|MC:inst12|inst1 ; |FIFO|RAM16_8:inst7|RAM4_4:inst10|MC:inst12|inst1 ; out0             ;
; |FIFO|RAM16_8:inst7|RAM4_4:inst10|MC:inst6|inst3  ; |FIFO|RAM16_8:inst7|RAM4_4:inst10|MC:inst6|inst3  ; out              ;
; |FIFO|RAM16_8:inst7|RAM4_4:inst10|MC:inst6|inst   ; |FIFO|RAM16_8:inst7|RAM4_4:inst10|MC:inst6|inst   ; out              ;
; |FIFO|RAM16_8:inst7|RAM4_4:inst10|MC:inst6|inst1  ; |FIFO|RAM16_8:inst7|RAM4_4:inst10|MC:inst6|inst1  ; out0             ;
; |FIFO|RAM16_8:inst7|RAM4_4:inst10|MC:inst2|inst3  ; |FIFO|RAM16_8:inst7|RAM4_4:inst10|MC:inst2|inst3  ; out              ;
; |FIFO|RAM16_8:inst7|RAM4_4:inst10|MC:inst2|inst   ; |FIFO|RAM16_8:inst7|RAM4_4:inst10|MC:inst2|inst   ; out              ;
; |FIFO|RAM16_8:inst7|RAM4_4:inst10|MC:inst2|inst1  ; |FIFO|RAM16_8:inst7|RAM4_4:inst10|MC:inst2|inst1  ; out0             ;
; |FIFO|RAM16_8:inst7|RAM4_4:inst10|MC:inst13|inst3 ; |FIFO|RAM16_8:inst7|RAM4_4:inst10|MC:inst13|inst3 ; out              ;
; |FIFO|RAM16_8:inst7|RAM4_4:inst10|MC:inst13|inst  ; |FIFO|RAM16_8:inst7|RAM4_4:inst10|MC:inst13|inst  ; out              ;
; |FIFO|RAM16_8:inst7|RAM4_4:inst10|MC:inst13|inst1 ; |FIFO|RAM16_8:inst7|RAM4_4:inst10|MC:inst13|inst1 ; out0             ;
; |FIFO|RAM16_8:inst7|RAM4_4:inst10|MC:inst9|inst3  ; |FIFO|RAM16_8:inst7|RAM4_4:inst10|MC:inst9|inst3  ; out              ;
; |FIFO|RAM16_8:inst7|RAM4_4:inst10|MC:inst9|inst   ; |FIFO|RAM16_8:inst7|RAM4_4:inst10|MC:inst9|inst   ; out              ;
; |FIFO|RAM16_8:inst7|RAM4_4:inst10|MC:inst9|inst1  ; |FIFO|RAM16_8:inst7|RAM4_4:inst10|MC:inst9|inst1  ; out0             ;
; |FIFO|RAM16_8:inst7|RAM4_4:inst10|MC:inst5|inst3  ; |FIFO|RAM16_8:inst7|RAM4_4:inst10|MC:inst5|inst3  ; out              ;
; |FIFO|RAM16_8:inst7|RAM4_4:inst10|MC:inst5|inst   ; |FIFO|RAM16_8:inst7|RAM4_4:inst10|MC:inst5|inst   ; out              ;
; |FIFO|RAM16_8:inst7|RAM4_4:inst10|MC:inst5|inst1  ; |FIFO|RAM16_8:inst7|RAM4_4:inst10|MC:inst5|inst1  ; out0             ;
; |FIFO|RAM16_8:inst7|RAM4_4:inst10|MC:inst1|inst3  ; |FIFO|RAM16_8:inst7|RAM4_4:inst10|MC:inst1|inst3  ; out              ;
; |FIFO|RAM16_8:inst7|RAM4_4:inst10|MC:inst1|inst   ; |FIFO|RAM16_8:inst7|RAM4_4:inst10|MC:inst1|inst   ; out              ;
; |FIFO|RAM16_8:inst7|RAM4_4:inst10|MC:inst1|inst1  ; |FIFO|RAM16_8:inst7|RAM4_4:inst10|MC:inst1|inst1  ; out0             ;
; |FIFO|RAM16_8:inst7|RAM4_4:inst7|inst25           ; |FIFO|RAM16_8:inst7|RAM4_4:inst7|inst25           ; out              ;
; |FIFO|RAM16_8:inst7|RAM4_4:inst7|MC:inst16|inst3  ; |FIFO|RAM16_8:inst7|RAM4_4:inst7|MC:inst16|inst3  ; out              ;
; |FIFO|RAM16_8:inst7|RAM4_4:inst7|MC:inst16|inst   ; |FIFO|RAM16_8:inst7|RAM4_4:inst7|MC:inst16|inst   ; out              ;
; |FIFO|RAM16_8:inst7|RAM4_4:inst7|MC:inst15|inst3  ; |FIFO|RAM16_8:inst7|RAM4_4:inst7|MC:inst15|inst3  ; out              ;
; |FIFO|RAM16_8:inst7|RAM4_4:inst7|MC:inst15|inst   ; |FIFO|RAM16_8:inst7|RAM4_4:inst7|MC:inst15|inst   ; out              ;
; |FIFO|RAM16_8:inst7|RAM4_4:inst7|MC:inst14|inst3  ; |FIFO|RAM16_8:inst7|RAM4_4:inst7|MC:inst14|inst3  ; out              ;
; |FIFO|RAM16_8:inst7|RAM4_4:inst7|MC:inst14|inst   ; |FIFO|RAM16_8:inst7|RAM4_4:inst7|MC:inst14|inst   ; out              ;
; |FIFO|RAM16_8:inst7|RAM4_4:inst7|MC:inst13|inst3  ; |FIFO|RAM16_8:inst7|RAM4_4:inst7|MC:inst13|inst3  ; out              ;
; |FIFO|RAM16_8:inst7|RAM4_4:inst7|MC:inst13|inst   ; |FIFO|RAM16_8:inst7|RAM4_4:inst7|MC:inst13|inst   ; out              ;
; |FIFO|RAM16_8:inst7|RAM4_4:inst1|inst25           ; |FIFO|RAM16_8:inst7|RAM4_4:inst1|inst25           ; out              ;
; |FIFO|RAM16_8:inst7|RAM4_4:inst1|inst18           ; |FIFO|RAM16_8:inst7|RAM4_4:inst1|inst18           ; out0             ;
; |FIFO|RAM16_8:inst7|RAM4_4:inst1|MC:inst11|inst3  ; |FIFO|RAM16_8:inst7|RAM4_4:inst1|MC:inst11|inst3  ; out              ;
; |FIFO|RAM16_8:inst7|RAM4_4:inst1|MC:inst11|inst   ; |FIFO|RAM16_8:inst7|RAM4_4:inst1|MC:inst11|inst   ; out              ;
; |FIFO|RAM16_8:inst7|RAM4_4:inst1|MC:inst4|inst3   ; |FIFO|RAM16_8:inst7|RAM4_4:inst1|MC:inst4|inst3   ; out              ;
; |FIFO|RAM16_8:inst7|RAM4_4:inst1|MC:inst4|inst    ; |FIFO|RAM16_8:inst7|RAM4_4:inst1|MC:inst4|inst    ; out              ;
; |FIFO|RAM16_8:inst7|RAM4_4:inst1|MC:inst4|inst1   ; |FIFO|RAM16_8:inst7|RAM4_4:inst1|MC:inst4|inst1   ; out0             ;
; |FIFO|RAM16_8:inst7|RAM4_4:inst1|MC:inst15|inst3  ; |FIFO|RAM16_8:inst7|RAM4_4:inst1|MC:inst15|inst3  ; out              ;
; |FIFO|RAM16_8:inst7|RAM4_4:inst1|MC:inst15|inst   ; |FIFO|RAM16_8:inst7|RAM4_4:inst1|MC:inst15|inst   ; out              ;
; |FIFO|RAM16_8:inst7|RAM4_4:inst1|MC:inst3|inst1   ; |FIFO|RAM16_8:inst7|RAM4_4:inst1|MC:inst3|inst1   ; out0             ;
; |FIFO|RAM16_8:inst7|RAM4_4:inst1|MC:inst2|inst1   ; |FIFO|RAM16_8:inst7|RAM4_4:inst1|MC:inst2|inst1   ; out0             ;
; |FIFO|RAM16_8:inst7|RAM4_4:inst1|MC:inst1|inst1   ; |FIFO|RAM16_8:inst7|RAM4_4:inst1|MC:inst1|inst1   ; out0             ;
; |FIFO|RAM16_8:inst7|RAM4_4:inst9|inst25           ; |FIFO|RAM16_8:inst7|RAM4_4:inst9|inst25           ; out              ;
; |FIFO|RAM16_8:inst7|RAM4_4:inst9|IN~0             ; |FIFO|RAM16_8:inst7|RAM4_4:inst9|IN~0             ; out0             ;
; |FIFO|RAM16_8:inst7|RAM4_4:inst9|inst18           ; |FIFO|RAM16_8:inst7|RAM4_4:inst9|inst18           ; out0             ;
; |FIFO|RAM16_8:inst7|RAM4_4:inst9|inst24           ; |FIFO|RAM16_8:inst7|RAM4_4:inst9|inst24           ; out              ;
; |FIFO|RAM16_8:inst7|RAM4_4:inst9|IN~1             ; |FIFO|RAM16_8:inst7|RAM4_4:inst9|IN~1             ; out0             ;
; |FIFO|RAM16_8:inst7|RAM4_4:inst9|inst22           ; |FIFO|RAM16_8:inst7|RAM4_4:inst9|inst22           ; out              ;
; |FIFO|RAM16_8:inst7|RAM4_4:inst9|IN~2             ; |FIFO|RAM16_8:inst7|RAM4_4:inst9|IN~2             ; out0             ;
; |FIFO|RAM16_8:inst7|RAM4_4:inst9|inst23           ; |FIFO|RAM16_8:inst7|RAM4_4:inst9|inst23           ; out              ;
; |FIFO|RAM16_8:inst7|RAM4_4:inst9|IN~3             ; |FIFO|RAM16_8:inst7|RAM4_4:inst9|IN~3             ; out0             ;
; |FIFO|RAM16_8:inst7|RAM4_4:inst9|MC:inst8|inst3   ; |FIFO|RAM16_8:inst7|RAM4_4:inst9|MC:inst8|inst3   ; out              ;
; |FIFO|RAM16_8:inst7|RAM4_4:inst9|MC:inst8|inst    ; |FIFO|RAM16_8:inst7|RAM4_4:inst9|MC:inst8|inst    ; out              ;
; |FIFO|RAM16_8:inst7|RAM4_4:inst9|MC:inst8|inst1   ; |FIFO|RAM16_8:inst7|RAM4_4:inst9|MC:inst8|inst1   ; out0             ;
; |FIFO|RAM16_8:inst7|RAM4_4:inst9|MC:inst11|inst3  ; |FIFO|RAM16_8:inst7|RAM4_4:inst9|MC:inst11|inst3  ; out              ;
; |FIFO|RAM16_8:inst7|RAM4_4:inst9|MC:inst11|inst   ; |FIFO|RAM16_8:inst7|RAM4_4:inst9|MC:inst11|inst   ; out              ;
; |FIFO|RAM16_8:inst7|RAM4_4:inst9|MC:inst11|inst1  ; |FIFO|RAM16_8:inst7|RAM4_4:inst9|MC:inst11|inst1  ; out0             ;
; |FIFO|RAM16_8:inst7|RAM4_4:inst9|MC:inst16|inst3  ; |FIFO|RAM16_8:inst7|RAM4_4:inst9|MC:inst16|inst3  ; out              ;
; |FIFO|RAM16_8:inst7|RAM4_4:inst9|MC:inst16|inst   ; |FIFO|RAM16_8:inst7|RAM4_4:inst9|MC:inst16|inst   ; out              ;
; |FIFO|RAM16_8:inst7|RAM4_4:inst9|MC:inst16|inst1  ; |FIFO|RAM16_8:inst7|RAM4_4:inst9|MC:inst16|inst1  ; out0             ;
; |FIFO|RAM16_8:inst7|RAM4_4:inst9|MC:inst4|inst3   ; |FIFO|RAM16_8:inst7|RAM4_4:inst9|MC:inst4|inst3   ; out              ;
; |FIFO|RAM16_8:inst7|RAM4_4:inst9|MC:inst4|inst    ; |FIFO|RAM16_8:inst7|RAM4_4:inst9|MC:inst4|inst    ; out              ;
; |FIFO|RAM16_8:inst7|RAM4_4:inst9|MC:inst4|inst1   ; |FIFO|RAM16_8:inst7|RAM4_4:inst9|MC:inst4|inst1   ; out0             ;
; |FIFO|RAM16_8:inst7|RAM4_4:inst9|MC:inst15|inst3  ; |FIFO|RAM16_8:inst7|RAM4_4:inst9|MC:inst15|inst3  ; out              ;
; |FIFO|RAM16_8:inst7|RAM4_4:inst9|MC:inst15|inst   ; |FIFO|RAM16_8:inst7|RAM4_4:inst9|MC:inst15|inst   ; out              ;
; |FIFO|RAM16_8:inst7|RAM4_4:inst9|MC:inst15|inst1  ; |FIFO|RAM16_8:inst7|RAM4_4:inst9|MC:inst15|inst1  ; out0             ;
; |FIFO|RAM16_8:inst7|RAM4_4:inst9|MC:inst10|inst3  ; |FIFO|RAM16_8:inst7|RAM4_4:inst9|MC:inst10|inst3  ; out              ;
; |FIFO|RAM16_8:inst7|RAM4_4:inst9|MC:inst10|inst   ; |FIFO|RAM16_8:inst7|RAM4_4:inst9|MC:inst10|inst   ; out              ;
; |FIFO|RAM16_8:inst7|RAM4_4:inst9|MC:inst10|inst1  ; |FIFO|RAM16_8:inst7|RAM4_4:inst9|MC:inst10|inst1  ; out0             ;
; |FIFO|RAM16_8:inst7|RAM4_4:inst9|MC:inst7|inst3   ; |FIFO|RAM16_8:inst7|RAM4_4:inst9|MC:inst7|inst3   ; out              ;
; |FIFO|RAM16_8:inst7|RAM4_4:inst9|MC:inst7|inst    ; |FIFO|RAM16_8:inst7|RAM4_4:inst9|MC:inst7|inst    ; out              ;
; |FIFO|RAM16_8:inst7|RAM4_4:inst9|MC:inst7|inst1   ; |FIFO|RAM16_8:inst7|RAM4_4:inst9|MC:inst7|inst1   ; out0             ;
; |FIFO|RAM16_8:inst7|RAM4_4:inst9|MC:inst3|inst3   ; |FIFO|RAM16_8:inst7|RAM4_4:inst9|MC:inst3|inst3   ; out              ;
; |FIFO|RAM16_8:inst7|RAM4_4:inst9|MC:inst3|inst    ; |FIFO|RAM16_8:inst7|RAM4_4:inst9|MC:inst3|inst    ; out              ;
; |FIFO|RAM16_8:inst7|RAM4_4:inst9|MC:inst3|inst1   ; |FIFO|RAM16_8:inst7|RAM4_4:inst9|MC:inst3|inst1   ; out0             ;
; |FIFO|RAM16_8:inst7|RAM4_4:inst9|MC:inst14|inst3  ; |FIFO|RAM16_8:inst7|RAM4_4:inst9|MC:inst14|inst3  ; out              ;
; |FIFO|RAM16_8:inst7|RAM4_4:inst9|MC:inst14|inst   ; |FIFO|RAM16_8:inst7|RAM4_4:inst9|MC:inst14|inst   ; out              ;
; |FIFO|RAM16_8:inst7|RAM4_4:inst9|MC:inst14|inst1  ; |FIFO|RAM16_8:inst7|RAM4_4:inst9|MC:inst14|inst1  ; out0             ;
; |FIFO|RAM16_8:inst7|RAM4_4:inst9|MC:inst12|inst3  ; |FIFO|RAM16_8:inst7|RAM4_4:inst9|MC:inst12|inst3  ; out              ;
; |FIFO|RAM16_8:inst7|RAM4_4:inst9|MC:inst12|inst   ; |FIFO|RAM16_8:inst7|RAM4_4:inst9|MC:inst12|inst   ; out              ;
; |FIFO|RAM16_8:inst7|RAM4_4:inst9|MC:inst12|inst1  ; |FIFO|RAM16_8:inst7|RAM4_4:inst9|MC:inst12|inst1  ; out0             ;
; |FIFO|RAM16_8:inst7|RAM4_4:inst9|MC:inst6|inst3   ; |FIFO|RAM16_8:inst7|RAM4_4:inst9|MC:inst6|inst3   ; out              ;
; |FIFO|RAM16_8:inst7|RAM4_4:inst9|MC:inst6|inst    ; |FIFO|RAM16_8:inst7|RAM4_4:inst9|MC:inst6|inst    ; out              ;
; |FIFO|RAM16_8:inst7|RAM4_4:inst9|MC:inst6|inst1   ; |FIFO|RAM16_8:inst7|RAM4_4:inst9|MC:inst6|inst1   ; out0             ;
; |FIFO|RAM16_8:inst7|RAM4_4:inst9|MC:inst2|inst3   ; |FIFO|RAM16_8:inst7|RAM4_4:inst9|MC:inst2|inst3   ; out              ;
; |FIFO|RAM16_8:inst7|RAM4_4:inst9|MC:inst2|inst    ; |FIFO|RAM16_8:inst7|RAM4_4:inst9|MC:inst2|inst    ; out              ;
; |FIFO|RAM16_8:inst7|RAM4_4:inst9|MC:inst2|inst1   ; |FIFO|RAM16_8:inst7|RAM4_4:inst9|MC:inst2|inst1   ; out0             ;
; |FIFO|RAM16_8:inst7|RAM4_4:inst9|MC:inst13|inst3  ; |FIFO|RAM16_8:inst7|RAM4_4:inst9|MC:inst13|inst3  ; out              ;
; |FIFO|RAM16_8:inst7|RAM4_4:inst9|MC:inst13|inst   ; |FIFO|RAM16_8:inst7|RAM4_4:inst9|MC:inst13|inst   ; out              ;
; |FIFO|RAM16_8:inst7|RAM4_4:inst9|MC:inst13|inst1  ; |FIFO|RAM16_8:inst7|RAM4_4:inst9|MC:inst13|inst1  ; out0             ;
; |FIFO|RAM16_8:inst7|RAM4_4:inst9|MC:inst9|inst3   ; |FIFO|RAM16_8:inst7|RAM4_4:inst9|MC:inst9|inst3   ; out              ;
; |FIFO|RAM16_8:inst7|RAM4_4:inst9|MC:inst9|inst    ; |FIFO|RAM16_8:inst7|RAM4_4:inst9|MC:inst9|inst    ; out              ;
; |FIFO|RAM16_8:inst7|RAM4_4:inst9|MC:inst9|inst1   ; |FIFO|RAM16_8:inst7|RAM4_4:inst9|MC:inst9|inst1   ; out0             ;
; |FIFO|RAM16_8:inst7|RAM4_4:inst9|MC:inst5|inst3   ; |FIFO|RAM16_8:inst7|RAM4_4:inst9|MC:inst5|inst3   ; out              ;
; |FIFO|RAM16_8:inst7|RAM4_4:inst9|MC:inst5|inst    ; |FIFO|RAM16_8:inst7|RAM4_4:inst9|MC:inst5|inst    ; out              ;
; |FIFO|RAM16_8:inst7|RAM4_4:inst9|MC:inst5|inst1   ; |FIFO|RAM16_8:inst7|RAM4_4:inst9|MC:inst5|inst1   ; out0             ;
; |FIFO|RAM16_8:inst7|RAM4_4:inst9|MC:inst1|inst3   ; |FIFO|RAM16_8:inst7|RAM4_4:inst9|MC:inst1|inst3   ; out              ;
; |FIFO|RAM16_8:inst7|RAM4_4:inst9|MC:inst1|inst    ; |FIFO|RAM16_8:inst7|RAM4_4:inst9|MC:inst1|inst    ; out              ;
; |FIFO|RAM16_8:inst7|RAM4_4:inst9|MC:inst1|inst1   ; |FIFO|RAM16_8:inst7|RAM4_4:inst9|MC:inst1|inst1   ; out0             ;
; |FIFO|RAM16_8:inst7|RAM4_4:inst4|inst25           ; |FIFO|RAM16_8:inst7|RAM4_4:inst4|inst25           ; out              ;
; |FIFO|RAM16_8:inst7|RAM4_4:inst4|IN~0             ; |FIFO|RAM16_8:inst7|RAM4_4:inst4|IN~0             ; out0             ;
; |FIFO|RAM16_8:inst7|RAM4_4:inst4|inst24           ; |FIFO|RAM16_8:inst7|RAM4_4:inst4|inst24           ; out              ;
; |FIFO|RAM16_8:inst7|RAM4_4:inst4|IN~1             ; |FIFO|RAM16_8:inst7|RAM4_4:inst4|IN~1             ; out0             ;
; |FIFO|RAM16_8:inst7|RAM4_4:inst4|inst22           ; |FIFO|RAM16_8:inst7|RAM4_4:inst4|inst22           ; out              ;
; |FIFO|RAM16_8:inst7|RAM4_4:inst4|IN~2             ; |FIFO|RAM16_8:inst7|RAM4_4:inst4|IN~2             ; out0             ;
; |FIFO|RAM16_8:inst7|RAM4_4:inst4|MC:inst11|inst3  ; |FIFO|RAM16_8:inst7|RAM4_4:inst4|MC:inst11|inst3  ; out              ;
; |FIFO|RAM16_8:inst7|RAM4_4:inst4|MC:inst11|inst   ; |FIFO|RAM16_8:inst7|RAM4_4:inst4|MC:inst11|inst   ; out              ;
; |FIFO|RAM16_8:inst7|RAM4_4:inst4|MC:inst4|inst3   ; |FIFO|RAM16_8:inst7|RAM4_4:inst4|MC:inst4|inst3   ; out              ;
; |FIFO|RAM16_8:inst7|RAM4_4:inst4|MC:inst4|inst    ; |FIFO|RAM16_8:inst7|RAM4_4:inst4|MC:inst4|inst    ; out              ;
; |FIFO|RAM16_8:inst7|RAM4_4:inst4|MC:inst15|inst3  ; |FIFO|RAM16_8:inst7|RAM4_4:inst4|MC:inst15|inst3  ; out              ;
; |FIFO|RAM16_8:inst7|RAM4_4:inst4|MC:inst15|inst   ; |FIFO|RAM16_8:inst7|RAM4_4:inst4|MC:inst15|inst   ; out              ;
; |FIFO|RAM16_8:inst7|RAM4_4:inst4|MC:inst10|inst3  ; |FIFO|RAM16_8:inst7|RAM4_4:inst4|MC:inst10|inst3  ; out              ;
; |FIFO|RAM16_8:inst7|RAM4_4:inst4|MC:inst10|inst   ; |FIFO|RAM16_8:inst7|RAM4_4:inst4|MC:inst10|inst   ; out              ;
; |FIFO|RAM16_8:inst7|RAM4_4:inst4|MC:inst7|inst3   ; |FIFO|RAM16_8:inst7|RAM4_4:inst4|MC:inst7|inst3   ; out              ;
; |FIFO|RAM16_8:inst7|RAM4_4:inst4|MC:inst7|inst    ; |FIFO|RAM16_8:inst7|RAM4_4:inst4|MC:inst7|inst    ; out              ;
; |FIFO|RAM16_8:inst7|RAM4_4:inst4|MC:inst3|inst3   ; |FIFO|RAM16_8:inst7|RAM4_4:inst4|MC:inst3|inst3   ; out              ;
; |FIFO|RAM16_8:inst7|RAM4_4:inst4|MC:inst3|inst    ; |FIFO|RAM16_8:inst7|RAM4_4:inst4|MC:inst3|inst    ; out              ;
; |FIFO|RAM16_8:inst7|RAM4_4:inst4|MC:inst14|inst3  ; |FIFO|RAM16_8:inst7|RAM4_4:inst4|MC:inst14|inst3  ; out              ;
; |FIFO|RAM16_8:inst7|RAM4_4:inst4|MC:inst14|inst   ; |FIFO|RAM16_8:inst7|RAM4_4:inst4|MC:inst14|inst   ; out              ;
; |FIFO|RAM16_8:inst7|RAM4_4:inst4|MC:inst12|inst3  ; |FIFO|RAM16_8:inst7|RAM4_4:inst4|MC:inst12|inst3  ; out              ;
; |FIFO|RAM16_8:inst7|RAM4_4:inst4|MC:inst12|inst   ; |FIFO|RAM16_8:inst7|RAM4_4:inst4|MC:inst12|inst   ; out              ;
; |FIFO|RAM16_8:inst7|RAM4_4:inst4|MC:inst6|inst3   ; |FIFO|RAM16_8:inst7|RAM4_4:inst4|MC:inst6|inst3   ; out              ;
; |FIFO|RAM16_8:inst7|RAM4_4:inst4|MC:inst6|inst    ; |FIFO|RAM16_8:inst7|RAM4_4:inst4|MC:inst6|inst    ; out              ;
; |FIFO|RAM16_8:inst7|RAM4_4:inst4|MC:inst2|inst3   ; |FIFO|RAM16_8:inst7|RAM4_4:inst4|MC:inst2|inst3   ; out              ;
; |FIFO|RAM16_8:inst7|RAM4_4:inst4|MC:inst2|inst    ; |FIFO|RAM16_8:inst7|RAM4_4:inst4|MC:inst2|inst    ; out              ;
; |FIFO|RAM16_8:inst7|RAM4_4:inst4|MC:inst13|inst3  ; |FIFO|RAM16_8:inst7|RAM4_4:inst4|MC:inst13|inst3  ; out              ;
; |FIFO|RAM16_8:inst7|RAM4_4:inst4|MC:inst13|inst   ; |FIFO|RAM16_8:inst7|RAM4_4:inst4|MC:inst13|inst   ; out              ;
; |FIFO|RAM16_8:inst7|RAM4_4:inst4|MC:inst9|inst3   ; |FIFO|RAM16_8:inst7|RAM4_4:inst4|MC:inst9|inst3   ; out              ;
; |FIFO|RAM16_8:inst7|RAM4_4:inst4|MC:inst9|inst    ; |FIFO|RAM16_8:inst7|RAM4_4:inst4|MC:inst9|inst    ; out              ;
; |FIFO|RAM16_8:inst7|RAM4_4:inst4|MC:inst5|inst3   ; |FIFO|RAM16_8:inst7|RAM4_4:inst4|MC:inst5|inst3   ; out              ;
; |FIFO|RAM16_8:inst7|RAM4_4:inst4|MC:inst5|inst    ; |FIFO|RAM16_8:inst7|RAM4_4:inst4|MC:inst5|inst    ; out              ;
; |FIFO|RAM16_8:inst7|RAM4_4:inst4|MC:inst1|inst3   ; |FIFO|RAM16_8:inst7|RAM4_4:inst4|MC:inst1|inst3   ; out              ;
; |FIFO|RAM16_8:inst7|RAM4_4:inst4|MC:inst1|inst    ; |FIFO|RAM16_8:inst7|RAM4_4:inst4|MC:inst1|inst    ; out              ;
; |FIFO|RAM16_8:inst7|RAM4_4:inst2|inst25           ; |FIFO|RAM16_8:inst7|RAM4_4:inst2|inst25           ; out              ;
; |FIFO|RAM16_8:inst7|RAM4_4:inst2|IN~0             ; |FIFO|RAM16_8:inst7|RAM4_4:inst2|IN~0             ; out0             ;
; |FIFO|RAM16_8:inst7|RAM4_4:inst2|inst18           ; |FIFO|RAM16_8:inst7|RAM4_4:inst2|inst18           ; out0             ;
; |FIFO|RAM16_8:inst7|RAM4_4:inst2|inst24           ; |FIFO|RAM16_8:inst7|RAM4_4:inst2|inst24           ; out              ;
; |FIFO|RAM16_8:inst7|RAM4_4:inst2|IN~1             ; |FIFO|RAM16_8:inst7|RAM4_4:inst2|IN~1             ; out0             ;
; |FIFO|RAM16_8:inst7|RAM4_4:inst2|inst22           ; |FIFO|RAM16_8:inst7|RAM4_4:inst2|inst22           ; out              ;
; |FIFO|RAM16_8:inst7|RAM4_4:inst2|IN~2             ; |FIFO|RAM16_8:inst7|RAM4_4:inst2|IN~2             ; out0             ;
; |FIFO|RAM16_8:inst7|RAM4_4:inst2|inst23           ; |FIFO|RAM16_8:inst7|RAM4_4:inst2|inst23           ; out              ;
; |FIFO|RAM16_8:inst7|RAM4_4:inst2|IN~3             ; |FIFO|RAM16_8:inst7|RAM4_4:inst2|IN~3             ; out0             ;
; |FIFO|RAM16_8:inst7|RAM4_4:inst2|MC:inst8|inst3   ; |FIFO|RAM16_8:inst7|RAM4_4:inst2|MC:inst8|inst3   ; out              ;
; |FIFO|RAM16_8:inst7|RAM4_4:inst2|MC:inst8|inst    ; |FIFO|RAM16_8:inst7|RAM4_4:inst2|MC:inst8|inst    ; out              ;
; |FIFO|RAM16_8:inst7|RAM4_4:inst2|MC:inst8|inst1   ; |FIFO|RAM16_8:inst7|RAM4_4:inst2|MC:inst8|inst1   ; out0             ;
; |FIFO|RAM16_8:inst7|RAM4_4:inst2|MC:inst11|inst3  ; |FIFO|RAM16_8:inst7|RAM4_4:inst2|MC:inst11|inst3  ; out              ;
; |FIFO|RAM16_8:inst7|RAM4_4:inst2|MC:inst11|inst   ; |FIFO|RAM16_8:inst7|RAM4_4:inst2|MC:inst11|inst   ; out              ;
; |FIFO|RAM16_8:inst7|RAM4_4:inst2|MC:inst11|inst1  ; |FIFO|RAM16_8:inst7|RAM4_4:inst2|MC:inst11|inst1  ; out0             ;
; |FIFO|RAM16_8:inst7|RAM4_4:inst2|MC:inst16|inst3  ; |FIFO|RAM16_8:inst7|RAM4_4:inst2|MC:inst16|inst3  ; out              ;
; |FIFO|RAM16_8:inst7|RAM4_4:inst2|MC:inst16|inst   ; |FIFO|RAM16_8:inst7|RAM4_4:inst2|MC:inst16|inst   ; out              ;
; |FIFO|RAM16_8:inst7|RAM4_4:inst2|MC:inst16|inst1  ; |FIFO|RAM16_8:inst7|RAM4_4:inst2|MC:inst16|inst1  ; out0             ;
; |FIFO|RAM16_8:inst7|RAM4_4:inst2|MC:inst4|inst3   ; |FIFO|RAM16_8:inst7|RAM4_4:inst2|MC:inst4|inst3   ; out              ;
; |FIFO|RAM16_8:inst7|RAM4_4:inst2|MC:inst4|inst    ; |FIFO|RAM16_8:inst7|RAM4_4:inst2|MC:inst4|inst    ; out              ;
; |FIFO|RAM16_8:inst7|RAM4_4:inst2|MC:inst4|inst1   ; |FIFO|RAM16_8:inst7|RAM4_4:inst2|MC:inst4|inst1   ; out0             ;
; |FIFO|RAM16_8:inst7|RAM4_4:inst2|MC:inst15|inst3  ; |FIFO|RAM16_8:inst7|RAM4_4:inst2|MC:inst15|inst3  ; out              ;
; |FIFO|RAM16_8:inst7|RAM4_4:inst2|MC:inst15|inst   ; |FIFO|RAM16_8:inst7|RAM4_4:inst2|MC:inst15|inst   ; out              ;
; |FIFO|RAM16_8:inst7|RAM4_4:inst2|MC:inst15|inst1  ; |FIFO|RAM16_8:inst7|RAM4_4:inst2|MC:inst15|inst1  ; out0             ;
; |FIFO|RAM16_8:inst7|RAM4_4:inst2|MC:inst10|inst3  ; |FIFO|RAM16_8:inst7|RAM4_4:inst2|MC:inst10|inst3  ; out              ;
; |FIFO|RAM16_8:inst7|RAM4_4:inst2|MC:inst10|inst   ; |FIFO|RAM16_8:inst7|RAM4_4:inst2|MC:inst10|inst   ; out              ;
; |FIFO|RAM16_8:inst7|RAM4_4:inst2|MC:inst10|inst1  ; |FIFO|RAM16_8:inst7|RAM4_4:inst2|MC:inst10|inst1  ; out0             ;
; |FIFO|RAM16_8:inst7|RAM4_4:inst2|MC:inst7|inst3   ; |FIFO|RAM16_8:inst7|RAM4_4:inst2|MC:inst7|inst3   ; out              ;
; |FIFO|RAM16_8:inst7|RAM4_4:inst2|MC:inst7|inst    ; |FIFO|RAM16_8:inst7|RAM4_4:inst2|MC:inst7|inst    ; out              ;
; |FIFO|RAM16_8:inst7|RAM4_4:inst2|MC:inst7|inst1   ; |FIFO|RAM16_8:inst7|RAM4_4:inst2|MC:inst7|inst1   ; out0             ;
; |FIFO|RAM16_8:inst7|RAM4_4:inst2|MC:inst3|inst3   ; |FIFO|RAM16_8:inst7|RAM4_4:inst2|MC:inst3|inst3   ; out              ;
; |FIFO|RAM16_8:inst7|RAM4_4:inst2|MC:inst3|inst    ; |FIFO|RAM16_8:inst7|RAM4_4:inst2|MC:inst3|inst    ; out              ;
; |FIFO|RAM16_8:inst7|RAM4_4:inst2|MC:inst3|inst1   ; |FIFO|RAM16_8:inst7|RAM4_4:inst2|MC:inst3|inst1   ; out0             ;
; |FIFO|RAM16_8:inst7|RAM4_4:inst2|MC:inst14|inst3  ; |FIFO|RAM16_8:inst7|RAM4_4:inst2|MC:inst14|inst3  ; out              ;
; |FIFO|RAM16_8:inst7|RAM4_4:inst2|MC:inst14|inst   ; |FIFO|RAM16_8:inst7|RAM4_4:inst2|MC:inst14|inst   ; out              ;
; |FIFO|RAM16_8:inst7|RAM4_4:inst2|MC:inst14|inst1  ; |FIFO|RAM16_8:inst7|RAM4_4:inst2|MC:inst14|inst1  ; out0             ;
; |FIFO|RAM16_8:inst7|RAM4_4:inst2|MC:inst12|inst3  ; |FIFO|RAM16_8:inst7|RAM4_4:inst2|MC:inst12|inst3  ; out              ;
; |FIFO|RAM16_8:inst7|RAM4_4:inst2|MC:inst12|inst   ; |FIFO|RAM16_8:inst7|RAM4_4:inst2|MC:inst12|inst   ; out              ;
; |FIFO|RAM16_8:inst7|RAM4_4:inst2|MC:inst12|inst1  ; |FIFO|RAM16_8:inst7|RAM4_4:inst2|MC:inst12|inst1  ; out0             ;
; |FIFO|RAM16_8:inst7|RAM4_4:inst2|MC:inst6|inst3   ; |FIFO|RAM16_8:inst7|RAM4_4:inst2|MC:inst6|inst3   ; out              ;
; |FIFO|RAM16_8:inst7|RAM4_4:inst2|MC:inst6|inst    ; |FIFO|RAM16_8:inst7|RAM4_4:inst2|MC:inst6|inst    ; out              ;
; |FIFO|RAM16_8:inst7|RAM4_4:inst2|MC:inst6|inst1   ; |FIFO|RAM16_8:inst7|RAM4_4:inst2|MC:inst6|inst1   ; out0             ;
; |FIFO|RAM16_8:inst7|RAM4_4:inst2|MC:inst2|inst3   ; |FIFO|RAM16_8:inst7|RAM4_4:inst2|MC:inst2|inst3   ; out              ;
; |FIFO|RAM16_8:inst7|RAM4_4:inst2|MC:inst2|inst    ; |FIFO|RAM16_8:inst7|RAM4_4:inst2|MC:inst2|inst    ; out              ;
; |FIFO|RAM16_8:inst7|RAM4_4:inst2|MC:inst2|inst1   ; |FIFO|RAM16_8:inst7|RAM4_4:inst2|MC:inst2|inst1   ; out0             ;
; |FIFO|RAM16_8:inst7|RAM4_4:inst2|MC:inst13|inst3  ; |FIFO|RAM16_8:inst7|RAM4_4:inst2|MC:inst13|inst3  ; out              ;
; |FIFO|RAM16_8:inst7|RAM4_4:inst2|MC:inst13|inst   ; |FIFO|RAM16_8:inst7|RAM4_4:inst2|MC:inst13|inst   ; out              ;
; |FIFO|RAM16_8:inst7|RAM4_4:inst2|MC:inst13|inst1  ; |FIFO|RAM16_8:inst7|RAM4_4:inst2|MC:inst13|inst1  ; out0             ;
; |FIFO|RAM16_8:inst7|RAM4_4:inst2|MC:inst9|inst3   ; |FIFO|RAM16_8:inst7|RAM4_4:inst2|MC:inst9|inst3   ; out              ;
; |FIFO|RAM16_8:inst7|RAM4_4:inst2|MC:inst9|inst    ; |FIFO|RAM16_8:inst7|RAM4_4:inst2|MC:inst9|inst    ; out              ;
; |FIFO|RAM16_8:inst7|RAM4_4:inst2|MC:inst9|inst1   ; |FIFO|RAM16_8:inst7|RAM4_4:inst2|MC:inst9|inst1   ; out0             ;
; |FIFO|RAM16_8:inst7|RAM4_4:inst2|MC:inst5|inst3   ; |FIFO|RAM16_8:inst7|RAM4_4:inst2|MC:inst5|inst3   ; out              ;
; |FIFO|RAM16_8:inst7|RAM4_4:inst2|MC:inst5|inst    ; |FIFO|RAM16_8:inst7|RAM4_4:inst2|MC:inst5|inst    ; out              ;
; |FIFO|RAM16_8:inst7|RAM4_4:inst2|MC:inst5|inst1   ; |FIFO|RAM16_8:inst7|RAM4_4:inst2|MC:inst5|inst1   ; out0             ;
; |FIFO|RAM16_8:inst7|RAM4_4:inst2|MC:inst1|inst3   ; |FIFO|RAM16_8:inst7|RAM4_4:inst2|MC:inst1|inst3   ; out              ;
; |FIFO|RAM16_8:inst7|RAM4_4:inst2|MC:inst1|inst    ; |FIFO|RAM16_8:inst7|RAM4_4:inst2|MC:inst1|inst    ; out              ;
; |FIFO|RAM16_8:inst7|RAM4_4:inst2|MC:inst1|inst1   ; |FIFO|RAM16_8:inst7|RAM4_4:inst2|MC:inst1|inst1   ; out0             ;
; |FIFO|RAM16_8:inst7|RAM4_4:inst|inst25            ; |FIFO|RAM16_8:inst7|RAM4_4:inst|inst25            ; out              ;
; |FIFO|RAM16_8:inst7|RAM4_4:inst|IN~0              ; |FIFO|RAM16_8:inst7|RAM4_4:inst|IN~0              ; out0             ;
; |FIFO|RAM16_8:inst7|RAM4_4:inst|inst18            ; |FIFO|RAM16_8:inst7|RAM4_4:inst|inst18            ; out0             ;
; |FIFO|RAM16_8:inst7|RAM4_4:inst|inst24            ; |FIFO|RAM16_8:inst7|RAM4_4:inst|inst24            ; out              ;
; |FIFO|RAM16_8:inst7|RAM4_4:inst|IN~1              ; |FIFO|RAM16_8:inst7|RAM4_4:inst|IN~1              ; out0             ;
; |FIFO|RAM16_8:inst7|RAM4_4:inst|inst22            ; |FIFO|RAM16_8:inst7|RAM4_4:inst|inst22            ; out              ;
; |FIFO|RAM16_8:inst7|RAM4_4:inst|IN~2              ; |FIFO|RAM16_8:inst7|RAM4_4:inst|IN~2              ; out0             ;
; |FIFO|RAM16_8:inst7|RAM4_4:inst|inst23            ; |FIFO|RAM16_8:inst7|RAM4_4:inst|inst23            ; out              ;
; |FIFO|RAM16_8:inst7|RAM4_4:inst|IN~3              ; |FIFO|RAM16_8:inst7|RAM4_4:inst|IN~3              ; out0             ;
; |FIFO|RAM16_8:inst7|RAM4_4:inst|MC:inst8|inst3    ; |FIFO|RAM16_8:inst7|RAM4_4:inst|MC:inst8|inst3    ; out              ;
; |FIFO|RAM16_8:inst7|RAM4_4:inst|MC:inst8|inst     ; |FIFO|RAM16_8:inst7|RAM4_4:inst|MC:inst8|inst     ; out              ;
; |FIFO|RAM16_8:inst7|RAM4_4:inst|MC:inst11|inst3   ; |FIFO|RAM16_8:inst7|RAM4_4:inst|MC:inst11|inst3   ; out              ;
; |FIFO|RAM16_8:inst7|RAM4_4:inst|MC:inst11|inst    ; |FIFO|RAM16_8:inst7|RAM4_4:inst|MC:inst11|inst    ; out              ;
; |FIFO|RAM16_8:inst7|RAM4_4:inst|MC:inst16|inst3   ; |FIFO|RAM16_8:inst7|RAM4_4:inst|MC:inst16|inst3   ; out              ;
; |FIFO|RAM16_8:inst7|RAM4_4:inst|MC:inst16|inst    ; |FIFO|RAM16_8:inst7|RAM4_4:inst|MC:inst16|inst    ; out              ;
; |FIFO|RAM16_8:inst7|RAM4_4:inst|MC:inst4|inst3    ; |FIFO|RAM16_8:inst7|RAM4_4:inst|MC:inst4|inst3    ; out              ;
; |FIFO|RAM16_8:inst7|RAM4_4:inst|MC:inst4|inst     ; |FIFO|RAM16_8:inst7|RAM4_4:inst|MC:inst4|inst     ; out              ;
; |FIFO|RAM16_8:inst7|RAM4_4:inst|MC:inst4|inst1    ; |FIFO|RAM16_8:inst7|RAM4_4:inst|MC:inst4|inst1    ; out0             ;
; |FIFO|RAM16_8:inst7|RAM4_4:inst|MC:inst15|inst3   ; |FIFO|RAM16_8:inst7|RAM4_4:inst|MC:inst15|inst3   ; out              ;
; |FIFO|RAM16_8:inst7|RAM4_4:inst|MC:inst15|inst    ; |FIFO|RAM16_8:inst7|RAM4_4:inst|MC:inst15|inst    ; out              ;
; |FIFO|RAM16_8:inst7|RAM4_4:inst|MC:inst10|inst3   ; |FIFO|RAM16_8:inst7|RAM4_4:inst|MC:inst10|inst3   ; out              ;
; |FIFO|RAM16_8:inst7|RAM4_4:inst|MC:inst10|inst    ; |FIFO|RAM16_8:inst7|RAM4_4:inst|MC:inst10|inst    ; out              ;
; |FIFO|RAM16_8:inst7|RAM4_4:inst|MC:inst7|inst3    ; |FIFO|RAM16_8:inst7|RAM4_4:inst|MC:inst7|inst3    ; out              ;
; |FIFO|RAM16_8:inst7|RAM4_4:inst|MC:inst7|inst     ; |FIFO|RAM16_8:inst7|RAM4_4:inst|MC:inst7|inst     ; out              ;
; |FIFO|RAM16_8:inst7|RAM4_4:inst|MC:inst3|inst3    ; |FIFO|RAM16_8:inst7|RAM4_4:inst|MC:inst3|inst3    ; out              ;
; |FIFO|RAM16_8:inst7|RAM4_4:inst|MC:inst3|inst     ; |FIFO|RAM16_8:inst7|RAM4_4:inst|MC:inst3|inst     ; out              ;
; |FIFO|RAM16_8:inst7|RAM4_4:inst|MC:inst3|inst1    ; |FIFO|RAM16_8:inst7|RAM4_4:inst|MC:inst3|inst1    ; out0             ;
; |FIFO|RAM16_8:inst7|RAM4_4:inst|MC:inst14|inst3   ; |FIFO|RAM16_8:inst7|RAM4_4:inst|MC:inst14|inst3   ; out              ;
; |FIFO|RAM16_8:inst7|RAM4_4:inst|MC:inst14|inst    ; |FIFO|RAM16_8:inst7|RAM4_4:inst|MC:inst14|inst    ; out              ;
; |FIFO|RAM16_8:inst7|RAM4_4:inst|MC:inst12|inst3   ; |FIFO|RAM16_8:inst7|RAM4_4:inst|MC:inst12|inst3   ; out              ;
; |FIFO|RAM16_8:inst7|RAM4_4:inst|MC:inst12|inst    ; |FIFO|RAM16_8:inst7|RAM4_4:inst|MC:inst12|inst    ; out              ;
; |FIFO|RAM16_8:inst7|RAM4_4:inst|MC:inst6|inst3    ; |FIFO|RAM16_8:inst7|RAM4_4:inst|MC:inst6|inst3    ; out              ;
; |FIFO|RAM16_8:inst7|RAM4_4:inst|MC:inst6|inst     ; |FIFO|RAM16_8:inst7|RAM4_4:inst|MC:inst6|inst     ; out              ;
; |FIFO|RAM16_8:inst7|RAM4_4:inst|MC:inst2|inst3    ; |FIFO|RAM16_8:inst7|RAM4_4:inst|MC:inst2|inst3    ; out              ;
; |FIFO|RAM16_8:inst7|RAM4_4:inst|MC:inst2|inst     ; |FIFO|RAM16_8:inst7|RAM4_4:inst|MC:inst2|inst     ; out              ;
; |FIFO|RAM16_8:inst7|RAM4_4:inst|MC:inst2|inst1    ; |FIFO|RAM16_8:inst7|RAM4_4:inst|MC:inst2|inst1    ; out0             ;
; |FIFO|RAM16_8:inst7|RAM4_4:inst|MC:inst13|inst3   ; |FIFO|RAM16_8:inst7|RAM4_4:inst|MC:inst13|inst3   ; out              ;
; |FIFO|RAM16_8:inst7|RAM4_4:inst|MC:inst13|inst    ; |FIFO|RAM16_8:inst7|RAM4_4:inst|MC:inst13|inst    ; out              ;
; |FIFO|RAM16_8:inst7|RAM4_4:inst|MC:inst9|inst3    ; |FIFO|RAM16_8:inst7|RAM4_4:inst|MC:inst9|inst3    ; out              ;
; |FIFO|RAM16_8:inst7|RAM4_4:inst|MC:inst9|inst     ; |FIFO|RAM16_8:inst7|RAM4_4:inst|MC:inst9|inst     ; out              ;
; |FIFO|RAM16_8:inst7|RAM4_4:inst|MC:inst5|inst3    ; |FIFO|RAM16_8:inst7|RAM4_4:inst|MC:inst5|inst3    ; out              ;
; |FIFO|RAM16_8:inst7|RAM4_4:inst|MC:inst5|inst     ; |FIFO|RAM16_8:inst7|RAM4_4:inst|MC:inst5|inst     ; out              ;
; |FIFO|RAM16_8:inst7|RAM4_4:inst|MC:inst1|inst3    ; |FIFO|RAM16_8:inst7|RAM4_4:inst|MC:inst1|inst3    ; out              ;
; |FIFO|RAM16_8:inst7|RAM4_4:inst|MC:inst1|inst     ; |FIFO|RAM16_8:inst7|RAM4_4:inst|MC:inst1|inst     ; out              ;
; |FIFO|RAM16_8:inst7|RAM4_4:inst|MC:inst1|inst1    ; |FIFO|RAM16_8:inst7|RAM4_4:inst|MC:inst1|inst1    ; out0             ;
; |FIFO|MUX_BUS_4:inst5|21mux:inst|7                ; |FIFO|MUX_BUS_4:inst5|21mux:inst|7                ; out0             ;
; |FIFO|Counter:inst|inst20                         ; |FIFO|Counter:inst|inst20                         ; regout           ;
; |FIFO|Counter:inst|inst19                         ; |FIFO|Counter:inst|inst19                         ; regout           ;
; |FIFO|Counter:inst|HAS:inst5|inst2                ; |FIFO|Counter:inst|HAS:inst5|inst2                ; out0             ;
; |FIFO|Counter:inst|HAS:inst6|inst                 ; |FIFO|Counter:inst|HAS:inst6|inst                 ; out0             ;
+---------------------------------------------------+---------------------------------------------------+------------------+


The following table displays output ports that do not toggle to 0 during simulation.
+--------------------------------------------------------------------------------------------------------------------------+
; Missing 0-Value Coverage                                                                                                 ;
+---------------------------------------------------+---------------------------------------------------+------------------+
; Node Name                                         ; Output Port Name                                  ; Output Port Type ;
+---------------------------------------------------+---------------------------------------------------+------------------+
; |FIFO|inst8                                       ; |FIFO|inst8                                       ; out0             ;
; |FIFO|ENABLE                                      ; |FIFO|ENABLE                                      ; out              ;
; |FIFO|inst14                                      ; |FIFO|inst14                                      ; out0             ;
; |FIFO|FULL                                        ; |FIFO|FULL                                        ; pin_out          ;
; |FIFO|inst12                                      ; |FIFO|inst12                                      ; out0             ;
; |FIFO|IO[7]                                       ; |FIFO|IO[7]                                       ; out              ;
; |FIFO|IO[6]                                       ; |FIFO|IO[6]                                       ; out              ;
; |FIFO|IO[5]                                       ; |FIFO|IO[5]                                       ; out              ;
; |FIFO|IO[4]                                       ; |FIFO|IO[4]                                       ; out              ;
; |FIFO|RAM16_8:inst7|RAM4_4:inst3|inst25           ; |FIFO|RAM16_8:inst7|RAM4_4:inst3|inst25           ; out              ;
; |FIFO|RAM16_8:inst7|RAM4_4:inst3|IN~0             ; |FIFO|RAM16_8:inst7|RAM4_4:inst3|IN~0             ; out0             ;
; |FIFO|RAM16_8:inst7|RAM4_4:inst3|inst18           ; |FIFO|RAM16_8:inst7|RAM4_4:inst3|inst18           ; out0             ;
; |FIFO|RAM16_8:inst7|RAM4_4:inst3|inst24           ; |FIFO|RAM16_8:inst7|RAM4_4:inst3|inst24           ; out              ;
; |FIFO|RAM16_8:inst7|RAM4_4:inst3|IN~1             ; |FIFO|RAM16_8:inst7|RAM4_4:inst3|IN~1             ; out0             ;
; |FIFO|RAM16_8:inst7|RAM4_4:inst3|inst22           ; |FIFO|RAM16_8:inst7|RAM4_4:inst3|inst22           ; out              ;
; |FIFO|RAM16_8:inst7|RAM4_4:inst3|IN~2             ; |FIFO|RAM16_8:inst7|RAM4_4:inst3|IN~2             ; out0             ;
; |FIFO|RAM16_8:inst7|RAM4_4:inst3|inst23           ; |FIFO|RAM16_8:inst7|RAM4_4:inst3|inst23           ; out              ;
; |FIFO|RAM16_8:inst7|RAM4_4:inst3|IN~3             ; |FIFO|RAM16_8:inst7|RAM4_4:inst3|IN~3             ; out0             ;
; |FIFO|RAM16_8:inst7|RAM4_4:inst3|MC:inst8|inst3   ; |FIFO|RAM16_8:inst7|RAM4_4:inst3|MC:inst8|inst3   ; out              ;
; |FIFO|RAM16_8:inst7|RAM4_4:inst3|MC:inst8|inst    ; |FIFO|RAM16_8:inst7|RAM4_4:inst3|MC:inst8|inst    ; out              ;
; |FIFO|RAM16_8:inst7|RAM4_4:inst3|MC:inst8|inst1   ; |FIFO|RAM16_8:inst7|RAM4_4:inst3|MC:inst8|inst1   ; out0             ;
; |FIFO|RAM16_8:inst7|RAM4_4:inst3|MC:inst11|inst3  ; |FIFO|RAM16_8:inst7|RAM4_4:inst3|MC:inst11|inst3  ; out              ;
; |FIFO|RAM16_8:inst7|RAM4_4:inst3|MC:inst11|inst   ; |FIFO|RAM16_8:inst7|RAM4_4:inst3|MC:inst11|inst   ; out              ;
; |FIFO|RAM16_8:inst7|RAM4_4:inst3|MC:inst11|inst1  ; |FIFO|RAM16_8:inst7|RAM4_4:inst3|MC:inst11|inst1  ; out0             ;
; |FIFO|RAM16_8:inst7|RAM4_4:inst3|MC:inst16|inst3  ; |FIFO|RAM16_8:inst7|RAM4_4:inst3|MC:inst16|inst3  ; out              ;
; |FIFO|RAM16_8:inst7|RAM4_4:inst3|MC:inst16|inst   ; |FIFO|RAM16_8:inst7|RAM4_4:inst3|MC:inst16|inst   ; out              ;
; |FIFO|RAM16_8:inst7|RAM4_4:inst3|MC:inst16|inst1  ; |FIFO|RAM16_8:inst7|RAM4_4:inst3|MC:inst16|inst1  ; out0             ;
; |FIFO|RAM16_8:inst7|RAM4_4:inst3|MC:inst4|inst3   ; |FIFO|RAM16_8:inst7|RAM4_4:inst3|MC:inst4|inst3   ; out              ;
; |FIFO|RAM16_8:inst7|RAM4_4:inst3|MC:inst4|inst    ; |FIFO|RAM16_8:inst7|RAM4_4:inst3|MC:inst4|inst    ; out              ;
; |FIFO|RAM16_8:inst7|RAM4_4:inst3|MC:inst4|inst1   ; |FIFO|RAM16_8:inst7|RAM4_4:inst3|MC:inst4|inst1   ; out0             ;
; |FIFO|RAM16_8:inst7|RAM4_4:inst3|MC:inst15|inst3  ; |FIFO|RAM16_8:inst7|RAM4_4:inst3|MC:inst15|inst3  ; out              ;
; |FIFO|RAM16_8:inst7|RAM4_4:inst3|MC:inst15|inst   ; |FIFO|RAM16_8:inst7|RAM4_4:inst3|MC:inst15|inst   ; out              ;
; |FIFO|RAM16_8:inst7|RAM4_4:inst3|MC:inst15|inst1  ; |FIFO|RAM16_8:inst7|RAM4_4:inst3|MC:inst15|inst1  ; out0             ;
; |FIFO|RAM16_8:inst7|RAM4_4:inst3|MC:inst10|inst3  ; |FIFO|RAM16_8:inst7|RAM4_4:inst3|MC:inst10|inst3  ; out              ;
; |FIFO|RAM16_8:inst7|RAM4_4:inst3|MC:inst10|inst   ; |FIFO|RAM16_8:inst7|RAM4_4:inst3|MC:inst10|inst   ; out              ;
; |FIFO|RAM16_8:inst7|RAM4_4:inst3|MC:inst10|inst1  ; |FIFO|RAM16_8:inst7|RAM4_4:inst3|MC:inst10|inst1  ; out0             ;
; |FIFO|RAM16_8:inst7|RAM4_4:inst3|MC:inst7|inst3   ; |FIFO|RAM16_8:inst7|RAM4_4:inst3|MC:inst7|inst3   ; out              ;
; |FIFO|RAM16_8:inst7|RAM4_4:inst3|MC:inst7|inst    ; |FIFO|RAM16_8:inst7|RAM4_4:inst3|MC:inst7|inst    ; out              ;
; |FIFO|RAM16_8:inst7|RAM4_4:inst3|MC:inst7|inst1   ; |FIFO|RAM16_8:inst7|RAM4_4:inst3|MC:inst7|inst1   ; out0             ;
; |FIFO|RAM16_8:inst7|RAM4_4:inst3|MC:inst3|inst3   ; |FIFO|RAM16_8:inst7|RAM4_4:inst3|MC:inst3|inst3   ; out              ;
; |FIFO|RAM16_8:inst7|RAM4_4:inst3|MC:inst3|inst    ; |FIFO|RAM16_8:inst7|RAM4_4:inst3|MC:inst3|inst    ; out              ;
; |FIFO|RAM16_8:inst7|RAM4_4:inst3|MC:inst3|inst1   ; |FIFO|RAM16_8:inst7|RAM4_4:inst3|MC:inst3|inst1   ; out0             ;
; |FIFO|RAM16_8:inst7|RAM4_4:inst3|MC:inst14|inst3  ; |FIFO|RAM16_8:inst7|RAM4_4:inst3|MC:inst14|inst3  ; out              ;
; |FIFO|RAM16_8:inst7|RAM4_4:inst3|MC:inst14|inst   ; |FIFO|RAM16_8:inst7|RAM4_4:inst3|MC:inst14|inst   ; out              ;
; |FIFO|RAM16_8:inst7|RAM4_4:inst3|MC:inst14|inst1  ; |FIFO|RAM16_8:inst7|RAM4_4:inst3|MC:inst14|inst1  ; out0             ;
; |FIFO|RAM16_8:inst7|RAM4_4:inst3|MC:inst12|inst3  ; |FIFO|RAM16_8:inst7|RAM4_4:inst3|MC:inst12|inst3  ; out              ;
; |FIFO|RAM16_8:inst7|RAM4_4:inst3|MC:inst12|inst   ; |FIFO|RAM16_8:inst7|RAM4_4:inst3|MC:inst12|inst   ; out              ;
; |FIFO|RAM16_8:inst7|RAM4_4:inst3|MC:inst12|inst1  ; |FIFO|RAM16_8:inst7|RAM4_4:inst3|MC:inst12|inst1  ; out0             ;
; |FIFO|RAM16_8:inst7|RAM4_4:inst3|MC:inst6|inst3   ; |FIFO|RAM16_8:inst7|RAM4_4:inst3|MC:inst6|inst3   ; out              ;
; |FIFO|RAM16_8:inst7|RAM4_4:inst3|MC:inst6|inst    ; |FIFO|RAM16_8:inst7|RAM4_4:inst3|MC:inst6|inst    ; out              ;
; |FIFO|RAM16_8:inst7|RAM4_4:inst3|MC:inst6|inst1   ; |FIFO|RAM16_8:inst7|RAM4_4:inst3|MC:inst6|inst1   ; out0             ;
; |FIFO|RAM16_8:inst7|RAM4_4:inst3|MC:inst2|inst3   ; |FIFO|RAM16_8:inst7|RAM4_4:inst3|MC:inst2|inst3   ; out              ;
; |FIFO|RAM16_8:inst7|RAM4_4:inst3|MC:inst2|inst    ; |FIFO|RAM16_8:inst7|RAM4_4:inst3|MC:inst2|inst    ; out              ;
; |FIFO|RAM16_8:inst7|RAM4_4:inst3|MC:inst2|inst1   ; |FIFO|RAM16_8:inst7|RAM4_4:inst3|MC:inst2|inst1   ; out0             ;
; |FIFO|RAM16_8:inst7|RAM4_4:inst3|MC:inst13|inst3  ; |FIFO|RAM16_8:inst7|RAM4_4:inst3|MC:inst13|inst3  ; out              ;
; |FIFO|RAM16_8:inst7|RAM4_4:inst3|MC:inst13|inst   ; |FIFO|RAM16_8:inst7|RAM4_4:inst3|MC:inst13|inst   ; out              ;
; |FIFO|RAM16_8:inst7|RAM4_4:inst3|MC:inst13|inst1  ; |FIFO|RAM16_8:inst7|RAM4_4:inst3|MC:inst13|inst1  ; out0             ;
; |FIFO|RAM16_8:inst7|RAM4_4:inst3|MC:inst9|inst3   ; |FIFO|RAM16_8:inst7|RAM4_4:inst3|MC:inst9|inst3   ; out              ;
; |FIFO|RAM16_8:inst7|RAM4_4:inst3|MC:inst9|inst    ; |FIFO|RAM16_8:inst7|RAM4_4:inst3|MC:inst9|inst    ; out              ;
; |FIFO|RAM16_8:inst7|RAM4_4:inst3|MC:inst9|inst1   ; |FIFO|RAM16_8:inst7|RAM4_4:inst3|MC:inst9|inst1   ; out0             ;
; |FIFO|RAM16_8:inst7|RAM4_4:inst3|MC:inst5|inst3   ; |FIFO|RAM16_8:inst7|RAM4_4:inst3|MC:inst5|inst3   ; out              ;
; |FIFO|RAM16_8:inst7|RAM4_4:inst3|MC:inst5|inst    ; |FIFO|RAM16_8:inst7|RAM4_4:inst3|MC:inst5|inst    ; out              ;
; |FIFO|RAM16_8:inst7|RAM4_4:inst3|MC:inst5|inst1   ; |FIFO|RAM16_8:inst7|RAM4_4:inst3|MC:inst5|inst1   ; out0             ;
; |FIFO|RAM16_8:inst7|RAM4_4:inst3|MC:inst1|inst3   ; |FIFO|RAM16_8:inst7|RAM4_4:inst3|MC:inst1|inst3   ; out              ;
; |FIFO|RAM16_8:inst7|RAM4_4:inst3|MC:inst1|inst    ; |FIFO|RAM16_8:inst7|RAM4_4:inst3|MC:inst1|inst    ; out              ;
; |FIFO|RAM16_8:inst7|RAM4_4:inst3|MC:inst1|inst1   ; |FIFO|RAM16_8:inst7|RAM4_4:inst3|MC:inst1|inst1   ; out0             ;
; |FIFO|RAM16_8:inst7|RAM4_4:inst10|inst25          ; |FIFO|RAM16_8:inst7|RAM4_4:inst10|inst25          ; out              ;
; |FIFO|RAM16_8:inst7|RAM4_4:inst10|IN~0            ; |FIFO|RAM16_8:inst7|RAM4_4:inst10|IN~0            ; out0             ;
; |FIFO|RAM16_8:inst7|RAM4_4:inst10|inst18          ; |FIFO|RAM16_8:inst7|RAM4_4:inst10|inst18          ; out0             ;
; |FIFO|RAM16_8:inst7|RAM4_4:inst10|inst24          ; |FIFO|RAM16_8:inst7|RAM4_4:inst10|inst24          ; out              ;
; |FIFO|RAM16_8:inst7|RAM4_4:inst10|IN~1            ; |FIFO|RAM16_8:inst7|RAM4_4:inst10|IN~1            ; out0             ;
; |FIFO|RAM16_8:inst7|RAM4_4:inst10|inst22          ; |FIFO|RAM16_8:inst7|RAM4_4:inst10|inst22          ; out              ;
; |FIFO|RAM16_8:inst7|RAM4_4:inst10|IN~2            ; |FIFO|RAM16_8:inst7|RAM4_4:inst10|IN~2            ; out0             ;
; |FIFO|RAM16_8:inst7|RAM4_4:inst10|inst23          ; |FIFO|RAM16_8:inst7|RAM4_4:inst10|inst23          ; out              ;
; |FIFO|RAM16_8:inst7|RAM4_4:inst10|IN~3            ; |FIFO|RAM16_8:inst7|RAM4_4:inst10|IN~3            ; out0             ;
; |FIFO|RAM16_8:inst7|RAM4_4:inst10|MC:inst8|inst3  ; |FIFO|RAM16_8:inst7|RAM4_4:inst10|MC:inst8|inst3  ; out              ;
; |FIFO|RAM16_8:inst7|RAM4_4:inst10|MC:inst8|inst   ; |FIFO|RAM16_8:inst7|RAM4_4:inst10|MC:inst8|inst   ; out              ;
; |FIFO|RAM16_8:inst7|RAM4_4:inst10|MC:inst8|inst1  ; |FIFO|RAM16_8:inst7|RAM4_4:inst10|MC:inst8|inst1  ; out0             ;
; |FIFO|RAM16_8:inst7|RAM4_4:inst10|MC:inst11|inst3 ; |FIFO|RAM16_8:inst7|RAM4_4:inst10|MC:inst11|inst3 ; out              ;
; |FIFO|RAM16_8:inst7|RAM4_4:inst10|MC:inst11|inst  ; |FIFO|RAM16_8:inst7|RAM4_4:inst10|MC:inst11|inst  ; out              ;
; |FIFO|RAM16_8:inst7|RAM4_4:inst10|MC:inst11|inst1 ; |FIFO|RAM16_8:inst7|RAM4_4:inst10|MC:inst11|inst1 ; out0             ;
; |FIFO|RAM16_8:inst7|RAM4_4:inst10|MC:inst16|inst3 ; |FIFO|RAM16_8:inst7|RAM4_4:inst10|MC:inst16|inst3 ; out              ;
; |FIFO|RAM16_8:inst7|RAM4_4:inst10|MC:inst16|inst  ; |FIFO|RAM16_8:inst7|RAM4_4:inst10|MC:inst16|inst  ; out              ;
; |FIFO|RAM16_8:inst7|RAM4_4:inst10|MC:inst16|inst1 ; |FIFO|RAM16_8:inst7|RAM4_4:inst10|MC:inst16|inst1 ; out0             ;
; |FIFO|RAM16_8:inst7|RAM4_4:inst10|MC:inst4|inst3  ; |FIFO|RAM16_8:inst7|RAM4_4:inst10|MC:inst4|inst3  ; out              ;
; |FIFO|RAM16_8:inst7|RAM4_4:inst10|MC:inst4|inst   ; |FIFO|RAM16_8:inst7|RAM4_4:inst10|MC:inst4|inst   ; out              ;
; |FIFO|RAM16_8:inst7|RAM4_4:inst10|MC:inst4|inst1  ; |FIFO|RAM16_8:inst7|RAM4_4:inst10|MC:inst4|inst1  ; out0             ;
; |FIFO|RAM16_8:inst7|RAM4_4:inst10|MC:inst15|inst3 ; |FIFO|RAM16_8:inst7|RAM4_4:inst10|MC:inst15|inst3 ; out              ;
; |FIFO|RAM16_8:inst7|RAM4_4:inst10|MC:inst15|inst  ; |FIFO|RAM16_8:inst7|RAM4_4:inst10|MC:inst15|inst  ; out              ;
; |FIFO|RAM16_8:inst7|RAM4_4:inst10|MC:inst15|inst1 ; |FIFO|RAM16_8:inst7|RAM4_4:inst10|MC:inst15|inst1 ; out0             ;
; |FIFO|RAM16_8:inst7|RAM4_4:inst10|MC:inst10|inst3 ; |FIFO|RAM16_8:inst7|RAM4_4:inst10|MC:inst10|inst3 ; out              ;
; |FIFO|RAM16_8:inst7|RAM4_4:inst10|MC:inst10|inst  ; |FIFO|RAM16_8:inst7|RAM4_4:inst10|MC:inst10|inst  ; out              ;
; |FIFO|RAM16_8:inst7|RAM4_4:inst10|MC:inst10|inst1 ; |FIFO|RAM16_8:inst7|RAM4_4:inst10|MC:inst10|inst1 ; out0             ;
; |FIFO|RAM16_8:inst7|RAM4_4:inst10|MC:inst7|inst3  ; |FIFO|RAM16_8:inst7|RAM4_4:inst10|MC:inst7|inst3  ; out              ;
; |FIFO|RAM16_8:inst7|RAM4_4:inst10|MC:inst7|inst   ; |FIFO|RAM16_8:inst7|RAM4_4:inst10|MC:inst7|inst   ; out              ;
; |FIFO|RAM16_8:inst7|RAM4_4:inst10|MC:inst7|inst1  ; |FIFO|RAM16_8:inst7|RAM4_4:inst10|MC:inst7|inst1  ; out0             ;
; |FIFO|RAM16_8:inst7|RAM4_4:inst10|MC:inst3|inst3  ; |FIFO|RAM16_8:inst7|RAM4_4:inst10|MC:inst3|inst3  ; out              ;
; |FIFO|RAM16_8:inst7|RAM4_4:inst10|MC:inst3|inst   ; |FIFO|RAM16_8:inst7|RAM4_4:inst10|MC:inst3|inst   ; out              ;
; |FIFO|RAM16_8:inst7|RAM4_4:inst10|MC:inst3|inst1  ; |FIFO|RAM16_8:inst7|RAM4_4:inst10|MC:inst3|inst1  ; out0             ;
; |FIFO|RAM16_8:inst7|RAM4_4:inst10|MC:inst14|inst3 ; |FIFO|RAM16_8:inst7|RAM4_4:inst10|MC:inst14|inst3 ; out              ;
; |FIFO|RAM16_8:inst7|RAM4_4:inst10|MC:inst14|inst  ; |FIFO|RAM16_8:inst7|RAM4_4:inst10|MC:inst14|inst  ; out              ;
; |FIFO|RAM16_8:inst7|RAM4_4:inst10|MC:inst14|inst1 ; |FIFO|RAM16_8:inst7|RAM4_4:inst10|MC:inst14|inst1 ; out0             ;
; |FIFO|RAM16_8:inst7|RAM4_4:inst10|MC:inst12|inst3 ; |FIFO|RAM16_8:inst7|RAM4_4:inst10|MC:inst12|inst3 ; out              ;
; |FIFO|RAM16_8:inst7|RAM4_4:inst10|MC:inst12|inst  ; |FIFO|RAM16_8:inst7|RAM4_4:inst10|MC:inst12|inst  ; out              ;
; |FIFO|RAM16_8:inst7|RAM4_4:inst10|MC:inst12|inst1 ; |FIFO|RAM16_8:inst7|RAM4_4:inst10|MC:inst12|inst1 ; out0             ;
; |FIFO|RAM16_8:inst7|RAM4_4:inst10|MC:inst6|inst3  ; |FIFO|RAM16_8:inst7|RAM4_4:inst10|MC:inst6|inst3  ; out              ;
; |FIFO|RAM16_8:inst7|RAM4_4:inst10|MC:inst6|inst   ; |FIFO|RAM16_8:inst7|RAM4_4:inst10|MC:inst6|inst   ; out              ;
; |FIFO|RAM16_8:inst7|RAM4_4:inst10|MC:inst6|inst1  ; |FIFO|RAM16_8:inst7|RAM4_4:inst10|MC:inst6|inst1  ; out0             ;
; |FIFO|RAM16_8:inst7|RAM4_4:inst10|MC:inst2|inst3  ; |FIFO|RAM16_8:inst7|RAM4_4:inst10|MC:inst2|inst3  ; out              ;
; |FIFO|RAM16_8:inst7|RAM4_4:inst10|MC:inst2|inst   ; |FIFO|RAM16_8:inst7|RAM4_4:inst10|MC:inst2|inst   ; out              ;
; |FIFO|RAM16_8:inst7|RAM4_4:inst10|MC:inst2|inst1  ; |FIFO|RAM16_8:inst7|RAM4_4:inst10|MC:inst2|inst1  ; out0             ;
; |FIFO|RAM16_8:inst7|RAM4_4:inst10|MC:inst13|inst3 ; |FIFO|RAM16_8:inst7|RAM4_4:inst10|MC:inst13|inst3 ; out              ;
; |FIFO|RAM16_8:inst7|RAM4_4:inst10|MC:inst13|inst  ; |FIFO|RAM16_8:inst7|RAM4_4:inst10|MC:inst13|inst  ; out              ;
; |FIFO|RAM16_8:inst7|RAM4_4:inst10|MC:inst13|inst1 ; |FIFO|RAM16_8:inst7|RAM4_4:inst10|MC:inst13|inst1 ; out0             ;
; |FIFO|RAM16_8:inst7|RAM4_4:inst10|MC:inst9|inst3  ; |FIFO|RAM16_8:inst7|RAM4_4:inst10|MC:inst9|inst3  ; out              ;
; |FIFO|RAM16_8:inst7|RAM4_4:inst10|MC:inst9|inst   ; |FIFO|RAM16_8:inst7|RAM4_4:inst10|MC:inst9|inst   ; out              ;
; |FIFO|RAM16_8:inst7|RAM4_4:inst10|MC:inst9|inst1  ; |FIFO|RAM16_8:inst7|RAM4_4:inst10|MC:inst9|inst1  ; out0             ;
; |FIFO|RAM16_8:inst7|RAM4_4:inst10|MC:inst5|inst3  ; |FIFO|RAM16_8:inst7|RAM4_4:inst10|MC:inst5|inst3  ; out              ;
; |FIFO|RAM16_8:inst7|RAM4_4:inst10|MC:inst5|inst   ; |FIFO|RAM16_8:inst7|RAM4_4:inst10|MC:inst5|inst   ; out              ;
; |FIFO|RAM16_8:inst7|RAM4_4:inst10|MC:inst5|inst1  ; |FIFO|RAM16_8:inst7|RAM4_4:inst10|MC:inst5|inst1  ; out0             ;
; |FIFO|RAM16_8:inst7|RAM4_4:inst10|MC:inst1|inst3  ; |FIFO|RAM16_8:inst7|RAM4_4:inst10|MC:inst1|inst3  ; out              ;
; |FIFO|RAM16_8:inst7|RAM4_4:inst10|MC:inst1|inst   ; |FIFO|RAM16_8:inst7|RAM4_4:inst10|MC:inst1|inst   ; out              ;
; |FIFO|RAM16_8:inst7|RAM4_4:inst10|MC:inst1|inst1  ; |FIFO|RAM16_8:inst7|RAM4_4:inst10|MC:inst1|inst1  ; out0             ;
; |FIFO|RAM16_8:inst7|RAM4_4:inst7|MC:inst11|inst3  ; |FIFO|RAM16_8:inst7|RAM4_4:inst7|MC:inst11|inst3  ; out              ;
; |FIFO|RAM16_8:inst7|RAM4_4:inst7|MC:inst11|inst   ; |FIFO|RAM16_8:inst7|RAM4_4:inst7|MC:inst11|inst   ; out              ;
; |FIFO|RAM16_8:inst7|RAM4_4:inst7|MC:inst4|inst3   ; |FIFO|RAM16_8:inst7|RAM4_4:inst7|MC:inst4|inst3   ; out              ;
; |FIFO|RAM16_8:inst7|RAM4_4:inst7|MC:inst4|inst    ; |FIFO|RAM16_8:inst7|RAM4_4:inst7|MC:inst4|inst    ; out              ;
; |FIFO|RAM16_8:inst7|RAM4_4:inst7|MC:inst10|inst3  ; |FIFO|RAM16_8:inst7|RAM4_4:inst7|MC:inst10|inst3  ; out              ;
; |FIFO|RAM16_8:inst7|RAM4_4:inst7|MC:inst10|inst   ; |FIFO|RAM16_8:inst7|RAM4_4:inst7|MC:inst10|inst   ; out              ;
; |FIFO|RAM16_8:inst7|RAM4_4:inst1|MC:inst16|inst3  ; |FIFO|RAM16_8:inst7|RAM4_4:inst1|MC:inst16|inst3  ; out              ;
; |FIFO|RAM16_8:inst7|RAM4_4:inst1|MC:inst16|inst   ; |FIFO|RAM16_8:inst7|RAM4_4:inst1|MC:inst16|inst   ; out              ;
; |FIFO|RAM16_8:inst7|RAM4_4:inst1|MC:inst10|inst3  ; |FIFO|RAM16_8:inst7|RAM4_4:inst1|MC:inst10|inst3  ; out              ;
; |FIFO|RAM16_8:inst7|RAM4_4:inst1|MC:inst10|inst   ; |FIFO|RAM16_8:inst7|RAM4_4:inst1|MC:inst10|inst   ; out              ;
; |FIFO|RAM16_8:inst7|RAM4_4:inst9|inst25           ; |FIFO|RAM16_8:inst7|RAM4_4:inst9|inst25           ; out              ;
; |FIFO|RAM16_8:inst7|RAM4_4:inst9|IN~0             ; |FIFO|RAM16_8:inst7|RAM4_4:inst9|IN~0             ; out0             ;
; |FIFO|RAM16_8:inst7|RAM4_4:inst9|inst18           ; |FIFO|RAM16_8:inst7|RAM4_4:inst9|inst18           ; out0             ;
; |FIFO|RAM16_8:inst7|RAM4_4:inst9|inst24           ; |FIFO|RAM16_8:inst7|RAM4_4:inst9|inst24           ; out              ;
; |FIFO|RAM16_8:inst7|RAM4_4:inst9|IN~1             ; |FIFO|RAM16_8:inst7|RAM4_4:inst9|IN~1             ; out0             ;
; |FIFO|RAM16_8:inst7|RAM4_4:inst9|inst22           ; |FIFO|RAM16_8:inst7|RAM4_4:inst9|inst22           ; out              ;
; |FIFO|RAM16_8:inst7|RAM4_4:inst9|IN~2             ; |FIFO|RAM16_8:inst7|RAM4_4:inst9|IN~2             ; out0             ;
; |FIFO|RAM16_8:inst7|RAM4_4:inst9|inst23           ; |FIFO|RAM16_8:inst7|RAM4_4:inst9|inst23           ; out              ;
; |FIFO|RAM16_8:inst7|RAM4_4:inst9|IN~3             ; |FIFO|RAM16_8:inst7|RAM4_4:inst9|IN~3             ; out0             ;
; |FIFO|RAM16_8:inst7|RAM4_4:inst9|MC:inst8|inst3   ; |FIFO|RAM16_8:inst7|RAM4_4:inst9|MC:inst8|inst3   ; out              ;
; |FIFO|RAM16_8:inst7|RAM4_4:inst9|MC:inst8|inst    ; |FIFO|RAM16_8:inst7|RAM4_4:inst9|MC:inst8|inst    ; out              ;
; |FIFO|RAM16_8:inst7|RAM4_4:inst9|MC:inst8|inst1   ; |FIFO|RAM16_8:inst7|RAM4_4:inst9|MC:inst8|inst1   ; out0             ;
; |FIFO|RAM16_8:inst7|RAM4_4:inst9|MC:inst11|inst3  ; |FIFO|RAM16_8:inst7|RAM4_4:inst9|MC:inst11|inst3  ; out              ;
; |FIFO|RAM16_8:inst7|RAM4_4:inst9|MC:inst11|inst   ; |FIFO|RAM16_8:inst7|RAM4_4:inst9|MC:inst11|inst   ; out              ;
; |FIFO|RAM16_8:inst7|RAM4_4:inst9|MC:inst11|inst1  ; |FIFO|RAM16_8:inst7|RAM4_4:inst9|MC:inst11|inst1  ; out0             ;
; |FIFO|RAM16_8:inst7|RAM4_4:inst9|MC:inst16|inst3  ; |FIFO|RAM16_8:inst7|RAM4_4:inst9|MC:inst16|inst3  ; out              ;
; |FIFO|RAM16_8:inst7|RAM4_4:inst9|MC:inst16|inst   ; |FIFO|RAM16_8:inst7|RAM4_4:inst9|MC:inst16|inst   ; out              ;
; |FIFO|RAM16_8:inst7|RAM4_4:inst9|MC:inst16|inst1  ; |FIFO|RAM16_8:inst7|RAM4_4:inst9|MC:inst16|inst1  ; out0             ;
; |FIFO|RAM16_8:inst7|RAM4_4:inst9|MC:inst4|inst3   ; |FIFO|RAM16_8:inst7|RAM4_4:inst9|MC:inst4|inst3   ; out              ;
; |FIFO|RAM16_8:inst7|RAM4_4:inst9|MC:inst4|inst    ; |FIFO|RAM16_8:inst7|RAM4_4:inst9|MC:inst4|inst    ; out              ;
; |FIFO|RAM16_8:inst7|RAM4_4:inst9|MC:inst4|inst1   ; |FIFO|RAM16_8:inst7|RAM4_4:inst9|MC:inst4|inst1   ; out0             ;
; |FIFO|RAM16_8:inst7|RAM4_4:inst9|MC:inst15|inst3  ; |FIFO|RAM16_8:inst7|RAM4_4:inst9|MC:inst15|inst3  ; out              ;
; |FIFO|RAM16_8:inst7|RAM4_4:inst9|MC:inst15|inst   ; |FIFO|RAM16_8:inst7|RAM4_4:inst9|MC:inst15|inst   ; out              ;
; |FIFO|RAM16_8:inst7|RAM4_4:inst9|MC:inst15|inst1  ; |FIFO|RAM16_8:inst7|RAM4_4:inst9|MC:inst15|inst1  ; out0             ;
; |FIFO|RAM16_8:inst7|RAM4_4:inst9|MC:inst10|inst3  ; |FIFO|RAM16_8:inst7|RAM4_4:inst9|MC:inst10|inst3  ; out              ;
; |FIFO|RAM16_8:inst7|RAM4_4:inst9|MC:inst10|inst   ; |FIFO|RAM16_8:inst7|RAM4_4:inst9|MC:inst10|inst   ; out              ;
; |FIFO|RAM16_8:inst7|RAM4_4:inst9|MC:inst10|inst1  ; |FIFO|RAM16_8:inst7|RAM4_4:inst9|MC:inst10|inst1  ; out0             ;
; |FIFO|RAM16_8:inst7|RAM4_4:inst9|MC:inst7|inst3   ; |FIFO|RAM16_8:inst7|RAM4_4:inst9|MC:inst7|inst3   ; out              ;
; |FIFO|RAM16_8:inst7|RAM4_4:inst9|MC:inst7|inst    ; |FIFO|RAM16_8:inst7|RAM4_4:inst9|MC:inst7|inst    ; out              ;
; |FIFO|RAM16_8:inst7|RAM4_4:inst9|MC:inst7|inst1   ; |FIFO|RAM16_8:inst7|RAM4_4:inst9|MC:inst7|inst1   ; out0             ;
; |FIFO|RAM16_8:inst7|RAM4_4:inst9|MC:inst3|inst3   ; |FIFO|RAM16_8:inst7|RAM4_4:inst9|MC:inst3|inst3   ; out              ;
; |FIFO|RAM16_8:inst7|RAM4_4:inst9|MC:inst3|inst    ; |FIFO|RAM16_8:inst7|RAM4_4:inst9|MC:inst3|inst    ; out              ;
; |FIFO|RAM16_8:inst7|RAM4_4:inst9|MC:inst3|inst1   ; |FIFO|RAM16_8:inst7|RAM4_4:inst9|MC:inst3|inst1   ; out0             ;
; |FIFO|RAM16_8:inst7|RAM4_4:inst9|MC:inst14|inst3  ; |FIFO|RAM16_8:inst7|RAM4_4:inst9|MC:inst14|inst3  ; out              ;
; |FIFO|RAM16_8:inst7|RAM4_4:inst9|MC:inst14|inst   ; |FIFO|RAM16_8:inst7|RAM4_4:inst9|MC:inst14|inst   ; out              ;
; |FIFO|RAM16_8:inst7|RAM4_4:inst9|MC:inst14|inst1  ; |FIFO|RAM16_8:inst7|RAM4_4:inst9|MC:inst14|inst1  ; out0             ;
; |FIFO|RAM16_8:inst7|RAM4_4:inst9|MC:inst12|inst3  ; |FIFO|RAM16_8:inst7|RAM4_4:inst9|MC:inst12|inst3  ; out              ;
; |FIFO|RAM16_8:inst7|RAM4_4:inst9|MC:inst12|inst   ; |FIFO|RAM16_8:inst7|RAM4_4:inst9|MC:inst12|inst   ; out              ;
; |FIFO|RAM16_8:inst7|RAM4_4:inst9|MC:inst12|inst1  ; |FIFO|RAM16_8:inst7|RAM4_4:inst9|MC:inst12|inst1  ; out0             ;
; |FIFO|RAM16_8:inst7|RAM4_4:inst9|MC:inst6|inst3   ; |FIFO|RAM16_8:inst7|RAM4_4:inst9|MC:inst6|inst3   ; out              ;
; |FIFO|RAM16_8:inst7|RAM4_4:inst9|MC:inst6|inst    ; |FIFO|RAM16_8:inst7|RAM4_4:inst9|MC:inst6|inst    ; out              ;
; |FIFO|RAM16_8:inst7|RAM4_4:inst9|MC:inst6|inst1   ; |FIFO|RAM16_8:inst7|RAM4_4:inst9|MC:inst6|inst1   ; out0             ;
; |FIFO|RAM16_8:inst7|RAM4_4:inst9|MC:inst2|inst3   ; |FIFO|RAM16_8:inst7|RAM4_4:inst9|MC:inst2|inst3   ; out              ;
; |FIFO|RAM16_8:inst7|RAM4_4:inst9|MC:inst2|inst    ; |FIFO|RAM16_8:inst7|RAM4_4:inst9|MC:inst2|inst    ; out              ;
; |FIFO|RAM16_8:inst7|RAM4_4:inst9|MC:inst2|inst1   ; |FIFO|RAM16_8:inst7|RAM4_4:inst9|MC:inst2|inst1   ; out0             ;
; |FIFO|RAM16_8:inst7|RAM4_4:inst9|MC:inst13|inst3  ; |FIFO|RAM16_8:inst7|RAM4_4:inst9|MC:inst13|inst3  ; out              ;
; |FIFO|RAM16_8:inst7|RAM4_4:inst9|MC:inst13|inst   ; |FIFO|RAM16_8:inst7|RAM4_4:inst9|MC:inst13|inst   ; out              ;
; |FIFO|RAM16_8:inst7|RAM4_4:inst9|MC:inst13|inst1  ; |FIFO|RAM16_8:inst7|RAM4_4:inst9|MC:inst13|inst1  ; out0             ;
; |FIFO|RAM16_8:inst7|RAM4_4:inst9|MC:inst9|inst3   ; |FIFO|RAM16_8:inst7|RAM4_4:inst9|MC:inst9|inst3   ; out              ;
; |FIFO|RAM16_8:inst7|RAM4_4:inst9|MC:inst9|inst    ; |FIFO|RAM16_8:inst7|RAM4_4:inst9|MC:inst9|inst    ; out              ;
; |FIFO|RAM16_8:inst7|RAM4_4:inst9|MC:inst9|inst1   ; |FIFO|RAM16_8:inst7|RAM4_4:inst9|MC:inst9|inst1   ; out0             ;
; |FIFO|RAM16_8:inst7|RAM4_4:inst9|MC:inst5|inst3   ; |FIFO|RAM16_8:inst7|RAM4_4:inst9|MC:inst5|inst3   ; out              ;
; |FIFO|RAM16_8:inst7|RAM4_4:inst9|MC:inst5|inst    ; |FIFO|RAM16_8:inst7|RAM4_4:inst9|MC:inst5|inst    ; out              ;
; |FIFO|RAM16_8:inst7|RAM4_4:inst9|MC:inst5|inst1   ; |FIFO|RAM16_8:inst7|RAM4_4:inst9|MC:inst5|inst1   ; out0             ;
; |FIFO|RAM16_8:inst7|RAM4_4:inst9|MC:inst1|inst3   ; |FIFO|RAM16_8:inst7|RAM4_4:inst9|MC:inst1|inst3   ; out              ;
; |FIFO|RAM16_8:inst7|RAM4_4:inst9|MC:inst1|inst    ; |FIFO|RAM16_8:inst7|RAM4_4:inst9|MC:inst1|inst    ; out              ;
; |FIFO|RAM16_8:inst7|RAM4_4:inst9|MC:inst1|inst1   ; |FIFO|RAM16_8:inst7|RAM4_4:inst9|MC:inst1|inst1   ; out0             ;
; |FIFO|RAM16_8:inst7|RAM4_4:inst4|MC:inst16|inst3  ; |FIFO|RAM16_8:inst7|RAM4_4:inst4|MC:inst16|inst3  ; out              ;
; |FIFO|RAM16_8:inst7|RAM4_4:inst4|MC:inst16|inst   ; |FIFO|RAM16_8:inst7|RAM4_4:inst4|MC:inst16|inst   ; out              ;
; |FIFO|RAM16_8:inst7|RAM4_4:inst2|inst25           ; |FIFO|RAM16_8:inst7|RAM4_4:inst2|inst25           ; out              ;
; |FIFO|RAM16_8:inst7|RAM4_4:inst2|IN~0             ; |FIFO|RAM16_8:inst7|RAM4_4:inst2|IN~0             ; out0             ;
; |FIFO|RAM16_8:inst7|RAM4_4:inst2|inst18           ; |FIFO|RAM16_8:inst7|RAM4_4:inst2|inst18           ; out0             ;
; |FIFO|RAM16_8:inst7|RAM4_4:inst2|inst24           ; |FIFO|RAM16_8:inst7|RAM4_4:inst2|inst24           ; out              ;
; |FIFO|RAM16_8:inst7|RAM4_4:inst2|IN~1             ; |FIFO|RAM16_8:inst7|RAM4_4:inst2|IN~1             ; out0             ;
; |FIFO|RAM16_8:inst7|RAM4_4:inst2|inst22           ; |FIFO|RAM16_8:inst7|RAM4_4:inst2|inst22           ; out              ;
; |FIFO|RAM16_8:inst7|RAM4_4:inst2|IN~2             ; |FIFO|RAM16_8:inst7|RAM4_4:inst2|IN~2             ; out0             ;
; |FIFO|RAM16_8:inst7|RAM4_4:inst2|inst23           ; |FIFO|RAM16_8:inst7|RAM4_4:inst2|inst23           ; out              ;
; |FIFO|RAM16_8:inst7|RAM4_4:inst2|IN~3             ; |FIFO|RAM16_8:inst7|RAM4_4:inst2|IN~3             ; out0             ;
; |FIFO|RAM16_8:inst7|RAM4_4:inst2|MC:inst8|inst3   ; |FIFO|RAM16_8:inst7|RAM4_4:inst2|MC:inst8|inst3   ; out              ;
; |FIFO|RAM16_8:inst7|RAM4_4:inst2|MC:inst8|inst    ; |FIFO|RAM16_8:inst7|RAM4_4:inst2|MC:inst8|inst    ; out              ;
; |FIFO|RAM16_8:inst7|RAM4_4:inst2|MC:inst8|inst1   ; |FIFO|RAM16_8:inst7|RAM4_4:inst2|MC:inst8|inst1   ; out0             ;
; |FIFO|RAM16_8:inst7|RAM4_4:inst2|MC:inst11|inst3  ; |FIFO|RAM16_8:inst7|RAM4_4:inst2|MC:inst11|inst3  ; out              ;
; |FIFO|RAM16_8:inst7|RAM4_4:inst2|MC:inst11|inst   ; |FIFO|RAM16_8:inst7|RAM4_4:inst2|MC:inst11|inst   ; out              ;
; |FIFO|RAM16_8:inst7|RAM4_4:inst2|MC:inst11|inst1  ; |FIFO|RAM16_8:inst7|RAM4_4:inst2|MC:inst11|inst1  ; out0             ;
; |FIFO|RAM16_8:inst7|RAM4_4:inst2|MC:inst16|inst3  ; |FIFO|RAM16_8:inst7|RAM4_4:inst2|MC:inst16|inst3  ; out              ;
; |FIFO|RAM16_8:inst7|RAM4_4:inst2|MC:inst16|inst   ; |FIFO|RAM16_8:inst7|RAM4_4:inst2|MC:inst16|inst   ; out              ;
; |FIFO|RAM16_8:inst7|RAM4_4:inst2|MC:inst16|inst1  ; |FIFO|RAM16_8:inst7|RAM4_4:inst2|MC:inst16|inst1  ; out0             ;
; |FIFO|RAM16_8:inst7|RAM4_4:inst2|MC:inst4|inst3   ; |FIFO|RAM16_8:inst7|RAM4_4:inst2|MC:inst4|inst3   ; out              ;
; |FIFO|RAM16_8:inst7|RAM4_4:inst2|MC:inst4|inst    ; |FIFO|RAM16_8:inst7|RAM4_4:inst2|MC:inst4|inst    ; out              ;
; |FIFO|RAM16_8:inst7|RAM4_4:inst2|MC:inst4|inst1   ; |FIFO|RAM16_8:inst7|RAM4_4:inst2|MC:inst4|inst1   ; out0             ;
; |FIFO|RAM16_8:inst7|RAM4_4:inst2|MC:inst15|inst3  ; |FIFO|RAM16_8:inst7|RAM4_4:inst2|MC:inst15|inst3  ; out              ;
; |FIFO|RAM16_8:inst7|RAM4_4:inst2|MC:inst15|inst   ; |FIFO|RAM16_8:inst7|RAM4_4:inst2|MC:inst15|inst   ; out              ;
; |FIFO|RAM16_8:inst7|RAM4_4:inst2|MC:inst15|inst1  ; |FIFO|RAM16_8:inst7|RAM4_4:inst2|MC:inst15|inst1  ; out0             ;
; |FIFO|RAM16_8:inst7|RAM4_4:inst2|MC:inst10|inst3  ; |FIFO|RAM16_8:inst7|RAM4_4:inst2|MC:inst10|inst3  ; out              ;
; |FIFO|RAM16_8:inst7|RAM4_4:inst2|MC:inst10|inst   ; |FIFO|RAM16_8:inst7|RAM4_4:inst2|MC:inst10|inst   ; out              ;
; |FIFO|RAM16_8:inst7|RAM4_4:inst2|MC:inst10|inst1  ; |FIFO|RAM16_8:inst7|RAM4_4:inst2|MC:inst10|inst1  ; out0             ;
; |FIFO|RAM16_8:inst7|RAM4_4:inst2|MC:inst7|inst3   ; |FIFO|RAM16_8:inst7|RAM4_4:inst2|MC:inst7|inst3   ; out              ;
; |FIFO|RAM16_8:inst7|RAM4_4:inst2|MC:inst7|inst    ; |FIFO|RAM16_8:inst7|RAM4_4:inst2|MC:inst7|inst    ; out              ;
; |FIFO|RAM16_8:inst7|RAM4_4:inst2|MC:inst7|inst1   ; |FIFO|RAM16_8:inst7|RAM4_4:inst2|MC:inst7|inst1   ; out0             ;
; |FIFO|RAM16_8:inst7|RAM4_4:inst2|MC:inst3|inst3   ; |FIFO|RAM16_8:inst7|RAM4_4:inst2|MC:inst3|inst3   ; out              ;
; |FIFO|RAM16_8:inst7|RAM4_4:inst2|MC:inst3|inst    ; |FIFO|RAM16_8:inst7|RAM4_4:inst2|MC:inst3|inst    ; out              ;
; |FIFO|RAM16_8:inst7|RAM4_4:inst2|MC:inst3|inst1   ; |FIFO|RAM16_8:inst7|RAM4_4:inst2|MC:inst3|inst1   ; out0             ;
; |FIFO|RAM16_8:inst7|RAM4_4:inst2|MC:inst14|inst3  ; |FIFO|RAM16_8:inst7|RAM4_4:inst2|MC:inst14|inst3  ; out              ;
; |FIFO|RAM16_8:inst7|RAM4_4:inst2|MC:inst14|inst   ; |FIFO|RAM16_8:inst7|RAM4_4:inst2|MC:inst14|inst   ; out              ;
; |FIFO|RAM16_8:inst7|RAM4_4:inst2|MC:inst14|inst1  ; |FIFO|RAM16_8:inst7|RAM4_4:inst2|MC:inst14|inst1  ; out0             ;
; |FIFO|RAM16_8:inst7|RAM4_4:inst2|MC:inst12|inst3  ; |FIFO|RAM16_8:inst7|RAM4_4:inst2|MC:inst12|inst3  ; out              ;
; |FIFO|RAM16_8:inst7|RAM4_4:inst2|MC:inst12|inst   ; |FIFO|RAM16_8:inst7|RAM4_4:inst2|MC:inst12|inst   ; out              ;
; |FIFO|RAM16_8:inst7|RAM4_4:inst2|MC:inst12|inst1  ; |FIFO|RAM16_8:inst7|RAM4_4:inst2|MC:inst12|inst1  ; out0             ;
; |FIFO|RAM16_8:inst7|RAM4_4:inst2|MC:inst6|inst3   ; |FIFO|RAM16_8:inst7|RAM4_4:inst2|MC:inst6|inst3   ; out              ;
; |FIFO|RAM16_8:inst7|RAM4_4:inst2|MC:inst6|inst    ; |FIFO|RAM16_8:inst7|RAM4_4:inst2|MC:inst6|inst    ; out              ;
; |FIFO|RAM16_8:inst7|RAM4_4:inst2|MC:inst6|inst1   ; |FIFO|RAM16_8:inst7|RAM4_4:inst2|MC:inst6|inst1   ; out0             ;
; |FIFO|RAM16_8:inst7|RAM4_4:inst2|MC:inst2|inst3   ; |FIFO|RAM16_8:inst7|RAM4_4:inst2|MC:inst2|inst3   ; out              ;
; |FIFO|RAM16_8:inst7|RAM4_4:inst2|MC:inst2|inst    ; |FIFO|RAM16_8:inst7|RAM4_4:inst2|MC:inst2|inst    ; out              ;
; |FIFO|RAM16_8:inst7|RAM4_4:inst2|MC:inst2|inst1   ; |FIFO|RAM16_8:inst7|RAM4_4:inst2|MC:inst2|inst1   ; out0             ;
; |FIFO|RAM16_8:inst7|RAM4_4:inst2|MC:inst13|inst3  ; |FIFO|RAM16_8:inst7|RAM4_4:inst2|MC:inst13|inst3  ; out              ;
; |FIFO|RAM16_8:inst7|RAM4_4:inst2|MC:inst13|inst   ; |FIFO|RAM16_8:inst7|RAM4_4:inst2|MC:inst13|inst   ; out              ;
; |FIFO|RAM16_8:inst7|RAM4_4:inst2|MC:inst13|inst1  ; |FIFO|RAM16_8:inst7|RAM4_4:inst2|MC:inst13|inst1  ; out0             ;
; |FIFO|RAM16_8:inst7|RAM4_4:inst2|MC:inst9|inst3   ; |FIFO|RAM16_8:inst7|RAM4_4:inst2|MC:inst9|inst3   ; out              ;
; |FIFO|RAM16_8:inst7|RAM4_4:inst2|MC:inst9|inst    ; |FIFO|RAM16_8:inst7|RAM4_4:inst2|MC:inst9|inst    ; out              ;
; |FIFO|RAM16_8:inst7|RAM4_4:inst2|MC:inst9|inst1   ; |FIFO|RAM16_8:inst7|RAM4_4:inst2|MC:inst9|inst1   ; out0             ;
; |FIFO|RAM16_8:inst7|RAM4_4:inst2|MC:inst5|inst3   ; |FIFO|RAM16_8:inst7|RAM4_4:inst2|MC:inst5|inst3   ; out              ;
; |FIFO|RAM16_8:inst7|RAM4_4:inst2|MC:inst5|inst    ; |FIFO|RAM16_8:inst7|RAM4_4:inst2|MC:inst5|inst    ; out              ;
; |FIFO|RAM16_8:inst7|RAM4_4:inst2|MC:inst5|inst1   ; |FIFO|RAM16_8:inst7|RAM4_4:inst2|MC:inst5|inst1   ; out0             ;
; |FIFO|RAM16_8:inst7|RAM4_4:inst2|MC:inst1|inst3   ; |FIFO|RAM16_8:inst7|RAM4_4:inst2|MC:inst1|inst3   ; out              ;
; |FIFO|RAM16_8:inst7|RAM4_4:inst2|MC:inst1|inst    ; |FIFO|RAM16_8:inst7|RAM4_4:inst2|MC:inst1|inst    ; out              ;
; |FIFO|RAM16_8:inst7|RAM4_4:inst2|MC:inst1|inst1   ; |FIFO|RAM16_8:inst7|RAM4_4:inst2|MC:inst1|inst1   ; out0             ;
; |FIFO|RAM16_8:inst7|RAM4_4:inst|MC:inst4|inst     ; |FIFO|RAM16_8:inst7|RAM4_4:inst|MC:inst4|inst     ; out              ;
; |FIFO|RAM16_8:inst7|RAM4_4:inst|MC:inst3|inst     ; |FIFO|RAM16_8:inst7|RAM4_4:inst|MC:inst3|inst     ; out              ;
; |FIFO|RAM16_8:inst7|RAM4_4:inst|MC:inst2|inst     ; |FIFO|RAM16_8:inst7|RAM4_4:inst|MC:inst2|inst     ; out              ;
; |FIFO|RAM16_8:inst7|RAM4_4:inst|MC:inst1|inst     ; |FIFO|RAM16_8:inst7|RAM4_4:inst|MC:inst1|inst     ; out              ;
; |FIFO|MUX_BUS_4:inst5|21mux:inst|7                ; |FIFO|MUX_BUS_4:inst5|21mux:inst|7                ; out0             ;
; |FIFO|Counter:inst|inst20                         ; |FIFO|Counter:inst|inst20                         ; regout           ;
; |FIFO|Counter:inst|inst19                         ; |FIFO|Counter:inst|inst19                         ; regout           ;
; |FIFO|Counter:inst|inst18                         ; |FIFO|Counter:inst|inst18                         ; regout           ;
; |FIFO|Counter:inst|HAS:inst5|inst2                ; |FIFO|Counter:inst|HAS:inst5|inst2                ; out0             ;
; |FIFO|Counter:inst|HAS:inst6|inst                 ; |FIFO|Counter:inst|HAS:inst6|inst                 ; out0             ;
; |FIFO|Counter:inst1|inst20                        ; |FIFO|Counter:inst1|inst20                        ; regout           ;
+---------------------------------------------------+---------------------------------------------------+------------------+


+---------------------+
; Simulator INI Usage ;
+--------+------------+
; Option ; Usage      ;
+--------+------------+


+--------------------+
; Simulator Messages ;
+--------------------+
Info: *******************************************************************
Info: Running Quartus II 64-Bit Simulator
    Info: Version 13.0.1 Build 232 06/12/2013 Service Pack 1 SJ Web Edition
    Info: Processing started: Mon Oct 14 15:18:00 2024
Info: Command: quartus_sim --simulation_results_format=VWF FIFO -c FIFO
Info (324025): Using vector source file "D:/Documents/HK5/Thiet_Ke_Luan_Ly_So/Mo_Phong_Ly_Thuyet/FIFO_16x8_RAM/Waveform16.vwf"
Info (310003): Option to preserve fewer signal transitions to reduce memory requirements is enabled
    Info (310004): Simulation has been partitioned into sub-simulations according to the maximum transition count determined by the engine. Transitions from memory will be flushed out to disk at the end of each sub-simulation to reduce memory requirements.
Info (310002): Simulation partitioned into 1 sub-simulations
Info (328053): Simulation coverage is      37.50 %
Info (328052): Number of transitions in simulation is 3463
Info (324045): Vector file FIFO.sim.vwf is saved in VWF text format. You can compress it into CVWF format in order to reduce file size. For more details please refer to the Quartus II Help.
Info: Quartus II 64-Bit Simulator was successful. 0 errors, 0 warnings
    Info: Peak virtual memory: 4445 megabytes
    Info: Processing ended: Mon Oct 14 15:18:00 2024
    Info: Elapsed time: 00:00:00
    Info: Total CPU time (on all processors): 00:00:00


