Simulator report for Bai2
Tue Nov 05 14:51:00 2024
Quartus II 64-Bit Version 13.0.1 Build 232 06/12/2013 Service Pack 1 SJ Web Edition


---------------------
; Table of Contents ;
---------------------
  1. Legal Notice
  2. Simulator Summary
  3. Simulator Settings
  4. Simulation Waveforms
  5. Coverage Summary
  6. Complete 1/0-Value Coverage
  7. Missing 1-Value Coverage
  8. Missing 0-Value Coverage
  9. Simulator INI Usage
 10. Simulator Messages



----------------
; Legal Notice ;
----------------
Copyright (C) 1991-2013 Altera Corporation
Your use of Altera Corporation's design tools, logic functions 
and other software and tools, and its AMPP partner logic 
functions, and any output files from any of the foregoing 
(including device programming or simulation files), and any 
associated documentation or information are expressly subject 
to the terms and conditions of the Altera Program License 
Subscription Agreement, Altera MegaCore Function License 
Agreement, or other applicable license agreement, including, 
without limitation, that your use is for the sole purpose of 
programming logic devices manufactured by Altera and sold by 
Altera or its authorized distributors.  Please refer to the 
applicable agreement for further details.



+--------------------------------------------+
; Simulator Summary                          ;
+-----------------------------+--------------+
; Type                        ; Value        ;
+-----------------------------+--------------+
; Simulation Start Time       ; 0 ps         ;
; Simulation End Time         ; 1.0 us       ;
; Simulation Netlist Size     ; 413 nodes    ;
; Simulation Coverage         ;       1.69 % ;
; Total Number of Transitions ; 179          ;
; Simulation Breakpoints      ; 0            ;
; Family                      ; Cyclone II   ;
+-----------------------------+--------------+


+--------------------------------------------------------------------------------------------------------------------------------------------------------------+
; Simulator Settings                                                                                                                                           ;
+--------------------------------------------------------------------------------------------+-------------------------------------------------+---------------+
; Option                                                                                     ; Setting                                         ; Default Value ;
+--------------------------------------------------------------------------------------------+-------------------------------------------------+---------------+
; Simulation mode                                                                            ; Functional                                      ; Timing        ;
; Start time                                                                                 ; 0 ns                                            ; 0 ns          ;
; Simulation results format                                                                  ; VWF                                             ;               ;
; Vector input source                                                                        ; D:/study/year3/TKLLS/TH/Lab3/Bai2/Waveform2.vwf ;               ;
; Add pins automatically to simulation output waveforms                                      ; On                                              ; On            ;
; Check outputs                                                                              ; Off                                             ; Off           ;
; Report simulation coverage                                                                 ; On                                              ; On            ;
; Display complete 1/0 value coverage report                                                 ; On                                              ; On            ;
; Display missing 1-value coverage report                                                    ; On                                              ; On            ;
; Display missing 0-value coverage report                                                    ; On                                              ; On            ;
; Detect setup and hold time violations                                                      ; Off                                             ; Off           ;
; Detect glitches                                                                            ; Off                                             ; Off           ;
; Disable timing delays in Timing Simulation                                                 ; Off                                             ; Off           ;
; Generate Signal Activity File                                                              ; Off                                             ; Off           ;
; Generate VCD File for PowerPlay Power Analyzer                                             ; Off                                             ; Off           ;
; Group bus channels in simulation results                                                   ; Off                                             ; Off           ;
; Preserve fewer signal transitions to reduce memory requirements                            ; On                                              ; On            ;
; Trigger vector comparison with the specified mode                                          ; INPUT_EDGE                                      ; INPUT_EDGE    ;
; Disable setup and hold time violations detection in input registers of bi-directional pins ; Off                                             ; Off           ;
; Overwrite Waveform Inputs With Simulation Outputs                                          ; Off                                             ;               ;
; Perform Glitch Filtering in Timing Simulation                                              ; Auto                                            ; Auto          ;
+--------------------------------------------------------------------------------------------+-------------------------------------------------+---------------+


+----------------------+
; Simulation Waveforms ;
+----------------------+
Waveform report data cannot be output to ASCII.
Please use Quartus II 64-Bit to view the waveform report data.


+--------------------------------------------------------------------+
; Coverage Summary                                                   ;
+-----------------------------------------------------+--------------+
; Type                                                ; Value        ;
+-----------------------------------------------------+--------------+
; Total coverage as a percentage                      ;       1.69 % ;
; Total nodes checked                                 ; 413          ;
; Total output ports checked                          ; 413          ;
; Total output ports with complete 1/0-value coverage ; 7            ;
; Total output ports with no 1/0-value coverage       ; 249          ;
; Total output ports with no 1-value coverage         ; 381          ;
; Total output ports with no 0-value coverage         ; 274          ;
+-----------------------------------------------------+--------------+


The following table displays output ports that toggle between 1 and 0 during simulation.
+------------------------------------------------------------------------------------------------------------------------------------------------------------------------------------------------------------------------+
; Complete 1/0-Value Coverage                                                                                                                                                                                            ;
+--------------------------------------------------------------------------------------------------+--------------------------------------------------------------------------------------------------+------------------+
; Node Name                                                                                        ; Output Port Name                                                                                 ; Output Port Type ;
+--------------------------------------------------------------------------------------------------+--------------------------------------------------------------------------------------------------+------------------+
; |Bai2|Y[0]                                                                                       ; |Bai2|Y[0]                                                                                       ; pin_out          ;
; |Bai2|Datapath:inst|AU:inst|SumorSub:inst3|Sum8Bit:inst1|Sum:inst6|inst1                         ; |Bai2|Datapath:inst|AU:inst|SumorSub:inst3|Sum8Bit:inst1|Sum:inst6|inst1                         ; out0             ;
; |Bai2|Datapath:inst|AU:inst|SumorSub:inst|Sum8Bit:inst1|Sum:inst6|inst1                          ; |Bai2|Datapath:inst|AU:inst|SumorSub:inst|Sum8Bit:inst1|Sum:inst6|inst1                          ; out0             ;
; |Bai2|Datapath:inst|AU:inst|busmux:inst4|lpm_mux:$00000|mux_boc:auto_generated|result_node[0]~31 ; |Bai2|Datapath:inst|AU:inst|busmux:inst4|lpm_mux:$00000|mux_boc:auto_generated|result_node[0]~31 ; out0             ;
; |Bai2|Datapath:inst|AU:inst|busmux:inst4|lpm_mux:$00000|mux_boc:auto_generated|result_node[0]    ; |Bai2|Datapath:inst|AU:inst|busmux:inst4|lpm_mux:$00000|mux_boc:auto_generated|result_node[0]    ; out0             ;
; |Bai2|Datapath:inst|busmux:inst7|lpm_mux:$00000|mux_boc:auto_generated|result_node[0]~31         ; |Bai2|Datapath:inst|busmux:inst7|lpm_mux:$00000|mux_boc:auto_generated|result_node[0]~31         ; out0             ;
; |Bai2|Datapath:inst|busmux:inst7|lpm_mux:$00000|mux_boc:auto_generated|result_node[0]            ; |Bai2|Datapath:inst|busmux:inst7|lpm_mux:$00000|mux_boc:auto_generated|result_node[0]            ; out0             ;
+--------------------------------------------------------------------------------------------------+--------------------------------------------------------------------------------------------------+------------------+


The following table displays output ports that do not toggle to 1 during simulation.
+--------------------------------------------------------------------------------------------------------------------------------------------------------------------------------------------------------------------------------------------------------------+
; Missing 1-Value Coverage                                                                                                                                                                                                                                     ;
+---------------------------------------------------------------------------------------------------------------------+---------------------------------------------------------------------------------------------------------------------+------------------+
; Node Name                                                                                                           ; Output Port Name                                                                                                    ; Output Port Type ;
+---------------------------------------------------------------------------------------------------------------------+---------------------------------------------------------------------------------------------------------------------+------------------+
; |Bai2|Y[15]                                                                                                         ; |Bai2|Y[15]                                                                                                         ; pin_out          ;
; |Bai2|Y[14]                                                                                                         ; |Bai2|Y[14]                                                                                                         ; pin_out          ;
; |Bai2|Y[13]                                                                                                         ; |Bai2|Y[13]                                                                                                         ; pin_out          ;
; |Bai2|Y[12]                                                                                                         ; |Bai2|Y[12]                                                                                                         ; pin_out          ;
; |Bai2|Y[11]                                                                                                         ; |Bai2|Y[11]                                                                                                         ; pin_out          ;
; |Bai2|Y[10]                                                                                                         ; |Bai2|Y[10]                                                                                                         ; pin_out          ;
; |Bai2|Y[9]                                                                                                          ; |Bai2|Y[9]                                                                                                          ; pin_out          ;
; |Bai2|Y[8]                                                                                                          ; |Bai2|Y[8]                                                                                                          ; pin_out          ;
; |Bai2|Y[7]                                                                                                          ; |Bai2|Y[7]                                                                                                          ; pin_out          ;
; |Bai2|Y[6]                                                                                                          ; |Bai2|Y[6]                                                                                                          ; pin_out          ;
; |Bai2|Y[5]                                                                                                          ; |Bai2|Y[5]                                                                                                          ; pin_out          ;
; |Bai2|Y[4]                                                                                                          ; |Bai2|Y[4]                                                                                                          ; pin_out          ;
; |Bai2|Y[3]                                                                                                          ; |Bai2|Y[3]                                                                                                          ; pin_out          ;
; |Bai2|Y[1]                                                                                                          ; |Bai2|Y[1]                                                                                                          ; pin_out          ;
; |Bai2|S0                                                                                                            ; |Bai2|S0                                                                                                            ; out              ;
; |Bai2|S1                                                                                                            ; |Bai2|S1                                                                                                            ; out              ;
; |Bai2|S2                                                                                                            ; |Bai2|S2                                                                                                            ; out              ;
; |Bai2|A[15]                                                                                                         ; |Bai2|A[15]                                                                                                         ; out              ;
; |Bai2|A[14]                                                                                                         ; |Bai2|A[14]                                                                                                         ; out              ;
; |Bai2|A[13]                                                                                                         ; |Bai2|A[13]                                                                                                         ; out              ;
; |Bai2|A[12]                                                                                                         ; |Bai2|A[12]                                                                                                         ; out              ;
; |Bai2|A[11]                                                                                                         ; |Bai2|A[11]                                                                                                         ; out              ;
; |Bai2|A[10]                                                                                                         ; |Bai2|A[10]                                                                                                         ; out              ;
; |Bai2|A[9]                                                                                                          ; |Bai2|A[9]                                                                                                          ; out              ;
; |Bai2|A[8]                                                                                                          ; |Bai2|A[8]                                                                                                          ; out              ;
; |Bai2|A[7]                                                                                                          ; |Bai2|A[7]                                                                                                          ; out              ;
; |Bai2|A[6]                                                                                                          ; |Bai2|A[6]                                                                                                          ; out              ;
; |Bai2|A[5]                                                                                                          ; |Bai2|A[5]                                                                                                          ; out              ;
; |Bai2|A[4]                                                                                                          ; |Bai2|A[4]                                                                                                          ; out              ;
; |Bai2|A[3]                                                                                                          ; |Bai2|A[3]                                                                                                          ; out              ;
; |Bai2|A[2]                                                                                                          ; |Bai2|A[2]                                                                                                          ; out              ;
; |Bai2|A[1]                                                                                                          ; |Bai2|A[1]                                                                                                          ; out              ;
; |Bai2|A[0]                                                                                                          ; |Bai2|A[0]                                                                                                          ; out              ;
; |Bai2|Datapath:inst|LU:inst3|Mux41_16Bit:inst|busmux:inst1|lpm_mux:$00000|mux_boc:auto_generated|result_node[15]~0  ; |Bai2|Datapath:inst|LU:inst3|Mux41_16Bit:inst|busmux:inst1|lpm_mux:$00000|mux_boc:auto_generated|result_node[15]~0  ; out0             ;
; |Bai2|Datapath:inst|LU:inst3|Mux41_16Bit:inst|busmux:inst1|lpm_mux:$00000|mux_boc:auto_generated|result_node[14]~2  ; |Bai2|Datapath:inst|LU:inst3|Mux41_16Bit:inst|busmux:inst1|lpm_mux:$00000|mux_boc:auto_generated|result_node[14]~2  ; out0             ;
; |Bai2|Datapath:inst|LU:inst3|Mux41_16Bit:inst|busmux:inst1|lpm_mux:$00000|mux_boc:auto_generated|result_node[13]~4  ; |Bai2|Datapath:inst|LU:inst3|Mux41_16Bit:inst|busmux:inst1|lpm_mux:$00000|mux_boc:auto_generated|result_node[13]~4  ; out0             ;
; |Bai2|Datapath:inst|LU:inst3|Mux41_16Bit:inst|busmux:inst1|lpm_mux:$00000|mux_boc:auto_generated|result_node[12]~6  ; |Bai2|Datapath:inst|LU:inst3|Mux41_16Bit:inst|busmux:inst1|lpm_mux:$00000|mux_boc:auto_generated|result_node[12]~6  ; out0             ;
; |Bai2|Datapath:inst|LU:inst3|Mux41_16Bit:inst|busmux:inst1|lpm_mux:$00000|mux_boc:auto_generated|result_node[11]~8  ; |Bai2|Datapath:inst|LU:inst3|Mux41_16Bit:inst|busmux:inst1|lpm_mux:$00000|mux_boc:auto_generated|result_node[11]~8  ; out0             ;
; |Bai2|Datapath:inst|LU:inst3|Mux41_16Bit:inst|busmux:inst1|lpm_mux:$00000|mux_boc:auto_generated|result_node[10]~10 ; |Bai2|Datapath:inst|LU:inst3|Mux41_16Bit:inst|busmux:inst1|lpm_mux:$00000|mux_boc:auto_generated|result_node[10]~10 ; out0             ;
; |Bai2|Datapath:inst|LU:inst3|Mux41_16Bit:inst|busmux:inst1|lpm_mux:$00000|mux_boc:auto_generated|result_node[9]~12  ; |Bai2|Datapath:inst|LU:inst3|Mux41_16Bit:inst|busmux:inst1|lpm_mux:$00000|mux_boc:auto_generated|result_node[9]~12  ; out0             ;
; |Bai2|Datapath:inst|LU:inst3|Mux41_16Bit:inst|busmux:inst1|lpm_mux:$00000|mux_boc:auto_generated|result_node[8]~14  ; |Bai2|Datapath:inst|LU:inst3|Mux41_16Bit:inst|busmux:inst1|lpm_mux:$00000|mux_boc:auto_generated|result_node[8]~14  ; out0             ;
; |Bai2|Datapath:inst|LU:inst3|Mux41_16Bit:inst|busmux:inst1|lpm_mux:$00000|mux_boc:auto_generated|result_node[7]~16  ; |Bai2|Datapath:inst|LU:inst3|Mux41_16Bit:inst|busmux:inst1|lpm_mux:$00000|mux_boc:auto_generated|result_node[7]~16  ; out0             ;
; |Bai2|Datapath:inst|LU:inst3|Mux41_16Bit:inst|busmux:inst1|lpm_mux:$00000|mux_boc:auto_generated|result_node[6]~18  ; |Bai2|Datapath:inst|LU:inst3|Mux41_16Bit:inst|busmux:inst1|lpm_mux:$00000|mux_boc:auto_generated|result_node[6]~18  ; out0             ;
; |Bai2|Datapath:inst|LU:inst3|Mux41_16Bit:inst|busmux:inst1|lpm_mux:$00000|mux_boc:auto_generated|result_node[5]~20  ; |Bai2|Datapath:inst|LU:inst3|Mux41_16Bit:inst|busmux:inst1|lpm_mux:$00000|mux_boc:auto_generated|result_node[5]~20  ; out0             ;
; |Bai2|Datapath:inst|LU:inst3|Mux41_16Bit:inst|busmux:inst1|lpm_mux:$00000|mux_boc:auto_generated|result_node[4]~22  ; |Bai2|Datapath:inst|LU:inst3|Mux41_16Bit:inst|busmux:inst1|lpm_mux:$00000|mux_boc:auto_generated|result_node[4]~22  ; out0             ;
; |Bai2|Datapath:inst|LU:inst3|Mux41_16Bit:inst|busmux:inst1|lpm_mux:$00000|mux_boc:auto_generated|result_node[3]~24  ; |Bai2|Datapath:inst|LU:inst3|Mux41_16Bit:inst|busmux:inst1|lpm_mux:$00000|mux_boc:auto_generated|result_node[3]~24  ; out0             ;
; |Bai2|Datapath:inst|LU:inst3|Mux41_16Bit:inst|busmux:inst1|lpm_mux:$00000|mux_boc:auto_generated|result_node[2]~26  ; |Bai2|Datapath:inst|LU:inst3|Mux41_16Bit:inst|busmux:inst1|lpm_mux:$00000|mux_boc:auto_generated|result_node[2]~26  ; out0             ;
; |Bai2|Datapath:inst|LU:inst3|Mux41_16Bit:inst|busmux:inst1|lpm_mux:$00000|mux_boc:auto_generated|result_node[2]     ; |Bai2|Datapath:inst|LU:inst3|Mux41_16Bit:inst|busmux:inst1|lpm_mux:$00000|mux_boc:auto_generated|result_node[2]     ; out0             ;
; |Bai2|Datapath:inst|LU:inst3|Mux41_16Bit:inst|busmux:inst1|lpm_mux:$00000|mux_boc:auto_generated|result_node[1]~28  ; |Bai2|Datapath:inst|LU:inst3|Mux41_16Bit:inst|busmux:inst1|lpm_mux:$00000|mux_boc:auto_generated|result_node[1]~28  ; out0             ;
; |Bai2|Datapath:inst|LU:inst3|Mux41_16Bit:inst|busmux:inst1|lpm_mux:$00000|mux_boc:auto_generated|result_node[1]     ; |Bai2|Datapath:inst|LU:inst3|Mux41_16Bit:inst|busmux:inst1|lpm_mux:$00000|mux_boc:auto_generated|result_node[1]     ; out0             ;
; |Bai2|Datapath:inst|LU:inst3|Mux41_16Bit:inst|busmux:inst1|lpm_mux:$00000|mux_boc:auto_generated|result_node[0]~30  ; |Bai2|Datapath:inst|LU:inst3|Mux41_16Bit:inst|busmux:inst1|lpm_mux:$00000|mux_boc:auto_generated|result_node[0]~30  ; out0             ;
; |Bai2|Datapath:inst|LU:inst3|Mux41_16Bit:inst|busmux:inst|lpm_mux:$00000|mux_boc:auto_generated|result_node[15]~0   ; |Bai2|Datapath:inst|LU:inst3|Mux41_16Bit:inst|busmux:inst|lpm_mux:$00000|mux_boc:auto_generated|result_node[15]~0   ; out0             ;
; |Bai2|Datapath:inst|LU:inst3|Mux41_16Bit:inst|busmux:inst|lpm_mux:$00000|mux_boc:auto_generated|result_node[14]~2   ; |Bai2|Datapath:inst|LU:inst3|Mux41_16Bit:inst|busmux:inst|lpm_mux:$00000|mux_boc:auto_generated|result_node[14]~2   ; out0             ;
; |Bai2|Datapath:inst|LU:inst3|Mux41_16Bit:inst|busmux:inst|lpm_mux:$00000|mux_boc:auto_generated|result_node[13]~4   ; |Bai2|Datapath:inst|LU:inst3|Mux41_16Bit:inst|busmux:inst|lpm_mux:$00000|mux_boc:auto_generated|result_node[13]~4   ; out0             ;
; |Bai2|Datapath:inst|LU:inst3|Mux41_16Bit:inst|busmux:inst|lpm_mux:$00000|mux_boc:auto_generated|result_node[12]~6   ; |Bai2|Datapath:inst|LU:inst3|Mux41_16Bit:inst|busmux:inst|lpm_mux:$00000|mux_boc:auto_generated|result_node[12]~6   ; out0             ;
; |Bai2|Datapath:inst|LU:inst3|Mux41_16Bit:inst|busmux:inst|lpm_mux:$00000|mux_boc:auto_generated|result_node[11]~8   ; |Bai2|Datapath:inst|LU:inst3|Mux41_16Bit:inst|busmux:inst|lpm_mux:$00000|mux_boc:auto_generated|result_node[11]~8   ; out0             ;
; |Bai2|Datapath:inst|LU:inst3|Mux41_16Bit:inst|busmux:inst|lpm_mux:$00000|mux_boc:auto_generated|result_node[10]~10  ; |Bai2|Datapath:inst|LU:inst3|Mux41_16Bit:inst|busmux:inst|lpm_mux:$00000|mux_boc:auto_generated|result_node[10]~10  ; out0             ;
; |Bai2|Datapath:inst|LU:inst3|Mux41_16Bit:inst|busmux:inst|lpm_mux:$00000|mux_boc:auto_generated|result_node[9]~12   ; |Bai2|Datapath:inst|LU:inst3|Mux41_16Bit:inst|busmux:inst|lpm_mux:$00000|mux_boc:auto_generated|result_node[9]~12   ; out0             ;
; |Bai2|Datapath:inst|LU:inst3|Mux41_16Bit:inst|busmux:inst|lpm_mux:$00000|mux_boc:auto_generated|result_node[8]~14   ; |Bai2|Datapath:inst|LU:inst3|Mux41_16Bit:inst|busmux:inst|lpm_mux:$00000|mux_boc:auto_generated|result_node[8]~14   ; out0             ;
; |Bai2|Datapath:inst|LU:inst3|Mux41_16Bit:inst|busmux:inst|lpm_mux:$00000|mux_boc:auto_generated|result_node[7]~16   ; |Bai2|Datapath:inst|LU:inst3|Mux41_16Bit:inst|busmux:inst|lpm_mux:$00000|mux_boc:auto_generated|result_node[7]~16   ; out0             ;
; |Bai2|Datapath:inst|LU:inst3|Mux41_16Bit:inst|busmux:inst|lpm_mux:$00000|mux_boc:auto_generated|result_node[6]~18   ; |Bai2|Datapath:inst|LU:inst3|Mux41_16Bit:inst|busmux:inst|lpm_mux:$00000|mux_boc:auto_generated|result_node[6]~18   ; out0             ;
; |Bai2|Datapath:inst|LU:inst3|Mux41_16Bit:inst|busmux:inst|lpm_mux:$00000|mux_boc:auto_generated|result_node[5]~20   ; |Bai2|Datapath:inst|LU:inst3|Mux41_16Bit:inst|busmux:inst|lpm_mux:$00000|mux_boc:auto_generated|result_node[5]~20   ; out0             ;
; |Bai2|Datapath:inst|LU:inst3|Mux41_16Bit:inst|busmux:inst|lpm_mux:$00000|mux_boc:auto_generated|result_node[4]~22   ; |Bai2|Datapath:inst|LU:inst3|Mux41_16Bit:inst|busmux:inst|lpm_mux:$00000|mux_boc:auto_generated|result_node[4]~22   ; out0             ;
; |Bai2|Datapath:inst|LU:inst3|Mux41_16Bit:inst|busmux:inst|lpm_mux:$00000|mux_boc:auto_generated|result_node[3]~24   ; |Bai2|Datapath:inst|LU:inst3|Mux41_16Bit:inst|busmux:inst|lpm_mux:$00000|mux_boc:auto_generated|result_node[3]~24   ; out0             ;
; |Bai2|Datapath:inst|LU:inst3|Mux41_16Bit:inst|busmux:inst|lpm_mux:$00000|mux_boc:auto_generated|result_node[2]~27   ; |Bai2|Datapath:inst|LU:inst3|Mux41_16Bit:inst|busmux:inst|lpm_mux:$00000|mux_boc:auto_generated|result_node[2]~27   ; out0             ;
; |Bai2|Datapath:inst|LU:inst3|Mux41_16Bit:inst|busmux:inst|lpm_mux:$00000|mux_boc:auto_generated|result_node[2]      ; |Bai2|Datapath:inst|LU:inst3|Mux41_16Bit:inst|busmux:inst|lpm_mux:$00000|mux_boc:auto_generated|result_node[2]      ; out0             ;
; |Bai2|Datapath:inst|LU:inst3|Mux41_16Bit:inst|busmux:inst|lpm_mux:$00000|mux_boc:auto_generated|result_node[1]~29   ; |Bai2|Datapath:inst|LU:inst3|Mux41_16Bit:inst|busmux:inst|lpm_mux:$00000|mux_boc:auto_generated|result_node[1]~29   ; out0             ;
; |Bai2|Datapath:inst|LU:inst3|Mux41_16Bit:inst|busmux:inst|lpm_mux:$00000|mux_boc:auto_generated|result_node[1]      ; |Bai2|Datapath:inst|LU:inst3|Mux41_16Bit:inst|busmux:inst|lpm_mux:$00000|mux_boc:auto_generated|result_node[1]      ; out0             ;
; |Bai2|Datapath:inst|LU:inst3|Mux41_16Bit:inst|busmux:inst|lpm_mux:$00000|mux_boc:auto_generated|result_node[0]~30   ; |Bai2|Datapath:inst|LU:inst3|Mux41_16Bit:inst|busmux:inst|lpm_mux:$00000|mux_boc:auto_generated|result_node[0]~30   ; out0             ;
; |Bai2|Datapath:inst|LU:inst3|Mux41_16Bit:inst|busmux:inst2|lpm_mux:$00000|mux_boc:auto_generated|result_node[15]~0  ; |Bai2|Datapath:inst|LU:inst3|Mux41_16Bit:inst|busmux:inst2|lpm_mux:$00000|mux_boc:auto_generated|result_node[15]~0  ; out0             ;
; |Bai2|Datapath:inst|LU:inst3|Mux41_16Bit:inst|busmux:inst2|lpm_mux:$00000|mux_boc:auto_generated|result_node[15]~1  ; |Bai2|Datapath:inst|LU:inst3|Mux41_16Bit:inst|busmux:inst2|lpm_mux:$00000|mux_boc:auto_generated|result_node[15]~1  ; out0             ;
; |Bai2|Datapath:inst|LU:inst3|Mux41_16Bit:inst|busmux:inst2|lpm_mux:$00000|mux_boc:auto_generated|result_node[15]    ; |Bai2|Datapath:inst|LU:inst3|Mux41_16Bit:inst|busmux:inst2|lpm_mux:$00000|mux_boc:auto_generated|result_node[15]    ; out0             ;
; |Bai2|Datapath:inst|LU:inst3|Mux41_16Bit:inst|busmux:inst2|lpm_mux:$00000|mux_boc:auto_generated|result_node[14]~2  ; |Bai2|Datapath:inst|LU:inst3|Mux41_16Bit:inst|busmux:inst2|lpm_mux:$00000|mux_boc:auto_generated|result_node[14]~2  ; out0             ;
; |Bai2|Datapath:inst|LU:inst3|Mux41_16Bit:inst|busmux:inst2|lpm_mux:$00000|mux_boc:auto_generated|result_node[14]~3  ; |Bai2|Datapath:inst|LU:inst3|Mux41_16Bit:inst|busmux:inst2|lpm_mux:$00000|mux_boc:auto_generated|result_node[14]~3  ; out0             ;
; |Bai2|Datapath:inst|LU:inst3|Mux41_16Bit:inst|busmux:inst2|lpm_mux:$00000|mux_boc:auto_generated|result_node[14]    ; |Bai2|Datapath:inst|LU:inst3|Mux41_16Bit:inst|busmux:inst2|lpm_mux:$00000|mux_boc:auto_generated|result_node[14]    ; out0             ;
; |Bai2|Datapath:inst|LU:inst3|Mux41_16Bit:inst|busmux:inst2|lpm_mux:$00000|mux_boc:auto_generated|result_node[13]~4  ; |Bai2|Datapath:inst|LU:inst3|Mux41_16Bit:inst|busmux:inst2|lpm_mux:$00000|mux_boc:auto_generated|result_node[13]~4  ; out0             ;
; |Bai2|Datapath:inst|LU:inst3|Mux41_16Bit:inst|busmux:inst2|lpm_mux:$00000|mux_boc:auto_generated|result_node[13]~5  ; |Bai2|Datapath:inst|LU:inst3|Mux41_16Bit:inst|busmux:inst2|lpm_mux:$00000|mux_boc:auto_generated|result_node[13]~5  ; out0             ;
; |Bai2|Datapath:inst|LU:inst3|Mux41_16Bit:inst|busmux:inst2|lpm_mux:$00000|mux_boc:auto_generated|result_node[13]    ; |Bai2|Datapath:inst|LU:inst3|Mux41_16Bit:inst|busmux:inst2|lpm_mux:$00000|mux_boc:auto_generated|result_node[13]    ; out0             ;
; |Bai2|Datapath:inst|LU:inst3|Mux41_16Bit:inst|busmux:inst2|lpm_mux:$00000|mux_boc:auto_generated|result_node[12]~6  ; |Bai2|Datapath:inst|LU:inst3|Mux41_16Bit:inst|busmux:inst2|lpm_mux:$00000|mux_boc:auto_generated|result_node[12]~6  ; out0             ;
; |Bai2|Datapath:inst|LU:inst3|Mux41_16Bit:inst|busmux:inst2|lpm_mux:$00000|mux_boc:auto_generated|result_node[12]~7  ; |Bai2|Datapath:inst|LU:inst3|Mux41_16Bit:inst|busmux:inst2|lpm_mux:$00000|mux_boc:auto_generated|result_node[12]~7  ; out0             ;
; |Bai2|Datapath:inst|LU:inst3|Mux41_16Bit:inst|busmux:inst2|lpm_mux:$00000|mux_boc:auto_generated|result_node[12]    ; |Bai2|Datapath:inst|LU:inst3|Mux41_16Bit:inst|busmux:inst2|lpm_mux:$00000|mux_boc:auto_generated|result_node[12]    ; out0             ;
; |Bai2|Datapath:inst|LU:inst3|Mux41_16Bit:inst|busmux:inst2|lpm_mux:$00000|mux_boc:auto_generated|result_node[11]~8  ; |Bai2|Datapath:inst|LU:inst3|Mux41_16Bit:inst|busmux:inst2|lpm_mux:$00000|mux_boc:auto_generated|result_node[11]~8  ; out0             ;
; |Bai2|Datapath:inst|LU:inst3|Mux41_16Bit:inst|busmux:inst2|lpm_mux:$00000|mux_boc:auto_generated|result_node[11]~9  ; |Bai2|Datapath:inst|LU:inst3|Mux41_16Bit:inst|busmux:inst2|lpm_mux:$00000|mux_boc:auto_generated|result_node[11]~9  ; out0             ;
; |Bai2|Datapath:inst|LU:inst3|Mux41_16Bit:inst|busmux:inst2|lpm_mux:$00000|mux_boc:auto_generated|result_node[11]    ; |Bai2|Datapath:inst|LU:inst3|Mux41_16Bit:inst|busmux:inst2|lpm_mux:$00000|mux_boc:auto_generated|result_node[11]    ; out0             ;
; |Bai2|Datapath:inst|LU:inst3|Mux41_16Bit:inst|busmux:inst2|lpm_mux:$00000|mux_boc:auto_generated|result_node[10]~10 ; |Bai2|Datapath:inst|LU:inst3|Mux41_16Bit:inst|busmux:inst2|lpm_mux:$00000|mux_boc:auto_generated|result_node[10]~10 ; out0             ;
; |Bai2|Datapath:inst|LU:inst3|Mux41_16Bit:inst|busmux:inst2|lpm_mux:$00000|mux_boc:auto_generated|result_node[10]~11 ; |Bai2|Datapath:inst|LU:inst3|Mux41_16Bit:inst|busmux:inst2|lpm_mux:$00000|mux_boc:auto_generated|result_node[10]~11 ; out0             ;
; |Bai2|Datapath:inst|LU:inst3|Mux41_16Bit:inst|busmux:inst2|lpm_mux:$00000|mux_boc:auto_generated|result_node[10]    ; |Bai2|Datapath:inst|LU:inst3|Mux41_16Bit:inst|busmux:inst2|lpm_mux:$00000|mux_boc:auto_generated|result_node[10]    ; out0             ;
; |Bai2|Datapath:inst|LU:inst3|Mux41_16Bit:inst|busmux:inst2|lpm_mux:$00000|mux_boc:auto_generated|result_node[9]~12  ; |Bai2|Datapath:inst|LU:inst3|Mux41_16Bit:inst|busmux:inst2|lpm_mux:$00000|mux_boc:auto_generated|result_node[9]~12  ; out0             ;
; |Bai2|Datapath:inst|LU:inst3|Mux41_16Bit:inst|busmux:inst2|lpm_mux:$00000|mux_boc:auto_generated|result_node[9]~13  ; |Bai2|Datapath:inst|LU:inst3|Mux41_16Bit:inst|busmux:inst2|lpm_mux:$00000|mux_boc:auto_generated|result_node[9]~13  ; out0             ;
; |Bai2|Datapath:inst|LU:inst3|Mux41_16Bit:inst|busmux:inst2|lpm_mux:$00000|mux_boc:auto_generated|result_node[9]     ; |Bai2|Datapath:inst|LU:inst3|Mux41_16Bit:inst|busmux:inst2|lpm_mux:$00000|mux_boc:auto_generated|result_node[9]     ; out0             ;
; |Bai2|Datapath:inst|LU:inst3|Mux41_16Bit:inst|busmux:inst2|lpm_mux:$00000|mux_boc:auto_generated|result_node[8]~14  ; |Bai2|Datapath:inst|LU:inst3|Mux41_16Bit:inst|busmux:inst2|lpm_mux:$00000|mux_boc:auto_generated|result_node[8]~14  ; out0             ;
; |Bai2|Datapath:inst|LU:inst3|Mux41_16Bit:inst|busmux:inst2|lpm_mux:$00000|mux_boc:auto_generated|result_node[8]~15  ; |Bai2|Datapath:inst|LU:inst3|Mux41_16Bit:inst|busmux:inst2|lpm_mux:$00000|mux_boc:auto_generated|result_node[8]~15  ; out0             ;
; |Bai2|Datapath:inst|LU:inst3|Mux41_16Bit:inst|busmux:inst2|lpm_mux:$00000|mux_boc:auto_generated|result_node[8]     ; |Bai2|Datapath:inst|LU:inst3|Mux41_16Bit:inst|busmux:inst2|lpm_mux:$00000|mux_boc:auto_generated|result_node[8]     ; out0             ;
; |Bai2|Datapath:inst|LU:inst3|Mux41_16Bit:inst|busmux:inst2|lpm_mux:$00000|mux_boc:auto_generated|result_node[7]~16  ; |Bai2|Datapath:inst|LU:inst3|Mux41_16Bit:inst|busmux:inst2|lpm_mux:$00000|mux_boc:auto_generated|result_node[7]~16  ; out0             ;
; |Bai2|Datapath:inst|LU:inst3|Mux41_16Bit:inst|busmux:inst2|lpm_mux:$00000|mux_boc:auto_generated|result_node[7]~17  ; |Bai2|Datapath:inst|LU:inst3|Mux41_16Bit:inst|busmux:inst2|lpm_mux:$00000|mux_boc:auto_generated|result_node[7]~17  ; out0             ;
; |Bai2|Datapath:inst|LU:inst3|Mux41_16Bit:inst|busmux:inst2|lpm_mux:$00000|mux_boc:auto_generated|result_node[7]     ; |Bai2|Datapath:inst|LU:inst3|Mux41_16Bit:inst|busmux:inst2|lpm_mux:$00000|mux_boc:auto_generated|result_node[7]     ; out0             ;
; |Bai2|Datapath:inst|LU:inst3|Mux41_16Bit:inst|busmux:inst2|lpm_mux:$00000|mux_boc:auto_generated|result_node[6]~18  ; |Bai2|Datapath:inst|LU:inst3|Mux41_16Bit:inst|busmux:inst2|lpm_mux:$00000|mux_boc:auto_generated|result_node[6]~18  ; out0             ;
; |Bai2|Datapath:inst|LU:inst3|Mux41_16Bit:inst|busmux:inst2|lpm_mux:$00000|mux_boc:auto_generated|result_node[6]~19  ; |Bai2|Datapath:inst|LU:inst3|Mux41_16Bit:inst|busmux:inst2|lpm_mux:$00000|mux_boc:auto_generated|result_node[6]~19  ; out0             ;
; |Bai2|Datapath:inst|LU:inst3|Mux41_16Bit:inst|busmux:inst2|lpm_mux:$00000|mux_boc:auto_generated|result_node[6]     ; |Bai2|Datapath:inst|LU:inst3|Mux41_16Bit:inst|busmux:inst2|lpm_mux:$00000|mux_boc:auto_generated|result_node[6]     ; out0             ;
; |Bai2|Datapath:inst|LU:inst3|Mux41_16Bit:inst|busmux:inst2|lpm_mux:$00000|mux_boc:auto_generated|result_node[5]~20  ; |Bai2|Datapath:inst|LU:inst3|Mux41_16Bit:inst|busmux:inst2|lpm_mux:$00000|mux_boc:auto_generated|result_node[5]~20  ; out0             ;
; |Bai2|Datapath:inst|LU:inst3|Mux41_16Bit:inst|busmux:inst2|lpm_mux:$00000|mux_boc:auto_generated|result_node[5]~21  ; |Bai2|Datapath:inst|LU:inst3|Mux41_16Bit:inst|busmux:inst2|lpm_mux:$00000|mux_boc:auto_generated|result_node[5]~21  ; out0             ;
; |Bai2|Datapath:inst|LU:inst3|Mux41_16Bit:inst|busmux:inst2|lpm_mux:$00000|mux_boc:auto_generated|result_node[5]     ; |Bai2|Datapath:inst|LU:inst3|Mux41_16Bit:inst|busmux:inst2|lpm_mux:$00000|mux_boc:auto_generated|result_node[5]     ; out0             ;
; |Bai2|Datapath:inst|LU:inst3|Mux41_16Bit:inst|busmux:inst2|lpm_mux:$00000|mux_boc:auto_generated|result_node[4]~22  ; |Bai2|Datapath:inst|LU:inst3|Mux41_16Bit:inst|busmux:inst2|lpm_mux:$00000|mux_boc:auto_generated|result_node[4]~22  ; out0             ;
; |Bai2|Datapath:inst|LU:inst3|Mux41_16Bit:inst|busmux:inst2|lpm_mux:$00000|mux_boc:auto_generated|result_node[4]~23  ; |Bai2|Datapath:inst|LU:inst3|Mux41_16Bit:inst|busmux:inst2|lpm_mux:$00000|mux_boc:auto_generated|result_node[4]~23  ; out0             ;
; |Bai2|Datapath:inst|LU:inst3|Mux41_16Bit:inst|busmux:inst2|lpm_mux:$00000|mux_boc:auto_generated|result_node[4]     ; |Bai2|Datapath:inst|LU:inst3|Mux41_16Bit:inst|busmux:inst2|lpm_mux:$00000|mux_boc:auto_generated|result_node[4]     ; out0             ;
; |Bai2|Datapath:inst|LU:inst3|Mux41_16Bit:inst|busmux:inst2|lpm_mux:$00000|mux_boc:auto_generated|result_node[3]~24  ; |Bai2|Datapath:inst|LU:inst3|Mux41_16Bit:inst|busmux:inst2|lpm_mux:$00000|mux_boc:auto_generated|result_node[3]~24  ; out0             ;
; |Bai2|Datapath:inst|LU:inst3|Mux41_16Bit:inst|busmux:inst2|lpm_mux:$00000|mux_boc:auto_generated|result_node[3]~25  ; |Bai2|Datapath:inst|LU:inst3|Mux41_16Bit:inst|busmux:inst2|lpm_mux:$00000|mux_boc:auto_generated|result_node[3]~25  ; out0             ;
; |Bai2|Datapath:inst|LU:inst3|Mux41_16Bit:inst|busmux:inst2|lpm_mux:$00000|mux_boc:auto_generated|result_node[3]     ; |Bai2|Datapath:inst|LU:inst3|Mux41_16Bit:inst|busmux:inst2|lpm_mux:$00000|mux_boc:auto_generated|result_node[3]     ; out0             ;
; |Bai2|Datapath:inst|LU:inst3|Mux41_16Bit:inst|busmux:inst2|lpm_mux:$00000|mux_boc:auto_generated|result_node[2]~26  ; |Bai2|Datapath:inst|LU:inst3|Mux41_16Bit:inst|busmux:inst2|lpm_mux:$00000|mux_boc:auto_generated|result_node[2]~26  ; out0             ;
; |Bai2|Datapath:inst|LU:inst3|Mux41_16Bit:inst|busmux:inst2|lpm_mux:$00000|mux_boc:auto_generated|result_node[2]~27  ; |Bai2|Datapath:inst|LU:inst3|Mux41_16Bit:inst|busmux:inst2|lpm_mux:$00000|mux_boc:auto_generated|result_node[2]~27  ; out0             ;
; |Bai2|Datapath:inst|LU:inst3|Mux41_16Bit:inst|busmux:inst2|lpm_mux:$00000|mux_boc:auto_generated|result_node[2]     ; |Bai2|Datapath:inst|LU:inst3|Mux41_16Bit:inst|busmux:inst2|lpm_mux:$00000|mux_boc:auto_generated|result_node[2]     ; out0             ;
; |Bai2|Datapath:inst|LU:inst3|Mux41_16Bit:inst|busmux:inst2|lpm_mux:$00000|mux_boc:auto_generated|result_node[1]~28  ; |Bai2|Datapath:inst|LU:inst3|Mux41_16Bit:inst|busmux:inst2|lpm_mux:$00000|mux_boc:auto_generated|result_node[1]~28  ; out0             ;
; |Bai2|Datapath:inst|LU:inst3|Mux41_16Bit:inst|busmux:inst2|lpm_mux:$00000|mux_boc:auto_generated|result_node[1]~29  ; |Bai2|Datapath:inst|LU:inst3|Mux41_16Bit:inst|busmux:inst2|lpm_mux:$00000|mux_boc:auto_generated|result_node[1]~29  ; out0             ;
; |Bai2|Datapath:inst|LU:inst3|Mux41_16Bit:inst|busmux:inst2|lpm_mux:$00000|mux_boc:auto_generated|result_node[1]     ; |Bai2|Datapath:inst|LU:inst3|Mux41_16Bit:inst|busmux:inst2|lpm_mux:$00000|mux_boc:auto_generated|result_node[1]     ; out0             ;
; |Bai2|Datapath:inst|LU:inst3|Mux41_16Bit:inst|busmux:inst2|lpm_mux:$00000|mux_boc:auto_generated|result_node[0]~30  ; |Bai2|Datapath:inst|LU:inst3|Mux41_16Bit:inst|busmux:inst2|lpm_mux:$00000|mux_boc:auto_generated|result_node[0]~30  ; out0             ;
; |Bai2|Datapath:inst|LU:inst3|Mux41_16Bit:inst|busmux:inst2|lpm_mux:$00000|mux_boc:auto_generated|result_node[0]~31  ; |Bai2|Datapath:inst|LU:inst3|Mux41_16Bit:inst|busmux:inst2|lpm_mux:$00000|mux_boc:auto_generated|result_node[0]~31  ; out0             ;
; |Bai2|Datapath:inst|LU:inst3|Mux41_16Bit:inst|busmux:inst2|lpm_mux:$00000|mux_boc:auto_generated|result_node[0]     ; |Bai2|Datapath:inst|LU:inst3|Mux41_16Bit:inst|busmux:inst2|lpm_mux:$00000|mux_boc:auto_generated|result_node[0]     ; out0             ;
; |Bai2|Datapath:inst|AU:inst|SumorSub:inst3|Sum8Bit:inst1|Sum:inst6|inst2                                            ; |Bai2|Datapath:inst|AU:inst|SumorSub:inst3|Sum8Bit:inst1|Sum:inst6|inst2                                            ; out0             ;
; |Bai2|Datapath:inst|AU:inst|SumorSub:inst3|Sum8Bit:inst1|Sum:inst6|inst5                                            ; |Bai2|Datapath:inst|AU:inst|SumorSub:inst3|Sum8Bit:inst1|Sum:inst6|inst5                                            ; out0             ;
; |Bai2|Datapath:inst|AU:inst|SumorSub:inst3|Sum8Bit:inst1|Sum:inst6|inst3                                            ; |Bai2|Datapath:inst|AU:inst|SumorSub:inst3|Sum8Bit:inst1|Sum:inst6|inst3                                            ; out0             ;
; |Bai2|Datapath:inst|AU:inst|SumorSub:inst3|Sum8Bit:inst1|Sum:inst7|inst1                                            ; |Bai2|Datapath:inst|AU:inst|SumorSub:inst3|Sum8Bit:inst1|Sum:inst7|inst1                                            ; out0             ;
; |Bai2|Datapath:inst|AU:inst|SumorSub:inst3|Sum8Bit:inst1|Sum:inst7|inst                                             ; |Bai2|Datapath:inst|AU:inst|SumorSub:inst3|Sum8Bit:inst1|Sum:inst7|inst                                             ; out0             ;
; |Bai2|Datapath:inst|AU:inst|SumorSub:inst3|Sum8Bit:inst1|Sum:inst7|inst2                                            ; |Bai2|Datapath:inst|AU:inst|SumorSub:inst3|Sum8Bit:inst1|Sum:inst7|inst2                                            ; out0             ;
; |Bai2|Datapath:inst|AU:inst|SumorSub:inst3|Sum8Bit:inst1|Sum:inst7|inst4                                            ; |Bai2|Datapath:inst|AU:inst|SumorSub:inst3|Sum8Bit:inst1|Sum:inst7|inst4                                            ; out0             ;
; |Bai2|Datapath:inst|AU:inst|SumorSub:inst3|Sum8Bit:inst1|Sum:inst7|inst5                                            ; |Bai2|Datapath:inst|AU:inst|SumorSub:inst3|Sum8Bit:inst1|Sum:inst7|inst5                                            ; out0             ;
; |Bai2|Datapath:inst|AU:inst|SumorSub:inst3|Sum8Bit:inst1|Sum:inst7|inst3                                            ; |Bai2|Datapath:inst|AU:inst|SumorSub:inst3|Sum8Bit:inst1|Sum:inst7|inst3                                            ; out0             ;
; |Bai2|Datapath:inst|AU:inst|SumorSub:inst3|Sum8Bit:inst1|Sum:inst3|inst1                                            ; |Bai2|Datapath:inst|AU:inst|SumorSub:inst3|Sum8Bit:inst1|Sum:inst3|inst1                                            ; out0             ;
; |Bai2|Datapath:inst|AU:inst|SumorSub:inst3|Sum8Bit:inst1|Sum:inst3|inst                                             ; |Bai2|Datapath:inst|AU:inst|SumorSub:inst3|Sum8Bit:inst1|Sum:inst3|inst                                             ; out0             ;
; |Bai2|Datapath:inst|AU:inst|SumorSub:inst3|Sum8Bit:inst1|Sum:inst3|inst2                                            ; |Bai2|Datapath:inst|AU:inst|SumorSub:inst3|Sum8Bit:inst1|Sum:inst3|inst2                                            ; out0             ;
; |Bai2|Datapath:inst|AU:inst|SumorSub:inst3|Sum8Bit:inst1|Sum:inst3|inst4                                            ; |Bai2|Datapath:inst|AU:inst|SumorSub:inst3|Sum8Bit:inst1|Sum:inst3|inst4                                            ; out0             ;
; |Bai2|Datapath:inst|AU:inst|SumorSub:inst3|Sum8Bit:inst1|Sum:inst3|inst5                                            ; |Bai2|Datapath:inst|AU:inst|SumorSub:inst3|Sum8Bit:inst1|Sum:inst3|inst5                                            ; out0             ;
; |Bai2|Datapath:inst|AU:inst|SumorSub:inst3|Sum8Bit:inst1|Sum:inst3|inst3                                            ; |Bai2|Datapath:inst|AU:inst|SumorSub:inst3|Sum8Bit:inst1|Sum:inst3|inst3                                            ; out0             ;
; |Bai2|Datapath:inst|AU:inst|SumorSub:inst3|Sum8Bit:inst1|Sum:inst5|inst1                                            ; |Bai2|Datapath:inst|AU:inst|SumorSub:inst3|Sum8Bit:inst1|Sum:inst5|inst1                                            ; out0             ;
; |Bai2|Datapath:inst|AU:inst|SumorSub:inst3|Sum8Bit:inst1|Sum:inst5|inst                                             ; |Bai2|Datapath:inst|AU:inst|SumorSub:inst3|Sum8Bit:inst1|Sum:inst5|inst                                             ; out0             ;
; |Bai2|Datapath:inst|AU:inst|SumorSub:inst3|Sum8Bit:inst1|Sum:inst5|inst2                                            ; |Bai2|Datapath:inst|AU:inst|SumorSub:inst3|Sum8Bit:inst1|Sum:inst5|inst2                                            ; out0             ;
; |Bai2|Datapath:inst|AU:inst|SumorSub:inst3|Sum8Bit:inst1|Sum:inst5|inst4                                            ; |Bai2|Datapath:inst|AU:inst|SumorSub:inst3|Sum8Bit:inst1|Sum:inst5|inst4                                            ; out0             ;
; |Bai2|Datapath:inst|AU:inst|SumorSub:inst3|Sum8Bit:inst1|Sum:inst5|inst5                                            ; |Bai2|Datapath:inst|AU:inst|SumorSub:inst3|Sum8Bit:inst1|Sum:inst5|inst5                                            ; out0             ;
; |Bai2|Datapath:inst|AU:inst|SumorSub:inst3|Sum8Bit:inst1|Sum:inst5|inst3                                            ; |Bai2|Datapath:inst|AU:inst|SumorSub:inst3|Sum8Bit:inst1|Sum:inst5|inst3                                            ; out0             ;
; |Bai2|Datapath:inst|AU:inst|SumorSub:inst3|Sum8Bit:inst1|Sum:inst4|inst1                                            ; |Bai2|Datapath:inst|AU:inst|SumorSub:inst3|Sum8Bit:inst1|Sum:inst4|inst1                                            ; out0             ;
; |Bai2|Datapath:inst|AU:inst|SumorSub:inst3|Sum8Bit:inst1|Sum:inst4|inst                                             ; |Bai2|Datapath:inst|AU:inst|SumorSub:inst3|Sum8Bit:inst1|Sum:inst4|inst                                             ; out0             ;
; |Bai2|Datapath:inst|AU:inst|SumorSub:inst3|Sum8Bit:inst1|Sum:inst4|inst2                                            ; |Bai2|Datapath:inst|AU:inst|SumorSub:inst3|Sum8Bit:inst1|Sum:inst4|inst2                                            ; out0             ;
; |Bai2|Datapath:inst|AU:inst|SumorSub:inst3|Sum8Bit:inst1|Sum:inst4|inst4                                            ; |Bai2|Datapath:inst|AU:inst|SumorSub:inst3|Sum8Bit:inst1|Sum:inst4|inst4                                            ; out0             ;
; |Bai2|Datapath:inst|AU:inst|SumorSub:inst3|Sum8Bit:inst1|Sum:inst4|inst5                                            ; |Bai2|Datapath:inst|AU:inst|SumorSub:inst3|Sum8Bit:inst1|Sum:inst4|inst5                                            ; out0             ;
; |Bai2|Datapath:inst|AU:inst|SumorSub:inst3|Sum8Bit:inst1|Sum:inst4|inst3                                            ; |Bai2|Datapath:inst|AU:inst|SumorSub:inst3|Sum8Bit:inst1|Sum:inst4|inst3                                            ; out0             ;
; |Bai2|Datapath:inst|AU:inst|SumorSub:inst3|Sum8Bit:inst1|Sum:inst2|inst1                                            ; |Bai2|Datapath:inst|AU:inst|SumorSub:inst3|Sum8Bit:inst1|Sum:inst2|inst1                                            ; out0             ;
; |Bai2|Datapath:inst|AU:inst|SumorSub:inst3|Sum8Bit:inst1|Sum:inst2|inst                                             ; |Bai2|Datapath:inst|AU:inst|SumorSub:inst3|Sum8Bit:inst1|Sum:inst2|inst                                             ; out0             ;
; |Bai2|Datapath:inst|AU:inst|SumorSub:inst3|Sum8Bit:inst1|Sum:inst2|inst2                                            ; |Bai2|Datapath:inst|AU:inst|SumorSub:inst3|Sum8Bit:inst1|Sum:inst2|inst2                                            ; out0             ;
; |Bai2|Datapath:inst|AU:inst|SumorSub:inst3|Sum8Bit:inst1|Sum:inst2|inst4                                            ; |Bai2|Datapath:inst|AU:inst|SumorSub:inst3|Sum8Bit:inst1|Sum:inst2|inst4                                            ; out0             ;
; |Bai2|Datapath:inst|AU:inst|SumorSub:inst3|Sum8Bit:inst1|Sum:inst2|inst5                                            ; |Bai2|Datapath:inst|AU:inst|SumorSub:inst3|Sum8Bit:inst1|Sum:inst2|inst5                                            ; out0             ;
; |Bai2|Datapath:inst|AU:inst|SumorSub:inst3|Sum8Bit:inst1|Sum:inst2|inst3                                            ; |Bai2|Datapath:inst|AU:inst|SumorSub:inst3|Sum8Bit:inst1|Sum:inst2|inst3                                            ; out0             ;
; |Bai2|Datapath:inst|AU:inst|SumorSub:inst3|Sum8Bit:inst1|Sum:inst1|inst1                                            ; |Bai2|Datapath:inst|AU:inst|SumorSub:inst3|Sum8Bit:inst1|Sum:inst1|inst1                                            ; out0             ;
; |Bai2|Datapath:inst|AU:inst|SumorSub:inst3|Sum8Bit:inst1|Sum:inst1|inst                                             ; |Bai2|Datapath:inst|AU:inst|SumorSub:inst3|Sum8Bit:inst1|Sum:inst1|inst                                             ; out0             ;
; |Bai2|Datapath:inst|AU:inst|SumorSub:inst3|Sum8Bit:inst1|Sum:inst1|inst2                                            ; |Bai2|Datapath:inst|AU:inst|SumorSub:inst3|Sum8Bit:inst1|Sum:inst1|inst2                                            ; out0             ;
; |Bai2|Datapath:inst|AU:inst|SumorSub:inst3|Sum8Bit:inst1|Sum:inst1|inst4                                            ; |Bai2|Datapath:inst|AU:inst|SumorSub:inst3|Sum8Bit:inst1|Sum:inst1|inst4                                            ; out0             ;
; |Bai2|Datapath:inst|AU:inst|SumorSub:inst3|Sum8Bit:inst1|Sum:inst1|inst5                                            ; |Bai2|Datapath:inst|AU:inst|SumorSub:inst3|Sum8Bit:inst1|Sum:inst1|inst5                                            ; out0             ;
; |Bai2|Datapath:inst|AU:inst|SumorSub:inst3|Sum8Bit:inst1|Sum:inst1|inst3                                            ; |Bai2|Datapath:inst|AU:inst|SumorSub:inst3|Sum8Bit:inst1|Sum:inst1|inst3                                            ; out0             ;
; |Bai2|Datapath:inst|AU:inst|SumorSub:inst3|Sum8Bit:inst1|Sum:inst|inst1                                             ; |Bai2|Datapath:inst|AU:inst|SumorSub:inst3|Sum8Bit:inst1|Sum:inst|inst1                                             ; out0             ;
; |Bai2|Datapath:inst|AU:inst|SumorSub:inst3|Sum8Bit:inst1|Sum:inst|inst                                              ; |Bai2|Datapath:inst|AU:inst|SumorSub:inst3|Sum8Bit:inst1|Sum:inst|inst                                              ; out0             ;
; |Bai2|Datapath:inst|AU:inst|SumorSub:inst3|Sum8Bit:inst1|Sum:inst|inst2                                             ; |Bai2|Datapath:inst|AU:inst|SumorSub:inst3|Sum8Bit:inst1|Sum:inst|inst2                                             ; out0             ;
; |Bai2|Datapath:inst|AU:inst|SumorSub:inst3|Sum8Bit:inst1|Sum:inst|inst4                                             ; |Bai2|Datapath:inst|AU:inst|SumorSub:inst3|Sum8Bit:inst1|Sum:inst|inst4                                             ; out0             ;
; |Bai2|Datapath:inst|AU:inst|SumorSub:inst3|Sum8Bit:inst1|Sum:inst|inst5                                             ; |Bai2|Datapath:inst|AU:inst|SumorSub:inst3|Sum8Bit:inst1|Sum:inst|inst5                                             ; out0             ;
; |Bai2|Datapath:inst|AU:inst|SumorSub:inst3|Sum8Bit:inst1|Sum:inst|inst3                                             ; |Bai2|Datapath:inst|AU:inst|SumorSub:inst3|Sum8Bit:inst1|Sum:inst|inst3                                             ; out0             ;
; |Bai2|Datapath:inst|AU:inst|SumorSub:inst3|Sum8Bit:inst|Sum:inst6|inst1                                             ; |Bai2|Datapath:inst|AU:inst|SumorSub:inst3|Sum8Bit:inst|Sum:inst6|inst1                                             ; out0             ;
; |Bai2|Datapath:inst|AU:inst|SumorSub:inst3|Sum8Bit:inst|Sum:inst6|inst                                              ; |Bai2|Datapath:inst|AU:inst|SumorSub:inst3|Sum8Bit:inst|Sum:inst6|inst                                              ; out0             ;
; |Bai2|Datapath:inst|AU:inst|SumorSub:inst3|Sum8Bit:inst|Sum:inst6|inst2                                             ; |Bai2|Datapath:inst|AU:inst|SumorSub:inst3|Sum8Bit:inst|Sum:inst6|inst2                                             ; out0             ;
; |Bai2|Datapath:inst|AU:inst|SumorSub:inst3|Sum8Bit:inst|Sum:inst6|inst4                                             ; |Bai2|Datapath:inst|AU:inst|SumorSub:inst3|Sum8Bit:inst|Sum:inst6|inst4                                             ; out0             ;
; |Bai2|Datapath:inst|AU:inst|SumorSub:inst3|Sum8Bit:inst|Sum:inst6|inst5                                             ; |Bai2|Datapath:inst|AU:inst|SumorSub:inst3|Sum8Bit:inst|Sum:inst6|inst5                                             ; out0             ;
; |Bai2|Datapath:inst|AU:inst|SumorSub:inst3|Sum8Bit:inst|Sum:inst6|inst3                                             ; |Bai2|Datapath:inst|AU:inst|SumorSub:inst3|Sum8Bit:inst|Sum:inst6|inst3                                             ; out0             ;
; |Bai2|Datapath:inst|AU:inst|SumorSub:inst3|Sum8Bit:inst|Sum:inst7|inst1                                             ; |Bai2|Datapath:inst|AU:inst|SumorSub:inst3|Sum8Bit:inst|Sum:inst7|inst1                                             ; out0             ;
; |Bai2|Datapath:inst|AU:inst|SumorSub:inst3|Sum8Bit:inst|Sum:inst7|inst                                              ; |Bai2|Datapath:inst|AU:inst|SumorSub:inst3|Sum8Bit:inst|Sum:inst7|inst                                              ; out0             ;
; |Bai2|Datapath:inst|AU:inst|SumorSub:inst3|Sum8Bit:inst|Sum:inst7|inst2                                             ; |Bai2|Datapath:inst|AU:inst|SumorSub:inst3|Sum8Bit:inst|Sum:inst7|inst2                                             ; out0             ;
; |Bai2|Datapath:inst|AU:inst|SumorSub:inst3|Sum8Bit:inst|Sum:inst7|inst4                                             ; |Bai2|Datapath:inst|AU:inst|SumorSub:inst3|Sum8Bit:inst|Sum:inst7|inst4                                             ; out0             ;
; |Bai2|Datapath:inst|AU:inst|SumorSub:inst3|Sum8Bit:inst|Sum:inst7|inst5                                             ; |Bai2|Datapath:inst|AU:inst|SumorSub:inst3|Sum8Bit:inst|Sum:inst7|inst5                                             ; out0             ;
; |Bai2|Datapath:inst|AU:inst|SumorSub:inst3|Sum8Bit:inst|Sum:inst7|inst3                                             ; |Bai2|Datapath:inst|AU:inst|SumorSub:inst3|Sum8Bit:inst|Sum:inst7|inst3                                             ; out0             ;
; |Bai2|Datapath:inst|AU:inst|SumorSub:inst3|Sum8Bit:inst|Sum:inst3|inst1                                             ; |Bai2|Datapath:inst|AU:inst|SumorSub:inst3|Sum8Bit:inst|Sum:inst3|inst1                                             ; out0             ;
; |Bai2|Datapath:inst|AU:inst|SumorSub:inst3|Sum8Bit:inst|Sum:inst3|inst                                              ; |Bai2|Datapath:inst|AU:inst|SumorSub:inst3|Sum8Bit:inst|Sum:inst3|inst                                              ; out0             ;
; |Bai2|Datapath:inst|AU:inst|SumorSub:inst3|Sum8Bit:inst|Sum:inst3|inst2                                             ; |Bai2|Datapath:inst|AU:inst|SumorSub:inst3|Sum8Bit:inst|Sum:inst3|inst2                                             ; out0             ;
; |Bai2|Datapath:inst|AU:inst|SumorSub:inst3|Sum8Bit:inst|Sum:inst3|inst4                                             ; |Bai2|Datapath:inst|AU:inst|SumorSub:inst3|Sum8Bit:inst|Sum:inst3|inst4                                             ; out0             ;
; |Bai2|Datapath:inst|AU:inst|SumorSub:inst3|Sum8Bit:inst|Sum:inst3|inst5                                             ; |Bai2|Datapath:inst|AU:inst|SumorSub:inst3|Sum8Bit:inst|Sum:inst3|inst5                                             ; out0             ;
; |Bai2|Datapath:inst|AU:inst|SumorSub:inst3|Sum8Bit:inst|Sum:inst3|inst3                                             ; |Bai2|Datapath:inst|AU:inst|SumorSub:inst3|Sum8Bit:inst|Sum:inst3|inst3                                             ; out0             ;
; |Bai2|Datapath:inst|AU:inst|SumorSub:inst3|Sum8Bit:inst|Sum:inst5|inst1                                             ; |Bai2|Datapath:inst|AU:inst|SumorSub:inst3|Sum8Bit:inst|Sum:inst5|inst1                                             ; out0             ;
; |Bai2|Datapath:inst|AU:inst|SumorSub:inst3|Sum8Bit:inst|Sum:inst5|inst                                              ; |Bai2|Datapath:inst|AU:inst|SumorSub:inst3|Sum8Bit:inst|Sum:inst5|inst                                              ; out0             ;
; |Bai2|Datapath:inst|AU:inst|SumorSub:inst3|Sum8Bit:inst|Sum:inst5|inst2                                             ; |Bai2|Datapath:inst|AU:inst|SumorSub:inst3|Sum8Bit:inst|Sum:inst5|inst2                                             ; out0             ;
; |Bai2|Datapath:inst|AU:inst|SumorSub:inst3|Sum8Bit:inst|Sum:inst5|inst4                                             ; |Bai2|Datapath:inst|AU:inst|SumorSub:inst3|Sum8Bit:inst|Sum:inst5|inst4                                             ; out0             ;
; |Bai2|Datapath:inst|AU:inst|SumorSub:inst3|Sum8Bit:inst|Sum:inst5|inst5                                             ; |Bai2|Datapath:inst|AU:inst|SumorSub:inst3|Sum8Bit:inst|Sum:inst5|inst5                                             ; out0             ;
; |Bai2|Datapath:inst|AU:inst|SumorSub:inst3|Sum8Bit:inst|Sum:inst5|inst3                                             ; |Bai2|Datapath:inst|AU:inst|SumorSub:inst3|Sum8Bit:inst|Sum:inst5|inst3                                             ; out0             ;
; |Bai2|Datapath:inst|AU:inst|SumorSub:inst3|Sum8Bit:inst|Sum:inst4|inst1                                             ; |Bai2|Datapath:inst|AU:inst|SumorSub:inst3|Sum8Bit:inst|Sum:inst4|inst1                                             ; out0             ;
; |Bai2|Datapath:inst|AU:inst|SumorSub:inst3|Sum8Bit:inst|Sum:inst4|inst                                              ; |Bai2|Datapath:inst|AU:inst|SumorSub:inst3|Sum8Bit:inst|Sum:inst4|inst                                              ; out0             ;
; |Bai2|Datapath:inst|AU:inst|SumorSub:inst3|Sum8Bit:inst|Sum:inst4|inst2                                             ; |Bai2|Datapath:inst|AU:inst|SumorSub:inst3|Sum8Bit:inst|Sum:inst4|inst2                                             ; out0             ;
; |Bai2|Datapath:inst|AU:inst|SumorSub:inst3|Sum8Bit:inst|Sum:inst4|inst4                                             ; |Bai2|Datapath:inst|AU:inst|SumorSub:inst3|Sum8Bit:inst|Sum:inst4|inst4                                             ; out0             ;
; |Bai2|Datapath:inst|AU:inst|SumorSub:inst3|Sum8Bit:inst|Sum:inst4|inst5                                             ; |Bai2|Datapath:inst|AU:inst|SumorSub:inst3|Sum8Bit:inst|Sum:inst4|inst5                                             ; out0             ;
; |Bai2|Datapath:inst|AU:inst|SumorSub:inst3|Sum8Bit:inst|Sum:inst4|inst3                                             ; |Bai2|Datapath:inst|AU:inst|SumorSub:inst3|Sum8Bit:inst|Sum:inst4|inst3                                             ; out0             ;
; |Bai2|Datapath:inst|AU:inst|SumorSub:inst3|Sum8Bit:inst|Sum:inst2|inst1                                             ; |Bai2|Datapath:inst|AU:inst|SumorSub:inst3|Sum8Bit:inst|Sum:inst2|inst1                                             ; out0             ;
; |Bai2|Datapath:inst|AU:inst|SumorSub:inst3|Sum8Bit:inst|Sum:inst2|inst                                              ; |Bai2|Datapath:inst|AU:inst|SumorSub:inst3|Sum8Bit:inst|Sum:inst2|inst                                              ; out0             ;
; |Bai2|Datapath:inst|AU:inst|SumorSub:inst3|Sum8Bit:inst|Sum:inst2|inst2                                             ; |Bai2|Datapath:inst|AU:inst|SumorSub:inst3|Sum8Bit:inst|Sum:inst2|inst2                                             ; out0             ;
; |Bai2|Datapath:inst|AU:inst|SumorSub:inst3|Sum8Bit:inst|Sum:inst2|inst4                                             ; |Bai2|Datapath:inst|AU:inst|SumorSub:inst3|Sum8Bit:inst|Sum:inst2|inst4                                             ; out0             ;
; |Bai2|Datapath:inst|AU:inst|SumorSub:inst3|Sum8Bit:inst|Sum:inst2|inst5                                             ; |Bai2|Datapath:inst|AU:inst|SumorSub:inst3|Sum8Bit:inst|Sum:inst2|inst5                                             ; out0             ;
; |Bai2|Datapath:inst|AU:inst|SumorSub:inst3|Sum8Bit:inst|Sum:inst2|inst3                                             ; |Bai2|Datapath:inst|AU:inst|SumorSub:inst3|Sum8Bit:inst|Sum:inst2|inst3                                             ; out0             ;
; |Bai2|Datapath:inst|AU:inst|SumorSub:inst3|Sum8Bit:inst|Sum:inst1|inst1                                             ; |Bai2|Datapath:inst|AU:inst|SumorSub:inst3|Sum8Bit:inst|Sum:inst1|inst1                                             ; out0             ;
; |Bai2|Datapath:inst|AU:inst|SumorSub:inst3|Sum8Bit:inst|Sum:inst1|inst                                              ; |Bai2|Datapath:inst|AU:inst|SumorSub:inst3|Sum8Bit:inst|Sum:inst1|inst                                              ; out0             ;
; |Bai2|Datapath:inst|AU:inst|SumorSub:inst3|Sum8Bit:inst|Sum:inst1|inst2                                             ; |Bai2|Datapath:inst|AU:inst|SumorSub:inst3|Sum8Bit:inst|Sum:inst1|inst2                                             ; out0             ;
; |Bai2|Datapath:inst|AU:inst|SumorSub:inst3|Sum8Bit:inst|Sum:inst1|inst4                                             ; |Bai2|Datapath:inst|AU:inst|SumorSub:inst3|Sum8Bit:inst|Sum:inst1|inst4                                             ; out0             ;
; |Bai2|Datapath:inst|AU:inst|SumorSub:inst3|Sum8Bit:inst|Sum:inst1|inst5                                             ; |Bai2|Datapath:inst|AU:inst|SumorSub:inst3|Sum8Bit:inst|Sum:inst1|inst5                                             ; out0             ;
; |Bai2|Datapath:inst|AU:inst|SumorSub:inst3|Sum8Bit:inst|Sum:inst1|inst3                                             ; |Bai2|Datapath:inst|AU:inst|SumorSub:inst3|Sum8Bit:inst|Sum:inst1|inst3                                             ; out0             ;
; |Bai2|Datapath:inst|AU:inst|SumorSub:inst3|Sum8Bit:inst|Sum:inst|inst1                                              ; |Bai2|Datapath:inst|AU:inst|SumorSub:inst3|Sum8Bit:inst|Sum:inst|inst1                                              ; out0             ;
; |Bai2|Datapath:inst|AU:inst|SumorSub:inst3|Sum8Bit:inst|Sum:inst|inst                                               ; |Bai2|Datapath:inst|AU:inst|SumorSub:inst3|Sum8Bit:inst|Sum:inst|inst                                               ; out0             ;
; |Bai2|Datapath:inst|AU:inst|SumorSub:inst|Sum8Bit:inst1|Sum:inst6|inst                                              ; |Bai2|Datapath:inst|AU:inst|SumorSub:inst|Sum8Bit:inst1|Sum:inst6|inst                                              ; out0             ;
; |Bai2|Datapath:inst|AU:inst|SumorSub:inst|Sum8Bit:inst1|Sum:inst6|inst2                                             ; |Bai2|Datapath:inst|AU:inst|SumorSub:inst|Sum8Bit:inst1|Sum:inst6|inst2                                             ; out0             ;
; |Bai2|Datapath:inst|AU:inst|SumorSub:inst|Sum8Bit:inst1|Sum:inst6|inst5                                             ; |Bai2|Datapath:inst|AU:inst|SumorSub:inst|Sum8Bit:inst1|Sum:inst6|inst5                                             ; out0             ;
; |Bai2|Datapath:inst|AU:inst|SumorSub:inst|Sum8Bit:inst1|Sum:inst6|inst3                                             ; |Bai2|Datapath:inst|AU:inst|SumorSub:inst|Sum8Bit:inst1|Sum:inst6|inst3                                             ; out0             ;
; |Bai2|Datapath:inst|AU:inst|SumorSub:inst|Sum8Bit:inst1|Sum:inst7|inst1                                             ; |Bai2|Datapath:inst|AU:inst|SumorSub:inst|Sum8Bit:inst1|Sum:inst7|inst1                                             ; out0             ;
; |Bai2|Datapath:inst|AU:inst|SumorSub:inst|Sum8Bit:inst1|Sum:inst7|inst2                                             ; |Bai2|Datapath:inst|AU:inst|SumorSub:inst|Sum8Bit:inst1|Sum:inst7|inst2                                             ; out0             ;
; |Bai2|Datapath:inst|AU:inst|SumorSub:inst|Sum8Bit:inst1|Sum:inst7|inst4                                             ; |Bai2|Datapath:inst|AU:inst|SumorSub:inst|Sum8Bit:inst1|Sum:inst7|inst4                                             ; out0             ;
; |Bai2|Datapath:inst|AU:inst|SumorSub:inst|Sum8Bit:inst1|Sum:inst7|inst5                                             ; |Bai2|Datapath:inst|AU:inst|SumorSub:inst|Sum8Bit:inst1|Sum:inst7|inst5                                             ; out0             ;
; |Bai2|Datapath:inst|AU:inst|SumorSub:inst|Sum8Bit:inst1|Sum:inst7|inst3                                             ; |Bai2|Datapath:inst|AU:inst|SumorSub:inst|Sum8Bit:inst1|Sum:inst7|inst3                                             ; out0             ;
; |Bai2|Datapath:inst|AU:inst|SumorSub:inst|Sum8Bit:inst1|Sum:inst3|inst2                                             ; |Bai2|Datapath:inst|AU:inst|SumorSub:inst|Sum8Bit:inst1|Sum:inst3|inst2                                             ; out0             ;
; |Bai2|Datapath:inst|AU:inst|SumorSub:inst|Sum8Bit:inst1|Sum:inst3|inst4                                             ; |Bai2|Datapath:inst|AU:inst|SumorSub:inst|Sum8Bit:inst1|Sum:inst3|inst4                                             ; out0             ;
; |Bai2|Datapath:inst|AU:inst|SumorSub:inst|Sum8Bit:inst1|Sum:inst3|inst5                                             ; |Bai2|Datapath:inst|AU:inst|SumorSub:inst|Sum8Bit:inst1|Sum:inst3|inst5                                             ; out0             ;
; |Bai2|Datapath:inst|AU:inst|SumorSub:inst|Sum8Bit:inst1|Sum:inst3|inst3                                             ; |Bai2|Datapath:inst|AU:inst|SumorSub:inst|Sum8Bit:inst1|Sum:inst3|inst3                                             ; out0             ;
; |Bai2|Datapath:inst|AU:inst|SumorSub:inst|Sum8Bit:inst1|Sum:inst5|inst1                                             ; |Bai2|Datapath:inst|AU:inst|SumorSub:inst|Sum8Bit:inst1|Sum:inst5|inst1                                             ; out0             ;
; |Bai2|Datapath:inst|AU:inst|SumorSub:inst|Sum8Bit:inst1|Sum:inst5|inst                                              ; |Bai2|Datapath:inst|AU:inst|SumorSub:inst|Sum8Bit:inst1|Sum:inst5|inst                                              ; out0             ;
; |Bai2|Datapath:inst|AU:inst|SumorSub:inst|Sum8Bit:inst1|Sum:inst5|inst2                                             ; |Bai2|Datapath:inst|AU:inst|SumorSub:inst|Sum8Bit:inst1|Sum:inst5|inst2                                             ; out0             ;
; |Bai2|Datapath:inst|AU:inst|SumorSub:inst|Sum8Bit:inst1|Sum:inst5|inst4                                             ; |Bai2|Datapath:inst|AU:inst|SumorSub:inst|Sum8Bit:inst1|Sum:inst5|inst4                                             ; out0             ;
; |Bai2|Datapath:inst|AU:inst|SumorSub:inst|Sum8Bit:inst1|Sum:inst5|inst5                                             ; |Bai2|Datapath:inst|AU:inst|SumorSub:inst|Sum8Bit:inst1|Sum:inst5|inst5                                             ; out0             ;
; |Bai2|Datapath:inst|AU:inst|SumorSub:inst|Sum8Bit:inst1|Sum:inst5|inst3                                             ; |Bai2|Datapath:inst|AU:inst|SumorSub:inst|Sum8Bit:inst1|Sum:inst5|inst3                                             ; out0             ;
; |Bai2|Datapath:inst|AU:inst|SumorSub:inst|Sum8Bit:inst1|Sum:inst4|inst1                                             ; |Bai2|Datapath:inst|AU:inst|SumorSub:inst|Sum8Bit:inst1|Sum:inst4|inst1                                             ; out0             ;
; |Bai2|Datapath:inst|AU:inst|SumorSub:inst|Sum8Bit:inst1|Sum:inst4|inst                                              ; |Bai2|Datapath:inst|AU:inst|SumorSub:inst|Sum8Bit:inst1|Sum:inst4|inst                                              ; out0             ;
; |Bai2|Datapath:inst|AU:inst|SumorSub:inst|Sum8Bit:inst1|Sum:inst4|inst2                                             ; |Bai2|Datapath:inst|AU:inst|SumorSub:inst|Sum8Bit:inst1|Sum:inst4|inst2                                             ; out0             ;
; |Bai2|Datapath:inst|AU:inst|SumorSub:inst|Sum8Bit:inst1|Sum:inst4|inst4                                             ; |Bai2|Datapath:inst|AU:inst|SumorSub:inst|Sum8Bit:inst1|Sum:inst4|inst4                                             ; out0             ;
; |Bai2|Datapath:inst|AU:inst|SumorSub:inst|Sum8Bit:inst1|Sum:inst4|inst5                                             ; |Bai2|Datapath:inst|AU:inst|SumorSub:inst|Sum8Bit:inst1|Sum:inst4|inst5                                             ; out0             ;
; |Bai2|Datapath:inst|AU:inst|SumorSub:inst|Sum8Bit:inst1|Sum:inst4|inst3                                             ; |Bai2|Datapath:inst|AU:inst|SumorSub:inst|Sum8Bit:inst1|Sum:inst4|inst3                                             ; out0             ;
; |Bai2|Datapath:inst|AU:inst|SumorSub:inst|Sum8Bit:inst1|Sum:inst2|inst1                                             ; |Bai2|Datapath:inst|AU:inst|SumorSub:inst|Sum8Bit:inst1|Sum:inst2|inst1                                             ; out0             ;
; |Bai2|Datapath:inst|AU:inst|SumorSub:inst|Sum8Bit:inst1|Sum:inst2|inst                                              ; |Bai2|Datapath:inst|AU:inst|SumorSub:inst|Sum8Bit:inst1|Sum:inst2|inst                                              ; out0             ;
; |Bai2|Datapath:inst|AU:inst|SumorSub:inst|Sum8Bit:inst1|Sum:inst2|inst2                                             ; |Bai2|Datapath:inst|AU:inst|SumorSub:inst|Sum8Bit:inst1|Sum:inst2|inst2                                             ; out0             ;
; |Bai2|Datapath:inst|AU:inst|SumorSub:inst|Sum8Bit:inst1|Sum:inst2|inst4                                             ; |Bai2|Datapath:inst|AU:inst|SumorSub:inst|Sum8Bit:inst1|Sum:inst2|inst4                                             ; out0             ;
; |Bai2|Datapath:inst|AU:inst|SumorSub:inst|Sum8Bit:inst1|Sum:inst2|inst5                                             ; |Bai2|Datapath:inst|AU:inst|SumorSub:inst|Sum8Bit:inst1|Sum:inst2|inst5                                             ; out0             ;
; |Bai2|Datapath:inst|AU:inst|SumorSub:inst|Sum8Bit:inst1|Sum:inst2|inst3                                             ; |Bai2|Datapath:inst|AU:inst|SumorSub:inst|Sum8Bit:inst1|Sum:inst2|inst3                                             ; out0             ;
; |Bai2|Datapath:inst|AU:inst|SumorSub:inst|Sum8Bit:inst1|Sum:inst1|inst1                                             ; |Bai2|Datapath:inst|AU:inst|SumorSub:inst|Sum8Bit:inst1|Sum:inst1|inst1                                             ; out0             ;
; |Bai2|Datapath:inst|AU:inst|SumorSub:inst|Sum8Bit:inst1|Sum:inst1|inst                                              ; |Bai2|Datapath:inst|AU:inst|SumorSub:inst|Sum8Bit:inst1|Sum:inst1|inst                                              ; out0             ;
; |Bai2|Datapath:inst|AU:inst|SumorSub:inst|Sum8Bit:inst1|Sum:inst1|inst2                                             ; |Bai2|Datapath:inst|AU:inst|SumorSub:inst|Sum8Bit:inst1|Sum:inst1|inst2                                             ; out0             ;
; |Bai2|Datapath:inst|AU:inst|SumorSub:inst|Sum8Bit:inst1|Sum:inst1|inst4                                             ; |Bai2|Datapath:inst|AU:inst|SumorSub:inst|Sum8Bit:inst1|Sum:inst1|inst4                                             ; out0             ;
; |Bai2|Datapath:inst|AU:inst|SumorSub:inst|Sum8Bit:inst1|Sum:inst1|inst5                                             ; |Bai2|Datapath:inst|AU:inst|SumorSub:inst|Sum8Bit:inst1|Sum:inst1|inst5                                             ; out0             ;
; |Bai2|Datapath:inst|AU:inst|SumorSub:inst|Sum8Bit:inst1|Sum:inst1|inst3                                             ; |Bai2|Datapath:inst|AU:inst|SumorSub:inst|Sum8Bit:inst1|Sum:inst1|inst3                                             ; out0             ;
; |Bai2|Datapath:inst|AU:inst|SumorSub:inst|Sum8Bit:inst1|Sum:inst|inst1                                              ; |Bai2|Datapath:inst|AU:inst|SumorSub:inst|Sum8Bit:inst1|Sum:inst|inst1                                              ; out0             ;
; |Bai2|Datapath:inst|AU:inst|SumorSub:inst|Sum8Bit:inst1|Sum:inst|inst                                               ; |Bai2|Datapath:inst|AU:inst|SumorSub:inst|Sum8Bit:inst1|Sum:inst|inst                                               ; out0             ;
; |Bai2|Datapath:inst|AU:inst|SumorSub:inst|Sum8Bit:inst1|Sum:inst|inst2                                              ; |Bai2|Datapath:inst|AU:inst|SumorSub:inst|Sum8Bit:inst1|Sum:inst|inst2                                              ; out0             ;
; |Bai2|Datapath:inst|AU:inst|SumorSub:inst|Sum8Bit:inst1|Sum:inst|inst4                                              ; |Bai2|Datapath:inst|AU:inst|SumorSub:inst|Sum8Bit:inst1|Sum:inst|inst4                                              ; out0             ;
; |Bai2|Datapath:inst|AU:inst|SumorSub:inst|Sum8Bit:inst1|Sum:inst|inst5                                              ; |Bai2|Datapath:inst|AU:inst|SumorSub:inst|Sum8Bit:inst1|Sum:inst|inst5                                              ; out0             ;
; |Bai2|Datapath:inst|AU:inst|SumorSub:inst|Sum8Bit:inst1|Sum:inst|inst3                                              ; |Bai2|Datapath:inst|AU:inst|SumorSub:inst|Sum8Bit:inst1|Sum:inst|inst3                                              ; out0             ;
; |Bai2|Datapath:inst|AU:inst|SumorSub:inst|Sum8Bit:inst|Sum:inst6|inst1                                              ; |Bai2|Datapath:inst|AU:inst|SumorSub:inst|Sum8Bit:inst|Sum:inst6|inst1                                              ; out0             ;
; |Bai2|Datapath:inst|AU:inst|SumorSub:inst|Sum8Bit:inst|Sum:inst6|inst                                               ; |Bai2|Datapath:inst|AU:inst|SumorSub:inst|Sum8Bit:inst|Sum:inst6|inst                                               ; out0             ;
; |Bai2|Datapath:inst|AU:inst|SumorSub:inst|Sum8Bit:inst|Sum:inst6|inst2                                              ; |Bai2|Datapath:inst|AU:inst|SumorSub:inst|Sum8Bit:inst|Sum:inst6|inst2                                              ; out0             ;
; |Bai2|Datapath:inst|AU:inst|SumorSub:inst|Sum8Bit:inst|Sum:inst6|inst4                                              ; |Bai2|Datapath:inst|AU:inst|SumorSub:inst|Sum8Bit:inst|Sum:inst6|inst4                                              ; out0             ;
; |Bai2|Datapath:inst|AU:inst|SumorSub:inst|Sum8Bit:inst|Sum:inst6|inst5                                              ; |Bai2|Datapath:inst|AU:inst|SumorSub:inst|Sum8Bit:inst|Sum:inst6|inst5                                              ; out0             ;
; |Bai2|Datapath:inst|AU:inst|SumorSub:inst|Sum8Bit:inst|Sum:inst6|inst3                                              ; |Bai2|Datapath:inst|AU:inst|SumorSub:inst|Sum8Bit:inst|Sum:inst6|inst3                                              ; out0             ;
; |Bai2|Datapath:inst|AU:inst|SumorSub:inst|Sum8Bit:inst|Sum:inst7|inst1                                              ; |Bai2|Datapath:inst|AU:inst|SumorSub:inst|Sum8Bit:inst|Sum:inst7|inst1                                              ; out0             ;
; |Bai2|Datapath:inst|AU:inst|SumorSub:inst|Sum8Bit:inst|Sum:inst7|inst                                               ; |Bai2|Datapath:inst|AU:inst|SumorSub:inst|Sum8Bit:inst|Sum:inst7|inst                                               ; out0             ;
; |Bai2|Datapath:inst|AU:inst|SumorSub:inst|Sum8Bit:inst|Sum:inst7|inst2                                              ; |Bai2|Datapath:inst|AU:inst|SumorSub:inst|Sum8Bit:inst|Sum:inst7|inst2                                              ; out0             ;
; |Bai2|Datapath:inst|AU:inst|SumorSub:inst|Sum8Bit:inst|Sum:inst7|inst4                                              ; |Bai2|Datapath:inst|AU:inst|SumorSub:inst|Sum8Bit:inst|Sum:inst7|inst4                                              ; out0             ;
; |Bai2|Datapath:inst|AU:inst|SumorSub:inst|Sum8Bit:inst|Sum:inst7|inst5                                              ; |Bai2|Datapath:inst|AU:inst|SumorSub:inst|Sum8Bit:inst|Sum:inst7|inst5                                              ; out0             ;
; |Bai2|Datapath:inst|AU:inst|SumorSub:inst|Sum8Bit:inst|Sum:inst7|inst3                                              ; |Bai2|Datapath:inst|AU:inst|SumorSub:inst|Sum8Bit:inst|Sum:inst7|inst3                                              ; out0             ;
; |Bai2|Datapath:inst|AU:inst|SumorSub:inst|Sum8Bit:inst|Sum:inst3|inst1                                              ; |Bai2|Datapath:inst|AU:inst|SumorSub:inst|Sum8Bit:inst|Sum:inst3|inst1                                              ; out0             ;
; |Bai2|Datapath:inst|AU:inst|SumorSub:inst|Sum8Bit:inst|Sum:inst3|inst                                               ; |Bai2|Datapath:inst|AU:inst|SumorSub:inst|Sum8Bit:inst|Sum:inst3|inst                                               ; out0             ;
; |Bai2|Datapath:inst|AU:inst|SumorSub:inst|Sum8Bit:inst|Sum:inst3|inst2                                              ; |Bai2|Datapath:inst|AU:inst|SumorSub:inst|Sum8Bit:inst|Sum:inst3|inst2                                              ; out0             ;
; |Bai2|Datapath:inst|AU:inst|SumorSub:inst|Sum8Bit:inst|Sum:inst3|inst4                                              ; |Bai2|Datapath:inst|AU:inst|SumorSub:inst|Sum8Bit:inst|Sum:inst3|inst4                                              ; out0             ;
; |Bai2|Datapath:inst|AU:inst|SumorSub:inst|Sum8Bit:inst|Sum:inst3|inst5                                              ; |Bai2|Datapath:inst|AU:inst|SumorSub:inst|Sum8Bit:inst|Sum:inst3|inst5                                              ; out0             ;
; |Bai2|Datapath:inst|AU:inst|SumorSub:inst|Sum8Bit:inst|Sum:inst3|inst3                                              ; |Bai2|Datapath:inst|AU:inst|SumorSub:inst|Sum8Bit:inst|Sum:inst3|inst3                                              ; out0             ;
; |Bai2|Datapath:inst|AU:inst|SumorSub:inst|Sum8Bit:inst|Sum:inst5|inst1                                              ; |Bai2|Datapath:inst|AU:inst|SumorSub:inst|Sum8Bit:inst|Sum:inst5|inst1                                              ; out0             ;
; |Bai2|Datapath:inst|AU:inst|SumorSub:inst|Sum8Bit:inst|Sum:inst5|inst                                               ; |Bai2|Datapath:inst|AU:inst|SumorSub:inst|Sum8Bit:inst|Sum:inst5|inst                                               ; out0             ;
; |Bai2|Datapath:inst|AU:inst|SumorSub:inst|Sum8Bit:inst|Sum:inst5|inst2                                              ; |Bai2|Datapath:inst|AU:inst|SumorSub:inst|Sum8Bit:inst|Sum:inst5|inst2                                              ; out0             ;
; |Bai2|Datapath:inst|AU:inst|SumorSub:inst|Sum8Bit:inst|Sum:inst5|inst4                                              ; |Bai2|Datapath:inst|AU:inst|SumorSub:inst|Sum8Bit:inst|Sum:inst5|inst4                                              ; out0             ;
; |Bai2|Datapath:inst|AU:inst|SumorSub:inst|Sum8Bit:inst|Sum:inst5|inst5                                              ; |Bai2|Datapath:inst|AU:inst|SumorSub:inst|Sum8Bit:inst|Sum:inst5|inst5                                              ; out0             ;
; |Bai2|Datapath:inst|AU:inst|SumorSub:inst|Sum8Bit:inst|Sum:inst5|inst3                                              ; |Bai2|Datapath:inst|AU:inst|SumorSub:inst|Sum8Bit:inst|Sum:inst5|inst3                                              ; out0             ;
; |Bai2|Datapath:inst|AU:inst|SumorSub:inst|Sum8Bit:inst|Sum:inst4|inst1                                              ; |Bai2|Datapath:inst|AU:inst|SumorSub:inst|Sum8Bit:inst|Sum:inst4|inst1                                              ; out0             ;
; |Bai2|Datapath:inst|AU:inst|SumorSub:inst|Sum8Bit:inst|Sum:inst4|inst                                               ; |Bai2|Datapath:inst|AU:inst|SumorSub:inst|Sum8Bit:inst|Sum:inst4|inst                                               ; out0             ;
; |Bai2|Datapath:inst|AU:inst|SumorSub:inst|Sum8Bit:inst|Sum:inst4|inst2                                              ; |Bai2|Datapath:inst|AU:inst|SumorSub:inst|Sum8Bit:inst|Sum:inst4|inst2                                              ; out0             ;
; |Bai2|Datapath:inst|AU:inst|SumorSub:inst|Sum8Bit:inst|Sum:inst4|inst4                                              ; |Bai2|Datapath:inst|AU:inst|SumorSub:inst|Sum8Bit:inst|Sum:inst4|inst4                                              ; out0             ;
; |Bai2|Datapath:inst|AU:inst|SumorSub:inst|Sum8Bit:inst|Sum:inst4|inst5                                              ; |Bai2|Datapath:inst|AU:inst|SumorSub:inst|Sum8Bit:inst|Sum:inst4|inst5                                              ; out0             ;
; |Bai2|Datapath:inst|AU:inst|SumorSub:inst|Sum8Bit:inst|Sum:inst4|inst3                                              ; |Bai2|Datapath:inst|AU:inst|SumorSub:inst|Sum8Bit:inst|Sum:inst4|inst3                                              ; out0             ;
; |Bai2|Datapath:inst|AU:inst|SumorSub:inst|Sum8Bit:inst|Sum:inst2|inst1                                              ; |Bai2|Datapath:inst|AU:inst|SumorSub:inst|Sum8Bit:inst|Sum:inst2|inst1                                              ; out0             ;
; |Bai2|Datapath:inst|AU:inst|SumorSub:inst|Sum8Bit:inst|Sum:inst2|inst                                               ; |Bai2|Datapath:inst|AU:inst|SumorSub:inst|Sum8Bit:inst|Sum:inst2|inst                                               ; out0             ;
; |Bai2|Datapath:inst|AU:inst|SumorSub:inst|Sum8Bit:inst|Sum:inst2|inst2                                              ; |Bai2|Datapath:inst|AU:inst|SumorSub:inst|Sum8Bit:inst|Sum:inst2|inst2                                              ; out0             ;
; |Bai2|Datapath:inst|AU:inst|SumorSub:inst|Sum8Bit:inst|Sum:inst2|inst4                                              ; |Bai2|Datapath:inst|AU:inst|SumorSub:inst|Sum8Bit:inst|Sum:inst2|inst4                                              ; out0             ;
; |Bai2|Datapath:inst|AU:inst|SumorSub:inst|Sum8Bit:inst|Sum:inst2|inst5                                              ; |Bai2|Datapath:inst|AU:inst|SumorSub:inst|Sum8Bit:inst|Sum:inst2|inst5                                              ; out0             ;
; |Bai2|Datapath:inst|AU:inst|SumorSub:inst|Sum8Bit:inst|Sum:inst2|inst3                                              ; |Bai2|Datapath:inst|AU:inst|SumorSub:inst|Sum8Bit:inst|Sum:inst2|inst3                                              ; out0             ;
; |Bai2|Datapath:inst|AU:inst|SumorSub:inst|Sum8Bit:inst|Sum:inst1|inst1                                              ; |Bai2|Datapath:inst|AU:inst|SumorSub:inst|Sum8Bit:inst|Sum:inst1|inst1                                              ; out0             ;
; |Bai2|Datapath:inst|AU:inst|SumorSub:inst|Sum8Bit:inst|Sum:inst1|inst                                               ; |Bai2|Datapath:inst|AU:inst|SumorSub:inst|Sum8Bit:inst|Sum:inst1|inst                                               ; out0             ;
; |Bai2|Datapath:inst|AU:inst|SumorSub:inst|Sum8Bit:inst|Sum:inst1|inst2                                              ; |Bai2|Datapath:inst|AU:inst|SumorSub:inst|Sum8Bit:inst|Sum:inst1|inst2                                              ; out0             ;
; |Bai2|Datapath:inst|AU:inst|SumorSub:inst|Sum8Bit:inst|Sum:inst1|inst4                                              ; |Bai2|Datapath:inst|AU:inst|SumorSub:inst|Sum8Bit:inst|Sum:inst1|inst4                                              ; out0             ;
; |Bai2|Datapath:inst|AU:inst|SumorSub:inst|Sum8Bit:inst|Sum:inst1|inst5                                              ; |Bai2|Datapath:inst|AU:inst|SumorSub:inst|Sum8Bit:inst|Sum:inst1|inst5                                              ; out0             ;
; |Bai2|Datapath:inst|AU:inst|SumorSub:inst|Sum8Bit:inst|Sum:inst1|inst3                                              ; |Bai2|Datapath:inst|AU:inst|SumorSub:inst|Sum8Bit:inst|Sum:inst1|inst3                                              ; out0             ;
; |Bai2|Datapath:inst|AU:inst|SumorSub:inst|Sum8Bit:inst|Sum:inst|inst1                                               ; |Bai2|Datapath:inst|AU:inst|SumorSub:inst|Sum8Bit:inst|Sum:inst|inst1                                               ; out0             ;
; |Bai2|Datapath:inst|AU:inst|SumorSub:inst|Sum8Bit:inst|Sum:inst|inst                                                ; |Bai2|Datapath:inst|AU:inst|SumorSub:inst|Sum8Bit:inst|Sum:inst|inst                                                ; out0             ;
; |Bai2|Datapath:inst|AU:inst|busmux:inst4|lpm_mux:$00000|mux_boc:auto_generated|result_node[15]~0                    ; |Bai2|Datapath:inst|AU:inst|busmux:inst4|lpm_mux:$00000|mux_boc:auto_generated|result_node[15]~0                    ; out0             ;
; |Bai2|Datapath:inst|AU:inst|busmux:inst4|lpm_mux:$00000|mux_boc:auto_generated|result_node[15]~1                    ; |Bai2|Datapath:inst|AU:inst|busmux:inst4|lpm_mux:$00000|mux_boc:auto_generated|result_node[15]~1                    ; out0             ;
; |Bai2|Datapath:inst|AU:inst|busmux:inst4|lpm_mux:$00000|mux_boc:auto_generated|result_node[15]                      ; |Bai2|Datapath:inst|AU:inst|busmux:inst4|lpm_mux:$00000|mux_boc:auto_generated|result_node[15]                      ; out0             ;
; |Bai2|Datapath:inst|AU:inst|busmux:inst4|lpm_mux:$00000|mux_boc:auto_generated|result_node[14]~2                    ; |Bai2|Datapath:inst|AU:inst|busmux:inst4|lpm_mux:$00000|mux_boc:auto_generated|result_node[14]~2                    ; out0             ;
; |Bai2|Datapath:inst|AU:inst|busmux:inst4|lpm_mux:$00000|mux_boc:auto_generated|result_node[14]~3                    ; |Bai2|Datapath:inst|AU:inst|busmux:inst4|lpm_mux:$00000|mux_boc:auto_generated|result_node[14]~3                    ; out0             ;
; |Bai2|Datapath:inst|AU:inst|busmux:inst4|lpm_mux:$00000|mux_boc:auto_generated|result_node[14]                      ; |Bai2|Datapath:inst|AU:inst|busmux:inst4|lpm_mux:$00000|mux_boc:auto_generated|result_node[14]                      ; out0             ;
; |Bai2|Datapath:inst|AU:inst|busmux:inst4|lpm_mux:$00000|mux_boc:auto_generated|result_node[13]~4                    ; |Bai2|Datapath:inst|AU:inst|busmux:inst4|lpm_mux:$00000|mux_boc:auto_generated|result_node[13]~4                    ; out0             ;
; |Bai2|Datapath:inst|AU:inst|busmux:inst4|lpm_mux:$00000|mux_boc:auto_generated|result_node[13]~5                    ; |Bai2|Datapath:inst|AU:inst|busmux:inst4|lpm_mux:$00000|mux_boc:auto_generated|result_node[13]~5                    ; out0             ;
; |Bai2|Datapath:inst|AU:inst|busmux:inst4|lpm_mux:$00000|mux_boc:auto_generated|result_node[13]                      ; |Bai2|Datapath:inst|AU:inst|busmux:inst4|lpm_mux:$00000|mux_boc:auto_generated|result_node[13]                      ; out0             ;
; |Bai2|Datapath:inst|AU:inst|busmux:inst4|lpm_mux:$00000|mux_boc:auto_generated|result_node[12]~6                    ; |Bai2|Datapath:inst|AU:inst|busmux:inst4|lpm_mux:$00000|mux_boc:auto_generated|result_node[12]~6                    ; out0             ;
; |Bai2|Datapath:inst|AU:inst|busmux:inst4|lpm_mux:$00000|mux_boc:auto_generated|result_node[12]~7                    ; |Bai2|Datapath:inst|AU:inst|busmux:inst4|lpm_mux:$00000|mux_boc:auto_generated|result_node[12]~7                    ; out0             ;
; |Bai2|Datapath:inst|AU:inst|busmux:inst4|lpm_mux:$00000|mux_boc:auto_generated|result_node[12]                      ; |Bai2|Datapath:inst|AU:inst|busmux:inst4|lpm_mux:$00000|mux_boc:auto_generated|result_node[12]                      ; out0             ;
; |Bai2|Datapath:inst|AU:inst|busmux:inst4|lpm_mux:$00000|mux_boc:auto_generated|result_node[11]~8                    ; |Bai2|Datapath:inst|AU:inst|busmux:inst4|lpm_mux:$00000|mux_boc:auto_generated|result_node[11]~8                    ; out0             ;
; |Bai2|Datapath:inst|AU:inst|busmux:inst4|lpm_mux:$00000|mux_boc:auto_generated|result_node[11]~9                    ; |Bai2|Datapath:inst|AU:inst|busmux:inst4|lpm_mux:$00000|mux_boc:auto_generated|result_node[11]~9                    ; out0             ;
; |Bai2|Datapath:inst|AU:inst|busmux:inst4|lpm_mux:$00000|mux_boc:auto_generated|result_node[11]                      ; |Bai2|Datapath:inst|AU:inst|busmux:inst4|lpm_mux:$00000|mux_boc:auto_generated|result_node[11]                      ; out0             ;
; |Bai2|Datapath:inst|AU:inst|busmux:inst4|lpm_mux:$00000|mux_boc:auto_generated|result_node[10]~10                   ; |Bai2|Datapath:inst|AU:inst|busmux:inst4|lpm_mux:$00000|mux_boc:auto_generated|result_node[10]~10                   ; out0             ;
; |Bai2|Datapath:inst|AU:inst|busmux:inst4|lpm_mux:$00000|mux_boc:auto_generated|result_node[10]~11                   ; |Bai2|Datapath:inst|AU:inst|busmux:inst4|lpm_mux:$00000|mux_boc:auto_generated|result_node[10]~11                   ; out0             ;
; |Bai2|Datapath:inst|AU:inst|busmux:inst4|lpm_mux:$00000|mux_boc:auto_generated|result_node[10]                      ; |Bai2|Datapath:inst|AU:inst|busmux:inst4|lpm_mux:$00000|mux_boc:auto_generated|result_node[10]                      ; out0             ;
; |Bai2|Datapath:inst|AU:inst|busmux:inst4|lpm_mux:$00000|mux_boc:auto_generated|result_node[9]~12                    ; |Bai2|Datapath:inst|AU:inst|busmux:inst4|lpm_mux:$00000|mux_boc:auto_generated|result_node[9]~12                    ; out0             ;
; |Bai2|Datapath:inst|AU:inst|busmux:inst4|lpm_mux:$00000|mux_boc:auto_generated|result_node[9]~13                    ; |Bai2|Datapath:inst|AU:inst|busmux:inst4|lpm_mux:$00000|mux_boc:auto_generated|result_node[9]~13                    ; out0             ;
; |Bai2|Datapath:inst|AU:inst|busmux:inst4|lpm_mux:$00000|mux_boc:auto_generated|result_node[9]                       ; |Bai2|Datapath:inst|AU:inst|busmux:inst4|lpm_mux:$00000|mux_boc:auto_generated|result_node[9]                       ; out0             ;
; |Bai2|Datapath:inst|AU:inst|busmux:inst4|lpm_mux:$00000|mux_boc:auto_generated|result_node[8]~14                    ; |Bai2|Datapath:inst|AU:inst|busmux:inst4|lpm_mux:$00000|mux_boc:auto_generated|result_node[8]~14                    ; out0             ;
; |Bai2|Datapath:inst|AU:inst|busmux:inst4|lpm_mux:$00000|mux_boc:auto_generated|result_node[8]~15                    ; |Bai2|Datapath:inst|AU:inst|busmux:inst4|lpm_mux:$00000|mux_boc:auto_generated|result_node[8]~15                    ; out0             ;
; |Bai2|Datapath:inst|AU:inst|busmux:inst4|lpm_mux:$00000|mux_boc:auto_generated|result_node[8]                       ; |Bai2|Datapath:inst|AU:inst|busmux:inst4|lpm_mux:$00000|mux_boc:auto_generated|result_node[8]                       ; out0             ;
; |Bai2|Datapath:inst|AU:inst|busmux:inst4|lpm_mux:$00000|mux_boc:auto_generated|result_node[7]~16                    ; |Bai2|Datapath:inst|AU:inst|busmux:inst4|lpm_mux:$00000|mux_boc:auto_generated|result_node[7]~16                    ; out0             ;
; |Bai2|Datapath:inst|AU:inst|busmux:inst4|lpm_mux:$00000|mux_boc:auto_generated|result_node[7]~17                    ; |Bai2|Datapath:inst|AU:inst|busmux:inst4|lpm_mux:$00000|mux_boc:auto_generated|result_node[7]~17                    ; out0             ;
; |Bai2|Datapath:inst|AU:inst|busmux:inst4|lpm_mux:$00000|mux_boc:auto_generated|result_node[7]                       ; |Bai2|Datapath:inst|AU:inst|busmux:inst4|lpm_mux:$00000|mux_boc:auto_generated|result_node[7]                       ; out0             ;
; |Bai2|Datapath:inst|AU:inst|busmux:inst4|lpm_mux:$00000|mux_boc:auto_generated|result_node[6]~18                    ; |Bai2|Datapath:inst|AU:inst|busmux:inst4|lpm_mux:$00000|mux_boc:auto_generated|result_node[6]~18                    ; out0             ;
; |Bai2|Datapath:inst|AU:inst|busmux:inst4|lpm_mux:$00000|mux_boc:auto_generated|result_node[6]~19                    ; |Bai2|Datapath:inst|AU:inst|busmux:inst4|lpm_mux:$00000|mux_boc:auto_generated|result_node[6]~19                    ; out0             ;
; |Bai2|Datapath:inst|AU:inst|busmux:inst4|lpm_mux:$00000|mux_boc:auto_generated|result_node[6]                       ; |Bai2|Datapath:inst|AU:inst|busmux:inst4|lpm_mux:$00000|mux_boc:auto_generated|result_node[6]                       ; out0             ;
; |Bai2|Datapath:inst|AU:inst|busmux:inst4|lpm_mux:$00000|mux_boc:auto_generated|result_node[5]~20                    ; |Bai2|Datapath:inst|AU:inst|busmux:inst4|lpm_mux:$00000|mux_boc:auto_generated|result_node[5]~20                    ; out0             ;
; |Bai2|Datapath:inst|AU:inst|busmux:inst4|lpm_mux:$00000|mux_boc:auto_generated|result_node[5]~21                    ; |Bai2|Datapath:inst|AU:inst|busmux:inst4|lpm_mux:$00000|mux_boc:auto_generated|result_node[5]~21                    ; out0             ;
; |Bai2|Datapath:inst|AU:inst|busmux:inst4|lpm_mux:$00000|mux_boc:auto_generated|result_node[5]                       ; |Bai2|Datapath:inst|AU:inst|busmux:inst4|lpm_mux:$00000|mux_boc:auto_generated|result_node[5]                       ; out0             ;
; |Bai2|Datapath:inst|AU:inst|busmux:inst4|lpm_mux:$00000|mux_boc:auto_generated|result_node[4]~22                    ; |Bai2|Datapath:inst|AU:inst|busmux:inst4|lpm_mux:$00000|mux_boc:auto_generated|result_node[4]~22                    ; out0             ;
; |Bai2|Datapath:inst|AU:inst|busmux:inst4|lpm_mux:$00000|mux_boc:auto_generated|result_node[4]~23                    ; |Bai2|Datapath:inst|AU:inst|busmux:inst4|lpm_mux:$00000|mux_boc:auto_generated|result_node[4]~23                    ; out0             ;
; |Bai2|Datapath:inst|AU:inst|busmux:inst4|lpm_mux:$00000|mux_boc:auto_generated|result_node[4]                       ; |Bai2|Datapath:inst|AU:inst|busmux:inst4|lpm_mux:$00000|mux_boc:auto_generated|result_node[4]                       ; out0             ;
; |Bai2|Datapath:inst|AU:inst|busmux:inst4|lpm_mux:$00000|mux_boc:auto_generated|result_node[3]~24                    ; |Bai2|Datapath:inst|AU:inst|busmux:inst4|lpm_mux:$00000|mux_boc:auto_generated|result_node[3]~24                    ; out0             ;
; |Bai2|Datapath:inst|AU:inst|busmux:inst4|lpm_mux:$00000|mux_boc:auto_generated|result_node[3]~25                    ; |Bai2|Datapath:inst|AU:inst|busmux:inst4|lpm_mux:$00000|mux_boc:auto_generated|result_node[3]~25                    ; out0             ;
; |Bai2|Datapath:inst|AU:inst|busmux:inst4|lpm_mux:$00000|mux_boc:auto_generated|result_node[3]                       ; |Bai2|Datapath:inst|AU:inst|busmux:inst4|lpm_mux:$00000|mux_boc:auto_generated|result_node[3]                       ; out0             ;
; |Bai2|Datapath:inst|AU:inst|busmux:inst4|lpm_mux:$00000|mux_boc:auto_generated|result_node[2]~26                    ; |Bai2|Datapath:inst|AU:inst|busmux:inst4|lpm_mux:$00000|mux_boc:auto_generated|result_node[2]~26                    ; out0             ;
; |Bai2|Datapath:inst|AU:inst|busmux:inst4|lpm_mux:$00000|mux_boc:auto_generated|result_node[1]~28                    ; |Bai2|Datapath:inst|AU:inst|busmux:inst4|lpm_mux:$00000|mux_boc:auto_generated|result_node[1]~28                    ; out0             ;
; |Bai2|Datapath:inst|AU:inst|busmux:inst4|lpm_mux:$00000|mux_boc:auto_generated|result_node[1]~29                    ; |Bai2|Datapath:inst|AU:inst|busmux:inst4|lpm_mux:$00000|mux_boc:auto_generated|result_node[1]~29                    ; out0             ;
; |Bai2|Datapath:inst|AU:inst|busmux:inst4|lpm_mux:$00000|mux_boc:auto_generated|result_node[1]                       ; |Bai2|Datapath:inst|AU:inst|busmux:inst4|lpm_mux:$00000|mux_boc:auto_generated|result_node[1]                       ; out0             ;
; |Bai2|Datapath:inst|AU:inst|busmux:inst4|lpm_mux:$00000|mux_boc:auto_generated|result_node[0]~30                    ; |Bai2|Datapath:inst|AU:inst|busmux:inst4|lpm_mux:$00000|mux_boc:auto_generated|result_node[0]~30                    ; out0             ;
; |Bai2|Datapath:inst|busmux:inst7|lpm_mux:$00000|mux_boc:auto_generated|result_node[15]~0                            ; |Bai2|Datapath:inst|busmux:inst7|lpm_mux:$00000|mux_boc:auto_generated|result_node[15]~0                            ; out0             ;
; |Bai2|Datapath:inst|busmux:inst7|lpm_mux:$00000|mux_boc:auto_generated|result_node[15]~1                            ; |Bai2|Datapath:inst|busmux:inst7|lpm_mux:$00000|mux_boc:auto_generated|result_node[15]~1                            ; out0             ;
; |Bai2|Datapath:inst|busmux:inst7|lpm_mux:$00000|mux_boc:auto_generated|result_node[15]                              ; |Bai2|Datapath:inst|busmux:inst7|lpm_mux:$00000|mux_boc:auto_generated|result_node[15]                              ; out0             ;
; |Bai2|Datapath:inst|busmux:inst7|lpm_mux:$00000|mux_boc:auto_generated|result_node[14]~2                            ; |Bai2|Datapath:inst|busmux:inst7|lpm_mux:$00000|mux_boc:auto_generated|result_node[14]~2                            ; out0             ;
; |Bai2|Datapath:inst|busmux:inst7|lpm_mux:$00000|mux_boc:auto_generated|result_node[14]~3                            ; |Bai2|Datapath:inst|busmux:inst7|lpm_mux:$00000|mux_boc:auto_generated|result_node[14]~3                            ; out0             ;
; |Bai2|Datapath:inst|busmux:inst7|lpm_mux:$00000|mux_boc:auto_generated|result_node[14]                              ; |Bai2|Datapath:inst|busmux:inst7|lpm_mux:$00000|mux_boc:auto_generated|result_node[14]                              ; out0             ;
; |Bai2|Datapath:inst|busmux:inst7|lpm_mux:$00000|mux_boc:auto_generated|result_node[13]~4                            ; |Bai2|Datapath:inst|busmux:inst7|lpm_mux:$00000|mux_boc:auto_generated|result_node[13]~4                            ; out0             ;
; |Bai2|Datapath:inst|busmux:inst7|lpm_mux:$00000|mux_boc:auto_generated|result_node[13]~5                            ; |Bai2|Datapath:inst|busmux:inst7|lpm_mux:$00000|mux_boc:auto_generated|result_node[13]~5                            ; out0             ;
; |Bai2|Datapath:inst|busmux:inst7|lpm_mux:$00000|mux_boc:auto_generated|result_node[13]                              ; |Bai2|Datapath:inst|busmux:inst7|lpm_mux:$00000|mux_boc:auto_generated|result_node[13]                              ; out0             ;
; |Bai2|Datapath:inst|busmux:inst7|lpm_mux:$00000|mux_boc:auto_generated|result_node[12]~6                            ; |Bai2|Datapath:inst|busmux:inst7|lpm_mux:$00000|mux_boc:auto_generated|result_node[12]~6                            ; out0             ;
; |Bai2|Datapath:inst|busmux:inst7|lpm_mux:$00000|mux_boc:auto_generated|result_node[12]~7                            ; |Bai2|Datapath:inst|busmux:inst7|lpm_mux:$00000|mux_boc:auto_generated|result_node[12]~7                            ; out0             ;
; |Bai2|Datapath:inst|busmux:inst7|lpm_mux:$00000|mux_boc:auto_generated|result_node[12]                              ; |Bai2|Datapath:inst|busmux:inst7|lpm_mux:$00000|mux_boc:auto_generated|result_node[12]                              ; out0             ;
; |Bai2|Datapath:inst|busmux:inst7|lpm_mux:$00000|mux_boc:auto_generated|result_node[11]~8                            ; |Bai2|Datapath:inst|busmux:inst7|lpm_mux:$00000|mux_boc:auto_generated|result_node[11]~8                            ; out0             ;
; |Bai2|Datapath:inst|busmux:inst7|lpm_mux:$00000|mux_boc:auto_generated|result_node[11]~9                            ; |Bai2|Datapath:inst|busmux:inst7|lpm_mux:$00000|mux_boc:auto_generated|result_node[11]~9                            ; out0             ;
; |Bai2|Datapath:inst|busmux:inst7|lpm_mux:$00000|mux_boc:auto_generated|result_node[11]                              ; |Bai2|Datapath:inst|busmux:inst7|lpm_mux:$00000|mux_boc:auto_generated|result_node[11]                              ; out0             ;
; |Bai2|Datapath:inst|busmux:inst7|lpm_mux:$00000|mux_boc:auto_generated|result_node[10]~10                           ; |Bai2|Datapath:inst|busmux:inst7|lpm_mux:$00000|mux_boc:auto_generated|result_node[10]~10                           ; out0             ;
; |Bai2|Datapath:inst|busmux:inst7|lpm_mux:$00000|mux_boc:auto_generated|result_node[10]~11                           ; |Bai2|Datapath:inst|busmux:inst7|lpm_mux:$00000|mux_boc:auto_generated|result_node[10]~11                           ; out0             ;
; |Bai2|Datapath:inst|busmux:inst7|lpm_mux:$00000|mux_boc:auto_generated|result_node[10]                              ; |Bai2|Datapath:inst|busmux:inst7|lpm_mux:$00000|mux_boc:auto_generated|result_node[10]                              ; out0             ;
; |Bai2|Datapath:inst|busmux:inst7|lpm_mux:$00000|mux_boc:auto_generated|result_node[9]~12                            ; |Bai2|Datapath:inst|busmux:inst7|lpm_mux:$00000|mux_boc:auto_generated|result_node[9]~12                            ; out0             ;
; |Bai2|Datapath:inst|busmux:inst7|lpm_mux:$00000|mux_boc:auto_generated|result_node[9]~13                            ; |Bai2|Datapath:inst|busmux:inst7|lpm_mux:$00000|mux_boc:auto_generated|result_node[9]~13                            ; out0             ;
; |Bai2|Datapath:inst|busmux:inst7|lpm_mux:$00000|mux_boc:auto_generated|result_node[9]                               ; |Bai2|Datapath:inst|busmux:inst7|lpm_mux:$00000|mux_boc:auto_generated|result_node[9]                               ; out0             ;
; |Bai2|Datapath:inst|busmux:inst7|lpm_mux:$00000|mux_boc:auto_generated|result_node[8]~14                            ; |Bai2|Datapath:inst|busmux:inst7|lpm_mux:$00000|mux_boc:auto_generated|result_node[8]~14                            ; out0             ;
; |Bai2|Datapath:inst|busmux:inst7|lpm_mux:$00000|mux_boc:auto_generated|result_node[8]~15                            ; |Bai2|Datapath:inst|busmux:inst7|lpm_mux:$00000|mux_boc:auto_generated|result_node[8]~15                            ; out0             ;
; |Bai2|Datapath:inst|busmux:inst7|lpm_mux:$00000|mux_boc:auto_generated|result_node[8]                               ; |Bai2|Datapath:inst|busmux:inst7|lpm_mux:$00000|mux_boc:auto_generated|result_node[8]                               ; out0             ;
; |Bai2|Datapath:inst|busmux:inst7|lpm_mux:$00000|mux_boc:auto_generated|result_node[7]~16                            ; |Bai2|Datapath:inst|busmux:inst7|lpm_mux:$00000|mux_boc:auto_generated|result_node[7]~16                            ; out0             ;
; |Bai2|Datapath:inst|busmux:inst7|lpm_mux:$00000|mux_boc:auto_generated|result_node[7]~17                            ; |Bai2|Datapath:inst|busmux:inst7|lpm_mux:$00000|mux_boc:auto_generated|result_node[7]~17                            ; out0             ;
; |Bai2|Datapath:inst|busmux:inst7|lpm_mux:$00000|mux_boc:auto_generated|result_node[7]                               ; |Bai2|Datapath:inst|busmux:inst7|lpm_mux:$00000|mux_boc:auto_generated|result_node[7]                               ; out0             ;
; |Bai2|Datapath:inst|busmux:inst7|lpm_mux:$00000|mux_boc:auto_generated|result_node[6]~18                            ; |Bai2|Datapath:inst|busmux:inst7|lpm_mux:$00000|mux_boc:auto_generated|result_node[6]~18                            ; out0             ;
; |Bai2|Datapath:inst|busmux:inst7|lpm_mux:$00000|mux_boc:auto_generated|result_node[6]~19                            ; |Bai2|Datapath:inst|busmux:inst7|lpm_mux:$00000|mux_boc:auto_generated|result_node[6]~19                            ; out0             ;
; |Bai2|Datapath:inst|busmux:inst7|lpm_mux:$00000|mux_boc:auto_generated|result_node[6]                               ; |Bai2|Datapath:inst|busmux:inst7|lpm_mux:$00000|mux_boc:auto_generated|result_node[6]                               ; out0             ;
; |Bai2|Datapath:inst|busmux:inst7|lpm_mux:$00000|mux_boc:auto_generated|result_node[5]~20                            ; |Bai2|Datapath:inst|busmux:inst7|lpm_mux:$00000|mux_boc:auto_generated|result_node[5]~20                            ; out0             ;
; |Bai2|Datapath:inst|busmux:inst7|lpm_mux:$00000|mux_boc:auto_generated|result_node[5]~21                            ; |Bai2|Datapath:inst|busmux:inst7|lpm_mux:$00000|mux_boc:auto_generated|result_node[5]~21                            ; out0             ;
; |Bai2|Datapath:inst|busmux:inst7|lpm_mux:$00000|mux_boc:auto_generated|result_node[5]                               ; |Bai2|Datapath:inst|busmux:inst7|lpm_mux:$00000|mux_boc:auto_generated|result_node[5]                               ; out0             ;
; |Bai2|Datapath:inst|busmux:inst7|lpm_mux:$00000|mux_boc:auto_generated|result_node[4]~22                            ; |Bai2|Datapath:inst|busmux:inst7|lpm_mux:$00000|mux_boc:auto_generated|result_node[4]~22                            ; out0             ;
; |Bai2|Datapath:inst|busmux:inst7|lpm_mux:$00000|mux_boc:auto_generated|result_node[4]~23                            ; |Bai2|Datapath:inst|busmux:inst7|lpm_mux:$00000|mux_boc:auto_generated|result_node[4]~23                            ; out0             ;
; |Bai2|Datapath:inst|busmux:inst7|lpm_mux:$00000|mux_boc:auto_generated|result_node[4]                               ; |Bai2|Datapath:inst|busmux:inst7|lpm_mux:$00000|mux_boc:auto_generated|result_node[4]                               ; out0             ;
; |Bai2|Datapath:inst|busmux:inst7|lpm_mux:$00000|mux_boc:auto_generated|result_node[3]~24                            ; |Bai2|Datapath:inst|busmux:inst7|lpm_mux:$00000|mux_boc:auto_generated|result_node[3]~24                            ; out0             ;
; |Bai2|Datapath:inst|busmux:inst7|lpm_mux:$00000|mux_boc:auto_generated|result_node[3]~25                            ; |Bai2|Datapath:inst|busmux:inst7|lpm_mux:$00000|mux_boc:auto_generated|result_node[3]~25                            ; out0             ;
; |Bai2|Datapath:inst|busmux:inst7|lpm_mux:$00000|mux_boc:auto_generated|result_node[3]                               ; |Bai2|Datapath:inst|busmux:inst7|lpm_mux:$00000|mux_boc:auto_generated|result_node[3]                               ; out0             ;
; |Bai2|Datapath:inst|busmux:inst7|lpm_mux:$00000|mux_boc:auto_generated|result_node[2]~26                            ; |Bai2|Datapath:inst|busmux:inst7|lpm_mux:$00000|mux_boc:auto_generated|result_node[2]~26                            ; out0             ;
; |Bai2|Datapath:inst|busmux:inst7|lpm_mux:$00000|mux_boc:auto_generated|result_node[1]~28                            ; |Bai2|Datapath:inst|busmux:inst7|lpm_mux:$00000|mux_boc:auto_generated|result_node[1]~28                            ; out0             ;
; |Bai2|Datapath:inst|busmux:inst7|lpm_mux:$00000|mux_boc:auto_generated|result_node[1]~29                            ; |Bai2|Datapath:inst|busmux:inst7|lpm_mux:$00000|mux_boc:auto_generated|result_node[1]~29                            ; out0             ;
; |Bai2|Datapath:inst|busmux:inst7|lpm_mux:$00000|mux_boc:auto_generated|result_node[1]                               ; |Bai2|Datapath:inst|busmux:inst7|lpm_mux:$00000|mux_boc:auto_generated|result_node[1]                               ; out0             ;
; |Bai2|Datapath:inst|busmux:inst7|lpm_mux:$00000|mux_boc:auto_generated|result_node[0]~30                            ; |Bai2|Datapath:inst|busmux:inst7|lpm_mux:$00000|mux_boc:auto_generated|result_node[0]~30                            ; out0             ;
+---------------------------------------------------------------------------------------------------------------------+---------------------------------------------------------------------------------------------------------------------+------------------+


The following table displays output ports that do not toggle to 0 during simulation.
+--------------------------------------------------------------------------------------------------------------------------------------------------------------------------------------------------------------------------------------------------------------+
; Missing 0-Value Coverage                                                                                                                                                                                                                                     ;
+---------------------------------------------------------------------------------------------------------------------+---------------------------------------------------------------------------------------------------------------------+------------------+
; Node Name                                                                                                           ; Output Port Name                                                                                                    ; Output Port Type ;
+---------------------------------------------------------------------------------------------------------------------+---------------------------------------------------------------------------------------------------------------------+------------------+
; |Bai2|Y[2]                                                                                                          ; |Bai2|Y[2]                                                                                                          ; pin_out          ;
; |Bai2|Y[1]                                                                                                          ; |Bai2|Y[1]                                                                                                          ; pin_out          ;
; |Bai2|S1                                                                                                            ; |Bai2|S1                                                                                                            ; out              ;
; |Bai2|S2                                                                                                            ; |Bai2|S2                                                                                                            ; out              ;
; |Bai2|A[15]                                                                                                         ; |Bai2|A[15]                                                                                                         ; out              ;
; |Bai2|A[14]                                                                                                         ; |Bai2|A[14]                                                                                                         ; out              ;
; |Bai2|A[13]                                                                                                         ; |Bai2|A[13]                                                                                                         ; out              ;
; |Bai2|A[12]                                                                                                         ; |Bai2|A[12]                                                                                                         ; out              ;
; |Bai2|A[11]                                                                                                         ; |Bai2|A[11]                                                                                                         ; out              ;
; |Bai2|A[10]                                                                                                         ; |Bai2|A[10]                                                                                                         ; out              ;
; |Bai2|A[9]                                                                                                          ; |Bai2|A[9]                                                                                                          ; out              ;
; |Bai2|A[8]                                                                                                          ; |Bai2|A[8]                                                                                                          ; out              ;
; |Bai2|A[7]                                                                                                          ; |Bai2|A[7]                                                                                                          ; out              ;
; |Bai2|A[6]                                                                                                          ; |Bai2|A[6]                                                                                                          ; out              ;
; |Bai2|A[5]                                                                                                          ; |Bai2|A[5]                                                                                                          ; out              ;
; |Bai2|A[4]                                                                                                          ; |Bai2|A[4]                                                                                                          ; out              ;
; |Bai2|A[3]                                                                                                          ; |Bai2|A[3]                                                                                                          ; out              ;
; |Bai2|A[2]                                                                                                          ; |Bai2|A[2]                                                                                                          ; out              ;
; |Bai2|A[1]                                                                                                          ; |Bai2|A[1]                                                                                                          ; out              ;
; |Bai2|A[0]                                                                                                          ; |Bai2|A[0]                                                                                                          ; out              ;
; |Bai2|Datapath:inst|LU:inst3|Mux41_16Bit:inst|busmux:inst1|lpm_mux:$00000|mux_boc:auto_generated|result_node[15]~0  ; |Bai2|Datapath:inst|LU:inst3|Mux41_16Bit:inst|busmux:inst1|lpm_mux:$00000|mux_boc:auto_generated|result_node[15]~0  ; out0             ;
; |Bai2|Datapath:inst|LU:inst3|Mux41_16Bit:inst|busmux:inst1|lpm_mux:$00000|mux_boc:auto_generated|result_node[15]    ; |Bai2|Datapath:inst|LU:inst3|Mux41_16Bit:inst|busmux:inst1|lpm_mux:$00000|mux_boc:auto_generated|result_node[15]    ; out0             ;
; |Bai2|Datapath:inst|LU:inst3|Mux41_16Bit:inst|busmux:inst1|lpm_mux:$00000|mux_boc:auto_generated|result_node[14]~2  ; |Bai2|Datapath:inst|LU:inst3|Mux41_16Bit:inst|busmux:inst1|lpm_mux:$00000|mux_boc:auto_generated|result_node[14]~2  ; out0             ;
; |Bai2|Datapath:inst|LU:inst3|Mux41_16Bit:inst|busmux:inst1|lpm_mux:$00000|mux_boc:auto_generated|result_node[14]    ; |Bai2|Datapath:inst|LU:inst3|Mux41_16Bit:inst|busmux:inst1|lpm_mux:$00000|mux_boc:auto_generated|result_node[14]    ; out0             ;
; |Bai2|Datapath:inst|LU:inst3|Mux41_16Bit:inst|busmux:inst1|lpm_mux:$00000|mux_boc:auto_generated|result_node[13]~4  ; |Bai2|Datapath:inst|LU:inst3|Mux41_16Bit:inst|busmux:inst1|lpm_mux:$00000|mux_boc:auto_generated|result_node[13]~4  ; out0             ;
; |Bai2|Datapath:inst|LU:inst3|Mux41_16Bit:inst|busmux:inst1|lpm_mux:$00000|mux_boc:auto_generated|result_node[13]    ; |Bai2|Datapath:inst|LU:inst3|Mux41_16Bit:inst|busmux:inst1|lpm_mux:$00000|mux_boc:auto_generated|result_node[13]    ; out0             ;
; |Bai2|Datapath:inst|LU:inst3|Mux41_16Bit:inst|busmux:inst1|lpm_mux:$00000|mux_boc:auto_generated|result_node[12]~6  ; |Bai2|Datapath:inst|LU:inst3|Mux41_16Bit:inst|busmux:inst1|lpm_mux:$00000|mux_boc:auto_generated|result_node[12]~6  ; out0             ;
; |Bai2|Datapath:inst|LU:inst3|Mux41_16Bit:inst|busmux:inst1|lpm_mux:$00000|mux_boc:auto_generated|result_node[12]    ; |Bai2|Datapath:inst|LU:inst3|Mux41_16Bit:inst|busmux:inst1|lpm_mux:$00000|mux_boc:auto_generated|result_node[12]    ; out0             ;
; |Bai2|Datapath:inst|LU:inst3|Mux41_16Bit:inst|busmux:inst1|lpm_mux:$00000|mux_boc:auto_generated|result_node[11]~8  ; |Bai2|Datapath:inst|LU:inst3|Mux41_16Bit:inst|busmux:inst1|lpm_mux:$00000|mux_boc:auto_generated|result_node[11]~8  ; out0             ;
; |Bai2|Datapath:inst|LU:inst3|Mux41_16Bit:inst|busmux:inst1|lpm_mux:$00000|mux_boc:auto_generated|result_node[11]    ; |Bai2|Datapath:inst|LU:inst3|Mux41_16Bit:inst|busmux:inst1|lpm_mux:$00000|mux_boc:auto_generated|result_node[11]    ; out0             ;
; |Bai2|Datapath:inst|LU:inst3|Mux41_16Bit:inst|busmux:inst1|lpm_mux:$00000|mux_boc:auto_generated|result_node[10]~10 ; |Bai2|Datapath:inst|LU:inst3|Mux41_16Bit:inst|busmux:inst1|lpm_mux:$00000|mux_boc:auto_generated|result_node[10]~10 ; out0             ;
; |Bai2|Datapath:inst|LU:inst3|Mux41_16Bit:inst|busmux:inst1|lpm_mux:$00000|mux_boc:auto_generated|result_node[10]    ; |Bai2|Datapath:inst|LU:inst3|Mux41_16Bit:inst|busmux:inst1|lpm_mux:$00000|mux_boc:auto_generated|result_node[10]    ; out0             ;
; |Bai2|Datapath:inst|LU:inst3|Mux41_16Bit:inst|busmux:inst1|lpm_mux:$00000|mux_boc:auto_generated|result_node[9]~12  ; |Bai2|Datapath:inst|LU:inst3|Mux41_16Bit:inst|busmux:inst1|lpm_mux:$00000|mux_boc:auto_generated|result_node[9]~12  ; out0             ;
; |Bai2|Datapath:inst|LU:inst3|Mux41_16Bit:inst|busmux:inst1|lpm_mux:$00000|mux_boc:auto_generated|result_node[9]     ; |Bai2|Datapath:inst|LU:inst3|Mux41_16Bit:inst|busmux:inst1|lpm_mux:$00000|mux_boc:auto_generated|result_node[9]     ; out0             ;
; |Bai2|Datapath:inst|LU:inst3|Mux41_16Bit:inst|busmux:inst1|lpm_mux:$00000|mux_boc:auto_generated|result_node[8]~14  ; |Bai2|Datapath:inst|LU:inst3|Mux41_16Bit:inst|busmux:inst1|lpm_mux:$00000|mux_boc:auto_generated|result_node[8]~14  ; out0             ;
; |Bai2|Datapath:inst|LU:inst3|Mux41_16Bit:inst|busmux:inst1|lpm_mux:$00000|mux_boc:auto_generated|result_node[8]     ; |Bai2|Datapath:inst|LU:inst3|Mux41_16Bit:inst|busmux:inst1|lpm_mux:$00000|mux_boc:auto_generated|result_node[8]     ; out0             ;
; |Bai2|Datapath:inst|LU:inst3|Mux41_16Bit:inst|busmux:inst1|lpm_mux:$00000|mux_boc:auto_generated|result_node[7]~16  ; |Bai2|Datapath:inst|LU:inst3|Mux41_16Bit:inst|busmux:inst1|lpm_mux:$00000|mux_boc:auto_generated|result_node[7]~16  ; out0             ;
; |Bai2|Datapath:inst|LU:inst3|Mux41_16Bit:inst|busmux:inst1|lpm_mux:$00000|mux_boc:auto_generated|result_node[7]     ; |Bai2|Datapath:inst|LU:inst3|Mux41_16Bit:inst|busmux:inst1|lpm_mux:$00000|mux_boc:auto_generated|result_node[7]     ; out0             ;
; |Bai2|Datapath:inst|LU:inst3|Mux41_16Bit:inst|busmux:inst1|lpm_mux:$00000|mux_boc:auto_generated|result_node[6]~18  ; |Bai2|Datapath:inst|LU:inst3|Mux41_16Bit:inst|busmux:inst1|lpm_mux:$00000|mux_boc:auto_generated|result_node[6]~18  ; out0             ;
; |Bai2|Datapath:inst|LU:inst3|Mux41_16Bit:inst|busmux:inst1|lpm_mux:$00000|mux_boc:auto_generated|result_node[6]     ; |Bai2|Datapath:inst|LU:inst3|Mux41_16Bit:inst|busmux:inst1|lpm_mux:$00000|mux_boc:auto_generated|result_node[6]     ; out0             ;
; |Bai2|Datapath:inst|LU:inst3|Mux41_16Bit:inst|busmux:inst1|lpm_mux:$00000|mux_boc:auto_generated|result_node[5]~20  ; |Bai2|Datapath:inst|LU:inst3|Mux41_16Bit:inst|busmux:inst1|lpm_mux:$00000|mux_boc:auto_generated|result_node[5]~20  ; out0             ;
; |Bai2|Datapath:inst|LU:inst3|Mux41_16Bit:inst|busmux:inst1|lpm_mux:$00000|mux_boc:auto_generated|result_node[5]     ; |Bai2|Datapath:inst|LU:inst3|Mux41_16Bit:inst|busmux:inst1|lpm_mux:$00000|mux_boc:auto_generated|result_node[5]     ; out0             ;
; |Bai2|Datapath:inst|LU:inst3|Mux41_16Bit:inst|busmux:inst1|lpm_mux:$00000|mux_boc:auto_generated|result_node[4]~22  ; |Bai2|Datapath:inst|LU:inst3|Mux41_16Bit:inst|busmux:inst1|lpm_mux:$00000|mux_boc:auto_generated|result_node[4]~22  ; out0             ;
; |Bai2|Datapath:inst|LU:inst3|Mux41_16Bit:inst|busmux:inst1|lpm_mux:$00000|mux_boc:auto_generated|result_node[4]     ; |Bai2|Datapath:inst|LU:inst3|Mux41_16Bit:inst|busmux:inst1|lpm_mux:$00000|mux_boc:auto_generated|result_node[4]     ; out0             ;
; |Bai2|Datapath:inst|LU:inst3|Mux41_16Bit:inst|busmux:inst1|lpm_mux:$00000|mux_boc:auto_generated|result_node[3]~24  ; |Bai2|Datapath:inst|LU:inst3|Mux41_16Bit:inst|busmux:inst1|lpm_mux:$00000|mux_boc:auto_generated|result_node[3]~24  ; out0             ;
; |Bai2|Datapath:inst|LU:inst3|Mux41_16Bit:inst|busmux:inst1|lpm_mux:$00000|mux_boc:auto_generated|result_node[3]     ; |Bai2|Datapath:inst|LU:inst3|Mux41_16Bit:inst|busmux:inst1|lpm_mux:$00000|mux_boc:auto_generated|result_node[3]     ; out0             ;
; |Bai2|Datapath:inst|LU:inst3|Mux41_16Bit:inst|busmux:inst1|lpm_mux:$00000|mux_boc:auto_generated|result_node[2]~27  ; |Bai2|Datapath:inst|LU:inst3|Mux41_16Bit:inst|busmux:inst1|lpm_mux:$00000|mux_boc:auto_generated|result_node[2]~27  ; out0             ;
; |Bai2|Datapath:inst|LU:inst3|Mux41_16Bit:inst|busmux:inst1|lpm_mux:$00000|mux_boc:auto_generated|result_node[2]     ; |Bai2|Datapath:inst|LU:inst3|Mux41_16Bit:inst|busmux:inst1|lpm_mux:$00000|mux_boc:auto_generated|result_node[2]     ; out0             ;
; |Bai2|Datapath:inst|LU:inst3|Mux41_16Bit:inst|busmux:inst1|lpm_mux:$00000|mux_boc:auto_generated|result_node[1]~29  ; |Bai2|Datapath:inst|LU:inst3|Mux41_16Bit:inst|busmux:inst1|lpm_mux:$00000|mux_boc:auto_generated|result_node[1]~29  ; out0             ;
; |Bai2|Datapath:inst|LU:inst3|Mux41_16Bit:inst|busmux:inst1|lpm_mux:$00000|mux_boc:auto_generated|result_node[1]     ; |Bai2|Datapath:inst|LU:inst3|Mux41_16Bit:inst|busmux:inst1|lpm_mux:$00000|mux_boc:auto_generated|result_node[1]     ; out0             ;
; |Bai2|Datapath:inst|LU:inst3|Mux41_16Bit:inst|busmux:inst1|lpm_mux:$00000|mux_boc:auto_generated|result_node[0]~30  ; |Bai2|Datapath:inst|LU:inst3|Mux41_16Bit:inst|busmux:inst1|lpm_mux:$00000|mux_boc:auto_generated|result_node[0]~30  ; out0             ;
; |Bai2|Datapath:inst|LU:inst3|Mux41_16Bit:inst|busmux:inst1|lpm_mux:$00000|mux_boc:auto_generated|result_node[0]     ; |Bai2|Datapath:inst|LU:inst3|Mux41_16Bit:inst|busmux:inst1|lpm_mux:$00000|mux_boc:auto_generated|result_node[0]     ; out0             ;
; |Bai2|Datapath:inst|LU:inst3|Mux41_16Bit:inst|busmux:inst|lpm_mux:$00000|mux_boc:auto_generated|result_node[15]~0   ; |Bai2|Datapath:inst|LU:inst3|Mux41_16Bit:inst|busmux:inst|lpm_mux:$00000|mux_boc:auto_generated|result_node[15]~0   ; out0             ;
; |Bai2|Datapath:inst|LU:inst3|Mux41_16Bit:inst|busmux:inst|lpm_mux:$00000|mux_boc:auto_generated|result_node[14]~2   ; |Bai2|Datapath:inst|LU:inst3|Mux41_16Bit:inst|busmux:inst|lpm_mux:$00000|mux_boc:auto_generated|result_node[14]~2   ; out0             ;
; |Bai2|Datapath:inst|LU:inst3|Mux41_16Bit:inst|busmux:inst|lpm_mux:$00000|mux_boc:auto_generated|result_node[13]~4   ; |Bai2|Datapath:inst|LU:inst3|Mux41_16Bit:inst|busmux:inst|lpm_mux:$00000|mux_boc:auto_generated|result_node[13]~4   ; out0             ;
; |Bai2|Datapath:inst|LU:inst3|Mux41_16Bit:inst|busmux:inst|lpm_mux:$00000|mux_boc:auto_generated|result_node[12]~6   ; |Bai2|Datapath:inst|LU:inst3|Mux41_16Bit:inst|busmux:inst|lpm_mux:$00000|mux_boc:auto_generated|result_node[12]~6   ; out0             ;
; |Bai2|Datapath:inst|LU:inst3|Mux41_16Bit:inst|busmux:inst|lpm_mux:$00000|mux_boc:auto_generated|result_node[11]~8   ; |Bai2|Datapath:inst|LU:inst3|Mux41_16Bit:inst|busmux:inst|lpm_mux:$00000|mux_boc:auto_generated|result_node[11]~8   ; out0             ;
; |Bai2|Datapath:inst|LU:inst3|Mux41_16Bit:inst|busmux:inst|lpm_mux:$00000|mux_boc:auto_generated|result_node[10]~10  ; |Bai2|Datapath:inst|LU:inst3|Mux41_16Bit:inst|busmux:inst|lpm_mux:$00000|mux_boc:auto_generated|result_node[10]~10  ; out0             ;
; |Bai2|Datapath:inst|LU:inst3|Mux41_16Bit:inst|busmux:inst|lpm_mux:$00000|mux_boc:auto_generated|result_node[9]~12   ; |Bai2|Datapath:inst|LU:inst3|Mux41_16Bit:inst|busmux:inst|lpm_mux:$00000|mux_boc:auto_generated|result_node[9]~12   ; out0             ;
; |Bai2|Datapath:inst|LU:inst3|Mux41_16Bit:inst|busmux:inst|lpm_mux:$00000|mux_boc:auto_generated|result_node[8]~14   ; |Bai2|Datapath:inst|LU:inst3|Mux41_16Bit:inst|busmux:inst|lpm_mux:$00000|mux_boc:auto_generated|result_node[8]~14   ; out0             ;
; |Bai2|Datapath:inst|LU:inst3|Mux41_16Bit:inst|busmux:inst|lpm_mux:$00000|mux_boc:auto_generated|result_node[7]~16   ; |Bai2|Datapath:inst|LU:inst3|Mux41_16Bit:inst|busmux:inst|lpm_mux:$00000|mux_boc:auto_generated|result_node[7]~16   ; out0             ;
; |Bai2|Datapath:inst|LU:inst3|Mux41_16Bit:inst|busmux:inst|lpm_mux:$00000|mux_boc:auto_generated|result_node[6]~18   ; |Bai2|Datapath:inst|LU:inst3|Mux41_16Bit:inst|busmux:inst|lpm_mux:$00000|mux_boc:auto_generated|result_node[6]~18   ; out0             ;
; |Bai2|Datapath:inst|LU:inst3|Mux41_16Bit:inst|busmux:inst|lpm_mux:$00000|mux_boc:auto_generated|result_node[5]~20   ; |Bai2|Datapath:inst|LU:inst3|Mux41_16Bit:inst|busmux:inst|lpm_mux:$00000|mux_boc:auto_generated|result_node[5]~20   ; out0             ;
; |Bai2|Datapath:inst|LU:inst3|Mux41_16Bit:inst|busmux:inst|lpm_mux:$00000|mux_boc:auto_generated|result_node[4]~22   ; |Bai2|Datapath:inst|LU:inst3|Mux41_16Bit:inst|busmux:inst|lpm_mux:$00000|mux_boc:auto_generated|result_node[4]~22   ; out0             ;
; |Bai2|Datapath:inst|LU:inst3|Mux41_16Bit:inst|busmux:inst|lpm_mux:$00000|mux_boc:auto_generated|result_node[3]~24   ; |Bai2|Datapath:inst|LU:inst3|Mux41_16Bit:inst|busmux:inst|lpm_mux:$00000|mux_boc:auto_generated|result_node[3]~24   ; out0             ;
; |Bai2|Datapath:inst|LU:inst3|Mux41_16Bit:inst|busmux:inst|lpm_mux:$00000|mux_boc:auto_generated|result_node[2]~27   ; |Bai2|Datapath:inst|LU:inst3|Mux41_16Bit:inst|busmux:inst|lpm_mux:$00000|mux_boc:auto_generated|result_node[2]~27   ; out0             ;
; |Bai2|Datapath:inst|LU:inst3|Mux41_16Bit:inst|busmux:inst|lpm_mux:$00000|mux_boc:auto_generated|result_node[1]~29   ; |Bai2|Datapath:inst|LU:inst3|Mux41_16Bit:inst|busmux:inst|lpm_mux:$00000|mux_boc:auto_generated|result_node[1]~29   ; out0             ;
; |Bai2|Datapath:inst|LU:inst3|Mux41_16Bit:inst|busmux:inst|lpm_mux:$00000|mux_boc:auto_generated|result_node[0]~30   ; |Bai2|Datapath:inst|LU:inst3|Mux41_16Bit:inst|busmux:inst|lpm_mux:$00000|mux_boc:auto_generated|result_node[0]~30   ; out0             ;
; |Bai2|Datapath:inst|LU:inst3|Mux41_16Bit:inst|busmux:inst2|lpm_mux:$00000|mux_boc:auto_generated|result_node[15]~0  ; |Bai2|Datapath:inst|LU:inst3|Mux41_16Bit:inst|busmux:inst2|lpm_mux:$00000|mux_boc:auto_generated|result_node[15]~0  ; out0             ;
; |Bai2|Datapath:inst|LU:inst3|Mux41_16Bit:inst|busmux:inst2|lpm_mux:$00000|mux_boc:auto_generated|result_node[15]~1  ; |Bai2|Datapath:inst|LU:inst3|Mux41_16Bit:inst|busmux:inst2|lpm_mux:$00000|mux_boc:auto_generated|result_node[15]~1  ; out0             ;
; |Bai2|Datapath:inst|LU:inst3|Mux41_16Bit:inst|busmux:inst2|lpm_mux:$00000|mux_boc:auto_generated|result_node[15]    ; |Bai2|Datapath:inst|LU:inst3|Mux41_16Bit:inst|busmux:inst2|lpm_mux:$00000|mux_boc:auto_generated|result_node[15]    ; out0             ;
; |Bai2|Datapath:inst|LU:inst3|Mux41_16Bit:inst|busmux:inst2|lpm_mux:$00000|mux_boc:auto_generated|result_node[14]~2  ; |Bai2|Datapath:inst|LU:inst3|Mux41_16Bit:inst|busmux:inst2|lpm_mux:$00000|mux_boc:auto_generated|result_node[14]~2  ; out0             ;
; |Bai2|Datapath:inst|LU:inst3|Mux41_16Bit:inst|busmux:inst2|lpm_mux:$00000|mux_boc:auto_generated|result_node[14]~3  ; |Bai2|Datapath:inst|LU:inst3|Mux41_16Bit:inst|busmux:inst2|lpm_mux:$00000|mux_boc:auto_generated|result_node[14]~3  ; out0             ;
; |Bai2|Datapath:inst|LU:inst3|Mux41_16Bit:inst|busmux:inst2|lpm_mux:$00000|mux_boc:auto_generated|result_node[14]    ; |Bai2|Datapath:inst|LU:inst3|Mux41_16Bit:inst|busmux:inst2|lpm_mux:$00000|mux_boc:auto_generated|result_node[14]    ; out0             ;
; |Bai2|Datapath:inst|LU:inst3|Mux41_16Bit:inst|busmux:inst2|lpm_mux:$00000|mux_boc:auto_generated|result_node[13]~4  ; |Bai2|Datapath:inst|LU:inst3|Mux41_16Bit:inst|busmux:inst2|lpm_mux:$00000|mux_boc:auto_generated|result_node[13]~4  ; out0             ;
; |Bai2|Datapath:inst|LU:inst3|Mux41_16Bit:inst|busmux:inst2|lpm_mux:$00000|mux_boc:auto_generated|result_node[13]~5  ; |Bai2|Datapath:inst|LU:inst3|Mux41_16Bit:inst|busmux:inst2|lpm_mux:$00000|mux_boc:auto_generated|result_node[13]~5  ; out0             ;
; |Bai2|Datapath:inst|LU:inst3|Mux41_16Bit:inst|busmux:inst2|lpm_mux:$00000|mux_boc:auto_generated|result_node[13]    ; |Bai2|Datapath:inst|LU:inst3|Mux41_16Bit:inst|busmux:inst2|lpm_mux:$00000|mux_boc:auto_generated|result_node[13]    ; out0             ;
; |Bai2|Datapath:inst|LU:inst3|Mux41_16Bit:inst|busmux:inst2|lpm_mux:$00000|mux_boc:auto_generated|result_node[12]~6  ; |Bai2|Datapath:inst|LU:inst3|Mux41_16Bit:inst|busmux:inst2|lpm_mux:$00000|mux_boc:auto_generated|result_node[12]~6  ; out0             ;
; |Bai2|Datapath:inst|LU:inst3|Mux41_16Bit:inst|busmux:inst2|lpm_mux:$00000|mux_boc:auto_generated|result_node[12]~7  ; |Bai2|Datapath:inst|LU:inst3|Mux41_16Bit:inst|busmux:inst2|lpm_mux:$00000|mux_boc:auto_generated|result_node[12]~7  ; out0             ;
; |Bai2|Datapath:inst|LU:inst3|Mux41_16Bit:inst|busmux:inst2|lpm_mux:$00000|mux_boc:auto_generated|result_node[12]    ; |Bai2|Datapath:inst|LU:inst3|Mux41_16Bit:inst|busmux:inst2|lpm_mux:$00000|mux_boc:auto_generated|result_node[12]    ; out0             ;
; |Bai2|Datapath:inst|LU:inst3|Mux41_16Bit:inst|busmux:inst2|lpm_mux:$00000|mux_boc:auto_generated|result_node[11]~8  ; |Bai2|Datapath:inst|LU:inst3|Mux41_16Bit:inst|busmux:inst2|lpm_mux:$00000|mux_boc:auto_generated|result_node[11]~8  ; out0             ;
; |Bai2|Datapath:inst|LU:inst3|Mux41_16Bit:inst|busmux:inst2|lpm_mux:$00000|mux_boc:auto_generated|result_node[11]~9  ; |Bai2|Datapath:inst|LU:inst3|Mux41_16Bit:inst|busmux:inst2|lpm_mux:$00000|mux_boc:auto_generated|result_node[11]~9  ; out0             ;
; |Bai2|Datapath:inst|LU:inst3|Mux41_16Bit:inst|busmux:inst2|lpm_mux:$00000|mux_boc:auto_generated|result_node[11]    ; |Bai2|Datapath:inst|LU:inst3|Mux41_16Bit:inst|busmux:inst2|lpm_mux:$00000|mux_boc:auto_generated|result_node[11]    ; out0             ;
; |Bai2|Datapath:inst|LU:inst3|Mux41_16Bit:inst|busmux:inst2|lpm_mux:$00000|mux_boc:auto_generated|result_node[10]~10 ; |Bai2|Datapath:inst|LU:inst3|Mux41_16Bit:inst|busmux:inst2|lpm_mux:$00000|mux_boc:auto_generated|result_node[10]~10 ; out0             ;
; |Bai2|Datapath:inst|LU:inst3|Mux41_16Bit:inst|busmux:inst2|lpm_mux:$00000|mux_boc:auto_generated|result_node[10]~11 ; |Bai2|Datapath:inst|LU:inst3|Mux41_16Bit:inst|busmux:inst2|lpm_mux:$00000|mux_boc:auto_generated|result_node[10]~11 ; out0             ;
; |Bai2|Datapath:inst|LU:inst3|Mux41_16Bit:inst|busmux:inst2|lpm_mux:$00000|mux_boc:auto_generated|result_node[10]    ; |Bai2|Datapath:inst|LU:inst3|Mux41_16Bit:inst|busmux:inst2|lpm_mux:$00000|mux_boc:auto_generated|result_node[10]    ; out0             ;
; |Bai2|Datapath:inst|LU:inst3|Mux41_16Bit:inst|busmux:inst2|lpm_mux:$00000|mux_boc:auto_generated|result_node[9]~12  ; |Bai2|Datapath:inst|LU:inst3|Mux41_16Bit:inst|busmux:inst2|lpm_mux:$00000|mux_boc:auto_generated|result_node[9]~12  ; out0             ;
; |Bai2|Datapath:inst|LU:inst3|Mux41_16Bit:inst|busmux:inst2|lpm_mux:$00000|mux_boc:auto_generated|result_node[9]~13  ; |Bai2|Datapath:inst|LU:inst3|Mux41_16Bit:inst|busmux:inst2|lpm_mux:$00000|mux_boc:auto_generated|result_node[9]~13  ; out0             ;
; |Bai2|Datapath:inst|LU:inst3|Mux41_16Bit:inst|busmux:inst2|lpm_mux:$00000|mux_boc:auto_generated|result_node[9]     ; |Bai2|Datapath:inst|LU:inst3|Mux41_16Bit:inst|busmux:inst2|lpm_mux:$00000|mux_boc:auto_generated|result_node[9]     ; out0             ;
; |Bai2|Datapath:inst|LU:inst3|Mux41_16Bit:inst|busmux:inst2|lpm_mux:$00000|mux_boc:auto_generated|result_node[8]~14  ; |Bai2|Datapath:inst|LU:inst3|Mux41_16Bit:inst|busmux:inst2|lpm_mux:$00000|mux_boc:auto_generated|result_node[8]~14  ; out0             ;
; |Bai2|Datapath:inst|LU:inst3|Mux41_16Bit:inst|busmux:inst2|lpm_mux:$00000|mux_boc:auto_generated|result_node[8]~15  ; |Bai2|Datapath:inst|LU:inst3|Mux41_16Bit:inst|busmux:inst2|lpm_mux:$00000|mux_boc:auto_generated|result_node[8]~15  ; out0             ;
; |Bai2|Datapath:inst|LU:inst3|Mux41_16Bit:inst|busmux:inst2|lpm_mux:$00000|mux_boc:auto_generated|result_node[8]     ; |Bai2|Datapath:inst|LU:inst3|Mux41_16Bit:inst|busmux:inst2|lpm_mux:$00000|mux_boc:auto_generated|result_node[8]     ; out0             ;
; |Bai2|Datapath:inst|LU:inst3|Mux41_16Bit:inst|busmux:inst2|lpm_mux:$00000|mux_boc:auto_generated|result_node[7]~16  ; |Bai2|Datapath:inst|LU:inst3|Mux41_16Bit:inst|busmux:inst2|lpm_mux:$00000|mux_boc:auto_generated|result_node[7]~16  ; out0             ;
; |Bai2|Datapath:inst|LU:inst3|Mux41_16Bit:inst|busmux:inst2|lpm_mux:$00000|mux_boc:auto_generated|result_node[7]~17  ; |Bai2|Datapath:inst|LU:inst3|Mux41_16Bit:inst|busmux:inst2|lpm_mux:$00000|mux_boc:auto_generated|result_node[7]~17  ; out0             ;
; |Bai2|Datapath:inst|LU:inst3|Mux41_16Bit:inst|busmux:inst2|lpm_mux:$00000|mux_boc:auto_generated|result_node[7]     ; |Bai2|Datapath:inst|LU:inst3|Mux41_16Bit:inst|busmux:inst2|lpm_mux:$00000|mux_boc:auto_generated|result_node[7]     ; out0             ;
; |Bai2|Datapath:inst|LU:inst3|Mux41_16Bit:inst|busmux:inst2|lpm_mux:$00000|mux_boc:auto_generated|result_node[6]~18  ; |Bai2|Datapath:inst|LU:inst3|Mux41_16Bit:inst|busmux:inst2|lpm_mux:$00000|mux_boc:auto_generated|result_node[6]~18  ; out0             ;
; |Bai2|Datapath:inst|LU:inst3|Mux41_16Bit:inst|busmux:inst2|lpm_mux:$00000|mux_boc:auto_generated|result_node[6]~19  ; |Bai2|Datapath:inst|LU:inst3|Mux41_16Bit:inst|busmux:inst2|lpm_mux:$00000|mux_boc:auto_generated|result_node[6]~19  ; out0             ;
; |Bai2|Datapath:inst|LU:inst3|Mux41_16Bit:inst|busmux:inst2|lpm_mux:$00000|mux_boc:auto_generated|result_node[6]     ; |Bai2|Datapath:inst|LU:inst3|Mux41_16Bit:inst|busmux:inst2|lpm_mux:$00000|mux_boc:auto_generated|result_node[6]     ; out0             ;
; |Bai2|Datapath:inst|LU:inst3|Mux41_16Bit:inst|busmux:inst2|lpm_mux:$00000|mux_boc:auto_generated|result_node[5]~20  ; |Bai2|Datapath:inst|LU:inst3|Mux41_16Bit:inst|busmux:inst2|lpm_mux:$00000|mux_boc:auto_generated|result_node[5]~20  ; out0             ;
; |Bai2|Datapath:inst|LU:inst3|Mux41_16Bit:inst|busmux:inst2|lpm_mux:$00000|mux_boc:auto_generated|result_node[5]~21  ; |Bai2|Datapath:inst|LU:inst3|Mux41_16Bit:inst|busmux:inst2|lpm_mux:$00000|mux_boc:auto_generated|result_node[5]~21  ; out0             ;
; |Bai2|Datapath:inst|LU:inst3|Mux41_16Bit:inst|busmux:inst2|lpm_mux:$00000|mux_boc:auto_generated|result_node[5]     ; |Bai2|Datapath:inst|LU:inst3|Mux41_16Bit:inst|busmux:inst2|lpm_mux:$00000|mux_boc:auto_generated|result_node[5]     ; out0             ;
; |Bai2|Datapath:inst|LU:inst3|Mux41_16Bit:inst|busmux:inst2|lpm_mux:$00000|mux_boc:auto_generated|result_node[4]~22  ; |Bai2|Datapath:inst|LU:inst3|Mux41_16Bit:inst|busmux:inst2|lpm_mux:$00000|mux_boc:auto_generated|result_node[4]~22  ; out0             ;
; |Bai2|Datapath:inst|LU:inst3|Mux41_16Bit:inst|busmux:inst2|lpm_mux:$00000|mux_boc:auto_generated|result_node[4]~23  ; |Bai2|Datapath:inst|LU:inst3|Mux41_16Bit:inst|busmux:inst2|lpm_mux:$00000|mux_boc:auto_generated|result_node[4]~23  ; out0             ;
; |Bai2|Datapath:inst|LU:inst3|Mux41_16Bit:inst|busmux:inst2|lpm_mux:$00000|mux_boc:auto_generated|result_node[4]     ; |Bai2|Datapath:inst|LU:inst3|Mux41_16Bit:inst|busmux:inst2|lpm_mux:$00000|mux_boc:auto_generated|result_node[4]     ; out0             ;
; |Bai2|Datapath:inst|LU:inst3|Mux41_16Bit:inst|busmux:inst2|lpm_mux:$00000|mux_boc:auto_generated|result_node[3]~24  ; |Bai2|Datapath:inst|LU:inst3|Mux41_16Bit:inst|busmux:inst2|lpm_mux:$00000|mux_boc:auto_generated|result_node[3]~24  ; out0             ;
; |Bai2|Datapath:inst|LU:inst3|Mux41_16Bit:inst|busmux:inst2|lpm_mux:$00000|mux_boc:auto_generated|result_node[3]~25  ; |Bai2|Datapath:inst|LU:inst3|Mux41_16Bit:inst|busmux:inst2|lpm_mux:$00000|mux_boc:auto_generated|result_node[3]~25  ; out0             ;
; |Bai2|Datapath:inst|LU:inst3|Mux41_16Bit:inst|busmux:inst2|lpm_mux:$00000|mux_boc:auto_generated|result_node[3]     ; |Bai2|Datapath:inst|LU:inst3|Mux41_16Bit:inst|busmux:inst2|lpm_mux:$00000|mux_boc:auto_generated|result_node[3]     ; out0             ;
; |Bai2|Datapath:inst|LU:inst3|Mux41_16Bit:inst|busmux:inst2|lpm_mux:$00000|mux_boc:auto_generated|result_node[2]~26  ; |Bai2|Datapath:inst|LU:inst3|Mux41_16Bit:inst|busmux:inst2|lpm_mux:$00000|mux_boc:auto_generated|result_node[2]~26  ; out0             ;
; |Bai2|Datapath:inst|LU:inst3|Mux41_16Bit:inst|busmux:inst2|lpm_mux:$00000|mux_boc:auto_generated|result_node[1]~28  ; |Bai2|Datapath:inst|LU:inst3|Mux41_16Bit:inst|busmux:inst2|lpm_mux:$00000|mux_boc:auto_generated|result_node[1]~28  ; out0             ;
; |Bai2|Datapath:inst|LU:inst3|Mux41_16Bit:inst|busmux:inst2|lpm_mux:$00000|mux_boc:auto_generated|result_node[0]~30  ; |Bai2|Datapath:inst|LU:inst3|Mux41_16Bit:inst|busmux:inst2|lpm_mux:$00000|mux_boc:auto_generated|result_node[0]~30  ; out0             ;
; |Bai2|Datapath:inst|LU:inst3|Mux41_16Bit:inst|busmux:inst2|lpm_mux:$00000|mux_boc:auto_generated|result_node[0]~31  ; |Bai2|Datapath:inst|LU:inst3|Mux41_16Bit:inst|busmux:inst2|lpm_mux:$00000|mux_boc:auto_generated|result_node[0]~31  ; out0             ;
; |Bai2|Datapath:inst|LU:inst3|Mux41_16Bit:inst|busmux:inst2|lpm_mux:$00000|mux_boc:auto_generated|result_node[0]     ; |Bai2|Datapath:inst|LU:inst3|Mux41_16Bit:inst|busmux:inst2|lpm_mux:$00000|mux_boc:auto_generated|result_node[0]     ; out0             ;
; |Bai2|Datapath:inst|AU:inst|SumorSub:inst3|Sum8Bit:inst1|Sum:inst6|inst                                             ; |Bai2|Datapath:inst|AU:inst|SumorSub:inst3|Sum8Bit:inst1|Sum:inst6|inst                                             ; out0             ;
; |Bai2|Datapath:inst|AU:inst|SumorSub:inst3|Sum8Bit:inst1|Sum:inst6|inst2                                            ; |Bai2|Datapath:inst|AU:inst|SumorSub:inst3|Sum8Bit:inst1|Sum:inst6|inst2                                            ; out0             ;
; |Bai2|Datapath:inst|AU:inst|SumorSub:inst3|Sum8Bit:inst1|Sum:inst6|inst5                                            ; |Bai2|Datapath:inst|AU:inst|SumorSub:inst3|Sum8Bit:inst1|Sum:inst6|inst5                                            ; out0             ;
; |Bai2|Datapath:inst|AU:inst|SumorSub:inst3|Sum8Bit:inst1|Sum:inst6|inst3                                            ; |Bai2|Datapath:inst|AU:inst|SumorSub:inst3|Sum8Bit:inst1|Sum:inst6|inst3                                            ; out0             ;
; |Bai2|Datapath:inst|AU:inst|SumorSub:inst3|Sum8Bit:inst1|Sum:inst7|inst2                                            ; |Bai2|Datapath:inst|AU:inst|SumorSub:inst3|Sum8Bit:inst1|Sum:inst7|inst2                                            ; out0             ;
; |Bai2|Datapath:inst|AU:inst|SumorSub:inst3|Sum8Bit:inst1|Sum:inst7|inst4                                            ; |Bai2|Datapath:inst|AU:inst|SumorSub:inst3|Sum8Bit:inst1|Sum:inst7|inst4                                            ; out0             ;
; |Bai2|Datapath:inst|AU:inst|SumorSub:inst3|Sum8Bit:inst1|Sum:inst7|inst5                                            ; |Bai2|Datapath:inst|AU:inst|SumorSub:inst3|Sum8Bit:inst1|Sum:inst7|inst5                                            ; out0             ;
; |Bai2|Datapath:inst|AU:inst|SumorSub:inst3|Sum8Bit:inst1|Sum:inst7|inst3                                            ; |Bai2|Datapath:inst|AU:inst|SumorSub:inst3|Sum8Bit:inst1|Sum:inst7|inst3                                            ; out0             ;
; |Bai2|Datapath:inst|AU:inst|SumorSub:inst3|Sum8Bit:inst1|Sum:inst3|inst2                                            ; |Bai2|Datapath:inst|AU:inst|SumorSub:inst3|Sum8Bit:inst1|Sum:inst3|inst2                                            ; out0             ;
; |Bai2|Datapath:inst|AU:inst|SumorSub:inst3|Sum8Bit:inst1|Sum:inst3|inst4                                            ; |Bai2|Datapath:inst|AU:inst|SumorSub:inst3|Sum8Bit:inst1|Sum:inst3|inst4                                            ; out0             ;
; |Bai2|Datapath:inst|AU:inst|SumorSub:inst3|Sum8Bit:inst1|Sum:inst3|inst5                                            ; |Bai2|Datapath:inst|AU:inst|SumorSub:inst3|Sum8Bit:inst1|Sum:inst3|inst5                                            ; out0             ;
; |Bai2|Datapath:inst|AU:inst|SumorSub:inst3|Sum8Bit:inst1|Sum:inst3|inst3                                            ; |Bai2|Datapath:inst|AU:inst|SumorSub:inst3|Sum8Bit:inst1|Sum:inst3|inst3                                            ; out0             ;
; |Bai2|Datapath:inst|AU:inst|SumorSub:inst3|Sum8Bit:inst1|Sum:inst5|inst2                                            ; |Bai2|Datapath:inst|AU:inst|SumorSub:inst3|Sum8Bit:inst1|Sum:inst5|inst2                                            ; out0             ;
; |Bai2|Datapath:inst|AU:inst|SumorSub:inst3|Sum8Bit:inst1|Sum:inst5|inst4                                            ; |Bai2|Datapath:inst|AU:inst|SumorSub:inst3|Sum8Bit:inst1|Sum:inst5|inst4                                            ; out0             ;
; |Bai2|Datapath:inst|AU:inst|SumorSub:inst3|Sum8Bit:inst1|Sum:inst5|inst5                                            ; |Bai2|Datapath:inst|AU:inst|SumorSub:inst3|Sum8Bit:inst1|Sum:inst5|inst5                                            ; out0             ;
; |Bai2|Datapath:inst|AU:inst|SumorSub:inst3|Sum8Bit:inst1|Sum:inst5|inst3                                            ; |Bai2|Datapath:inst|AU:inst|SumorSub:inst3|Sum8Bit:inst1|Sum:inst5|inst3                                            ; out0             ;
; |Bai2|Datapath:inst|AU:inst|SumorSub:inst3|Sum8Bit:inst1|Sum:inst4|inst2                                            ; |Bai2|Datapath:inst|AU:inst|SumorSub:inst3|Sum8Bit:inst1|Sum:inst4|inst2                                            ; out0             ;
; |Bai2|Datapath:inst|AU:inst|SumorSub:inst3|Sum8Bit:inst1|Sum:inst4|inst4                                            ; |Bai2|Datapath:inst|AU:inst|SumorSub:inst3|Sum8Bit:inst1|Sum:inst4|inst4                                            ; out0             ;
; |Bai2|Datapath:inst|AU:inst|SumorSub:inst3|Sum8Bit:inst1|Sum:inst4|inst5                                            ; |Bai2|Datapath:inst|AU:inst|SumorSub:inst3|Sum8Bit:inst1|Sum:inst4|inst5                                            ; out0             ;
; |Bai2|Datapath:inst|AU:inst|SumorSub:inst3|Sum8Bit:inst1|Sum:inst4|inst3                                            ; |Bai2|Datapath:inst|AU:inst|SumorSub:inst3|Sum8Bit:inst1|Sum:inst4|inst3                                            ; out0             ;
; |Bai2|Datapath:inst|AU:inst|SumorSub:inst3|Sum8Bit:inst1|Sum:inst2|inst2                                            ; |Bai2|Datapath:inst|AU:inst|SumorSub:inst3|Sum8Bit:inst1|Sum:inst2|inst2                                            ; out0             ;
; |Bai2|Datapath:inst|AU:inst|SumorSub:inst3|Sum8Bit:inst1|Sum:inst2|inst4                                            ; |Bai2|Datapath:inst|AU:inst|SumorSub:inst3|Sum8Bit:inst1|Sum:inst2|inst4                                            ; out0             ;
; |Bai2|Datapath:inst|AU:inst|SumorSub:inst3|Sum8Bit:inst1|Sum:inst2|inst5                                            ; |Bai2|Datapath:inst|AU:inst|SumorSub:inst3|Sum8Bit:inst1|Sum:inst2|inst5                                            ; out0             ;
; |Bai2|Datapath:inst|AU:inst|SumorSub:inst3|Sum8Bit:inst1|Sum:inst2|inst3                                            ; |Bai2|Datapath:inst|AU:inst|SumorSub:inst3|Sum8Bit:inst1|Sum:inst2|inst3                                            ; out0             ;
; |Bai2|Datapath:inst|AU:inst|SumorSub:inst3|Sum8Bit:inst1|Sum:inst1|inst2                                            ; |Bai2|Datapath:inst|AU:inst|SumorSub:inst3|Sum8Bit:inst1|Sum:inst1|inst2                                            ; out0             ;
; |Bai2|Datapath:inst|AU:inst|SumorSub:inst3|Sum8Bit:inst1|Sum:inst1|inst4                                            ; |Bai2|Datapath:inst|AU:inst|SumorSub:inst3|Sum8Bit:inst1|Sum:inst1|inst4                                            ; out0             ;
; |Bai2|Datapath:inst|AU:inst|SumorSub:inst3|Sum8Bit:inst1|Sum:inst1|inst5                                            ; |Bai2|Datapath:inst|AU:inst|SumorSub:inst3|Sum8Bit:inst1|Sum:inst1|inst5                                            ; out0             ;
; |Bai2|Datapath:inst|AU:inst|SumorSub:inst3|Sum8Bit:inst1|Sum:inst1|inst3                                            ; |Bai2|Datapath:inst|AU:inst|SumorSub:inst3|Sum8Bit:inst1|Sum:inst1|inst3                                            ; out0             ;
; |Bai2|Datapath:inst|AU:inst|SumorSub:inst3|Sum8Bit:inst1|Sum:inst|inst2                                             ; |Bai2|Datapath:inst|AU:inst|SumorSub:inst3|Sum8Bit:inst1|Sum:inst|inst2                                             ; out0             ;
; |Bai2|Datapath:inst|AU:inst|SumorSub:inst3|Sum8Bit:inst1|Sum:inst|inst4                                             ; |Bai2|Datapath:inst|AU:inst|SumorSub:inst3|Sum8Bit:inst1|Sum:inst|inst4                                             ; out0             ;
; |Bai2|Datapath:inst|AU:inst|SumorSub:inst3|Sum8Bit:inst1|Sum:inst|inst5                                             ; |Bai2|Datapath:inst|AU:inst|SumorSub:inst3|Sum8Bit:inst1|Sum:inst|inst5                                             ; out0             ;
; |Bai2|Datapath:inst|AU:inst|SumorSub:inst3|Sum8Bit:inst1|Sum:inst|inst3                                             ; |Bai2|Datapath:inst|AU:inst|SumorSub:inst3|Sum8Bit:inst1|Sum:inst|inst3                                             ; out0             ;
; |Bai2|Datapath:inst|AU:inst|SumorSub:inst3|Sum8Bit:inst|Sum:inst6|inst2                                             ; |Bai2|Datapath:inst|AU:inst|SumorSub:inst3|Sum8Bit:inst|Sum:inst6|inst2                                             ; out0             ;
; |Bai2|Datapath:inst|AU:inst|SumorSub:inst3|Sum8Bit:inst|Sum:inst6|inst4                                             ; |Bai2|Datapath:inst|AU:inst|SumorSub:inst3|Sum8Bit:inst|Sum:inst6|inst4                                             ; out0             ;
; |Bai2|Datapath:inst|AU:inst|SumorSub:inst3|Sum8Bit:inst|Sum:inst6|inst5                                             ; |Bai2|Datapath:inst|AU:inst|SumorSub:inst3|Sum8Bit:inst|Sum:inst6|inst5                                             ; out0             ;
; |Bai2|Datapath:inst|AU:inst|SumorSub:inst3|Sum8Bit:inst|Sum:inst6|inst3                                             ; |Bai2|Datapath:inst|AU:inst|SumorSub:inst3|Sum8Bit:inst|Sum:inst6|inst3                                             ; out0             ;
; |Bai2|Datapath:inst|AU:inst|SumorSub:inst3|Sum8Bit:inst|Sum:inst7|inst2                                             ; |Bai2|Datapath:inst|AU:inst|SumorSub:inst3|Sum8Bit:inst|Sum:inst7|inst2                                             ; out0             ;
; |Bai2|Datapath:inst|AU:inst|SumorSub:inst3|Sum8Bit:inst|Sum:inst7|inst4                                             ; |Bai2|Datapath:inst|AU:inst|SumorSub:inst3|Sum8Bit:inst|Sum:inst7|inst4                                             ; out0             ;
; |Bai2|Datapath:inst|AU:inst|SumorSub:inst3|Sum8Bit:inst|Sum:inst7|inst5                                             ; |Bai2|Datapath:inst|AU:inst|SumorSub:inst3|Sum8Bit:inst|Sum:inst7|inst5                                             ; out0             ;
; |Bai2|Datapath:inst|AU:inst|SumorSub:inst3|Sum8Bit:inst|Sum:inst7|inst3                                             ; |Bai2|Datapath:inst|AU:inst|SumorSub:inst3|Sum8Bit:inst|Sum:inst7|inst3                                             ; out0             ;
; |Bai2|Datapath:inst|AU:inst|SumorSub:inst3|Sum8Bit:inst|Sum:inst3|inst2                                             ; |Bai2|Datapath:inst|AU:inst|SumorSub:inst3|Sum8Bit:inst|Sum:inst3|inst2                                             ; out0             ;
; |Bai2|Datapath:inst|AU:inst|SumorSub:inst3|Sum8Bit:inst|Sum:inst3|inst4                                             ; |Bai2|Datapath:inst|AU:inst|SumorSub:inst3|Sum8Bit:inst|Sum:inst3|inst4                                             ; out0             ;
; |Bai2|Datapath:inst|AU:inst|SumorSub:inst3|Sum8Bit:inst|Sum:inst3|inst5                                             ; |Bai2|Datapath:inst|AU:inst|SumorSub:inst3|Sum8Bit:inst|Sum:inst3|inst5                                             ; out0             ;
; |Bai2|Datapath:inst|AU:inst|SumorSub:inst3|Sum8Bit:inst|Sum:inst3|inst3                                             ; |Bai2|Datapath:inst|AU:inst|SumorSub:inst3|Sum8Bit:inst|Sum:inst3|inst3                                             ; out0             ;
; |Bai2|Datapath:inst|AU:inst|SumorSub:inst3|Sum8Bit:inst|Sum:inst5|inst2                                             ; |Bai2|Datapath:inst|AU:inst|SumorSub:inst3|Sum8Bit:inst|Sum:inst5|inst2                                             ; out0             ;
; |Bai2|Datapath:inst|AU:inst|SumorSub:inst3|Sum8Bit:inst|Sum:inst5|inst4                                             ; |Bai2|Datapath:inst|AU:inst|SumorSub:inst3|Sum8Bit:inst|Sum:inst5|inst4                                             ; out0             ;
; |Bai2|Datapath:inst|AU:inst|SumorSub:inst3|Sum8Bit:inst|Sum:inst5|inst5                                             ; |Bai2|Datapath:inst|AU:inst|SumorSub:inst3|Sum8Bit:inst|Sum:inst5|inst5                                             ; out0             ;
; |Bai2|Datapath:inst|AU:inst|SumorSub:inst3|Sum8Bit:inst|Sum:inst5|inst3                                             ; |Bai2|Datapath:inst|AU:inst|SumorSub:inst3|Sum8Bit:inst|Sum:inst5|inst3                                             ; out0             ;
; |Bai2|Datapath:inst|AU:inst|SumorSub:inst3|Sum8Bit:inst|Sum:inst4|inst2                                             ; |Bai2|Datapath:inst|AU:inst|SumorSub:inst3|Sum8Bit:inst|Sum:inst4|inst2                                             ; out0             ;
; |Bai2|Datapath:inst|AU:inst|SumorSub:inst3|Sum8Bit:inst|Sum:inst4|inst4                                             ; |Bai2|Datapath:inst|AU:inst|SumorSub:inst3|Sum8Bit:inst|Sum:inst4|inst4                                             ; out0             ;
; |Bai2|Datapath:inst|AU:inst|SumorSub:inst3|Sum8Bit:inst|Sum:inst4|inst5                                             ; |Bai2|Datapath:inst|AU:inst|SumorSub:inst3|Sum8Bit:inst|Sum:inst4|inst5                                             ; out0             ;
; |Bai2|Datapath:inst|AU:inst|SumorSub:inst3|Sum8Bit:inst|Sum:inst4|inst3                                             ; |Bai2|Datapath:inst|AU:inst|SumorSub:inst3|Sum8Bit:inst|Sum:inst4|inst3                                             ; out0             ;
; |Bai2|Datapath:inst|AU:inst|SumorSub:inst3|Sum8Bit:inst|Sum:inst2|inst2                                             ; |Bai2|Datapath:inst|AU:inst|SumorSub:inst3|Sum8Bit:inst|Sum:inst2|inst2                                             ; out0             ;
; |Bai2|Datapath:inst|AU:inst|SumorSub:inst3|Sum8Bit:inst|Sum:inst2|inst4                                             ; |Bai2|Datapath:inst|AU:inst|SumorSub:inst3|Sum8Bit:inst|Sum:inst2|inst4                                             ; out0             ;
; |Bai2|Datapath:inst|AU:inst|SumorSub:inst3|Sum8Bit:inst|Sum:inst2|inst5                                             ; |Bai2|Datapath:inst|AU:inst|SumorSub:inst3|Sum8Bit:inst|Sum:inst2|inst5                                             ; out0             ;
; |Bai2|Datapath:inst|AU:inst|SumorSub:inst3|Sum8Bit:inst|Sum:inst2|inst3                                             ; |Bai2|Datapath:inst|AU:inst|SumorSub:inst3|Sum8Bit:inst|Sum:inst2|inst3                                             ; out0             ;
; |Bai2|Datapath:inst|AU:inst|SumorSub:inst3|Sum8Bit:inst|Sum:inst1|inst2                                             ; |Bai2|Datapath:inst|AU:inst|SumorSub:inst3|Sum8Bit:inst|Sum:inst1|inst2                                             ; out0             ;
; |Bai2|Datapath:inst|AU:inst|SumorSub:inst3|Sum8Bit:inst|Sum:inst1|inst4                                             ; |Bai2|Datapath:inst|AU:inst|SumorSub:inst3|Sum8Bit:inst|Sum:inst1|inst4                                             ; out0             ;
; |Bai2|Datapath:inst|AU:inst|SumorSub:inst3|Sum8Bit:inst|Sum:inst1|inst5                                             ; |Bai2|Datapath:inst|AU:inst|SumorSub:inst3|Sum8Bit:inst|Sum:inst1|inst5                                             ; out0             ;
; |Bai2|Datapath:inst|AU:inst|SumorSub:inst3|Sum8Bit:inst|Sum:inst1|inst3                                             ; |Bai2|Datapath:inst|AU:inst|SumorSub:inst3|Sum8Bit:inst|Sum:inst1|inst3                                             ; out0             ;
; |Bai2|Datapath:inst|AU:inst|SumorSub:inst|Sum8Bit:inst1|Sum:inst6|inst5                                             ; |Bai2|Datapath:inst|AU:inst|SumorSub:inst|Sum8Bit:inst1|Sum:inst6|inst5                                             ; out0             ;
; |Bai2|Datapath:inst|AU:inst|SumorSub:inst|Sum8Bit:inst1|Sum:inst6|inst3                                             ; |Bai2|Datapath:inst|AU:inst|SumorSub:inst|Sum8Bit:inst1|Sum:inst6|inst3                                             ; out0             ;
; |Bai2|Datapath:inst|AU:inst|SumorSub:inst|Sum8Bit:inst1|Sum:inst7|inst1                                             ; |Bai2|Datapath:inst|AU:inst|SumorSub:inst|Sum8Bit:inst1|Sum:inst7|inst1                                             ; out0             ;
; |Bai2|Datapath:inst|AU:inst|SumorSub:inst|Sum8Bit:inst1|Sum:inst7|inst                                              ; |Bai2|Datapath:inst|AU:inst|SumorSub:inst|Sum8Bit:inst1|Sum:inst7|inst                                              ; out0             ;
; |Bai2|Datapath:inst|AU:inst|SumorSub:inst|Sum8Bit:inst1|Sum:inst7|inst2                                             ; |Bai2|Datapath:inst|AU:inst|SumorSub:inst|Sum8Bit:inst1|Sum:inst7|inst2                                             ; out0             ;
; |Bai2|Datapath:inst|AU:inst|SumorSub:inst|Sum8Bit:inst1|Sum:inst7|inst4                                             ; |Bai2|Datapath:inst|AU:inst|SumorSub:inst|Sum8Bit:inst1|Sum:inst7|inst4                                             ; out0             ;
; |Bai2|Datapath:inst|AU:inst|SumorSub:inst|Sum8Bit:inst1|Sum:inst7|inst5                                             ; |Bai2|Datapath:inst|AU:inst|SumorSub:inst|Sum8Bit:inst1|Sum:inst7|inst5                                             ; out0             ;
; |Bai2|Datapath:inst|AU:inst|SumorSub:inst|Sum8Bit:inst1|Sum:inst7|inst3                                             ; |Bai2|Datapath:inst|AU:inst|SumorSub:inst|Sum8Bit:inst1|Sum:inst7|inst3                                             ; out0             ;
; |Bai2|Datapath:inst|AU:inst|SumorSub:inst|Sum8Bit:inst1|Sum:inst3|inst1                                             ; |Bai2|Datapath:inst|AU:inst|SumorSub:inst|Sum8Bit:inst1|Sum:inst3|inst1                                             ; out0             ;
; |Bai2|Datapath:inst|AU:inst|SumorSub:inst|Sum8Bit:inst1|Sum:inst3|inst                                              ; |Bai2|Datapath:inst|AU:inst|SumorSub:inst|Sum8Bit:inst1|Sum:inst3|inst                                              ; out0             ;
; |Bai2|Datapath:inst|AU:inst|SumorSub:inst|Sum8Bit:inst1|Sum:inst3|inst2                                             ; |Bai2|Datapath:inst|AU:inst|SumorSub:inst|Sum8Bit:inst1|Sum:inst3|inst2                                             ; out0             ;
; |Bai2|Datapath:inst|AU:inst|SumorSub:inst|Sum8Bit:inst1|Sum:inst3|inst4                                             ; |Bai2|Datapath:inst|AU:inst|SumorSub:inst|Sum8Bit:inst1|Sum:inst3|inst4                                             ; out0             ;
; |Bai2|Datapath:inst|AU:inst|SumorSub:inst|Sum8Bit:inst1|Sum:inst3|inst5                                             ; |Bai2|Datapath:inst|AU:inst|SumorSub:inst|Sum8Bit:inst1|Sum:inst3|inst5                                             ; out0             ;
; |Bai2|Datapath:inst|AU:inst|SumorSub:inst|Sum8Bit:inst1|Sum:inst3|inst3                                             ; |Bai2|Datapath:inst|AU:inst|SumorSub:inst|Sum8Bit:inst1|Sum:inst3|inst3                                             ; out0             ;
; |Bai2|Datapath:inst|AU:inst|SumorSub:inst|Sum8Bit:inst1|Sum:inst5|inst2                                             ; |Bai2|Datapath:inst|AU:inst|SumorSub:inst|Sum8Bit:inst1|Sum:inst5|inst2                                             ; out0             ;
; |Bai2|Datapath:inst|AU:inst|SumorSub:inst|Sum8Bit:inst1|Sum:inst5|inst4                                             ; |Bai2|Datapath:inst|AU:inst|SumorSub:inst|Sum8Bit:inst1|Sum:inst5|inst4                                             ; out0             ;
; |Bai2|Datapath:inst|AU:inst|SumorSub:inst|Sum8Bit:inst1|Sum:inst5|inst5                                             ; |Bai2|Datapath:inst|AU:inst|SumorSub:inst|Sum8Bit:inst1|Sum:inst5|inst5                                             ; out0             ;
; |Bai2|Datapath:inst|AU:inst|SumorSub:inst|Sum8Bit:inst1|Sum:inst5|inst3                                             ; |Bai2|Datapath:inst|AU:inst|SumorSub:inst|Sum8Bit:inst1|Sum:inst5|inst3                                             ; out0             ;
; |Bai2|Datapath:inst|AU:inst|SumorSub:inst|Sum8Bit:inst1|Sum:inst4|inst2                                             ; |Bai2|Datapath:inst|AU:inst|SumorSub:inst|Sum8Bit:inst1|Sum:inst4|inst2                                             ; out0             ;
; |Bai2|Datapath:inst|AU:inst|SumorSub:inst|Sum8Bit:inst1|Sum:inst4|inst4                                             ; |Bai2|Datapath:inst|AU:inst|SumorSub:inst|Sum8Bit:inst1|Sum:inst4|inst4                                             ; out0             ;
; |Bai2|Datapath:inst|AU:inst|SumorSub:inst|Sum8Bit:inst1|Sum:inst4|inst5                                             ; |Bai2|Datapath:inst|AU:inst|SumorSub:inst|Sum8Bit:inst1|Sum:inst4|inst5                                             ; out0             ;
; |Bai2|Datapath:inst|AU:inst|SumorSub:inst|Sum8Bit:inst1|Sum:inst4|inst3                                             ; |Bai2|Datapath:inst|AU:inst|SumorSub:inst|Sum8Bit:inst1|Sum:inst4|inst3                                             ; out0             ;
; |Bai2|Datapath:inst|AU:inst|SumorSub:inst|Sum8Bit:inst1|Sum:inst2|inst2                                             ; |Bai2|Datapath:inst|AU:inst|SumorSub:inst|Sum8Bit:inst1|Sum:inst2|inst2                                             ; out0             ;
; |Bai2|Datapath:inst|AU:inst|SumorSub:inst|Sum8Bit:inst1|Sum:inst2|inst4                                             ; |Bai2|Datapath:inst|AU:inst|SumorSub:inst|Sum8Bit:inst1|Sum:inst2|inst4                                             ; out0             ;
; |Bai2|Datapath:inst|AU:inst|SumorSub:inst|Sum8Bit:inst1|Sum:inst2|inst5                                             ; |Bai2|Datapath:inst|AU:inst|SumorSub:inst|Sum8Bit:inst1|Sum:inst2|inst5                                             ; out0             ;
; |Bai2|Datapath:inst|AU:inst|SumorSub:inst|Sum8Bit:inst1|Sum:inst2|inst3                                             ; |Bai2|Datapath:inst|AU:inst|SumorSub:inst|Sum8Bit:inst1|Sum:inst2|inst3                                             ; out0             ;
; |Bai2|Datapath:inst|AU:inst|SumorSub:inst|Sum8Bit:inst1|Sum:inst1|inst2                                             ; |Bai2|Datapath:inst|AU:inst|SumorSub:inst|Sum8Bit:inst1|Sum:inst1|inst2                                             ; out0             ;
; |Bai2|Datapath:inst|AU:inst|SumorSub:inst|Sum8Bit:inst1|Sum:inst1|inst4                                             ; |Bai2|Datapath:inst|AU:inst|SumorSub:inst|Sum8Bit:inst1|Sum:inst1|inst4                                             ; out0             ;
; |Bai2|Datapath:inst|AU:inst|SumorSub:inst|Sum8Bit:inst1|Sum:inst1|inst5                                             ; |Bai2|Datapath:inst|AU:inst|SumorSub:inst|Sum8Bit:inst1|Sum:inst1|inst5                                             ; out0             ;
; |Bai2|Datapath:inst|AU:inst|SumorSub:inst|Sum8Bit:inst1|Sum:inst1|inst3                                             ; |Bai2|Datapath:inst|AU:inst|SumorSub:inst|Sum8Bit:inst1|Sum:inst1|inst3                                             ; out0             ;
; |Bai2|Datapath:inst|AU:inst|SumorSub:inst|Sum8Bit:inst1|Sum:inst|inst2                                              ; |Bai2|Datapath:inst|AU:inst|SumorSub:inst|Sum8Bit:inst1|Sum:inst|inst2                                              ; out0             ;
; |Bai2|Datapath:inst|AU:inst|SumorSub:inst|Sum8Bit:inst1|Sum:inst|inst4                                              ; |Bai2|Datapath:inst|AU:inst|SumorSub:inst|Sum8Bit:inst1|Sum:inst|inst4                                              ; out0             ;
; |Bai2|Datapath:inst|AU:inst|SumorSub:inst|Sum8Bit:inst1|Sum:inst|inst5                                              ; |Bai2|Datapath:inst|AU:inst|SumorSub:inst|Sum8Bit:inst1|Sum:inst|inst5                                              ; out0             ;
; |Bai2|Datapath:inst|AU:inst|SumorSub:inst|Sum8Bit:inst1|Sum:inst|inst3                                              ; |Bai2|Datapath:inst|AU:inst|SumorSub:inst|Sum8Bit:inst1|Sum:inst|inst3                                              ; out0             ;
; |Bai2|Datapath:inst|AU:inst|SumorSub:inst|Sum8Bit:inst|Sum:inst6|inst2                                              ; |Bai2|Datapath:inst|AU:inst|SumorSub:inst|Sum8Bit:inst|Sum:inst6|inst2                                              ; out0             ;
; |Bai2|Datapath:inst|AU:inst|SumorSub:inst|Sum8Bit:inst|Sum:inst6|inst4                                              ; |Bai2|Datapath:inst|AU:inst|SumorSub:inst|Sum8Bit:inst|Sum:inst6|inst4                                              ; out0             ;
; |Bai2|Datapath:inst|AU:inst|SumorSub:inst|Sum8Bit:inst|Sum:inst6|inst5                                              ; |Bai2|Datapath:inst|AU:inst|SumorSub:inst|Sum8Bit:inst|Sum:inst6|inst5                                              ; out0             ;
; |Bai2|Datapath:inst|AU:inst|SumorSub:inst|Sum8Bit:inst|Sum:inst6|inst3                                              ; |Bai2|Datapath:inst|AU:inst|SumorSub:inst|Sum8Bit:inst|Sum:inst6|inst3                                              ; out0             ;
; |Bai2|Datapath:inst|AU:inst|SumorSub:inst|Sum8Bit:inst|Sum:inst7|inst2                                              ; |Bai2|Datapath:inst|AU:inst|SumorSub:inst|Sum8Bit:inst|Sum:inst7|inst2                                              ; out0             ;
; |Bai2|Datapath:inst|AU:inst|SumorSub:inst|Sum8Bit:inst|Sum:inst7|inst4                                              ; |Bai2|Datapath:inst|AU:inst|SumorSub:inst|Sum8Bit:inst|Sum:inst7|inst4                                              ; out0             ;
; |Bai2|Datapath:inst|AU:inst|SumorSub:inst|Sum8Bit:inst|Sum:inst7|inst5                                              ; |Bai2|Datapath:inst|AU:inst|SumorSub:inst|Sum8Bit:inst|Sum:inst7|inst5                                              ; out0             ;
; |Bai2|Datapath:inst|AU:inst|SumorSub:inst|Sum8Bit:inst|Sum:inst7|inst3                                              ; |Bai2|Datapath:inst|AU:inst|SumorSub:inst|Sum8Bit:inst|Sum:inst7|inst3                                              ; out0             ;
; |Bai2|Datapath:inst|AU:inst|SumorSub:inst|Sum8Bit:inst|Sum:inst3|inst2                                              ; |Bai2|Datapath:inst|AU:inst|SumorSub:inst|Sum8Bit:inst|Sum:inst3|inst2                                              ; out0             ;
; |Bai2|Datapath:inst|AU:inst|SumorSub:inst|Sum8Bit:inst|Sum:inst3|inst4                                              ; |Bai2|Datapath:inst|AU:inst|SumorSub:inst|Sum8Bit:inst|Sum:inst3|inst4                                              ; out0             ;
; |Bai2|Datapath:inst|AU:inst|SumorSub:inst|Sum8Bit:inst|Sum:inst3|inst5                                              ; |Bai2|Datapath:inst|AU:inst|SumorSub:inst|Sum8Bit:inst|Sum:inst3|inst5                                              ; out0             ;
; |Bai2|Datapath:inst|AU:inst|SumorSub:inst|Sum8Bit:inst|Sum:inst3|inst3                                              ; |Bai2|Datapath:inst|AU:inst|SumorSub:inst|Sum8Bit:inst|Sum:inst3|inst3                                              ; out0             ;
; |Bai2|Datapath:inst|AU:inst|SumorSub:inst|Sum8Bit:inst|Sum:inst5|inst2                                              ; |Bai2|Datapath:inst|AU:inst|SumorSub:inst|Sum8Bit:inst|Sum:inst5|inst2                                              ; out0             ;
; |Bai2|Datapath:inst|AU:inst|SumorSub:inst|Sum8Bit:inst|Sum:inst5|inst4                                              ; |Bai2|Datapath:inst|AU:inst|SumorSub:inst|Sum8Bit:inst|Sum:inst5|inst4                                              ; out0             ;
; |Bai2|Datapath:inst|AU:inst|SumorSub:inst|Sum8Bit:inst|Sum:inst5|inst5                                              ; |Bai2|Datapath:inst|AU:inst|SumorSub:inst|Sum8Bit:inst|Sum:inst5|inst5                                              ; out0             ;
; |Bai2|Datapath:inst|AU:inst|SumorSub:inst|Sum8Bit:inst|Sum:inst5|inst3                                              ; |Bai2|Datapath:inst|AU:inst|SumorSub:inst|Sum8Bit:inst|Sum:inst5|inst3                                              ; out0             ;
; |Bai2|Datapath:inst|AU:inst|SumorSub:inst|Sum8Bit:inst|Sum:inst4|inst2                                              ; |Bai2|Datapath:inst|AU:inst|SumorSub:inst|Sum8Bit:inst|Sum:inst4|inst2                                              ; out0             ;
; |Bai2|Datapath:inst|AU:inst|SumorSub:inst|Sum8Bit:inst|Sum:inst4|inst4                                              ; |Bai2|Datapath:inst|AU:inst|SumorSub:inst|Sum8Bit:inst|Sum:inst4|inst4                                              ; out0             ;
; |Bai2|Datapath:inst|AU:inst|SumorSub:inst|Sum8Bit:inst|Sum:inst4|inst5                                              ; |Bai2|Datapath:inst|AU:inst|SumorSub:inst|Sum8Bit:inst|Sum:inst4|inst5                                              ; out0             ;
; |Bai2|Datapath:inst|AU:inst|SumorSub:inst|Sum8Bit:inst|Sum:inst4|inst3                                              ; |Bai2|Datapath:inst|AU:inst|SumorSub:inst|Sum8Bit:inst|Sum:inst4|inst3                                              ; out0             ;
; |Bai2|Datapath:inst|AU:inst|SumorSub:inst|Sum8Bit:inst|Sum:inst2|inst2                                              ; |Bai2|Datapath:inst|AU:inst|SumorSub:inst|Sum8Bit:inst|Sum:inst2|inst2                                              ; out0             ;
; |Bai2|Datapath:inst|AU:inst|SumorSub:inst|Sum8Bit:inst|Sum:inst2|inst4                                              ; |Bai2|Datapath:inst|AU:inst|SumorSub:inst|Sum8Bit:inst|Sum:inst2|inst4                                              ; out0             ;
; |Bai2|Datapath:inst|AU:inst|SumorSub:inst|Sum8Bit:inst|Sum:inst2|inst5                                              ; |Bai2|Datapath:inst|AU:inst|SumorSub:inst|Sum8Bit:inst|Sum:inst2|inst5                                              ; out0             ;
; |Bai2|Datapath:inst|AU:inst|SumorSub:inst|Sum8Bit:inst|Sum:inst2|inst3                                              ; |Bai2|Datapath:inst|AU:inst|SumorSub:inst|Sum8Bit:inst|Sum:inst2|inst3                                              ; out0             ;
; |Bai2|Datapath:inst|AU:inst|SumorSub:inst|Sum8Bit:inst|Sum:inst1|inst2                                              ; |Bai2|Datapath:inst|AU:inst|SumorSub:inst|Sum8Bit:inst|Sum:inst1|inst2                                              ; out0             ;
; |Bai2|Datapath:inst|AU:inst|SumorSub:inst|Sum8Bit:inst|Sum:inst1|inst4                                              ; |Bai2|Datapath:inst|AU:inst|SumorSub:inst|Sum8Bit:inst|Sum:inst1|inst4                                              ; out0             ;
; |Bai2|Datapath:inst|AU:inst|SumorSub:inst|Sum8Bit:inst|Sum:inst1|inst5                                              ; |Bai2|Datapath:inst|AU:inst|SumorSub:inst|Sum8Bit:inst|Sum:inst1|inst5                                              ; out0             ;
; |Bai2|Datapath:inst|AU:inst|SumorSub:inst|Sum8Bit:inst|Sum:inst1|inst3                                              ; |Bai2|Datapath:inst|AU:inst|SumorSub:inst|Sum8Bit:inst|Sum:inst1|inst3                                              ; out0             ;
; |Bai2|Datapath:inst|AU:inst|busmux:inst4|lpm_mux:$00000|mux_boc:auto_generated|result_node[15]~0                    ; |Bai2|Datapath:inst|AU:inst|busmux:inst4|lpm_mux:$00000|mux_boc:auto_generated|result_node[15]~0                    ; out0             ;
; |Bai2|Datapath:inst|AU:inst|busmux:inst4|lpm_mux:$00000|mux_boc:auto_generated|result_node[14]~2                    ; |Bai2|Datapath:inst|AU:inst|busmux:inst4|lpm_mux:$00000|mux_boc:auto_generated|result_node[14]~2                    ; out0             ;
; |Bai2|Datapath:inst|AU:inst|busmux:inst4|lpm_mux:$00000|mux_boc:auto_generated|result_node[13]~4                    ; |Bai2|Datapath:inst|AU:inst|busmux:inst4|lpm_mux:$00000|mux_boc:auto_generated|result_node[13]~4                    ; out0             ;
; |Bai2|Datapath:inst|AU:inst|busmux:inst4|lpm_mux:$00000|mux_boc:auto_generated|result_node[12]~6                    ; |Bai2|Datapath:inst|AU:inst|busmux:inst4|lpm_mux:$00000|mux_boc:auto_generated|result_node[12]~6                    ; out0             ;
; |Bai2|Datapath:inst|AU:inst|busmux:inst4|lpm_mux:$00000|mux_boc:auto_generated|result_node[11]~8                    ; |Bai2|Datapath:inst|AU:inst|busmux:inst4|lpm_mux:$00000|mux_boc:auto_generated|result_node[11]~8                    ; out0             ;
; |Bai2|Datapath:inst|AU:inst|busmux:inst4|lpm_mux:$00000|mux_boc:auto_generated|result_node[10]~10                   ; |Bai2|Datapath:inst|AU:inst|busmux:inst4|lpm_mux:$00000|mux_boc:auto_generated|result_node[10]~10                   ; out0             ;
; |Bai2|Datapath:inst|AU:inst|busmux:inst4|lpm_mux:$00000|mux_boc:auto_generated|result_node[9]~12                    ; |Bai2|Datapath:inst|AU:inst|busmux:inst4|lpm_mux:$00000|mux_boc:auto_generated|result_node[9]~12                    ; out0             ;
; |Bai2|Datapath:inst|AU:inst|busmux:inst4|lpm_mux:$00000|mux_boc:auto_generated|result_node[8]~14                    ; |Bai2|Datapath:inst|AU:inst|busmux:inst4|lpm_mux:$00000|mux_boc:auto_generated|result_node[8]~14                    ; out0             ;
; |Bai2|Datapath:inst|AU:inst|busmux:inst4|lpm_mux:$00000|mux_boc:auto_generated|result_node[7]~16                    ; |Bai2|Datapath:inst|AU:inst|busmux:inst4|lpm_mux:$00000|mux_boc:auto_generated|result_node[7]~16                    ; out0             ;
; |Bai2|Datapath:inst|AU:inst|busmux:inst4|lpm_mux:$00000|mux_boc:auto_generated|result_node[6]~18                    ; |Bai2|Datapath:inst|AU:inst|busmux:inst4|lpm_mux:$00000|mux_boc:auto_generated|result_node[6]~18                    ; out0             ;
; |Bai2|Datapath:inst|AU:inst|busmux:inst4|lpm_mux:$00000|mux_boc:auto_generated|result_node[5]~20                    ; |Bai2|Datapath:inst|AU:inst|busmux:inst4|lpm_mux:$00000|mux_boc:auto_generated|result_node[5]~20                    ; out0             ;
; |Bai2|Datapath:inst|AU:inst|busmux:inst4|lpm_mux:$00000|mux_boc:auto_generated|result_node[4]~22                    ; |Bai2|Datapath:inst|AU:inst|busmux:inst4|lpm_mux:$00000|mux_boc:auto_generated|result_node[4]~22                    ; out0             ;
; |Bai2|Datapath:inst|AU:inst|busmux:inst4|lpm_mux:$00000|mux_boc:auto_generated|result_node[3]~24                    ; |Bai2|Datapath:inst|AU:inst|busmux:inst4|lpm_mux:$00000|mux_boc:auto_generated|result_node[3]~24                    ; out0             ;
; |Bai2|Datapath:inst|AU:inst|busmux:inst4|lpm_mux:$00000|mux_boc:auto_generated|result_node[2]~26                    ; |Bai2|Datapath:inst|AU:inst|busmux:inst4|lpm_mux:$00000|mux_boc:auto_generated|result_node[2]~26                    ; out0             ;
; |Bai2|Datapath:inst|AU:inst|busmux:inst4|lpm_mux:$00000|mux_boc:auto_generated|result_node[2]~27                    ; |Bai2|Datapath:inst|AU:inst|busmux:inst4|lpm_mux:$00000|mux_boc:auto_generated|result_node[2]~27                    ; out0             ;
; |Bai2|Datapath:inst|AU:inst|busmux:inst4|lpm_mux:$00000|mux_boc:auto_generated|result_node[2]                       ; |Bai2|Datapath:inst|AU:inst|busmux:inst4|lpm_mux:$00000|mux_boc:auto_generated|result_node[2]                       ; out0             ;
; |Bai2|Datapath:inst|AU:inst|busmux:inst4|lpm_mux:$00000|mux_boc:auto_generated|result_node[1]~28                    ; |Bai2|Datapath:inst|AU:inst|busmux:inst4|lpm_mux:$00000|mux_boc:auto_generated|result_node[1]~28                    ; out0             ;
; |Bai2|Datapath:inst|AU:inst|busmux:inst4|lpm_mux:$00000|mux_boc:auto_generated|result_node[1]~29                    ; |Bai2|Datapath:inst|AU:inst|busmux:inst4|lpm_mux:$00000|mux_boc:auto_generated|result_node[1]~29                    ; out0             ;
; |Bai2|Datapath:inst|AU:inst|busmux:inst4|lpm_mux:$00000|mux_boc:auto_generated|result_node[1]                       ; |Bai2|Datapath:inst|AU:inst|busmux:inst4|lpm_mux:$00000|mux_boc:auto_generated|result_node[1]                       ; out0             ;
; |Bai2|Datapath:inst|AU:inst|busmux:inst4|lpm_mux:$00000|mux_boc:auto_generated|result_node[0]~30                    ; |Bai2|Datapath:inst|AU:inst|busmux:inst4|lpm_mux:$00000|mux_boc:auto_generated|result_node[0]~30                    ; out0             ;
; |Bai2|Datapath:inst|busmux:inst7|lpm_mux:$00000|mux_boc:auto_generated|result_node[15]~0                            ; |Bai2|Datapath:inst|busmux:inst7|lpm_mux:$00000|mux_boc:auto_generated|result_node[15]~0                            ; out0             ;
; |Bai2|Datapath:inst|busmux:inst7|lpm_mux:$00000|mux_boc:auto_generated|result_node[14]~2                            ; |Bai2|Datapath:inst|busmux:inst7|lpm_mux:$00000|mux_boc:auto_generated|result_node[14]~2                            ; out0             ;
; |Bai2|Datapath:inst|busmux:inst7|lpm_mux:$00000|mux_boc:auto_generated|result_node[13]~4                            ; |Bai2|Datapath:inst|busmux:inst7|lpm_mux:$00000|mux_boc:auto_generated|result_node[13]~4                            ; out0             ;
; |Bai2|Datapath:inst|busmux:inst7|lpm_mux:$00000|mux_boc:auto_generated|result_node[12]~6                            ; |Bai2|Datapath:inst|busmux:inst7|lpm_mux:$00000|mux_boc:auto_generated|result_node[12]~6                            ; out0             ;
; |Bai2|Datapath:inst|busmux:inst7|lpm_mux:$00000|mux_boc:auto_generated|result_node[11]~8                            ; |Bai2|Datapath:inst|busmux:inst7|lpm_mux:$00000|mux_boc:auto_generated|result_node[11]~8                            ; out0             ;
; |Bai2|Datapath:inst|busmux:inst7|lpm_mux:$00000|mux_boc:auto_generated|result_node[10]~10                           ; |Bai2|Datapath:inst|busmux:inst7|lpm_mux:$00000|mux_boc:auto_generated|result_node[10]~10                           ; out0             ;
; |Bai2|Datapath:inst|busmux:inst7|lpm_mux:$00000|mux_boc:auto_generated|result_node[9]~12                            ; |Bai2|Datapath:inst|busmux:inst7|lpm_mux:$00000|mux_boc:auto_generated|result_node[9]~12                            ; out0             ;
; |Bai2|Datapath:inst|busmux:inst7|lpm_mux:$00000|mux_boc:auto_generated|result_node[8]~14                            ; |Bai2|Datapath:inst|busmux:inst7|lpm_mux:$00000|mux_boc:auto_generated|result_node[8]~14                            ; out0             ;
; |Bai2|Datapath:inst|busmux:inst7|lpm_mux:$00000|mux_boc:auto_generated|result_node[7]~16                            ; |Bai2|Datapath:inst|busmux:inst7|lpm_mux:$00000|mux_boc:auto_generated|result_node[7]~16                            ; out0             ;
; |Bai2|Datapath:inst|busmux:inst7|lpm_mux:$00000|mux_boc:auto_generated|result_node[6]~18                            ; |Bai2|Datapath:inst|busmux:inst7|lpm_mux:$00000|mux_boc:auto_generated|result_node[6]~18                            ; out0             ;
; |Bai2|Datapath:inst|busmux:inst7|lpm_mux:$00000|mux_boc:auto_generated|result_node[5]~20                            ; |Bai2|Datapath:inst|busmux:inst7|lpm_mux:$00000|mux_boc:auto_generated|result_node[5]~20                            ; out0             ;
; |Bai2|Datapath:inst|busmux:inst7|lpm_mux:$00000|mux_boc:auto_generated|result_node[4]~22                            ; |Bai2|Datapath:inst|busmux:inst7|lpm_mux:$00000|mux_boc:auto_generated|result_node[4]~22                            ; out0             ;
; |Bai2|Datapath:inst|busmux:inst7|lpm_mux:$00000|mux_boc:auto_generated|result_node[3]~24                            ; |Bai2|Datapath:inst|busmux:inst7|lpm_mux:$00000|mux_boc:auto_generated|result_node[3]~24                            ; out0             ;
; |Bai2|Datapath:inst|busmux:inst7|lpm_mux:$00000|mux_boc:auto_generated|result_node[2]~26                            ; |Bai2|Datapath:inst|busmux:inst7|lpm_mux:$00000|mux_boc:auto_generated|result_node[2]~26                            ; out0             ;
; |Bai2|Datapath:inst|busmux:inst7|lpm_mux:$00000|mux_boc:auto_generated|result_node[2]~27                            ; |Bai2|Datapath:inst|busmux:inst7|lpm_mux:$00000|mux_boc:auto_generated|result_node[2]~27                            ; out0             ;
; |Bai2|Datapath:inst|busmux:inst7|lpm_mux:$00000|mux_boc:auto_generated|result_node[2]                               ; |Bai2|Datapath:inst|busmux:inst7|lpm_mux:$00000|mux_boc:auto_generated|result_node[2]                               ; out0             ;
; |Bai2|Datapath:inst|busmux:inst7|lpm_mux:$00000|mux_boc:auto_generated|result_node[1]~28                            ; |Bai2|Datapath:inst|busmux:inst7|lpm_mux:$00000|mux_boc:auto_generated|result_node[1]~28                            ; out0             ;
; |Bai2|Datapath:inst|busmux:inst7|lpm_mux:$00000|mux_boc:auto_generated|result_node[1]~29                            ; |Bai2|Datapath:inst|busmux:inst7|lpm_mux:$00000|mux_boc:auto_generated|result_node[1]~29                            ; out0             ;
; |Bai2|Datapath:inst|busmux:inst7|lpm_mux:$00000|mux_boc:auto_generated|result_node[1]                               ; |Bai2|Datapath:inst|busmux:inst7|lpm_mux:$00000|mux_boc:auto_generated|result_node[1]                               ; out0             ;
; |Bai2|Datapath:inst|busmux:inst7|lpm_mux:$00000|mux_boc:auto_generated|result_node[0]~30                            ; |Bai2|Datapath:inst|busmux:inst7|lpm_mux:$00000|mux_boc:auto_generated|result_node[0]~30                            ; out0             ;
+---------------------------------------------------------------------------------------------------------------------+---------------------------------------------------------------------------------------------------------------------+------------------+


+---------------------+
; Simulator INI Usage ;
+--------+------------+
; Option ; Usage      ;
+--------+------------+


+--------------------+
; Simulator Messages ;
+--------------------+
Info: *******************************************************************
Info: Running Quartus II 64-Bit Simulator
    Info: Version 13.0.1 Build 232 06/12/2013 Service Pack 1 SJ Web Edition
    Info: Processing started: Tue Nov 05 14:50:59 2024
Info: Command: quartus_sim --simulation_results_format=VWF Bai2 -c Bai2
Info (324025): Using vector source file "D:/study/year3/TKLLS/TH/Lab3/Bai2/Waveform2.vwf"
Info (310003): Option to preserve fewer signal transitions to reduce memory requirements is enabled
    Info (310004): Simulation has been partitioned into sub-simulations according to the maximum transition count determined by the engine. Transitions from memory will be flushed out to disk at the end of each sub-simulation to reduce memory requirements.
Info (310002): Simulation partitioned into 1 sub-simulations
Info (328053): Simulation coverage is       1.69 %
Info (328052): Number of transitions in simulation is 179
Info (324045): Vector file Bai2.sim.vwf is saved in VWF text format. You can compress it into CVWF format in order to reduce file size. For more details please refer to the Quartus II Help.
Info: Quartus II 64-Bit Simulator was successful. 0 errors, 0 warnings
    Info: Peak virtual memory: 4445 megabytes
    Info: Processing ended: Tue Nov 05 14:51:00 2024
    Info: Elapsed time: 00:00:01
    Info: Total CPU time (on all processors): 00:00:00


