Simulator report for square_root_SRA
Tue Dec 03 04:39:29 2024
Quartus II 64-Bit Version 13.0.1 Build 232 06/12/2013 Service Pack 1 SJ Web Edition


---------------------
; Table of Contents ;
---------------------
  1. Legal Notice
  2. Simulator Summary
  3. Simulator Settings
  4. Simulation Waveforms
  5. Coverage Summary
  6. Complete 1/0-Value Coverage
  7. Missing 1-Value Coverage
  8. Missing 0-Value Coverage
  9. Simulator INI Usage
 10. Simulator Messages



----------------
; Legal Notice ;
----------------
Copyright (C) 1991-2013 Altera Corporation
Your use of Altera Corporation's design tools, logic functions 
and other software and tools, and its AMPP partner logic 
functions, and any output files from any of the foregoing 
(including device programming or simulation files), and any 
associated documentation or information are expressly subject 
to the terms and conditions of the Altera Program License 
Subscription Agreement, Altera MegaCore Function License 
Agreement, or other applicable license agreement, including, 
without limitation, that your use is for the sole purpose of 
programming logic devices manufactured by Altera and sold by 
Altera or its authorized distributors.  Please refer to the 
applicable agreement for further details.



+--------------------------------------------+
; Simulator Summary                          ;
+-----------------------------+--------------+
; Type                        ; Value        ;
+-----------------------------+--------------+
; Simulation Start Time       ; 0 ps         ;
; Simulation End Time         ; 1.0 us       ;
; Simulation Netlist Size     ; 517 nodes    ;
; Simulation Coverage         ;      59.77 % ;
; Total Number of Transitions ; 3357         ;
; Simulation Breakpoints      ; 0            ;
; Family                      ; Cyclone II   ;
+-----------------------------+--------------+


+---------------------------------------------------------------------------------------------------------------------------------------------------------------------------------------------------------------+
; Simulator Settings                                                                                                                                                                                            ;
+--------------------------------------------------------------------------------------------+--------------------------------------------------------------------------------------------------+---------------+
; Option                                                                                     ; Setting                                                                                          ; Default Value ;
+--------------------------------------------------------------------------------------------+--------------------------------------------------------------------------------------------------+---------------+
; Simulation mode                                                                            ; Functional                                                                                       ; Timing        ;
; Start time                                                                                 ; 0 ns                                                                                             ; 0 ns          ;
; Simulation results format                                                                  ; VWF                                                                                              ;               ;
; Vector input source                                                                        ; D:/Documents/HK5/Thiet_Ke_Luan_Ly_So/Final_do_an_pan2/Final_do_an/square_root_SRA/Waveform16.vwf ;               ;
; Add pins automatically to simulation output waveforms                                      ; On                                                                                               ; On            ;
; Check outputs                                                                              ; Off                                                                                              ; Off           ;
; Report simulation coverage                                                                 ; On                                                                                               ; On            ;
; Display complete 1/0 value coverage report                                                 ; On                                                                                               ; On            ;
; Display missing 1-value coverage report                                                    ; On                                                                                               ; On            ;
; Display missing 0-value coverage report                                                    ; On                                                                                               ; On            ;
; Detect setup and hold time violations                                                      ; Off                                                                                              ; Off           ;
; Detect glitches                                                                            ; Off                                                                                              ; Off           ;
; Disable timing delays in Timing Simulation                                                 ; Off                                                                                              ; Off           ;
; Generate Signal Activity File                                                              ; Off                                                                                              ; Off           ;
; Generate VCD File for PowerPlay Power Analyzer                                             ; Off                                                                                              ; Off           ;
; Group bus channels in simulation results                                                   ; Off                                                                                              ; Off           ;
; Preserve fewer signal transitions to reduce memory requirements                            ; On                                                                                               ; On            ;
; Trigger vector comparison with the specified mode                                          ; INPUT_EDGE                                                                                       ; INPUT_EDGE    ;
; Disable setup and hold time violations detection in input registers of bi-directional pins ; Off                                                                                              ; Off           ;
; Overwrite Waveform Inputs With Simulation Outputs                                          ; Off                                                                                              ;               ;
; Perform Glitch Filtering in Timing Simulation                                              ; Auto                                                                                             ; Auto          ;
+--------------------------------------------------------------------------------------------+--------------------------------------------------------------------------------------------------+---------------+


+----------------------+
; Simulation Waveforms ;
+----------------------+
Waveform report data cannot be output to ASCII.
Please use Quartus II 64-Bit to view the waveform report data.


+--------------------------------------------------------------------+
; Coverage Summary                                                   ;
+-----------------------------------------------------+--------------+
; Type                                                ; Value        ;
+-----------------------------------------------------+--------------+
; Total coverage as a percentage                      ;      59.77 % ;
; Total nodes checked                                 ; 517          ;
; Total output ports checked                          ; 517          ;
; Total output ports with complete 1/0-value coverage ; 309          ;
; Total output ports with no 1/0-value coverage       ; 195          ;
; Total output ports with no 1-value coverage         ; 207          ;
; Total output ports with no 0-value coverage         ; 196          ;
+-----------------------------------------------------+--------------+


The following table displays output ports that toggle between 1 and 0 during simulation.
+------------------------------------------------------------------------------------------------------------------------------------------------------------------------------------------------------------------------------------------------------------+
; Complete 1/0-Value Coverage                                                                                                                                                                                                                                ;
+--------------------------------------------------------------------------------------------------------------------+--------------------------------------------------------------------------------------------------------------------+------------------+
; Node Name                                                                                                          ; Output Port Name                                                                                                   ; Output Port Type ;
+--------------------------------------------------------------------------------------------------------------------+--------------------------------------------------------------------------------------------------------------------+------------------+
; |sra_final2|RESULT[2]                                                                                              ; |sra_final2|RESULT[2]                                                                                              ; pin_out          ;
; |sra_final2|RESULT[0]                                                                                              ; |sra_final2|RESULT[0]                                                                                              ; pin_out          ;
; |sra_final2|CLK                                                                                                    ; |sra_final2|CLK                                                                                                    ; out              ;
; |sra_final2|START                                                                                                  ; |sra_final2|START                                                                                                  ; out              ;
; |sra_final2|A[1]                                                                                                   ; |sra_final2|A[1]                                                                                                   ; out              ;
; |sra_final2|A[0]                                                                                                   ; |sra_final2|A[0]                                                                                                   ; out              ;
; |sra_final2|B[7]                                                                                                   ; |sra_final2|B[7]                                                                                                   ; out              ;
; |sra_final2|B[6]                                                                                                   ; |sra_final2|B[6]                                                                                                   ; out              ;
; |sra_final2|B[5]                                                                                                   ; |sra_final2|B[5]                                                                                                   ; out              ;
; |sra_final2|B[4]                                                                                                   ; |sra_final2|B[4]                                                                                                   ; out              ;
; |sra_final2|B[3]                                                                                                   ; |sra_final2|B[3]                                                                                                   ; out              ;
; |sra_final2|B[2]                                                                                                   ; |sra_final2|B[2]                                                                                                   ; out              ;
; |sra_final2|SRA_CONTROL_BLOCK:inst1|inst6[2]                                                                       ; |sra_final2|SRA_CONTROL_BLOCK:inst1|inst6[2]                                                                       ; out0             ;
; |sra_final2|SRA_CONTROL_BLOCK:inst1|inst6[1]                                                                       ; |sra_final2|SRA_CONTROL_BLOCK:inst1|inst6[1]                                                                       ; out0             ;
; |sra_final2|SRA_CONTROL_BLOCK:inst1|inst6[0]                                                                       ; |sra_final2|SRA_CONTROL_BLOCK:inst1|inst6[0]                                                                       ; out0             ;
; |sra_final2|SRA_CONTROL_BLOCK:inst1|NextState:inst1|inst3                                                          ; |sra_final2|SRA_CONTROL_BLOCK:inst1|NextState:inst1|inst3                                                          ; out0             ;
; |sra_final2|SRA_CONTROL_BLOCK:inst1|NextState:inst1|inst1                                                          ; |sra_final2|SRA_CONTROL_BLOCK:inst1|NextState:inst1|inst1                                                          ; out0             ;
; |sra_final2|SRA_CONTROL_BLOCK:inst1|NextState:inst1|inst2                                                          ; |sra_final2|SRA_CONTROL_BLOCK:inst1|NextState:inst1|inst2                                                          ; out0             ;
; |sra_final2|SRA_CONTROL_BLOCK:inst1|NextState:inst1|inst                                                           ; |sra_final2|SRA_CONTROL_BLOCK:inst1|NextState:inst1|inst                                                           ; out0             ;
; |sra_final2|SRA_CONTROL_BLOCK:inst1|NextState:inst1|inst7                                                          ; |sra_final2|SRA_CONTROL_BLOCK:inst1|NextState:inst1|inst7                                                          ; out0             ;
; |sra_final2|SRA_CONTROL_BLOCK:inst1|CurrentState:inst2|inst                                                        ; |sra_final2|SRA_CONTROL_BLOCK:inst1|CurrentState:inst2|inst                                                        ; regout           ;
; |sra_final2|SRA_CONTROL_BLOCK:inst1|CurrentState:inst2|inst1                                                       ; |sra_final2|SRA_CONTROL_BLOCK:inst1|CurrentState:inst2|inst1                                                       ; regout           ;
; |sra_final2|SRA_CONTROL_BLOCK:inst1|CurrentState:inst2|inst2                                                       ; |sra_final2|SRA_CONTROL_BLOCK:inst1|CurrentState:inst2|inst2                                                       ; regout           ;
; |sra_final2|SRA_CONTROL_BLOCK:inst1|sra_control:inst|inst21                                                        ; |sra_final2|SRA_CONTROL_BLOCK:inst1|sra_control:inst|inst21                                                        ; out0             ;
; |sra_final2|SRA_CONTROL_BLOCK:inst1|sra_control:inst|inst6                                                         ; |sra_final2|SRA_CONTROL_BLOCK:inst1|sra_control:inst|inst6                                                         ; out0             ;
; |sra_final2|SRA_CONTROL_BLOCK:inst1|sra_control:inst|inst5                                                         ; |sra_final2|SRA_CONTROL_BLOCK:inst1|sra_control:inst|inst5                                                         ; out0             ;
; |sra_final2|SRA_CONTROL_BLOCK:inst1|sra_control:inst|inst4                                                         ; |sra_final2|SRA_CONTROL_BLOCK:inst1|sra_control:inst|inst4                                                         ; out0             ;
; |sra_final2|SRA_CONTROL_BLOCK:inst1|sra_control:inst|inst14                                                        ; |sra_final2|SRA_CONTROL_BLOCK:inst1|sra_control:inst|inst14                                                        ; out0             ;
; |sra_final2|SRA_CONTROL_BLOCK:inst1|sra_control:inst|inst13                                                        ; |sra_final2|SRA_CONTROL_BLOCK:inst1|sra_control:inst|inst13                                                        ; out0             ;
; |sra_final2|SRA_CONTROL_BLOCK:inst1|sra_control:inst|inst12                                                        ; |sra_final2|SRA_CONTROL_BLOCK:inst1|sra_control:inst|inst12                                                        ; out0             ;
; |sra_final2|SRA_CONTROL_BLOCK:inst1|sra_control:inst|inst25                                                        ; |sra_final2|SRA_CONTROL_BLOCK:inst1|sra_control:inst|inst25                                                        ; out0             ;
; |sra_final2|SRA_CONTROL_BLOCK:inst1|sra_control:inst|inst27                                                        ; |sra_final2|SRA_CONTROL_BLOCK:inst1|sra_control:inst|inst27                                                        ; out0             ;
; |sra_final2|SRA_CONTROL_BLOCK:inst1|sra_control:inst|inst26                                                        ; |sra_final2|SRA_CONTROL_BLOCK:inst1|sra_control:inst|inst26                                                        ; out0             ;
; |sra_final2|SRA_CONTROL_BLOCK:inst1|sra_control:inst|inst31                                                        ; |sra_final2|SRA_CONTROL_BLOCK:inst1|sra_control:inst|inst31                                                        ; out0             ;
; |sra_final2|SRA_CONTROL_BLOCK:inst1|sra_control:inst|inst33                                                        ; |sra_final2|SRA_CONTROL_BLOCK:inst1|sra_control:inst|inst33                                                        ; out0             ;
; |sra_final2|SRA_CONTROL_BLOCK:inst1|sra_control:inst|inst37                                                        ; |sra_final2|SRA_CONTROL_BLOCK:inst1|sra_control:inst|inst37                                                        ; out0             ;
; |sra_final2|SRA_CONTROL_BLOCK:inst1|sra_control:inst|inst39                                                        ; |sra_final2|SRA_CONTROL_BLOCK:inst1|sra_control:inst|inst39                                                        ; out0             ;
; |sra_final2|SRA_CONTROL_BLOCK:inst1|sra_control:inst|inst41                                                        ; |sra_final2|SRA_CONTROL_BLOCK:inst1|sra_control:inst|inst41                                                        ; out0             ;
; |sra_final2|SRA_CONTROL_BLOCK:inst1|sra_control:inst|inst40                                                        ; |sra_final2|SRA_CONTROL_BLOCK:inst1|sra_control:inst|inst40                                                        ; out0             ;
; |sra_final2|SRA_CONTROL_BLOCK:inst1|sra_control:inst|inst42                                                        ; |sra_final2|SRA_CONTROL_BLOCK:inst1|sra_control:inst|inst42                                                        ; out0             ;
; |sra_final2|SRA_CONTROL_BLOCK:inst1|sra_control:inst|inst44                                                        ; |sra_final2|SRA_CONTROL_BLOCK:inst1|sra_control:inst|inst44                                                        ; out0             ;
; |sra_final2|SRA_CONTROL_BLOCK:inst1|sra_control:inst|inst43                                                        ; |sra_final2|SRA_CONTROL_BLOCK:inst1|sra_control:inst|inst43                                                        ; out0             ;
; |sra_final2|SRA_CONTROL_BLOCK:inst1|sra_control:inst|inst7                                                         ; |sra_final2|SRA_CONTROL_BLOCK:inst1|sra_control:inst|inst7                                                         ; out0             ;
; |sra_final2|SRA_CONTROL_BLOCK:inst1|sra_control:inst|inst11                                                        ; |sra_final2|SRA_CONTROL_BLOCK:inst1|sra_control:inst|inst11                                                        ; out0             ;
; |sra_final2|SRA_CONTROL_BLOCK:inst1|sra_control:inst|inst9                                                         ; |sra_final2|SRA_CONTROL_BLOCK:inst1|sra_control:inst|inst9                                                         ; out0             ;
; |sra_final2|SRA_CONTROL_BLOCK:inst1|sra_control:inst|inst10                                                        ; |sra_final2|SRA_CONTROL_BLOCK:inst1|sra_control:inst|inst10                                                        ; out0             ;
; |sra_final2|SRA_CONTROL_BLOCK:inst1|sra_control:inst|inst8                                                         ; |sra_final2|SRA_CONTROL_BLOCK:inst1|sra_control:inst|inst8                                                         ; out0             ;
; |sra_final2|sra_data:inst|inst12[2]                                                                                ; |sra_final2|sra_data:inst|inst12[2]                                                                                ; out              ;
; |sra_final2|sra_data:inst|inst12[0]                                                                                ; |sra_final2|sra_data:inst|inst12[0]                                                                                ; out              ;
; |sra_final2|sra_data:inst|Register1x8:inst3|RFC:inst12|inst1                                                       ; |sra_final2|sra_data:inst|Register1x8:inst3|RFC:inst12|inst1                                                       ; out              ;
; |sra_final2|sra_data:inst|Register1x8:inst3|RFC:inst12|inst                                                        ; |sra_final2|sra_data:inst|Register1x8:inst3|RFC:inst12|inst                                                        ; regout           ;
; |sra_final2|sra_data:inst|Register1x8:inst3|RFC:inst12|inst4                                                       ; |sra_final2|sra_data:inst|Register1x8:inst3|RFC:inst12|inst4                                                       ; out0             ;
; |sra_final2|sra_data:inst|Register1x8:inst3|RFC:inst12|inst3                                                       ; |sra_final2|sra_data:inst|Register1x8:inst3|RFC:inst12|inst3                                                       ; out0             ;
; |sra_final2|sra_data:inst|Register1x8:inst3|RFC:inst12|inst2                                                       ; |sra_final2|sra_data:inst|Register1x8:inst3|RFC:inst12|inst2                                                       ; out0             ;
; |sra_final2|sra_data:inst|busmux:inst7|lpm_mux:$00000|mux_smc:auto_generated|result_node[2]~11                     ; |sra_final2|sra_data:inst|busmux:inst7|lpm_mux:$00000|mux_smc:auto_generated|result_node[2]~11                     ; out0             ;
; |sra_final2|sra_data:inst|busmux:inst7|lpm_mux:$00000|mux_smc:auto_generated|result_node[2]                        ; |sra_final2|sra_data:inst|busmux:inst7|lpm_mux:$00000|mux_smc:auto_generated|result_node[2]                        ; out0             ;
; |sra_final2|sra_data:inst|busmux:inst7|lpm_mux:$00000|mux_smc:auto_generated|result_node[1]~13                     ; |sra_final2|sra_data:inst|busmux:inst7|lpm_mux:$00000|mux_smc:auto_generated|result_node[1]~13                     ; out0             ;
; |sra_final2|sra_data:inst|busmux:inst7|lpm_mux:$00000|mux_smc:auto_generated|result_node[1]                        ; |sra_final2|sra_data:inst|busmux:inst7|lpm_mux:$00000|mux_smc:auto_generated|result_node[1]                        ; out0             ;
; |sra_final2|sra_data:inst|busmux:inst7|lpm_mux:$00000|mux_smc:auto_generated|result_node[0]~14                     ; |sra_final2|sra_data:inst|busmux:inst7|lpm_mux:$00000|mux_smc:auto_generated|result_node[0]~14                     ; out0             ;
; |sra_final2|sra_data:inst|busmux:inst7|lpm_mux:$00000|mux_smc:auto_generated|result_node[0]~15                     ; |sra_final2|sra_data:inst|busmux:inst7|lpm_mux:$00000|mux_smc:auto_generated|result_node[0]~15                     ; out0             ;
; |sra_final2|sra_data:inst|busmux:inst7|lpm_mux:$00000|mux_smc:auto_generated|result_node[0]                        ; |sra_final2|sra_data:inst|busmux:inst7|lpm_mux:$00000|mux_smc:auto_generated|result_node[0]                        ; out0             ;
; |sra_final2|sra_data:inst|AddAbsSubMin:inst8|inst36                                                                ; |sra_final2|sra_data:inst|AddAbsSubMin:inst8|inst36                                                                ; out0             ;
; |sra_final2|sra_data:inst|AddAbsSubMin:inst8|inst37                                                                ; |sra_final2|sra_data:inst|AddAbsSubMin:inst8|inst37                                                                ; out0             ;
; |sra_final2|sra_data:inst|AddAbsSubMin:inst8|inst28                                                                ; |sra_final2|sra_data:inst|AddAbsSubMin:inst8|inst28                                                                ; out0             ;
; |sra_final2|sra_data:inst|AddAbsSubMin:inst8|inst19[2]                                                             ; |sra_final2|sra_data:inst|AddAbsSubMin:inst8|inst19[2]                                                             ; out0             ;
; |sra_final2|sra_data:inst|AddAbsSubMin:inst8|inst19[1]                                                             ; |sra_final2|sra_data:inst|AddAbsSubMin:inst8|inst19[1]                                                             ; out0             ;
; |sra_final2|sra_data:inst|AddAbsSubMin:inst8|inst19[0]                                                             ; |sra_final2|sra_data:inst|AddAbsSubMin:inst8|inst19[0]                                                             ; out0             ;
; |sra_final2|sra_data:inst|AddAbsSubMin:inst8|inst20                                                                ; |sra_final2|sra_data:inst|AddAbsSubMin:inst8|inst20                                                                ; out0             ;
; |sra_final2|sra_data:inst|AddAbsSubMin:inst8|inst23[7]                                                             ; |sra_final2|sra_data:inst|AddAbsSubMin:inst8|inst23[7]                                                             ; out0             ;
; |sra_final2|sra_data:inst|AddAbsSubMin:inst8|inst23[6]                                                             ; |sra_final2|sra_data:inst|AddAbsSubMin:inst8|inst23[6]                                                             ; out0             ;
; |sra_final2|sra_data:inst|AddAbsSubMin:inst8|inst23[5]                                                             ; |sra_final2|sra_data:inst|AddAbsSubMin:inst8|inst23[5]                                                             ; out0             ;
; |sra_final2|sra_data:inst|AddAbsSubMin:inst8|inst23[4]                                                             ; |sra_final2|sra_data:inst|AddAbsSubMin:inst8|inst23[4]                                                             ; out0             ;
; |sra_final2|sra_data:inst|AddAbsSubMin:inst8|inst23[3]                                                             ; |sra_final2|sra_data:inst|AddAbsSubMin:inst8|inst23[3]                                                             ; out0             ;
; |sra_final2|sra_data:inst|AddAbsSubMin:inst8|inst23[2]                                                             ; |sra_final2|sra_data:inst|AddAbsSubMin:inst8|inst23[2]                                                             ; out0             ;
; |sra_final2|sra_data:inst|AddAbsSubMin:inst8|inst23[1]                                                             ; |sra_final2|sra_data:inst|AddAbsSubMin:inst8|inst23[1]                                                             ; out0             ;
; |sra_final2|sra_data:inst|AddAbsSubMin:inst8|inst23[0]                                                             ; |sra_final2|sra_data:inst|AddAbsSubMin:inst8|inst23[0]                                                             ; out0             ;
; |sra_final2|sra_data:inst|AddAbsSubMin:inst8|inst38                                                                ; |sra_final2|sra_data:inst|AddAbsSubMin:inst8|inst38                                                                ; out0             ;
; |sra_final2|sra_data:inst|AddAbsSubMin:inst8|inst31                                                                ; |sra_final2|sra_data:inst|AddAbsSubMin:inst8|inst31                                                                ; out0             ;
; |sra_final2|sra_data:inst|AddAbsSubMin:inst8|busmux:inst24|lpm_mux:$00000|mux_smc:auto_generated|result_node[7]~1  ; |sra_final2|sra_data:inst|AddAbsSubMin:inst8|busmux:inst24|lpm_mux:$00000|mux_smc:auto_generated|result_node[7]~1  ; out0             ;
; |sra_final2|sra_data:inst|AddAbsSubMin:inst8|busmux:inst24|lpm_mux:$00000|mux_smc:auto_generated|result_node[7]    ; |sra_final2|sra_data:inst|AddAbsSubMin:inst8|busmux:inst24|lpm_mux:$00000|mux_smc:auto_generated|result_node[7]    ; out0             ;
; |sra_final2|sra_data:inst|AddAbsSubMin:inst8|busmux:inst24|lpm_mux:$00000|mux_smc:auto_generated|result_node[6]~3  ; |sra_final2|sra_data:inst|AddAbsSubMin:inst8|busmux:inst24|lpm_mux:$00000|mux_smc:auto_generated|result_node[6]~3  ; out0             ;
; |sra_final2|sra_data:inst|AddAbsSubMin:inst8|busmux:inst24|lpm_mux:$00000|mux_smc:auto_generated|result_node[6]    ; |sra_final2|sra_data:inst|AddAbsSubMin:inst8|busmux:inst24|lpm_mux:$00000|mux_smc:auto_generated|result_node[6]    ; out0             ;
; |sra_final2|sra_data:inst|AddAbsSubMin:inst8|busmux:inst24|lpm_mux:$00000|mux_smc:auto_generated|result_node[5]~5  ; |sra_final2|sra_data:inst|AddAbsSubMin:inst8|busmux:inst24|lpm_mux:$00000|mux_smc:auto_generated|result_node[5]~5  ; out0             ;
; |sra_final2|sra_data:inst|AddAbsSubMin:inst8|busmux:inst24|lpm_mux:$00000|mux_smc:auto_generated|result_node[5]    ; |sra_final2|sra_data:inst|AddAbsSubMin:inst8|busmux:inst24|lpm_mux:$00000|mux_smc:auto_generated|result_node[5]    ; out0             ;
; |sra_final2|sra_data:inst|AddAbsSubMin:inst8|busmux:inst24|lpm_mux:$00000|mux_smc:auto_generated|result_node[4]~7  ; |sra_final2|sra_data:inst|AddAbsSubMin:inst8|busmux:inst24|lpm_mux:$00000|mux_smc:auto_generated|result_node[4]~7  ; out0             ;
; |sra_final2|sra_data:inst|AddAbsSubMin:inst8|busmux:inst24|lpm_mux:$00000|mux_smc:auto_generated|result_node[4]    ; |sra_final2|sra_data:inst|AddAbsSubMin:inst8|busmux:inst24|lpm_mux:$00000|mux_smc:auto_generated|result_node[4]    ; out0             ;
; |sra_final2|sra_data:inst|AddAbsSubMin:inst8|busmux:inst24|lpm_mux:$00000|mux_smc:auto_generated|result_node[3]~9  ; |sra_final2|sra_data:inst|AddAbsSubMin:inst8|busmux:inst24|lpm_mux:$00000|mux_smc:auto_generated|result_node[3]~9  ; out0             ;
; |sra_final2|sra_data:inst|AddAbsSubMin:inst8|busmux:inst24|lpm_mux:$00000|mux_smc:auto_generated|result_node[3]    ; |sra_final2|sra_data:inst|AddAbsSubMin:inst8|busmux:inst24|lpm_mux:$00000|mux_smc:auto_generated|result_node[3]    ; out0             ;
; |sra_final2|sra_data:inst|AddAbsSubMin:inst8|busmux:inst24|lpm_mux:$00000|mux_smc:auto_generated|result_node[2]~10 ; |sra_final2|sra_data:inst|AddAbsSubMin:inst8|busmux:inst24|lpm_mux:$00000|mux_smc:auto_generated|result_node[2]~10 ; out0             ;
; |sra_final2|sra_data:inst|AddAbsSubMin:inst8|busmux:inst24|lpm_mux:$00000|mux_smc:auto_generated|result_node[2]~11 ; |sra_final2|sra_data:inst|AddAbsSubMin:inst8|busmux:inst24|lpm_mux:$00000|mux_smc:auto_generated|result_node[2]~11 ; out0             ;
; |sra_final2|sra_data:inst|AddAbsSubMin:inst8|busmux:inst24|lpm_mux:$00000|mux_smc:auto_generated|result_node[2]    ; |sra_final2|sra_data:inst|AddAbsSubMin:inst8|busmux:inst24|lpm_mux:$00000|mux_smc:auto_generated|result_node[2]    ; out0             ;
; |sra_final2|sra_data:inst|AddAbsSubMin:inst8|busmux:inst24|lpm_mux:$00000|mux_smc:auto_generated|result_node[1]~12 ; |sra_final2|sra_data:inst|AddAbsSubMin:inst8|busmux:inst24|lpm_mux:$00000|mux_smc:auto_generated|result_node[1]~12 ; out0             ;
; |sra_final2|sra_data:inst|AddAbsSubMin:inst8|busmux:inst24|lpm_mux:$00000|mux_smc:auto_generated|result_node[1]~13 ; |sra_final2|sra_data:inst|AddAbsSubMin:inst8|busmux:inst24|lpm_mux:$00000|mux_smc:auto_generated|result_node[1]~13 ; out0             ;
; |sra_final2|sra_data:inst|AddAbsSubMin:inst8|busmux:inst24|lpm_mux:$00000|mux_smc:auto_generated|result_node[1]    ; |sra_final2|sra_data:inst|AddAbsSubMin:inst8|busmux:inst24|lpm_mux:$00000|mux_smc:auto_generated|result_node[1]    ; out0             ;
; |sra_final2|sra_data:inst|AddAbsSubMin:inst8|busmux:inst24|lpm_mux:$00000|mux_smc:auto_generated|result_node[0]~14 ; |sra_final2|sra_data:inst|AddAbsSubMin:inst8|busmux:inst24|lpm_mux:$00000|mux_smc:auto_generated|result_node[0]~14 ; out0             ;
; |sra_final2|sra_data:inst|AddAbsSubMin:inst8|busmux:inst24|lpm_mux:$00000|mux_smc:auto_generated|result_node[0]~15 ; |sra_final2|sra_data:inst|AddAbsSubMin:inst8|busmux:inst24|lpm_mux:$00000|mux_smc:auto_generated|result_node[0]~15 ; out0             ;
; |sra_final2|sra_data:inst|AddAbsSubMin:inst8|busmux:inst24|lpm_mux:$00000|mux_smc:auto_generated|result_node[0]    ; |sra_final2|sra_data:inst|AddAbsSubMin:inst8|busmux:inst24|lpm_mux:$00000|mux_smc:auto_generated|result_node[0]    ; out0             ;
; |sra_final2|sra_data:inst|AddAbsSubMin:inst8|Adder8bit:inst|FullAdder:inst4|inst1                                  ; |sra_final2|sra_data:inst|AddAbsSubMin:inst8|Adder8bit:inst|FullAdder:inst4|inst1                                  ; out0             ;
; |sra_final2|sra_data:inst|AddAbsSubMin:inst8|Adder8bit:inst|FullAdder:inst4|inst                                   ; |sra_final2|sra_data:inst|AddAbsSubMin:inst8|Adder8bit:inst|FullAdder:inst4|inst                                   ; out0             ;
; |sra_final2|sra_data:inst|AddAbsSubMin:inst8|Adder8bit:inst|FullAdder:inst4|inst2                                  ; |sra_final2|sra_data:inst|AddAbsSubMin:inst8|Adder8bit:inst|FullAdder:inst4|inst2                                  ; out0             ;
; |sra_final2|sra_data:inst|AddAbsSubMin:inst8|Adder8bit:inst|FullAdder:inst4|inst4                                  ; |sra_final2|sra_data:inst|AddAbsSubMin:inst8|Adder8bit:inst|FullAdder:inst4|inst4                                  ; out0             ;
; |sra_final2|sra_data:inst|AddAbsSubMin:inst8|Adder8bit:inst|FullAdder:inst4|inst5                                  ; |sra_final2|sra_data:inst|AddAbsSubMin:inst8|Adder8bit:inst|FullAdder:inst4|inst5                                  ; out0             ;
; |sra_final2|sra_data:inst|AddAbsSubMin:inst8|Adder8bit:inst|FullAdder:inst4|inst3                                  ; |sra_final2|sra_data:inst|AddAbsSubMin:inst8|Adder8bit:inst|FullAdder:inst4|inst3                                  ; out0             ;
; |sra_final2|sra_data:inst|AddAbsSubMin:inst8|Adder8bit:inst|FullAdder:inst6|inst1                                  ; |sra_final2|sra_data:inst|AddAbsSubMin:inst8|Adder8bit:inst|FullAdder:inst6|inst1                                  ; out0             ;
; |sra_final2|sra_data:inst|AddAbsSubMin:inst8|Adder8bit:inst|FullAdder:inst6|inst                                   ; |sra_final2|sra_data:inst|AddAbsSubMin:inst8|Adder8bit:inst|FullAdder:inst6|inst                                   ; out0             ;
; |sra_final2|sra_data:inst|AddAbsSubMin:inst8|Adder8bit:inst|FullAdder:inst6|inst2                                  ; |sra_final2|sra_data:inst|AddAbsSubMin:inst8|Adder8bit:inst|FullAdder:inst6|inst2                                  ; out0             ;
; |sra_final2|sra_data:inst|AddAbsSubMin:inst8|Adder8bit:inst|FullAdder:inst6|inst4                                  ; |sra_final2|sra_data:inst|AddAbsSubMin:inst8|Adder8bit:inst|FullAdder:inst6|inst4                                  ; out0             ;
; |sra_final2|sra_data:inst|AddAbsSubMin:inst8|Adder8bit:inst|FullAdder:inst6|inst5                                  ; |sra_final2|sra_data:inst|AddAbsSubMin:inst8|Adder8bit:inst|FullAdder:inst6|inst5                                  ; out0             ;
; |sra_final2|sra_data:inst|AddAbsSubMin:inst8|Adder8bit:inst|FullAdder:inst6|inst3                                  ; |sra_final2|sra_data:inst|AddAbsSubMin:inst8|Adder8bit:inst|FullAdder:inst6|inst3                                  ; out0             ;
; |sra_final2|sra_data:inst|AddAbsSubMin:inst8|Adder8bit:inst|FullAdder:inst7|inst1                                  ; |sra_final2|sra_data:inst|AddAbsSubMin:inst8|Adder8bit:inst|FullAdder:inst7|inst1                                  ; out0             ;
; |sra_final2|sra_data:inst|AddAbsSubMin:inst8|Adder8bit:inst|FullAdder:inst7|inst                                   ; |sra_final2|sra_data:inst|AddAbsSubMin:inst8|Adder8bit:inst|FullAdder:inst7|inst                                   ; out0             ;
; |sra_final2|sra_data:inst|AddAbsSubMin:inst8|Adder8bit:inst|FullAdder:inst7|inst2                                  ; |sra_final2|sra_data:inst|AddAbsSubMin:inst8|Adder8bit:inst|FullAdder:inst7|inst2                                  ; out0             ;
; |sra_final2|sra_data:inst|AddAbsSubMin:inst8|Adder8bit:inst|FullAdder:inst7|inst4                                  ; |sra_final2|sra_data:inst|AddAbsSubMin:inst8|Adder8bit:inst|FullAdder:inst7|inst4                                  ; out0             ;
; |sra_final2|sra_data:inst|AddAbsSubMin:inst8|Adder8bit:inst|FullAdder:inst7|inst5                                  ; |sra_final2|sra_data:inst|AddAbsSubMin:inst8|Adder8bit:inst|FullAdder:inst7|inst5                                  ; out0             ;
; |sra_final2|sra_data:inst|AddAbsSubMin:inst8|Adder8bit:inst|FullAdder:inst7|inst3                                  ; |sra_final2|sra_data:inst|AddAbsSubMin:inst8|Adder8bit:inst|FullAdder:inst7|inst3                                  ; out0             ;
; |sra_final2|sra_data:inst|AddAbsSubMin:inst8|Adder8bit:inst|FullAdder:inst8|inst1                                  ; |sra_final2|sra_data:inst|AddAbsSubMin:inst8|Adder8bit:inst|FullAdder:inst8|inst1                                  ; out0             ;
; |sra_final2|sra_data:inst|AddAbsSubMin:inst8|Adder8bit:inst|FullAdder:inst8|inst                                   ; |sra_final2|sra_data:inst|AddAbsSubMin:inst8|Adder8bit:inst|FullAdder:inst8|inst                                   ; out0             ;
; |sra_final2|sra_data:inst|AddAbsSubMin:inst8|Adder8bit:inst|FullAdder:inst8|inst2                                  ; |sra_final2|sra_data:inst|AddAbsSubMin:inst8|Adder8bit:inst|FullAdder:inst8|inst2                                  ; out0             ;
; |sra_final2|sra_data:inst|AddAbsSubMin:inst8|Adder8bit:inst|FullAdder:inst8|inst4                                  ; |sra_final2|sra_data:inst|AddAbsSubMin:inst8|Adder8bit:inst|FullAdder:inst8|inst4                                  ; out0             ;
; |sra_final2|sra_data:inst|AddAbsSubMin:inst8|Adder8bit:inst|FullAdder:inst3|inst1                                  ; |sra_final2|sra_data:inst|AddAbsSubMin:inst8|Adder8bit:inst|FullAdder:inst3|inst1                                  ; out0             ;
; |sra_final2|sra_data:inst|AddAbsSubMin:inst8|Adder8bit:inst|FullAdder:inst3|inst                                   ; |sra_final2|sra_data:inst|AddAbsSubMin:inst8|Adder8bit:inst|FullAdder:inst3|inst                                   ; out0             ;
; |sra_final2|sra_data:inst|AddAbsSubMin:inst8|Adder8bit:inst|FullAdder:inst3|inst2                                  ; |sra_final2|sra_data:inst|AddAbsSubMin:inst8|Adder8bit:inst|FullAdder:inst3|inst2                                  ; out0             ;
; |sra_final2|sra_data:inst|AddAbsSubMin:inst8|Adder8bit:inst|FullAdder:inst3|inst4                                  ; |sra_final2|sra_data:inst|AddAbsSubMin:inst8|Adder8bit:inst|FullAdder:inst3|inst4                                  ; out0             ;
; |sra_final2|sra_data:inst|AddAbsSubMin:inst8|Adder8bit:inst|FullAdder:inst2|inst1                                  ; |sra_final2|sra_data:inst|AddAbsSubMin:inst8|Adder8bit:inst|FullAdder:inst2|inst1                                  ; out0             ;
; |sra_final2|sra_data:inst|AddAbsSubMin:inst8|Adder8bit:inst|FullAdder:inst2|inst                                   ; |sra_final2|sra_data:inst|AddAbsSubMin:inst8|Adder8bit:inst|FullAdder:inst2|inst                                   ; out0             ;
; |sra_final2|sra_data:inst|AddAbsSubMin:inst8|Adder8bit:inst|FullAdder:inst2|inst2                                  ; |sra_final2|sra_data:inst|AddAbsSubMin:inst8|Adder8bit:inst|FullAdder:inst2|inst2                                  ; out0             ;
; |sra_final2|sra_data:inst|AddAbsSubMin:inst8|Adder8bit:inst|FullAdder:inst2|inst4                                  ; |sra_final2|sra_data:inst|AddAbsSubMin:inst8|Adder8bit:inst|FullAdder:inst2|inst4                                  ; out0             ;
; |sra_final2|sra_data:inst|AddAbsSubMin:inst8|Adder8bit:inst|FullAdder:inst1|inst1                                  ; |sra_final2|sra_data:inst|AddAbsSubMin:inst8|Adder8bit:inst|FullAdder:inst1|inst1                                  ; out0             ;
; |sra_final2|sra_data:inst|AddAbsSubMin:inst8|Adder8bit:inst|FullAdder:inst1|inst                                   ; |sra_final2|sra_data:inst|AddAbsSubMin:inst8|Adder8bit:inst|FullAdder:inst1|inst                                   ; out0             ;
; |sra_final2|sra_data:inst|AddAbsSubMin:inst8|Adder8bit:inst|FullAdder:inst1|inst2                                  ; |sra_final2|sra_data:inst|AddAbsSubMin:inst8|Adder8bit:inst|FullAdder:inst1|inst2                                  ; out0             ;
; |sra_final2|sra_data:inst|AddAbsSubMin:inst8|Adder8bit:inst|FullAdder:inst1|inst4                                  ; |sra_final2|sra_data:inst|AddAbsSubMin:inst8|Adder8bit:inst|FullAdder:inst1|inst4                                  ; out0             ;
; |sra_final2|sra_data:inst|AddAbsSubMin:inst8|Adder8bit:inst|FullAdder:inst|inst1                                   ; |sra_final2|sra_data:inst|AddAbsSubMin:inst8|Adder8bit:inst|FullAdder:inst|inst1                                   ; out0             ;
; |sra_final2|sra_data:inst|AddAbsSubMin:inst8|Adder8bit:inst|FullAdder:inst|inst                                    ; |sra_final2|sra_data:inst|AddAbsSubMin:inst8|Adder8bit:inst|FullAdder:inst|inst                                    ; out0             ;
; |sra_final2|sra_data:inst|AddAbsSubMin:inst8|busmux:inst25|lpm_mux:$00000|mux_smc:auto_generated|result_node[7]~0  ; |sra_final2|sra_data:inst|AddAbsSubMin:inst8|busmux:inst25|lpm_mux:$00000|mux_smc:auto_generated|result_node[7]~0  ; out0             ;
; |sra_final2|sra_data:inst|AddAbsSubMin:inst8|busmux:inst25|lpm_mux:$00000|mux_smc:auto_generated|result_node[7]~1  ; |sra_final2|sra_data:inst|AddAbsSubMin:inst8|busmux:inst25|lpm_mux:$00000|mux_smc:auto_generated|result_node[7]~1  ; out0             ;
; |sra_final2|sra_data:inst|AddAbsSubMin:inst8|busmux:inst25|lpm_mux:$00000|mux_smc:auto_generated|result_node[7]    ; |sra_final2|sra_data:inst|AddAbsSubMin:inst8|busmux:inst25|lpm_mux:$00000|mux_smc:auto_generated|result_node[7]    ; out0             ;
; |sra_final2|sra_data:inst|AddAbsSubMin:inst8|busmux:inst25|lpm_mux:$00000|mux_smc:auto_generated|result_node[6]~2  ; |sra_final2|sra_data:inst|AddAbsSubMin:inst8|busmux:inst25|lpm_mux:$00000|mux_smc:auto_generated|result_node[6]~2  ; out0             ;
; |sra_final2|sra_data:inst|AddAbsSubMin:inst8|busmux:inst25|lpm_mux:$00000|mux_smc:auto_generated|result_node[6]~3  ; |sra_final2|sra_data:inst|AddAbsSubMin:inst8|busmux:inst25|lpm_mux:$00000|mux_smc:auto_generated|result_node[6]~3  ; out0             ;
; |sra_final2|sra_data:inst|AddAbsSubMin:inst8|busmux:inst25|lpm_mux:$00000|mux_smc:auto_generated|result_node[6]    ; |sra_final2|sra_data:inst|AddAbsSubMin:inst8|busmux:inst25|lpm_mux:$00000|mux_smc:auto_generated|result_node[6]    ; out0             ;
; |sra_final2|sra_data:inst|AddAbsSubMin:inst8|busmux:inst25|lpm_mux:$00000|mux_smc:auto_generated|result_node[5]~4  ; |sra_final2|sra_data:inst|AddAbsSubMin:inst8|busmux:inst25|lpm_mux:$00000|mux_smc:auto_generated|result_node[5]~4  ; out0             ;
; |sra_final2|sra_data:inst|AddAbsSubMin:inst8|busmux:inst25|lpm_mux:$00000|mux_smc:auto_generated|result_node[5]~5  ; |sra_final2|sra_data:inst|AddAbsSubMin:inst8|busmux:inst25|lpm_mux:$00000|mux_smc:auto_generated|result_node[5]~5  ; out0             ;
; |sra_final2|sra_data:inst|AddAbsSubMin:inst8|busmux:inst25|lpm_mux:$00000|mux_smc:auto_generated|result_node[5]    ; |sra_final2|sra_data:inst|AddAbsSubMin:inst8|busmux:inst25|lpm_mux:$00000|mux_smc:auto_generated|result_node[5]    ; out0             ;
; |sra_final2|sra_data:inst|AddAbsSubMin:inst8|busmux:inst25|lpm_mux:$00000|mux_smc:auto_generated|result_node[4]~6  ; |sra_final2|sra_data:inst|AddAbsSubMin:inst8|busmux:inst25|lpm_mux:$00000|mux_smc:auto_generated|result_node[4]~6  ; out0             ;
; |sra_final2|sra_data:inst|AddAbsSubMin:inst8|busmux:inst25|lpm_mux:$00000|mux_smc:auto_generated|result_node[4]~7  ; |sra_final2|sra_data:inst|AddAbsSubMin:inst8|busmux:inst25|lpm_mux:$00000|mux_smc:auto_generated|result_node[4]~7  ; out0             ;
; |sra_final2|sra_data:inst|AddAbsSubMin:inst8|busmux:inst25|lpm_mux:$00000|mux_smc:auto_generated|result_node[4]    ; |sra_final2|sra_data:inst|AddAbsSubMin:inst8|busmux:inst25|lpm_mux:$00000|mux_smc:auto_generated|result_node[4]    ; out0             ;
; |sra_final2|sra_data:inst|AddAbsSubMin:inst8|busmux:inst25|lpm_mux:$00000|mux_smc:auto_generated|result_node[3]~8  ; |sra_final2|sra_data:inst|AddAbsSubMin:inst8|busmux:inst25|lpm_mux:$00000|mux_smc:auto_generated|result_node[3]~8  ; out0             ;
; |sra_final2|sra_data:inst|AddAbsSubMin:inst8|busmux:inst25|lpm_mux:$00000|mux_smc:auto_generated|result_node[3]~9  ; |sra_final2|sra_data:inst|AddAbsSubMin:inst8|busmux:inst25|lpm_mux:$00000|mux_smc:auto_generated|result_node[3]~9  ; out0             ;
; |sra_final2|sra_data:inst|AddAbsSubMin:inst8|busmux:inst25|lpm_mux:$00000|mux_smc:auto_generated|result_node[3]    ; |sra_final2|sra_data:inst|AddAbsSubMin:inst8|busmux:inst25|lpm_mux:$00000|mux_smc:auto_generated|result_node[3]    ; out0             ;
; |sra_final2|sra_data:inst|AddAbsSubMin:inst8|busmux:inst25|lpm_mux:$00000|mux_smc:auto_generated|result_node[2]~10 ; |sra_final2|sra_data:inst|AddAbsSubMin:inst8|busmux:inst25|lpm_mux:$00000|mux_smc:auto_generated|result_node[2]~10 ; out0             ;
; |sra_final2|sra_data:inst|AddAbsSubMin:inst8|busmux:inst25|lpm_mux:$00000|mux_smc:auto_generated|result_node[2]~11 ; |sra_final2|sra_data:inst|AddAbsSubMin:inst8|busmux:inst25|lpm_mux:$00000|mux_smc:auto_generated|result_node[2]~11 ; out0             ;
; |sra_final2|sra_data:inst|AddAbsSubMin:inst8|busmux:inst25|lpm_mux:$00000|mux_smc:auto_generated|result_node[2]    ; |sra_final2|sra_data:inst|AddAbsSubMin:inst8|busmux:inst25|lpm_mux:$00000|mux_smc:auto_generated|result_node[2]    ; out0             ;
; |sra_final2|sra_data:inst|AddAbsSubMin:inst8|busmux:inst25|lpm_mux:$00000|mux_smc:auto_generated|result_node[1]~12 ; |sra_final2|sra_data:inst|AddAbsSubMin:inst8|busmux:inst25|lpm_mux:$00000|mux_smc:auto_generated|result_node[1]~12 ; out0             ;
; |sra_final2|sra_data:inst|AddAbsSubMin:inst8|busmux:inst25|lpm_mux:$00000|mux_smc:auto_generated|result_node[1]    ; |sra_final2|sra_data:inst|AddAbsSubMin:inst8|busmux:inst25|lpm_mux:$00000|mux_smc:auto_generated|result_node[1]    ; out0             ;
; |sra_final2|sra_data:inst|AddAbsSubMin:inst8|busmux:inst25|lpm_mux:$00000|mux_smc:auto_generated|result_node[0]~14 ; |sra_final2|sra_data:inst|AddAbsSubMin:inst8|busmux:inst25|lpm_mux:$00000|mux_smc:auto_generated|result_node[0]~14 ; out0             ;
; |sra_final2|sra_data:inst|AddAbsSubMin:inst8|busmux:inst25|lpm_mux:$00000|mux_smc:auto_generated|result_node[0]~15 ; |sra_final2|sra_data:inst|AddAbsSubMin:inst8|busmux:inst25|lpm_mux:$00000|mux_smc:auto_generated|result_node[0]~15 ; out0             ;
; |sra_final2|sra_data:inst|AddAbsSubMin:inst8|busmux:inst25|lpm_mux:$00000|mux_smc:auto_generated|result_node[0]    ; |sra_final2|sra_data:inst|AddAbsSubMin:inst8|busmux:inst25|lpm_mux:$00000|mux_smc:auto_generated|result_node[0]    ; out0             ;
; |sra_final2|sra_data:inst|mux41_8bit:inst4|busmux:inst|lpm_mux:$00000|mux_smc:auto_generated|result_node[7]~0      ; |sra_final2|sra_data:inst|mux41_8bit:inst4|busmux:inst|lpm_mux:$00000|mux_smc:auto_generated|result_node[7]~0      ; out0             ;
; |sra_final2|sra_data:inst|mux41_8bit:inst4|busmux:inst|lpm_mux:$00000|mux_smc:auto_generated|result_node[7]~1      ; |sra_final2|sra_data:inst|mux41_8bit:inst4|busmux:inst|lpm_mux:$00000|mux_smc:auto_generated|result_node[7]~1      ; out0             ;
; |sra_final2|sra_data:inst|mux41_8bit:inst4|busmux:inst|lpm_mux:$00000|mux_smc:auto_generated|result_node[7]        ; |sra_final2|sra_data:inst|mux41_8bit:inst4|busmux:inst|lpm_mux:$00000|mux_smc:auto_generated|result_node[7]        ; out0             ;
; |sra_final2|sra_data:inst|mux41_8bit:inst4|busmux:inst|lpm_mux:$00000|mux_smc:auto_generated|result_node[6]~2      ; |sra_final2|sra_data:inst|mux41_8bit:inst4|busmux:inst|lpm_mux:$00000|mux_smc:auto_generated|result_node[6]~2      ; out0             ;
; |sra_final2|sra_data:inst|mux41_8bit:inst4|busmux:inst|lpm_mux:$00000|mux_smc:auto_generated|result_node[6]~3      ; |sra_final2|sra_data:inst|mux41_8bit:inst4|busmux:inst|lpm_mux:$00000|mux_smc:auto_generated|result_node[6]~3      ; out0             ;
; |sra_final2|sra_data:inst|mux41_8bit:inst4|busmux:inst|lpm_mux:$00000|mux_smc:auto_generated|result_node[6]        ; |sra_final2|sra_data:inst|mux41_8bit:inst4|busmux:inst|lpm_mux:$00000|mux_smc:auto_generated|result_node[6]        ; out0             ;
; |sra_final2|sra_data:inst|mux41_8bit:inst4|busmux:inst|lpm_mux:$00000|mux_smc:auto_generated|result_node[5]~4      ; |sra_final2|sra_data:inst|mux41_8bit:inst4|busmux:inst|lpm_mux:$00000|mux_smc:auto_generated|result_node[5]~4      ; out0             ;
; |sra_final2|sra_data:inst|mux41_8bit:inst4|busmux:inst|lpm_mux:$00000|mux_smc:auto_generated|result_node[5]~5      ; |sra_final2|sra_data:inst|mux41_8bit:inst4|busmux:inst|lpm_mux:$00000|mux_smc:auto_generated|result_node[5]~5      ; out0             ;
; |sra_final2|sra_data:inst|mux41_8bit:inst4|busmux:inst|lpm_mux:$00000|mux_smc:auto_generated|result_node[5]        ; |sra_final2|sra_data:inst|mux41_8bit:inst4|busmux:inst|lpm_mux:$00000|mux_smc:auto_generated|result_node[5]        ; out0             ;
; |sra_final2|sra_data:inst|mux41_8bit:inst4|busmux:inst|lpm_mux:$00000|mux_smc:auto_generated|result_node[4]~6      ; |sra_final2|sra_data:inst|mux41_8bit:inst4|busmux:inst|lpm_mux:$00000|mux_smc:auto_generated|result_node[4]~6      ; out0             ;
; |sra_final2|sra_data:inst|mux41_8bit:inst4|busmux:inst|lpm_mux:$00000|mux_smc:auto_generated|result_node[4]~7      ; |sra_final2|sra_data:inst|mux41_8bit:inst4|busmux:inst|lpm_mux:$00000|mux_smc:auto_generated|result_node[4]~7      ; out0             ;
; |sra_final2|sra_data:inst|mux41_8bit:inst4|busmux:inst|lpm_mux:$00000|mux_smc:auto_generated|result_node[4]        ; |sra_final2|sra_data:inst|mux41_8bit:inst4|busmux:inst|lpm_mux:$00000|mux_smc:auto_generated|result_node[4]        ; out0             ;
; |sra_final2|sra_data:inst|mux41_8bit:inst4|busmux:inst|lpm_mux:$00000|mux_smc:auto_generated|result_node[3]~8      ; |sra_final2|sra_data:inst|mux41_8bit:inst4|busmux:inst|lpm_mux:$00000|mux_smc:auto_generated|result_node[3]~8      ; out0             ;
; |sra_final2|sra_data:inst|mux41_8bit:inst4|busmux:inst|lpm_mux:$00000|mux_smc:auto_generated|result_node[3]~9      ; |sra_final2|sra_data:inst|mux41_8bit:inst4|busmux:inst|lpm_mux:$00000|mux_smc:auto_generated|result_node[3]~9      ; out0             ;
; |sra_final2|sra_data:inst|mux41_8bit:inst4|busmux:inst|lpm_mux:$00000|mux_smc:auto_generated|result_node[3]        ; |sra_final2|sra_data:inst|mux41_8bit:inst4|busmux:inst|lpm_mux:$00000|mux_smc:auto_generated|result_node[3]        ; out0             ;
; |sra_final2|sra_data:inst|mux41_8bit:inst4|busmux:inst|lpm_mux:$00000|mux_smc:auto_generated|result_node[2]~10     ; |sra_final2|sra_data:inst|mux41_8bit:inst4|busmux:inst|lpm_mux:$00000|mux_smc:auto_generated|result_node[2]~10     ; out0             ;
; |sra_final2|sra_data:inst|mux41_8bit:inst4|busmux:inst|lpm_mux:$00000|mux_smc:auto_generated|result_node[2]~11     ; |sra_final2|sra_data:inst|mux41_8bit:inst4|busmux:inst|lpm_mux:$00000|mux_smc:auto_generated|result_node[2]~11     ; out0             ;
; |sra_final2|sra_data:inst|mux41_8bit:inst4|busmux:inst|lpm_mux:$00000|mux_smc:auto_generated|result_node[2]        ; |sra_final2|sra_data:inst|mux41_8bit:inst4|busmux:inst|lpm_mux:$00000|mux_smc:auto_generated|result_node[2]        ; out0             ;
; |sra_final2|sra_data:inst|mux41_8bit:inst4|busmux:inst|lpm_mux:$00000|mux_smc:auto_generated|result_node[1]~12     ; |sra_final2|sra_data:inst|mux41_8bit:inst4|busmux:inst|lpm_mux:$00000|mux_smc:auto_generated|result_node[1]~12     ; out0             ;
; |sra_final2|sra_data:inst|mux41_8bit:inst4|busmux:inst|lpm_mux:$00000|mux_smc:auto_generated|result_node[1]        ; |sra_final2|sra_data:inst|mux41_8bit:inst4|busmux:inst|lpm_mux:$00000|mux_smc:auto_generated|result_node[1]        ; out0             ;
; |sra_final2|sra_data:inst|mux41_8bit:inst4|busmux:inst|lpm_mux:$00000|mux_smc:auto_generated|result_node[0]~14     ; |sra_final2|sra_data:inst|mux41_8bit:inst4|busmux:inst|lpm_mux:$00000|mux_smc:auto_generated|result_node[0]~14     ; out0             ;
; |sra_final2|sra_data:inst|mux41_8bit:inst4|busmux:inst|lpm_mux:$00000|mux_smc:auto_generated|result_node[0]        ; |sra_final2|sra_data:inst|mux41_8bit:inst4|busmux:inst|lpm_mux:$00000|mux_smc:auto_generated|result_node[0]        ; out0             ;
; |sra_final2|sra_data:inst|mux41_8bit:inst4|busmux:inst2|lpm_mux:$00000|mux_smc:auto_generated|result_node[7]~1     ; |sra_final2|sra_data:inst|mux41_8bit:inst4|busmux:inst2|lpm_mux:$00000|mux_smc:auto_generated|result_node[7]~1     ; out0             ;
; |sra_final2|sra_data:inst|mux41_8bit:inst4|busmux:inst2|lpm_mux:$00000|mux_smc:auto_generated|result_node[6]~3     ; |sra_final2|sra_data:inst|mux41_8bit:inst4|busmux:inst2|lpm_mux:$00000|mux_smc:auto_generated|result_node[6]~3     ; out0             ;
; |sra_final2|sra_data:inst|mux41_8bit:inst4|busmux:inst2|lpm_mux:$00000|mux_smc:auto_generated|result_node[5]~5     ; |sra_final2|sra_data:inst|mux41_8bit:inst4|busmux:inst2|lpm_mux:$00000|mux_smc:auto_generated|result_node[5]~5     ; out0             ;
; |sra_final2|sra_data:inst|mux41_8bit:inst4|busmux:inst2|lpm_mux:$00000|mux_smc:auto_generated|result_node[4]~7     ; |sra_final2|sra_data:inst|mux41_8bit:inst4|busmux:inst2|lpm_mux:$00000|mux_smc:auto_generated|result_node[4]~7     ; out0             ;
; |sra_final2|sra_data:inst|mux41_8bit:inst4|busmux:inst2|lpm_mux:$00000|mux_smc:auto_generated|result_node[4]       ; |sra_final2|sra_data:inst|mux41_8bit:inst4|busmux:inst2|lpm_mux:$00000|mux_smc:auto_generated|result_node[4]       ; out0             ;
; |sra_final2|sra_data:inst|mux41_8bit:inst4|busmux:inst2|lpm_mux:$00000|mux_smc:auto_generated|result_node[3]~9     ; |sra_final2|sra_data:inst|mux41_8bit:inst4|busmux:inst2|lpm_mux:$00000|mux_smc:auto_generated|result_node[3]~9     ; out0             ;
; |sra_final2|sra_data:inst|mux41_8bit:inst4|busmux:inst2|lpm_mux:$00000|mux_smc:auto_generated|result_node[3]       ; |sra_final2|sra_data:inst|mux41_8bit:inst4|busmux:inst2|lpm_mux:$00000|mux_smc:auto_generated|result_node[3]       ; out0             ;
; |sra_final2|sra_data:inst|mux41_8bit:inst4|busmux:inst2|lpm_mux:$00000|mux_smc:auto_generated|result_node[2]~11    ; |sra_final2|sra_data:inst|mux41_8bit:inst4|busmux:inst2|lpm_mux:$00000|mux_smc:auto_generated|result_node[2]~11    ; out0             ;
; |sra_final2|sra_data:inst|mux41_8bit:inst4|busmux:inst2|lpm_mux:$00000|mux_smc:auto_generated|result_node[2]       ; |sra_final2|sra_data:inst|mux41_8bit:inst4|busmux:inst2|lpm_mux:$00000|mux_smc:auto_generated|result_node[2]       ; out0             ;
; |sra_final2|sra_data:inst|mux41_8bit:inst4|busmux:inst2|lpm_mux:$00000|mux_smc:auto_generated|result_node[1]~13    ; |sra_final2|sra_data:inst|mux41_8bit:inst4|busmux:inst2|lpm_mux:$00000|mux_smc:auto_generated|result_node[1]~13    ; out0             ;
; |sra_final2|sra_data:inst|mux41_8bit:inst4|busmux:inst2|lpm_mux:$00000|mux_smc:auto_generated|result_node[1]       ; |sra_final2|sra_data:inst|mux41_8bit:inst4|busmux:inst2|lpm_mux:$00000|mux_smc:auto_generated|result_node[1]       ; out0             ;
; |sra_final2|sra_data:inst|mux41_8bit:inst4|busmux:inst2|lpm_mux:$00000|mux_smc:auto_generated|result_node[0]~15    ; |sra_final2|sra_data:inst|mux41_8bit:inst4|busmux:inst2|lpm_mux:$00000|mux_smc:auto_generated|result_node[0]~15    ; out0             ;
; |sra_final2|sra_data:inst|mux41_8bit:inst4|busmux:inst2|lpm_mux:$00000|mux_smc:auto_generated|result_node[0]       ; |sra_final2|sra_data:inst|mux41_8bit:inst4|busmux:inst2|lpm_mux:$00000|mux_smc:auto_generated|result_node[0]       ; out0             ;
; |sra_final2|sra_data:inst|Register1x8:inst2|RFC:inst10|inst1                                                       ; |sra_final2|sra_data:inst|Register1x8:inst2|RFC:inst10|inst1                                                       ; out              ;
; |sra_final2|sra_data:inst|Register1x8:inst2|RFC:inst10|inst                                                        ; |sra_final2|sra_data:inst|Register1x8:inst2|RFC:inst10|inst                                                        ; regout           ;
; |sra_final2|sra_data:inst|Register1x8:inst2|RFC:inst10|inst4                                                       ; |sra_final2|sra_data:inst|Register1x8:inst2|RFC:inst10|inst4                                                       ; out0             ;
; |sra_final2|sra_data:inst|Register1x8:inst2|RFC:inst10|inst3                                                       ; |sra_final2|sra_data:inst|Register1x8:inst2|RFC:inst10|inst3                                                       ; out0             ;
; |sra_final2|sra_data:inst|Register1x8:inst2|RFC:inst10|inst2                                                       ; |sra_final2|sra_data:inst|Register1x8:inst2|RFC:inst10|inst2                                                       ; out0             ;
; |sra_final2|sra_data:inst|Register1x8:inst2|RFC:inst11|inst1                                                       ; |sra_final2|sra_data:inst|Register1x8:inst2|RFC:inst11|inst1                                                       ; out              ;
; |sra_final2|sra_data:inst|Register1x8:inst2|RFC:inst11|inst                                                        ; |sra_final2|sra_data:inst|Register1x8:inst2|RFC:inst11|inst                                                        ; regout           ;
; |sra_final2|sra_data:inst|Register1x8:inst2|RFC:inst11|inst4                                                       ; |sra_final2|sra_data:inst|Register1x8:inst2|RFC:inst11|inst4                                                       ; out0             ;
; |sra_final2|sra_data:inst|Register1x8:inst2|RFC:inst11|inst3                                                       ; |sra_final2|sra_data:inst|Register1x8:inst2|RFC:inst11|inst3                                                       ; out0             ;
; |sra_final2|sra_data:inst|Register1x8:inst2|RFC:inst9|inst1                                                        ; |sra_final2|sra_data:inst|Register1x8:inst2|RFC:inst9|inst1                                                        ; out              ;
; |sra_final2|sra_data:inst|Register1x8:inst2|RFC:inst9|inst                                                         ; |sra_final2|sra_data:inst|Register1x8:inst2|RFC:inst9|inst                                                         ; regout           ;
; |sra_final2|sra_data:inst|Register1x8:inst2|RFC:inst9|inst4                                                        ; |sra_final2|sra_data:inst|Register1x8:inst2|RFC:inst9|inst4                                                        ; out0             ;
; |sra_final2|sra_data:inst|Register1x8:inst2|RFC:inst9|inst3                                                        ; |sra_final2|sra_data:inst|Register1x8:inst2|RFC:inst9|inst3                                                        ; out0             ;
; |sra_final2|sra_data:inst|Register1x8:inst2|RFC:inst4|inst1                                                        ; |sra_final2|sra_data:inst|Register1x8:inst2|RFC:inst4|inst1                                                        ; out              ;
; |sra_final2|sra_data:inst|Register1x8:inst2|RFC:inst4|inst                                                         ; |sra_final2|sra_data:inst|Register1x8:inst2|RFC:inst4|inst                                                         ; regout           ;
; |sra_final2|sra_data:inst|Register1x8:inst2|RFC:inst4|inst4                                                        ; |sra_final2|sra_data:inst|Register1x8:inst2|RFC:inst4|inst4                                                        ; out0             ;
; |sra_final2|sra_data:inst|Register1x8:inst2|RFC:inst4|inst3                                                        ; |sra_final2|sra_data:inst|Register1x8:inst2|RFC:inst4|inst3                                                        ; out0             ;
; |sra_final2|sra_data:inst|Register1x8:inst2|RFC:inst12|inst1                                                       ; |sra_final2|sra_data:inst|Register1x8:inst2|RFC:inst12|inst1                                                       ; out              ;
; |sra_final2|sra_data:inst|Register1x8:inst2|RFC:inst12|inst                                                        ; |sra_final2|sra_data:inst|Register1x8:inst2|RFC:inst12|inst                                                        ; regout           ;
; |sra_final2|sra_data:inst|Register1x8:inst2|RFC:inst12|inst4                                                       ; |sra_final2|sra_data:inst|Register1x8:inst2|RFC:inst12|inst4                                                       ; out0             ;
; |sra_final2|sra_data:inst|Register1x8:inst2|RFC:inst12|inst3                                                       ; |sra_final2|sra_data:inst|Register1x8:inst2|RFC:inst12|inst3                                                       ; out0             ;
; |sra_final2|sra_data:inst|Register1x8:inst2|RFC:inst12|inst2                                                       ; |sra_final2|sra_data:inst|Register1x8:inst2|RFC:inst12|inst2                                                       ; out0             ;
; |sra_final2|sra_data:inst|Register1x8:inst2|RFC:inst8|inst1                                                        ; |sra_final2|sra_data:inst|Register1x8:inst2|RFC:inst8|inst1                                                        ; out              ;
; |sra_final2|sra_data:inst|Register1x8:inst2|RFC:inst8|inst                                                         ; |sra_final2|sra_data:inst|Register1x8:inst2|RFC:inst8|inst                                                         ; regout           ;
; |sra_final2|sra_data:inst|Register1x8:inst2|RFC:inst8|inst4                                                        ; |sra_final2|sra_data:inst|Register1x8:inst2|RFC:inst8|inst4                                                        ; out0             ;
; |sra_final2|sra_data:inst|Register1x8:inst2|RFC:inst8|inst3                                                        ; |sra_final2|sra_data:inst|Register1x8:inst2|RFC:inst8|inst3                                                        ; out0             ;
; |sra_final2|sra_data:inst|Register1x8:inst2|RFC:inst7|inst1                                                        ; |sra_final2|sra_data:inst|Register1x8:inst2|RFC:inst7|inst1                                                        ; out              ;
; |sra_final2|sra_data:inst|Register1x8:inst2|RFC:inst7|inst                                                         ; |sra_final2|sra_data:inst|Register1x8:inst2|RFC:inst7|inst                                                         ; regout           ;
; |sra_final2|sra_data:inst|Register1x8:inst2|RFC:inst7|inst4                                                        ; |sra_final2|sra_data:inst|Register1x8:inst2|RFC:inst7|inst4                                                        ; out0             ;
; |sra_final2|sra_data:inst|Register1x8:inst2|RFC:inst7|inst3                                                        ; |sra_final2|sra_data:inst|Register1x8:inst2|RFC:inst7|inst3                                                        ; out0             ;
; |sra_final2|sra_data:inst|Register1x8:inst2|RFC:inst3|inst1                                                        ; |sra_final2|sra_data:inst|Register1x8:inst2|RFC:inst3|inst1                                                        ; out              ;
; |sra_final2|sra_data:inst|Register1x8:inst2|RFC:inst3|inst                                                         ; |sra_final2|sra_data:inst|Register1x8:inst2|RFC:inst3|inst                                                         ; regout           ;
; |sra_final2|sra_data:inst|Register1x8:inst2|RFC:inst3|inst4                                                        ; |sra_final2|sra_data:inst|Register1x8:inst2|RFC:inst3|inst4                                                        ; out0             ;
; |sra_final2|sra_data:inst|Register1x8:inst2|RFC:inst3|inst3                                                        ; |sra_final2|sra_data:inst|Register1x8:inst2|RFC:inst3|inst3                                                        ; out0             ;
; |sra_final2|sra_data:inst|AbsMax:inst6|inst7[2]                                                                    ; |sra_final2|sra_data:inst|AbsMax:inst6|inst7[2]                                                                    ; out0             ;
; |sra_final2|sra_data:inst|AbsMax:inst6|inst7[0]                                                                    ; |sra_final2|sra_data:inst|AbsMax:inst6|inst7[0]                                                                    ; out0             ;
; |sra_final2|sra_data:inst|AbsMax:inst6|busmux:inst11|lpm_mux:$00000|mux_smc:auto_generated|result_node[7]~1        ; |sra_final2|sra_data:inst|AbsMax:inst6|busmux:inst11|lpm_mux:$00000|mux_smc:auto_generated|result_node[7]~1        ; out0             ;
; |sra_final2|sra_data:inst|AbsMax:inst6|busmux:inst11|lpm_mux:$00000|mux_smc:auto_generated|result_node[7]          ; |sra_final2|sra_data:inst|AbsMax:inst6|busmux:inst11|lpm_mux:$00000|mux_smc:auto_generated|result_node[7]          ; out0             ;
; |sra_final2|sra_data:inst|AbsMax:inst6|busmux:inst11|lpm_mux:$00000|mux_smc:auto_generated|result_node[6]~3        ; |sra_final2|sra_data:inst|AbsMax:inst6|busmux:inst11|lpm_mux:$00000|mux_smc:auto_generated|result_node[6]~3        ; out0             ;
; |sra_final2|sra_data:inst|AbsMax:inst6|busmux:inst11|lpm_mux:$00000|mux_smc:auto_generated|result_node[6]          ; |sra_final2|sra_data:inst|AbsMax:inst6|busmux:inst11|lpm_mux:$00000|mux_smc:auto_generated|result_node[6]          ; out0             ;
; |sra_final2|sra_data:inst|AbsMax:inst6|busmux:inst11|lpm_mux:$00000|mux_smc:auto_generated|result_node[5]~5        ; |sra_final2|sra_data:inst|AbsMax:inst6|busmux:inst11|lpm_mux:$00000|mux_smc:auto_generated|result_node[5]~5        ; out0             ;
; |sra_final2|sra_data:inst|AbsMax:inst6|busmux:inst11|lpm_mux:$00000|mux_smc:auto_generated|result_node[5]          ; |sra_final2|sra_data:inst|AbsMax:inst6|busmux:inst11|lpm_mux:$00000|mux_smc:auto_generated|result_node[5]          ; out0             ;
; |sra_final2|sra_data:inst|AbsMax:inst6|busmux:inst11|lpm_mux:$00000|mux_smc:auto_generated|result_node[4]~7        ; |sra_final2|sra_data:inst|AbsMax:inst6|busmux:inst11|lpm_mux:$00000|mux_smc:auto_generated|result_node[4]~7        ; out0             ;
; |sra_final2|sra_data:inst|AbsMax:inst6|busmux:inst11|lpm_mux:$00000|mux_smc:auto_generated|result_node[4]          ; |sra_final2|sra_data:inst|AbsMax:inst6|busmux:inst11|lpm_mux:$00000|mux_smc:auto_generated|result_node[4]          ; out0             ;
; |sra_final2|sra_data:inst|AbsMax:inst6|busmux:inst11|lpm_mux:$00000|mux_smc:auto_generated|result_node[3]~9        ; |sra_final2|sra_data:inst|AbsMax:inst6|busmux:inst11|lpm_mux:$00000|mux_smc:auto_generated|result_node[3]~9        ; out0             ;
; |sra_final2|sra_data:inst|AbsMax:inst6|busmux:inst11|lpm_mux:$00000|mux_smc:auto_generated|result_node[3]          ; |sra_final2|sra_data:inst|AbsMax:inst6|busmux:inst11|lpm_mux:$00000|mux_smc:auto_generated|result_node[3]          ; out0             ;
; |sra_final2|sra_data:inst|AbsMax:inst6|busmux:inst11|lpm_mux:$00000|mux_smc:auto_generated|result_node[2]~10       ; |sra_final2|sra_data:inst|AbsMax:inst6|busmux:inst11|lpm_mux:$00000|mux_smc:auto_generated|result_node[2]~10       ; out0             ;
; |sra_final2|sra_data:inst|AbsMax:inst6|busmux:inst11|lpm_mux:$00000|mux_smc:auto_generated|result_node[2]~11       ; |sra_final2|sra_data:inst|AbsMax:inst6|busmux:inst11|lpm_mux:$00000|mux_smc:auto_generated|result_node[2]~11       ; out0             ;
; |sra_final2|sra_data:inst|AbsMax:inst6|busmux:inst11|lpm_mux:$00000|mux_smc:auto_generated|result_node[2]          ; |sra_final2|sra_data:inst|AbsMax:inst6|busmux:inst11|lpm_mux:$00000|mux_smc:auto_generated|result_node[2]          ; out0             ;
; |sra_final2|sra_data:inst|AbsMax:inst6|busmux:inst11|lpm_mux:$00000|mux_smc:auto_generated|result_node[1]~12       ; |sra_final2|sra_data:inst|AbsMax:inst6|busmux:inst11|lpm_mux:$00000|mux_smc:auto_generated|result_node[1]~12       ; out0             ;
; |sra_final2|sra_data:inst|AbsMax:inst6|busmux:inst11|lpm_mux:$00000|mux_smc:auto_generated|result_node[1]~13       ; |sra_final2|sra_data:inst|AbsMax:inst6|busmux:inst11|lpm_mux:$00000|mux_smc:auto_generated|result_node[1]~13       ; out0             ;
; |sra_final2|sra_data:inst|AbsMax:inst6|busmux:inst11|lpm_mux:$00000|mux_smc:auto_generated|result_node[1]          ; |sra_final2|sra_data:inst|AbsMax:inst6|busmux:inst11|lpm_mux:$00000|mux_smc:auto_generated|result_node[1]          ; out0             ;
; |sra_final2|sra_data:inst|AbsMax:inst6|busmux:inst11|lpm_mux:$00000|mux_smc:auto_generated|result_node[0]~14       ; |sra_final2|sra_data:inst|AbsMax:inst6|busmux:inst11|lpm_mux:$00000|mux_smc:auto_generated|result_node[0]~14       ; out0             ;
; |sra_final2|sra_data:inst|AbsMax:inst6|busmux:inst11|lpm_mux:$00000|mux_smc:auto_generated|result_node[0]~15       ; |sra_final2|sra_data:inst|AbsMax:inst6|busmux:inst11|lpm_mux:$00000|mux_smc:auto_generated|result_node[0]~15       ; out0             ;
; |sra_final2|sra_data:inst|AbsMax:inst6|busmux:inst11|lpm_mux:$00000|mux_smc:auto_generated|result_node[0]          ; |sra_final2|sra_data:inst|AbsMax:inst6|busmux:inst11|lpm_mux:$00000|mux_smc:auto_generated|result_node[0]          ; out0             ;
; |sra_final2|sra_data:inst|AbsMax:inst6|Adder8bit:inst|FullAdder:inst4|inst                                         ; |sra_final2|sra_data:inst|AbsMax:inst6|Adder8bit:inst|FullAdder:inst4|inst                                         ; out0             ;
; |sra_final2|sra_data:inst|AbsMax:inst6|Adder8bit:inst|FullAdder:inst4|inst2                                        ; |sra_final2|sra_data:inst|AbsMax:inst6|Adder8bit:inst|FullAdder:inst4|inst2                                        ; out0             ;
; |sra_final2|sra_data:inst|AbsMax:inst6|Adder8bit:inst|FullAdder:inst4|inst3                                        ; |sra_final2|sra_data:inst|AbsMax:inst6|Adder8bit:inst|FullAdder:inst4|inst3                                        ; out0             ;
; |sra_final2|sra_data:inst|AbsMax:inst6|Adder8bit:inst|FullAdder:inst6|inst1                                        ; |sra_final2|sra_data:inst|AbsMax:inst6|Adder8bit:inst|FullAdder:inst6|inst1                                        ; out0             ;
; |sra_final2|sra_data:inst|AbsMax:inst6|Adder8bit:inst|FullAdder:inst6|inst                                         ; |sra_final2|sra_data:inst|AbsMax:inst6|Adder8bit:inst|FullAdder:inst6|inst                                         ; out0             ;
; |sra_final2|sra_data:inst|AbsMax:inst6|Adder8bit:inst|FullAdder:inst6|inst2                                        ; |sra_final2|sra_data:inst|AbsMax:inst6|Adder8bit:inst|FullAdder:inst6|inst2                                        ; out0             ;
; |sra_final2|sra_data:inst|AbsMax:inst6|Adder8bit:inst|FullAdder:inst6|inst4                                        ; |sra_final2|sra_data:inst|AbsMax:inst6|Adder8bit:inst|FullAdder:inst6|inst4                                        ; out0             ;
; |sra_final2|sra_data:inst|AbsMax:inst6|Adder8bit:inst|FullAdder:inst7|inst1                                        ; |sra_final2|sra_data:inst|AbsMax:inst6|Adder8bit:inst|FullAdder:inst7|inst1                                        ; out0             ;
; |sra_final2|sra_data:inst|AbsMax:inst6|Adder8bit:inst|FullAdder:inst7|inst                                         ; |sra_final2|sra_data:inst|AbsMax:inst6|Adder8bit:inst|FullAdder:inst7|inst                                         ; out0             ;
; |sra_final2|sra_data:inst|AbsMax:inst6|Adder8bit:inst|FullAdder:inst7|inst2                                        ; |sra_final2|sra_data:inst|AbsMax:inst6|Adder8bit:inst|FullAdder:inst7|inst2                                        ; out0             ;
; |sra_final2|sra_data:inst|AbsMax:inst6|Adder8bit:inst|FullAdder:inst7|inst4                                        ; |sra_final2|sra_data:inst|AbsMax:inst6|Adder8bit:inst|FullAdder:inst7|inst4                                        ; out0             ;
; |sra_final2|sra_data:inst|AbsMax:inst6|Adder8bit:inst|FullAdder:inst7|inst5                                        ; |sra_final2|sra_data:inst|AbsMax:inst6|Adder8bit:inst|FullAdder:inst7|inst5                                        ; out0             ;
; |sra_final2|sra_data:inst|AbsMax:inst6|Adder8bit:inst|FullAdder:inst7|inst3                                        ; |sra_final2|sra_data:inst|AbsMax:inst6|Adder8bit:inst|FullAdder:inst7|inst3                                        ; out0             ;
; |sra_final2|sra_data:inst|AbsMax:inst6|Adder8bit:inst|FullAdder:inst8|inst1                                        ; |sra_final2|sra_data:inst|AbsMax:inst6|Adder8bit:inst|FullAdder:inst8|inst1                                        ; out0             ;
; |sra_final2|sra_data:inst|AbsMax:inst6|Adder8bit:inst|FullAdder:inst8|inst2                                        ; |sra_final2|sra_data:inst|AbsMax:inst6|Adder8bit:inst|FullAdder:inst8|inst2                                        ; out0             ;
; |sra_final2|sra_data:inst|AbsMax:inst6|Adder8bit:inst|FullAdder:inst8|inst4                                        ; |sra_final2|sra_data:inst|AbsMax:inst6|Adder8bit:inst|FullAdder:inst8|inst4                                        ; out0             ;
; |sra_final2|sra_data:inst|AbsMax:inst6|Adder8bit:inst|FullAdder:inst3|inst1                                        ; |sra_final2|sra_data:inst|AbsMax:inst6|Adder8bit:inst|FullAdder:inst3|inst1                                        ; out0             ;
; |sra_final2|sra_data:inst|AbsMax:inst6|Adder8bit:inst|FullAdder:inst3|inst2                                        ; |sra_final2|sra_data:inst|AbsMax:inst6|Adder8bit:inst|FullAdder:inst3|inst2                                        ; out0             ;
; |sra_final2|sra_data:inst|AbsMax:inst6|Adder8bit:inst|FullAdder:inst3|inst4                                        ; |sra_final2|sra_data:inst|AbsMax:inst6|Adder8bit:inst|FullAdder:inst3|inst4                                        ; out0             ;
; |sra_final2|sra_data:inst|AbsMax:inst6|Adder8bit:inst|FullAdder:inst2|inst1                                        ; |sra_final2|sra_data:inst|AbsMax:inst6|Adder8bit:inst|FullAdder:inst2|inst1                                        ; out0             ;
; |sra_final2|sra_data:inst|AbsMax:inst6|Adder8bit:inst|FullAdder:inst2|inst2                                        ; |sra_final2|sra_data:inst|AbsMax:inst6|Adder8bit:inst|FullAdder:inst2|inst2                                        ; out0             ;
; |sra_final2|sra_data:inst|AbsMax:inst6|Adder8bit:inst|FullAdder:inst2|inst4                                        ; |sra_final2|sra_data:inst|AbsMax:inst6|Adder8bit:inst|FullAdder:inst2|inst4                                        ; out0             ;
; |sra_final2|sra_data:inst|AbsMax:inst6|Adder8bit:inst|FullAdder:inst1|inst1                                        ; |sra_final2|sra_data:inst|AbsMax:inst6|Adder8bit:inst|FullAdder:inst1|inst1                                        ; out0             ;
; |sra_final2|sra_data:inst|AbsMax:inst6|Adder8bit:inst|FullAdder:inst1|inst2                                        ; |sra_final2|sra_data:inst|AbsMax:inst6|Adder8bit:inst|FullAdder:inst1|inst2                                        ; out0             ;
; |sra_final2|sra_data:inst|AbsMax:inst6|Adder8bit:inst|FullAdder:inst1|inst4                                        ; |sra_final2|sra_data:inst|AbsMax:inst6|Adder8bit:inst|FullAdder:inst1|inst4                                        ; out0             ;
; |sra_final2|sra_data:inst|AbsMax:inst6|Adder8bit:inst|FullAdder:inst|inst1                                         ; |sra_final2|sra_data:inst|AbsMax:inst6|Adder8bit:inst|FullAdder:inst|inst1                                         ; out0             ;
; |sra_final2|sra_data:inst|AbsMax:inst6|busmux:inst12|lpm_mux:$00000|mux_smc:auto_generated|result_node[2]~11       ; |sra_final2|sra_data:inst|AbsMax:inst6|busmux:inst12|lpm_mux:$00000|mux_smc:auto_generated|result_node[2]~11       ; out0             ;
; |sra_final2|sra_data:inst|AbsMax:inst6|busmux:inst12|lpm_mux:$00000|mux_smc:auto_generated|result_node[2]          ; |sra_final2|sra_data:inst|AbsMax:inst6|busmux:inst12|lpm_mux:$00000|mux_smc:auto_generated|result_node[2]          ; out0             ;
; |sra_final2|sra_data:inst|AbsMax:inst6|busmux:inst12|lpm_mux:$00000|mux_smc:auto_generated|result_node[1]~13       ; |sra_final2|sra_data:inst|AbsMax:inst6|busmux:inst12|lpm_mux:$00000|mux_smc:auto_generated|result_node[1]~13       ; out0             ;
; |sra_final2|sra_data:inst|AbsMax:inst6|busmux:inst12|lpm_mux:$00000|mux_smc:auto_generated|result_node[1]          ; |sra_final2|sra_data:inst|AbsMax:inst6|busmux:inst12|lpm_mux:$00000|mux_smc:auto_generated|result_node[1]          ; out0             ;
; |sra_final2|sra_data:inst|AbsMax:inst6|busmux:inst12|lpm_mux:$00000|mux_smc:auto_generated|result_node[0]~15       ; |sra_final2|sra_data:inst|AbsMax:inst6|busmux:inst12|lpm_mux:$00000|mux_smc:auto_generated|result_node[0]~15       ; out0             ;
; |sra_final2|sra_data:inst|AbsMax:inst6|busmux:inst12|lpm_mux:$00000|mux_smc:auto_generated|result_node[0]          ; |sra_final2|sra_data:inst|AbsMax:inst6|busmux:inst12|lpm_mux:$00000|mux_smc:auto_generated|result_node[0]          ; out0             ;
; |sra_final2|sra_data:inst|AbsMax:inst6|busmux:inst10|lpm_mux:$00000|mux_smc:auto_generated|result_node[2]~10       ; |sra_final2|sra_data:inst|AbsMax:inst6|busmux:inst10|lpm_mux:$00000|mux_smc:auto_generated|result_node[2]~10       ; out0             ;
; |sra_final2|sra_data:inst|AbsMax:inst6|busmux:inst10|lpm_mux:$00000|mux_smc:auto_generated|result_node[2]~11       ; |sra_final2|sra_data:inst|AbsMax:inst6|busmux:inst10|lpm_mux:$00000|mux_smc:auto_generated|result_node[2]~11       ; out0             ;
; |sra_final2|sra_data:inst|AbsMax:inst6|busmux:inst10|lpm_mux:$00000|mux_smc:auto_generated|result_node[2]          ; |sra_final2|sra_data:inst|AbsMax:inst6|busmux:inst10|lpm_mux:$00000|mux_smc:auto_generated|result_node[2]          ; out0             ;
; |sra_final2|sra_data:inst|AbsMax:inst6|busmux:inst10|lpm_mux:$00000|mux_smc:auto_generated|result_node[1]~12       ; |sra_final2|sra_data:inst|AbsMax:inst6|busmux:inst10|lpm_mux:$00000|mux_smc:auto_generated|result_node[1]~12       ; out0             ;
; |sra_final2|sra_data:inst|AbsMax:inst6|busmux:inst10|lpm_mux:$00000|mux_smc:auto_generated|result_node[1]~13       ; |sra_final2|sra_data:inst|AbsMax:inst6|busmux:inst10|lpm_mux:$00000|mux_smc:auto_generated|result_node[1]~13       ; out0             ;
; |sra_final2|sra_data:inst|AbsMax:inst6|busmux:inst10|lpm_mux:$00000|mux_smc:auto_generated|result_node[1]          ; |sra_final2|sra_data:inst|AbsMax:inst6|busmux:inst10|lpm_mux:$00000|mux_smc:auto_generated|result_node[1]          ; out0             ;
; |sra_final2|sra_data:inst|AbsMax:inst6|busmux:inst10|lpm_mux:$00000|mux_smc:auto_generated|result_node[0]~14       ; |sra_final2|sra_data:inst|AbsMax:inst6|busmux:inst10|lpm_mux:$00000|mux_smc:auto_generated|result_node[0]~14       ; out0             ;
; |sra_final2|sra_data:inst|AbsMax:inst6|busmux:inst10|lpm_mux:$00000|mux_smc:auto_generated|result_node[0]~15       ; |sra_final2|sra_data:inst|AbsMax:inst6|busmux:inst10|lpm_mux:$00000|mux_smc:auto_generated|result_node[0]~15       ; out0             ;
; |sra_final2|sra_data:inst|AbsMax:inst6|busmux:inst10|lpm_mux:$00000|mux_smc:auto_generated|result_node[0]          ; |sra_final2|sra_data:inst|AbsMax:inst6|busmux:inst10|lpm_mux:$00000|mux_smc:auto_generated|result_node[0]          ; out0             ;
; |sra_final2|sra_data:inst|busmux:inst|lpm_mux:$00000|mux_smc:auto_generated|result_node[2]~10                      ; |sra_final2|sra_data:inst|busmux:inst|lpm_mux:$00000|mux_smc:auto_generated|result_node[2]~10                      ; out0             ;
; |sra_final2|sra_data:inst|busmux:inst|lpm_mux:$00000|mux_smc:auto_generated|result_node[2]                         ; |sra_final2|sra_data:inst|busmux:inst|lpm_mux:$00000|mux_smc:auto_generated|result_node[2]                         ; out0             ;
; |sra_final2|sra_data:inst|busmux:inst|lpm_mux:$00000|mux_smc:auto_generated|result_node[1]~12                      ; |sra_final2|sra_data:inst|busmux:inst|lpm_mux:$00000|mux_smc:auto_generated|result_node[1]~12                      ; out0             ;
; |sra_final2|sra_data:inst|busmux:inst|lpm_mux:$00000|mux_smc:auto_generated|result_node[1]~13                      ; |sra_final2|sra_data:inst|busmux:inst|lpm_mux:$00000|mux_smc:auto_generated|result_node[1]~13                      ; out0             ;
; |sra_final2|sra_data:inst|busmux:inst|lpm_mux:$00000|mux_smc:auto_generated|result_node[1]                         ; |sra_final2|sra_data:inst|busmux:inst|lpm_mux:$00000|mux_smc:auto_generated|result_node[1]                         ; out0             ;
; |sra_final2|sra_data:inst|busmux:inst|lpm_mux:$00000|mux_smc:auto_generated|result_node[0]~14                      ; |sra_final2|sra_data:inst|busmux:inst|lpm_mux:$00000|mux_smc:auto_generated|result_node[0]~14                      ; out0             ;
; |sra_final2|sra_data:inst|busmux:inst|lpm_mux:$00000|mux_smc:auto_generated|result_node[0]~15                      ; |sra_final2|sra_data:inst|busmux:inst|lpm_mux:$00000|mux_smc:auto_generated|result_node[0]~15                      ; out0             ;
; |sra_final2|sra_data:inst|busmux:inst|lpm_mux:$00000|mux_smc:auto_generated|result_node[0]                         ; |sra_final2|sra_data:inst|busmux:inst|lpm_mux:$00000|mux_smc:auto_generated|result_node[0]                         ; out0             ;
; |sra_final2|sra_data:inst|Register1x8:inst1|RFC:inst10|inst1                                                       ; |sra_final2|sra_data:inst|Register1x8:inst1|RFC:inst10|inst1                                                       ; out              ;
; |sra_final2|sra_data:inst|Register1x8:inst1|RFC:inst10|inst                                                        ; |sra_final2|sra_data:inst|Register1x8:inst1|RFC:inst10|inst                                                        ; regout           ;
; |sra_final2|sra_data:inst|Register1x8:inst1|RFC:inst10|inst4                                                       ; |sra_final2|sra_data:inst|Register1x8:inst1|RFC:inst10|inst4                                                       ; out0             ;
; |sra_final2|sra_data:inst|Register1x8:inst1|RFC:inst10|inst3                                                       ; |sra_final2|sra_data:inst|Register1x8:inst1|RFC:inst10|inst3                                                       ; out0             ;
; |sra_final2|sra_data:inst|Register1x8:inst1|RFC:inst10|inst2                                                       ; |sra_final2|sra_data:inst|Register1x8:inst1|RFC:inst10|inst2                                                       ; out0             ;
; |sra_final2|sra_data:inst|Register1x8:inst1|RFC:inst11|inst1                                                       ; |sra_final2|sra_data:inst|Register1x8:inst1|RFC:inst11|inst1                                                       ; out              ;
; |sra_final2|sra_data:inst|Register1x8:inst1|RFC:inst11|inst                                                        ; |sra_final2|sra_data:inst|Register1x8:inst1|RFC:inst11|inst                                                        ; regout           ;
; |sra_final2|sra_data:inst|Register1x8:inst1|RFC:inst11|inst4                                                       ; |sra_final2|sra_data:inst|Register1x8:inst1|RFC:inst11|inst4                                                       ; out0             ;
; |sra_final2|sra_data:inst|Register1x8:inst1|RFC:inst11|inst3                                                       ; |sra_final2|sra_data:inst|Register1x8:inst1|RFC:inst11|inst3                                                       ; out0             ;
; |sra_final2|sra_data:inst|Register1x8:inst1|RFC:inst12|inst1                                                       ; |sra_final2|sra_data:inst|Register1x8:inst1|RFC:inst12|inst1                                                       ; out              ;
; |sra_final2|sra_data:inst|Register1x8:inst1|RFC:inst12|inst                                                        ; |sra_final2|sra_data:inst|Register1x8:inst1|RFC:inst12|inst                                                        ; regout           ;
; |sra_final2|sra_data:inst|Register1x8:inst1|RFC:inst12|inst4                                                       ; |sra_final2|sra_data:inst|Register1x8:inst1|RFC:inst12|inst4                                                       ; out0             ;
; |sra_final2|sra_data:inst|Register1x8:inst1|RFC:inst12|inst3                                                       ; |sra_final2|sra_data:inst|Register1x8:inst1|RFC:inst12|inst3                                                       ; out0             ;
; |sra_final2|sra_data:inst|Register1x8:inst1|RFC:inst12|inst2                                                       ; |sra_final2|sra_data:inst|Register1x8:inst1|RFC:inst12|inst2                                                       ; out0             ;
+--------------------------------------------------------------------------------------------------------------------+--------------------------------------------------------------------------------------------------------------------+------------------+


The following table displays output ports that do not toggle to 1 during simulation.
+------------------------------------------------------------------------------------------------------------------------------------------------------------------------------------------------------------------------------------------------------------+
; Missing 1-Value Coverage                                                                                                                                                                                                                                   ;
+--------------------------------------------------------------------------------------------------------------------+--------------------------------------------------------------------------------------------------------------------+------------------+
; Node Name                                                                                                          ; Output Port Name                                                                                                   ; Output Port Type ;
+--------------------------------------------------------------------------------------------------------------------+--------------------------------------------------------------------------------------------------------------------+------------------+
; |sra_final2|RESULT[7]                                                                                              ; |sra_final2|RESULT[7]                                                                                              ; pin_out          ;
; |sra_final2|RESULT[6]                                                                                              ; |sra_final2|RESULT[6]                                                                                              ; pin_out          ;
; |sra_final2|RESULT[5]                                                                                              ; |sra_final2|RESULT[5]                                                                                              ; pin_out          ;
; |sra_final2|RESULT[4]                                                                                              ; |sra_final2|RESULT[4]                                                                                              ; pin_out          ;
; |sra_final2|RESULT[3]                                                                                              ; |sra_final2|RESULT[3]                                                                                              ; pin_out          ;
; |sra_final2|RESULT[1]                                                                                              ; |sra_final2|RESULT[1]                                                                                              ; pin_out          ;
; |sra_final2|CLR                                                                                                    ; |sra_final2|CLR                                                                                                    ; out              ;
; |sra_final2|A[7]                                                                                                   ; |sra_final2|A[7]                                                                                                   ; out              ;
; |sra_final2|A[6]                                                                                                   ; |sra_final2|A[6]                                                                                                   ; out              ;
; |sra_final2|A[5]                                                                                                   ; |sra_final2|A[5]                                                                                                   ; out              ;
; |sra_final2|A[4]                                                                                                   ; |sra_final2|A[4]                                                                                                   ; out              ;
; |sra_final2|A[3]                                                                                                   ; |sra_final2|A[3]                                                                                                   ; out              ;
; |sra_final2|A[2]                                                                                                   ; |sra_final2|A[2]                                                                                                   ; out              ;
; |sra_final2|B[1]                                                                                                   ; |sra_final2|B[1]                                                                                                   ; out              ;
; |sra_final2|B[0]                                                                                                   ; |sra_final2|B[0]                                                                                                   ; out              ;
; |sra_final2|sra_data:inst|inst12[7]                                                                                ; |sra_final2|sra_data:inst|inst12[7]                                                                                ; out              ;
; |sra_final2|sra_data:inst|inst12[6]                                                                                ; |sra_final2|sra_data:inst|inst12[6]                                                                                ; out              ;
; |sra_final2|sra_data:inst|inst12[5]                                                                                ; |sra_final2|sra_data:inst|inst12[5]                                                                                ; out              ;
; |sra_final2|sra_data:inst|inst12[4]                                                                                ; |sra_final2|sra_data:inst|inst12[4]                                                                                ; out              ;
; |sra_final2|sra_data:inst|inst12[3]                                                                                ; |sra_final2|sra_data:inst|inst12[3]                                                                                ; out              ;
; |sra_final2|sra_data:inst|inst12[1]                                                                                ; |sra_final2|sra_data:inst|inst12[1]                                                                                ; out              ;
; |sra_final2|sra_data:inst|Register1x8:inst3|RFC:inst10|inst1                                                       ; |sra_final2|sra_data:inst|Register1x8:inst3|RFC:inst10|inst1                                                       ; out              ;
; |sra_final2|sra_data:inst|Register1x8:inst3|RFC:inst10|inst                                                        ; |sra_final2|sra_data:inst|Register1x8:inst3|RFC:inst10|inst                                                        ; regout           ;
; |sra_final2|sra_data:inst|Register1x8:inst3|RFC:inst10|inst4                                                       ; |sra_final2|sra_data:inst|Register1x8:inst3|RFC:inst10|inst4                                                       ; out0             ;
; |sra_final2|sra_data:inst|Register1x8:inst3|RFC:inst10|inst3                                                       ; |sra_final2|sra_data:inst|Register1x8:inst3|RFC:inst10|inst3                                                       ; out0             ;
; |sra_final2|sra_data:inst|Register1x8:inst3|RFC:inst10|inst2                                                       ; |sra_final2|sra_data:inst|Register1x8:inst3|RFC:inst10|inst2                                                       ; out0             ;
; |sra_final2|sra_data:inst|Register1x8:inst3|RFC:inst11|inst1                                                       ; |sra_final2|sra_data:inst|Register1x8:inst3|RFC:inst11|inst1                                                       ; out              ;
; |sra_final2|sra_data:inst|Register1x8:inst3|RFC:inst11|inst                                                        ; |sra_final2|sra_data:inst|Register1x8:inst3|RFC:inst11|inst                                                        ; regout           ;
; |sra_final2|sra_data:inst|Register1x8:inst3|RFC:inst11|inst4                                                       ; |sra_final2|sra_data:inst|Register1x8:inst3|RFC:inst11|inst4                                                       ; out0             ;
; |sra_final2|sra_data:inst|Register1x8:inst3|RFC:inst11|inst3                                                       ; |sra_final2|sra_data:inst|Register1x8:inst3|RFC:inst11|inst3                                                       ; out0             ;
; |sra_final2|sra_data:inst|Register1x8:inst3|RFC:inst11|inst2                                                       ; |sra_final2|sra_data:inst|Register1x8:inst3|RFC:inst11|inst2                                                       ; out0             ;
; |sra_final2|sra_data:inst|Register1x8:inst3|RFC:inst9|inst1                                                        ; |sra_final2|sra_data:inst|Register1x8:inst3|RFC:inst9|inst1                                                        ; out              ;
; |sra_final2|sra_data:inst|Register1x8:inst3|RFC:inst9|inst                                                         ; |sra_final2|sra_data:inst|Register1x8:inst3|RFC:inst9|inst                                                         ; regout           ;
; |sra_final2|sra_data:inst|Register1x8:inst3|RFC:inst9|inst4                                                        ; |sra_final2|sra_data:inst|Register1x8:inst3|RFC:inst9|inst4                                                        ; out0             ;
; |sra_final2|sra_data:inst|Register1x8:inst3|RFC:inst9|inst3                                                        ; |sra_final2|sra_data:inst|Register1x8:inst3|RFC:inst9|inst3                                                        ; out0             ;
; |sra_final2|sra_data:inst|Register1x8:inst3|RFC:inst9|inst2                                                        ; |sra_final2|sra_data:inst|Register1x8:inst3|RFC:inst9|inst2                                                        ; out0             ;
; |sra_final2|sra_data:inst|Register1x8:inst3|RFC:inst4|inst1                                                        ; |sra_final2|sra_data:inst|Register1x8:inst3|RFC:inst4|inst1                                                        ; out              ;
; |sra_final2|sra_data:inst|Register1x8:inst3|RFC:inst4|inst                                                         ; |sra_final2|sra_data:inst|Register1x8:inst3|RFC:inst4|inst                                                         ; regout           ;
; |sra_final2|sra_data:inst|Register1x8:inst3|RFC:inst4|inst4                                                        ; |sra_final2|sra_data:inst|Register1x8:inst3|RFC:inst4|inst4                                                        ; out0             ;
; |sra_final2|sra_data:inst|Register1x8:inst3|RFC:inst4|inst3                                                        ; |sra_final2|sra_data:inst|Register1x8:inst3|RFC:inst4|inst3                                                        ; out0             ;
; |sra_final2|sra_data:inst|Register1x8:inst3|RFC:inst4|inst2                                                        ; |sra_final2|sra_data:inst|Register1x8:inst3|RFC:inst4|inst2                                                        ; out0             ;
; |sra_final2|sra_data:inst|Register1x8:inst3|RFC:inst8|inst1                                                        ; |sra_final2|sra_data:inst|Register1x8:inst3|RFC:inst8|inst1                                                        ; out              ;
; |sra_final2|sra_data:inst|Register1x8:inst3|RFC:inst8|inst                                                         ; |sra_final2|sra_data:inst|Register1x8:inst3|RFC:inst8|inst                                                         ; regout           ;
; |sra_final2|sra_data:inst|Register1x8:inst3|RFC:inst8|inst4                                                        ; |sra_final2|sra_data:inst|Register1x8:inst3|RFC:inst8|inst4                                                        ; out0             ;
; |sra_final2|sra_data:inst|Register1x8:inst3|RFC:inst8|inst3                                                        ; |sra_final2|sra_data:inst|Register1x8:inst3|RFC:inst8|inst3                                                        ; out0             ;
; |sra_final2|sra_data:inst|Register1x8:inst3|RFC:inst8|inst2                                                        ; |sra_final2|sra_data:inst|Register1x8:inst3|RFC:inst8|inst2                                                        ; out0             ;
; |sra_final2|sra_data:inst|Register1x8:inst3|RFC:inst7|inst1                                                        ; |sra_final2|sra_data:inst|Register1x8:inst3|RFC:inst7|inst1                                                        ; out              ;
; |sra_final2|sra_data:inst|Register1x8:inst3|RFC:inst7|inst                                                         ; |sra_final2|sra_data:inst|Register1x8:inst3|RFC:inst7|inst                                                         ; regout           ;
; |sra_final2|sra_data:inst|Register1x8:inst3|RFC:inst7|inst4                                                        ; |sra_final2|sra_data:inst|Register1x8:inst3|RFC:inst7|inst4                                                        ; out0             ;
; |sra_final2|sra_data:inst|Register1x8:inst3|RFC:inst7|inst3                                                        ; |sra_final2|sra_data:inst|Register1x8:inst3|RFC:inst7|inst3                                                        ; out0             ;
; |sra_final2|sra_data:inst|Register1x8:inst3|RFC:inst7|inst2                                                        ; |sra_final2|sra_data:inst|Register1x8:inst3|RFC:inst7|inst2                                                        ; out0             ;
; |sra_final2|sra_data:inst|Register1x8:inst3|RFC:inst3|inst1                                                        ; |sra_final2|sra_data:inst|Register1x8:inst3|RFC:inst3|inst1                                                        ; out              ;
; |sra_final2|sra_data:inst|Register1x8:inst3|RFC:inst3|inst                                                         ; |sra_final2|sra_data:inst|Register1x8:inst3|RFC:inst3|inst                                                         ; regout           ;
; |sra_final2|sra_data:inst|Register1x8:inst3|RFC:inst3|inst2                                                        ; |sra_final2|sra_data:inst|Register1x8:inst3|RFC:inst3|inst2                                                        ; out0             ;
; |sra_final2|sra_data:inst|busmux:inst7|lpm_mux:$00000|mux_smc:auto_generated|result_node[7]~0                      ; |sra_final2|sra_data:inst|busmux:inst7|lpm_mux:$00000|mux_smc:auto_generated|result_node[7]~0                      ; out0             ;
; |sra_final2|sra_data:inst|busmux:inst7|lpm_mux:$00000|mux_smc:auto_generated|result_node[7]~1                      ; |sra_final2|sra_data:inst|busmux:inst7|lpm_mux:$00000|mux_smc:auto_generated|result_node[7]~1                      ; out0             ;
; |sra_final2|sra_data:inst|busmux:inst7|lpm_mux:$00000|mux_smc:auto_generated|result_node[7]                        ; |sra_final2|sra_data:inst|busmux:inst7|lpm_mux:$00000|mux_smc:auto_generated|result_node[7]                        ; out0             ;
; |sra_final2|sra_data:inst|busmux:inst7|lpm_mux:$00000|mux_smc:auto_generated|result_node[6]~2                      ; |sra_final2|sra_data:inst|busmux:inst7|lpm_mux:$00000|mux_smc:auto_generated|result_node[6]~2                      ; out0             ;
; |sra_final2|sra_data:inst|busmux:inst7|lpm_mux:$00000|mux_smc:auto_generated|result_node[6]~3                      ; |sra_final2|sra_data:inst|busmux:inst7|lpm_mux:$00000|mux_smc:auto_generated|result_node[6]~3                      ; out0             ;
; |sra_final2|sra_data:inst|busmux:inst7|lpm_mux:$00000|mux_smc:auto_generated|result_node[6]                        ; |sra_final2|sra_data:inst|busmux:inst7|lpm_mux:$00000|mux_smc:auto_generated|result_node[6]                        ; out0             ;
; |sra_final2|sra_data:inst|busmux:inst7|lpm_mux:$00000|mux_smc:auto_generated|result_node[5]~4                      ; |sra_final2|sra_data:inst|busmux:inst7|lpm_mux:$00000|mux_smc:auto_generated|result_node[5]~4                      ; out0             ;
; |sra_final2|sra_data:inst|busmux:inst7|lpm_mux:$00000|mux_smc:auto_generated|result_node[5]~5                      ; |sra_final2|sra_data:inst|busmux:inst7|lpm_mux:$00000|mux_smc:auto_generated|result_node[5]~5                      ; out0             ;
; |sra_final2|sra_data:inst|busmux:inst7|lpm_mux:$00000|mux_smc:auto_generated|result_node[5]                        ; |sra_final2|sra_data:inst|busmux:inst7|lpm_mux:$00000|mux_smc:auto_generated|result_node[5]                        ; out0             ;
; |sra_final2|sra_data:inst|busmux:inst7|lpm_mux:$00000|mux_smc:auto_generated|result_node[4]~6                      ; |sra_final2|sra_data:inst|busmux:inst7|lpm_mux:$00000|mux_smc:auto_generated|result_node[4]~6                      ; out0             ;
; |sra_final2|sra_data:inst|busmux:inst7|lpm_mux:$00000|mux_smc:auto_generated|result_node[4]~7                      ; |sra_final2|sra_data:inst|busmux:inst7|lpm_mux:$00000|mux_smc:auto_generated|result_node[4]~7                      ; out0             ;
; |sra_final2|sra_data:inst|busmux:inst7|lpm_mux:$00000|mux_smc:auto_generated|result_node[4]                        ; |sra_final2|sra_data:inst|busmux:inst7|lpm_mux:$00000|mux_smc:auto_generated|result_node[4]                        ; out0             ;
; |sra_final2|sra_data:inst|busmux:inst7|lpm_mux:$00000|mux_smc:auto_generated|result_node[3]~8                      ; |sra_final2|sra_data:inst|busmux:inst7|lpm_mux:$00000|mux_smc:auto_generated|result_node[3]~8                      ; out0             ;
; |sra_final2|sra_data:inst|busmux:inst7|lpm_mux:$00000|mux_smc:auto_generated|result_node[3]~9                      ; |sra_final2|sra_data:inst|busmux:inst7|lpm_mux:$00000|mux_smc:auto_generated|result_node[3]~9                      ; out0             ;
; |sra_final2|sra_data:inst|busmux:inst7|lpm_mux:$00000|mux_smc:auto_generated|result_node[3]                        ; |sra_final2|sra_data:inst|busmux:inst7|lpm_mux:$00000|mux_smc:auto_generated|result_node[3]                        ; out0             ;
; |sra_final2|sra_data:inst|busmux:inst7|lpm_mux:$00000|mux_smc:auto_generated|result_node[2]~10                     ; |sra_final2|sra_data:inst|busmux:inst7|lpm_mux:$00000|mux_smc:auto_generated|result_node[2]~10                     ; out0             ;
; |sra_final2|sra_data:inst|busmux:inst7|lpm_mux:$00000|mux_smc:auto_generated|result_node[1]~12                     ; |sra_final2|sra_data:inst|busmux:inst7|lpm_mux:$00000|mux_smc:auto_generated|result_node[1]~12                     ; out0             ;
; |sra_final2|sra_data:inst|AddAbsSubMin:inst8|inst19[7]                                                             ; |sra_final2|sra_data:inst|AddAbsSubMin:inst8|inst19[7]                                                             ; out0             ;
; |sra_final2|sra_data:inst|AddAbsSubMin:inst8|inst19[6]                                                             ; |sra_final2|sra_data:inst|AddAbsSubMin:inst8|inst19[6]                                                             ; out0             ;
; |sra_final2|sra_data:inst|AddAbsSubMin:inst8|inst19[5]                                                             ; |sra_final2|sra_data:inst|AddAbsSubMin:inst8|inst19[5]                                                             ; out0             ;
; |sra_final2|sra_data:inst|AddAbsSubMin:inst8|inst19[4]                                                             ; |sra_final2|sra_data:inst|AddAbsSubMin:inst8|inst19[4]                                                             ; out0             ;
; |sra_final2|sra_data:inst|AddAbsSubMin:inst8|inst19[3]                                                             ; |sra_final2|sra_data:inst|AddAbsSubMin:inst8|inst19[3]                                                             ; out0             ;
; |sra_final2|sra_data:inst|AddAbsSubMin:inst8|busmux:inst24|lpm_mux:$00000|mux_smc:auto_generated|result_node[7]~0  ; |sra_final2|sra_data:inst|AddAbsSubMin:inst8|busmux:inst24|lpm_mux:$00000|mux_smc:auto_generated|result_node[7]~0  ; out0             ;
; |sra_final2|sra_data:inst|AddAbsSubMin:inst8|busmux:inst24|lpm_mux:$00000|mux_smc:auto_generated|result_node[6]~2  ; |sra_final2|sra_data:inst|AddAbsSubMin:inst8|busmux:inst24|lpm_mux:$00000|mux_smc:auto_generated|result_node[6]~2  ; out0             ;
; |sra_final2|sra_data:inst|AddAbsSubMin:inst8|busmux:inst24|lpm_mux:$00000|mux_smc:auto_generated|result_node[5]~4  ; |sra_final2|sra_data:inst|AddAbsSubMin:inst8|busmux:inst24|lpm_mux:$00000|mux_smc:auto_generated|result_node[5]~4  ; out0             ;
; |sra_final2|sra_data:inst|AddAbsSubMin:inst8|busmux:inst24|lpm_mux:$00000|mux_smc:auto_generated|result_node[4]~6  ; |sra_final2|sra_data:inst|AddAbsSubMin:inst8|busmux:inst24|lpm_mux:$00000|mux_smc:auto_generated|result_node[4]~6  ; out0             ;
; |sra_final2|sra_data:inst|AddAbsSubMin:inst8|busmux:inst24|lpm_mux:$00000|mux_smc:auto_generated|result_node[3]~8  ; |sra_final2|sra_data:inst|AddAbsSubMin:inst8|busmux:inst24|lpm_mux:$00000|mux_smc:auto_generated|result_node[3]~8  ; out0             ;
; |sra_final2|sra_data:inst|AddAbsSubMin:inst8|Adder8bit:inst|FullAdder:inst8|inst5                                  ; |sra_final2|sra_data:inst|AddAbsSubMin:inst8|Adder8bit:inst|FullAdder:inst8|inst5                                  ; out0             ;
; |sra_final2|sra_data:inst|AddAbsSubMin:inst8|Adder8bit:inst|FullAdder:inst8|inst3                                  ; |sra_final2|sra_data:inst|AddAbsSubMin:inst8|Adder8bit:inst|FullAdder:inst8|inst3                                  ; out0             ;
; |sra_final2|sra_data:inst|AddAbsSubMin:inst8|Adder8bit:inst|FullAdder:inst3|inst5                                  ; |sra_final2|sra_data:inst|AddAbsSubMin:inst8|Adder8bit:inst|FullAdder:inst3|inst5                                  ; out0             ;
; |sra_final2|sra_data:inst|AddAbsSubMin:inst8|Adder8bit:inst|FullAdder:inst3|inst3                                  ; |sra_final2|sra_data:inst|AddAbsSubMin:inst8|Adder8bit:inst|FullAdder:inst3|inst3                                  ; out0             ;
; |sra_final2|sra_data:inst|AddAbsSubMin:inst8|Adder8bit:inst|FullAdder:inst2|inst5                                  ; |sra_final2|sra_data:inst|AddAbsSubMin:inst8|Adder8bit:inst|FullAdder:inst2|inst5                                  ; out0             ;
; |sra_final2|sra_data:inst|AddAbsSubMin:inst8|Adder8bit:inst|FullAdder:inst2|inst3                                  ; |sra_final2|sra_data:inst|AddAbsSubMin:inst8|Adder8bit:inst|FullAdder:inst2|inst3                                  ; out0             ;
; |sra_final2|sra_data:inst|AddAbsSubMin:inst8|Adder8bit:inst|FullAdder:inst1|inst5                                  ; |sra_final2|sra_data:inst|AddAbsSubMin:inst8|Adder8bit:inst|FullAdder:inst1|inst5                                  ; out0             ;
; |sra_final2|sra_data:inst|AddAbsSubMin:inst8|Adder8bit:inst|FullAdder:inst1|inst3                                  ; |sra_final2|sra_data:inst|AddAbsSubMin:inst8|Adder8bit:inst|FullAdder:inst1|inst3                                  ; out0             ;
; |sra_final2|sra_data:inst|AddAbsSubMin:inst8|busmux:inst25|lpm_mux:$00000|mux_smc:auto_generated|result_node[1]~13 ; |sra_final2|sra_data:inst|AddAbsSubMin:inst8|busmux:inst25|lpm_mux:$00000|mux_smc:auto_generated|result_node[1]~13 ; out0             ;
; |sra_final2|sra_data:inst|mux41_8bit:inst4|busmux:inst1|lpm_mux:$00000|mux_smc:auto_generated|result_node[4]~7     ; |sra_final2|sra_data:inst|mux41_8bit:inst4|busmux:inst1|lpm_mux:$00000|mux_smc:auto_generated|result_node[4]~7     ; out0             ;
; |sra_final2|sra_data:inst|mux41_8bit:inst4|busmux:inst1|lpm_mux:$00000|mux_smc:auto_generated|result_node[3]~9     ; |sra_final2|sra_data:inst|mux41_8bit:inst4|busmux:inst1|lpm_mux:$00000|mux_smc:auto_generated|result_node[3]~9     ; out0             ;
; |sra_final2|sra_data:inst|mux41_8bit:inst4|busmux:inst1|lpm_mux:$00000|mux_smc:auto_generated|result_node[2]~11    ; |sra_final2|sra_data:inst|mux41_8bit:inst4|busmux:inst1|lpm_mux:$00000|mux_smc:auto_generated|result_node[2]~11    ; out0             ;
; |sra_final2|sra_data:inst|mux41_8bit:inst4|busmux:inst1|lpm_mux:$00000|mux_smc:auto_generated|result_node[1]~13    ; |sra_final2|sra_data:inst|mux41_8bit:inst4|busmux:inst1|lpm_mux:$00000|mux_smc:auto_generated|result_node[1]~13    ; out0             ;
; |sra_final2|sra_data:inst|mux41_8bit:inst4|busmux:inst1|lpm_mux:$00000|mux_smc:auto_generated|result_node[0]~15    ; |sra_final2|sra_data:inst|mux41_8bit:inst4|busmux:inst1|lpm_mux:$00000|mux_smc:auto_generated|result_node[0]~15    ; out0             ;
; |sra_final2|sra_data:inst|mux41_8bit:inst4|busmux:inst|lpm_mux:$00000|mux_smc:auto_generated|result_node[1]~13     ; |sra_final2|sra_data:inst|mux41_8bit:inst4|busmux:inst|lpm_mux:$00000|mux_smc:auto_generated|result_node[1]~13     ; out0             ;
; |sra_final2|sra_data:inst|mux41_8bit:inst4|busmux:inst|lpm_mux:$00000|mux_smc:auto_generated|result_node[0]~15     ; |sra_final2|sra_data:inst|mux41_8bit:inst4|busmux:inst|lpm_mux:$00000|mux_smc:auto_generated|result_node[0]~15     ; out0             ;
; |sra_final2|sra_data:inst|mux41_8bit:inst4|busmux:inst2|lpm_mux:$00000|mux_smc:auto_generated|result_node[4]~6     ; |sra_final2|sra_data:inst|mux41_8bit:inst4|busmux:inst2|lpm_mux:$00000|mux_smc:auto_generated|result_node[4]~6     ; out0             ;
; |sra_final2|sra_data:inst|mux41_8bit:inst4|busmux:inst2|lpm_mux:$00000|mux_smc:auto_generated|result_node[3]~8     ; |sra_final2|sra_data:inst|mux41_8bit:inst4|busmux:inst2|lpm_mux:$00000|mux_smc:auto_generated|result_node[3]~8     ; out0             ;
; |sra_final2|sra_data:inst|mux41_8bit:inst4|busmux:inst2|lpm_mux:$00000|mux_smc:auto_generated|result_node[2]~10    ; |sra_final2|sra_data:inst|mux41_8bit:inst4|busmux:inst2|lpm_mux:$00000|mux_smc:auto_generated|result_node[2]~10    ; out0             ;
; |sra_final2|sra_data:inst|mux41_8bit:inst4|busmux:inst2|lpm_mux:$00000|mux_smc:auto_generated|result_node[1]~12    ; |sra_final2|sra_data:inst|mux41_8bit:inst4|busmux:inst2|lpm_mux:$00000|mux_smc:auto_generated|result_node[1]~12    ; out0             ;
; |sra_final2|sra_data:inst|mux41_8bit:inst4|busmux:inst2|lpm_mux:$00000|mux_smc:auto_generated|result_node[0]~14    ; |sra_final2|sra_data:inst|mux41_8bit:inst4|busmux:inst2|lpm_mux:$00000|mux_smc:auto_generated|result_node[0]~14    ; out0             ;
; |sra_final2|sra_data:inst|Register1x8:inst2|RFC:inst11|inst2                                                       ; |sra_final2|sra_data:inst|Register1x8:inst2|RFC:inst11|inst2                                                       ; out0             ;
; |sra_final2|sra_data:inst|Register1x8:inst2|RFC:inst9|inst2                                                        ; |sra_final2|sra_data:inst|Register1x8:inst2|RFC:inst9|inst2                                                        ; out0             ;
; |sra_final2|sra_data:inst|Register1x8:inst2|RFC:inst4|inst2                                                        ; |sra_final2|sra_data:inst|Register1x8:inst2|RFC:inst4|inst2                                                        ; out0             ;
; |sra_final2|sra_data:inst|Register1x8:inst2|RFC:inst8|inst2                                                        ; |sra_final2|sra_data:inst|Register1x8:inst2|RFC:inst8|inst2                                                        ; out0             ;
; |sra_final2|sra_data:inst|Register1x8:inst2|RFC:inst7|inst2                                                        ; |sra_final2|sra_data:inst|Register1x8:inst2|RFC:inst7|inst2                                                        ; out0             ;
; |sra_final2|sra_data:inst|Register1x8:inst2|RFC:inst3|inst2                                                        ; |sra_final2|sra_data:inst|Register1x8:inst2|RFC:inst3|inst2                                                        ; out0             ;
; |sra_final2|sra_data:inst|AbsMax:inst6|inst7[7]                                                                    ; |sra_final2|sra_data:inst|AbsMax:inst6|inst7[7]                                                                    ; out0             ;
; |sra_final2|sra_data:inst|AbsMax:inst6|inst7[6]                                                                    ; |sra_final2|sra_data:inst|AbsMax:inst6|inst7[6]                                                                    ; out0             ;
; |sra_final2|sra_data:inst|AbsMax:inst6|inst7[5]                                                                    ; |sra_final2|sra_data:inst|AbsMax:inst6|inst7[5]                                                                    ; out0             ;
; |sra_final2|sra_data:inst|AbsMax:inst6|inst7[4]                                                                    ; |sra_final2|sra_data:inst|AbsMax:inst6|inst7[4]                                                                    ; out0             ;
; |sra_final2|sra_data:inst|AbsMax:inst6|inst7[3]                                                                    ; |sra_final2|sra_data:inst|AbsMax:inst6|inst7[3]                                                                    ; out0             ;
; |sra_final2|sra_data:inst|AbsMax:inst6|inst7[1]                                                                    ; |sra_final2|sra_data:inst|AbsMax:inst6|inst7[1]                                                                    ; out0             ;
; |sra_final2|sra_data:inst|AbsMax:inst6|busmux:inst11|lpm_mux:$00000|mux_smc:auto_generated|result_node[7]~0        ; |sra_final2|sra_data:inst|AbsMax:inst6|busmux:inst11|lpm_mux:$00000|mux_smc:auto_generated|result_node[7]~0        ; out0             ;
; |sra_final2|sra_data:inst|AbsMax:inst6|busmux:inst11|lpm_mux:$00000|mux_smc:auto_generated|result_node[6]~2        ; |sra_final2|sra_data:inst|AbsMax:inst6|busmux:inst11|lpm_mux:$00000|mux_smc:auto_generated|result_node[6]~2        ; out0             ;
; |sra_final2|sra_data:inst|AbsMax:inst6|busmux:inst11|lpm_mux:$00000|mux_smc:auto_generated|result_node[5]~4        ; |sra_final2|sra_data:inst|AbsMax:inst6|busmux:inst11|lpm_mux:$00000|mux_smc:auto_generated|result_node[5]~4        ; out0             ;
; |sra_final2|sra_data:inst|AbsMax:inst6|busmux:inst11|lpm_mux:$00000|mux_smc:auto_generated|result_node[4]~6        ; |sra_final2|sra_data:inst|AbsMax:inst6|busmux:inst11|lpm_mux:$00000|mux_smc:auto_generated|result_node[4]~6        ; out0             ;
; |sra_final2|sra_data:inst|AbsMax:inst6|busmux:inst11|lpm_mux:$00000|mux_smc:auto_generated|result_node[3]~8        ; |sra_final2|sra_data:inst|AbsMax:inst6|busmux:inst11|lpm_mux:$00000|mux_smc:auto_generated|result_node[3]~8        ; out0             ;
; |sra_final2|sra_data:inst|AbsMax:inst6|Adder8bit:inst|FullAdder:inst6|inst5                                        ; |sra_final2|sra_data:inst|AbsMax:inst6|Adder8bit:inst|FullAdder:inst6|inst5                                        ; out0             ;
; |sra_final2|sra_data:inst|AbsMax:inst6|Adder8bit:inst|FullAdder:inst6|inst3                                        ; |sra_final2|sra_data:inst|AbsMax:inst6|Adder8bit:inst|FullAdder:inst6|inst3                                        ; out0             ;
; |sra_final2|sra_data:inst|AbsMax:inst6|Adder8bit:inst|FullAdder:inst8|inst                                         ; |sra_final2|sra_data:inst|AbsMax:inst6|Adder8bit:inst|FullAdder:inst8|inst                                         ; out0             ;
; |sra_final2|sra_data:inst|AbsMax:inst6|Adder8bit:inst|FullAdder:inst8|inst5                                        ; |sra_final2|sra_data:inst|AbsMax:inst6|Adder8bit:inst|FullAdder:inst8|inst5                                        ; out0             ;
; |sra_final2|sra_data:inst|AbsMax:inst6|Adder8bit:inst|FullAdder:inst8|inst3                                        ; |sra_final2|sra_data:inst|AbsMax:inst6|Adder8bit:inst|FullAdder:inst8|inst3                                        ; out0             ;
; |sra_final2|sra_data:inst|AbsMax:inst6|Adder8bit:inst|FullAdder:inst3|inst                                         ; |sra_final2|sra_data:inst|AbsMax:inst6|Adder8bit:inst|FullAdder:inst3|inst                                         ; out0             ;
; |sra_final2|sra_data:inst|AbsMax:inst6|Adder8bit:inst|FullAdder:inst3|inst5                                        ; |sra_final2|sra_data:inst|AbsMax:inst6|Adder8bit:inst|FullAdder:inst3|inst5                                        ; out0             ;
; |sra_final2|sra_data:inst|AbsMax:inst6|Adder8bit:inst|FullAdder:inst3|inst3                                        ; |sra_final2|sra_data:inst|AbsMax:inst6|Adder8bit:inst|FullAdder:inst3|inst3                                        ; out0             ;
; |sra_final2|sra_data:inst|AbsMax:inst6|Adder8bit:inst|FullAdder:inst2|inst                                         ; |sra_final2|sra_data:inst|AbsMax:inst6|Adder8bit:inst|FullAdder:inst2|inst                                         ; out0             ;
; |sra_final2|sra_data:inst|AbsMax:inst6|Adder8bit:inst|FullAdder:inst2|inst5                                        ; |sra_final2|sra_data:inst|AbsMax:inst6|Adder8bit:inst|FullAdder:inst2|inst5                                        ; out0             ;
; |sra_final2|sra_data:inst|AbsMax:inst6|Adder8bit:inst|FullAdder:inst2|inst3                                        ; |sra_final2|sra_data:inst|AbsMax:inst6|Adder8bit:inst|FullAdder:inst2|inst3                                        ; out0             ;
; |sra_final2|sra_data:inst|AbsMax:inst6|Adder8bit:inst|FullAdder:inst1|inst                                         ; |sra_final2|sra_data:inst|AbsMax:inst6|Adder8bit:inst|FullAdder:inst1|inst                                         ; out0             ;
; |sra_final2|sra_data:inst|AbsMax:inst6|Adder8bit:inst|FullAdder:inst1|inst5                                        ; |sra_final2|sra_data:inst|AbsMax:inst6|Adder8bit:inst|FullAdder:inst1|inst5                                        ; out0             ;
; |sra_final2|sra_data:inst|AbsMax:inst6|Adder8bit:inst|FullAdder:inst1|inst3                                        ; |sra_final2|sra_data:inst|AbsMax:inst6|Adder8bit:inst|FullAdder:inst1|inst3                                        ; out0             ;
; |sra_final2|sra_data:inst|AbsMax:inst6|Adder8bit:inst|FullAdder:inst|inst                                          ; |sra_final2|sra_data:inst|AbsMax:inst6|Adder8bit:inst|FullAdder:inst|inst                                          ; out0             ;
; |sra_final2|sra_data:inst|AbsMax:inst6|busmux:inst12|lpm_mux:$00000|mux_smc:auto_generated|result_node[7]~0        ; |sra_final2|sra_data:inst|AbsMax:inst6|busmux:inst12|lpm_mux:$00000|mux_smc:auto_generated|result_node[7]~0        ; out0             ;
; |sra_final2|sra_data:inst|AbsMax:inst6|busmux:inst12|lpm_mux:$00000|mux_smc:auto_generated|result_node[6]~2        ; |sra_final2|sra_data:inst|AbsMax:inst6|busmux:inst12|lpm_mux:$00000|mux_smc:auto_generated|result_node[6]~2        ; out0             ;
; |sra_final2|sra_data:inst|AbsMax:inst6|busmux:inst12|lpm_mux:$00000|mux_smc:auto_generated|result_node[6]~3        ; |sra_final2|sra_data:inst|AbsMax:inst6|busmux:inst12|lpm_mux:$00000|mux_smc:auto_generated|result_node[6]~3        ; out0             ;
; |sra_final2|sra_data:inst|AbsMax:inst6|busmux:inst12|lpm_mux:$00000|mux_smc:auto_generated|result_node[6]          ; |sra_final2|sra_data:inst|AbsMax:inst6|busmux:inst12|lpm_mux:$00000|mux_smc:auto_generated|result_node[6]          ; out0             ;
; |sra_final2|sra_data:inst|AbsMax:inst6|busmux:inst12|lpm_mux:$00000|mux_smc:auto_generated|result_node[5]~4        ; |sra_final2|sra_data:inst|AbsMax:inst6|busmux:inst12|lpm_mux:$00000|mux_smc:auto_generated|result_node[5]~4        ; out0             ;
; |sra_final2|sra_data:inst|AbsMax:inst6|busmux:inst12|lpm_mux:$00000|mux_smc:auto_generated|result_node[5]~5        ; |sra_final2|sra_data:inst|AbsMax:inst6|busmux:inst12|lpm_mux:$00000|mux_smc:auto_generated|result_node[5]~5        ; out0             ;
; |sra_final2|sra_data:inst|AbsMax:inst6|busmux:inst12|lpm_mux:$00000|mux_smc:auto_generated|result_node[5]          ; |sra_final2|sra_data:inst|AbsMax:inst6|busmux:inst12|lpm_mux:$00000|mux_smc:auto_generated|result_node[5]          ; out0             ;
; |sra_final2|sra_data:inst|AbsMax:inst6|busmux:inst12|lpm_mux:$00000|mux_smc:auto_generated|result_node[4]~6        ; |sra_final2|sra_data:inst|AbsMax:inst6|busmux:inst12|lpm_mux:$00000|mux_smc:auto_generated|result_node[4]~6        ; out0             ;
; |sra_final2|sra_data:inst|AbsMax:inst6|busmux:inst12|lpm_mux:$00000|mux_smc:auto_generated|result_node[4]~7        ; |sra_final2|sra_data:inst|AbsMax:inst6|busmux:inst12|lpm_mux:$00000|mux_smc:auto_generated|result_node[4]~7        ; out0             ;
; |sra_final2|sra_data:inst|AbsMax:inst6|busmux:inst12|lpm_mux:$00000|mux_smc:auto_generated|result_node[4]          ; |sra_final2|sra_data:inst|AbsMax:inst6|busmux:inst12|lpm_mux:$00000|mux_smc:auto_generated|result_node[4]          ; out0             ;
; |sra_final2|sra_data:inst|AbsMax:inst6|busmux:inst12|lpm_mux:$00000|mux_smc:auto_generated|result_node[3]~8        ; |sra_final2|sra_data:inst|AbsMax:inst6|busmux:inst12|lpm_mux:$00000|mux_smc:auto_generated|result_node[3]~8        ; out0             ;
; |sra_final2|sra_data:inst|AbsMax:inst6|busmux:inst12|lpm_mux:$00000|mux_smc:auto_generated|result_node[3]~9        ; |sra_final2|sra_data:inst|AbsMax:inst6|busmux:inst12|lpm_mux:$00000|mux_smc:auto_generated|result_node[3]~9        ; out0             ;
; |sra_final2|sra_data:inst|AbsMax:inst6|busmux:inst12|lpm_mux:$00000|mux_smc:auto_generated|result_node[3]          ; |sra_final2|sra_data:inst|AbsMax:inst6|busmux:inst12|lpm_mux:$00000|mux_smc:auto_generated|result_node[3]          ; out0             ;
; |sra_final2|sra_data:inst|AbsMax:inst6|busmux:inst12|lpm_mux:$00000|mux_smc:auto_generated|result_node[2]~10       ; |sra_final2|sra_data:inst|AbsMax:inst6|busmux:inst12|lpm_mux:$00000|mux_smc:auto_generated|result_node[2]~10       ; out0             ;
; |sra_final2|sra_data:inst|AbsMax:inst6|busmux:inst12|lpm_mux:$00000|mux_smc:auto_generated|result_node[1]~12       ; |sra_final2|sra_data:inst|AbsMax:inst6|busmux:inst12|lpm_mux:$00000|mux_smc:auto_generated|result_node[1]~12       ; out0             ;
; |sra_final2|sra_data:inst|AbsMax:inst6|busmux:inst12|lpm_mux:$00000|mux_smc:auto_generated|result_node[0]~14       ; |sra_final2|sra_data:inst|AbsMax:inst6|busmux:inst12|lpm_mux:$00000|mux_smc:auto_generated|result_node[0]~14       ; out0             ;
; |sra_final2|sra_data:inst|AbsMax:inst6|busmux:inst10|lpm_mux:$00000|mux_smc:auto_generated|result_node[7]~0        ; |sra_final2|sra_data:inst|AbsMax:inst6|busmux:inst10|lpm_mux:$00000|mux_smc:auto_generated|result_node[7]~0        ; out0             ;
; |sra_final2|sra_data:inst|AbsMax:inst6|busmux:inst10|lpm_mux:$00000|mux_smc:auto_generated|result_node[7]~1        ; |sra_final2|sra_data:inst|AbsMax:inst6|busmux:inst10|lpm_mux:$00000|mux_smc:auto_generated|result_node[7]~1        ; out0             ;
; |sra_final2|sra_data:inst|AbsMax:inst6|busmux:inst10|lpm_mux:$00000|mux_smc:auto_generated|result_node[7]          ; |sra_final2|sra_data:inst|AbsMax:inst6|busmux:inst10|lpm_mux:$00000|mux_smc:auto_generated|result_node[7]          ; out0             ;
; |sra_final2|sra_data:inst|AbsMax:inst6|busmux:inst10|lpm_mux:$00000|mux_smc:auto_generated|result_node[6]~2        ; |sra_final2|sra_data:inst|AbsMax:inst6|busmux:inst10|lpm_mux:$00000|mux_smc:auto_generated|result_node[6]~2        ; out0             ;
; |sra_final2|sra_data:inst|AbsMax:inst6|busmux:inst10|lpm_mux:$00000|mux_smc:auto_generated|result_node[6]~3        ; |sra_final2|sra_data:inst|AbsMax:inst6|busmux:inst10|lpm_mux:$00000|mux_smc:auto_generated|result_node[6]~3        ; out0             ;
; |sra_final2|sra_data:inst|AbsMax:inst6|busmux:inst10|lpm_mux:$00000|mux_smc:auto_generated|result_node[6]          ; |sra_final2|sra_data:inst|AbsMax:inst6|busmux:inst10|lpm_mux:$00000|mux_smc:auto_generated|result_node[6]          ; out0             ;
; |sra_final2|sra_data:inst|AbsMax:inst6|busmux:inst10|lpm_mux:$00000|mux_smc:auto_generated|result_node[5]~4        ; |sra_final2|sra_data:inst|AbsMax:inst6|busmux:inst10|lpm_mux:$00000|mux_smc:auto_generated|result_node[5]~4        ; out0             ;
; |sra_final2|sra_data:inst|AbsMax:inst6|busmux:inst10|lpm_mux:$00000|mux_smc:auto_generated|result_node[5]~5        ; |sra_final2|sra_data:inst|AbsMax:inst6|busmux:inst10|lpm_mux:$00000|mux_smc:auto_generated|result_node[5]~5        ; out0             ;
; |sra_final2|sra_data:inst|AbsMax:inst6|busmux:inst10|lpm_mux:$00000|mux_smc:auto_generated|result_node[5]          ; |sra_final2|sra_data:inst|AbsMax:inst6|busmux:inst10|lpm_mux:$00000|mux_smc:auto_generated|result_node[5]          ; out0             ;
; |sra_final2|sra_data:inst|AbsMax:inst6|busmux:inst10|lpm_mux:$00000|mux_smc:auto_generated|result_node[4]~6        ; |sra_final2|sra_data:inst|AbsMax:inst6|busmux:inst10|lpm_mux:$00000|mux_smc:auto_generated|result_node[4]~6        ; out0             ;
; |sra_final2|sra_data:inst|AbsMax:inst6|busmux:inst10|lpm_mux:$00000|mux_smc:auto_generated|result_node[4]~7        ; |sra_final2|sra_data:inst|AbsMax:inst6|busmux:inst10|lpm_mux:$00000|mux_smc:auto_generated|result_node[4]~7        ; out0             ;
; |sra_final2|sra_data:inst|AbsMax:inst6|busmux:inst10|lpm_mux:$00000|mux_smc:auto_generated|result_node[4]          ; |sra_final2|sra_data:inst|AbsMax:inst6|busmux:inst10|lpm_mux:$00000|mux_smc:auto_generated|result_node[4]          ; out0             ;
; |sra_final2|sra_data:inst|AbsMax:inst6|busmux:inst10|lpm_mux:$00000|mux_smc:auto_generated|result_node[3]~8        ; |sra_final2|sra_data:inst|AbsMax:inst6|busmux:inst10|lpm_mux:$00000|mux_smc:auto_generated|result_node[3]~8        ; out0             ;
; |sra_final2|sra_data:inst|AbsMax:inst6|busmux:inst10|lpm_mux:$00000|mux_smc:auto_generated|result_node[3]~9        ; |sra_final2|sra_data:inst|AbsMax:inst6|busmux:inst10|lpm_mux:$00000|mux_smc:auto_generated|result_node[3]~9        ; out0             ;
; |sra_final2|sra_data:inst|AbsMax:inst6|busmux:inst10|lpm_mux:$00000|mux_smc:auto_generated|result_node[3]          ; |sra_final2|sra_data:inst|AbsMax:inst6|busmux:inst10|lpm_mux:$00000|mux_smc:auto_generated|result_node[3]          ; out0             ;
; |sra_final2|sra_data:inst|busmux:inst|lpm_mux:$00000|mux_smc:auto_generated|result_node[7]~0                       ; |sra_final2|sra_data:inst|busmux:inst|lpm_mux:$00000|mux_smc:auto_generated|result_node[7]~0                       ; out0             ;
; |sra_final2|sra_data:inst|busmux:inst|lpm_mux:$00000|mux_smc:auto_generated|result_node[7]~1                       ; |sra_final2|sra_data:inst|busmux:inst|lpm_mux:$00000|mux_smc:auto_generated|result_node[7]~1                       ; out0             ;
; |sra_final2|sra_data:inst|busmux:inst|lpm_mux:$00000|mux_smc:auto_generated|result_node[7]                         ; |sra_final2|sra_data:inst|busmux:inst|lpm_mux:$00000|mux_smc:auto_generated|result_node[7]                         ; out0             ;
; |sra_final2|sra_data:inst|busmux:inst|lpm_mux:$00000|mux_smc:auto_generated|result_node[6]~2                       ; |sra_final2|sra_data:inst|busmux:inst|lpm_mux:$00000|mux_smc:auto_generated|result_node[6]~2                       ; out0             ;
; |sra_final2|sra_data:inst|busmux:inst|lpm_mux:$00000|mux_smc:auto_generated|result_node[6]~3                       ; |sra_final2|sra_data:inst|busmux:inst|lpm_mux:$00000|mux_smc:auto_generated|result_node[6]~3                       ; out0             ;
; |sra_final2|sra_data:inst|busmux:inst|lpm_mux:$00000|mux_smc:auto_generated|result_node[6]                         ; |sra_final2|sra_data:inst|busmux:inst|lpm_mux:$00000|mux_smc:auto_generated|result_node[6]                         ; out0             ;
; |sra_final2|sra_data:inst|busmux:inst|lpm_mux:$00000|mux_smc:auto_generated|result_node[5]~4                       ; |sra_final2|sra_data:inst|busmux:inst|lpm_mux:$00000|mux_smc:auto_generated|result_node[5]~4                       ; out0             ;
; |sra_final2|sra_data:inst|busmux:inst|lpm_mux:$00000|mux_smc:auto_generated|result_node[5]~5                       ; |sra_final2|sra_data:inst|busmux:inst|lpm_mux:$00000|mux_smc:auto_generated|result_node[5]~5                       ; out0             ;
; |sra_final2|sra_data:inst|busmux:inst|lpm_mux:$00000|mux_smc:auto_generated|result_node[5]                         ; |sra_final2|sra_data:inst|busmux:inst|lpm_mux:$00000|mux_smc:auto_generated|result_node[5]                         ; out0             ;
; |sra_final2|sra_data:inst|busmux:inst|lpm_mux:$00000|mux_smc:auto_generated|result_node[4]~6                       ; |sra_final2|sra_data:inst|busmux:inst|lpm_mux:$00000|mux_smc:auto_generated|result_node[4]~6                       ; out0             ;
; |sra_final2|sra_data:inst|busmux:inst|lpm_mux:$00000|mux_smc:auto_generated|result_node[4]~7                       ; |sra_final2|sra_data:inst|busmux:inst|lpm_mux:$00000|mux_smc:auto_generated|result_node[4]~7                       ; out0             ;
; |sra_final2|sra_data:inst|busmux:inst|lpm_mux:$00000|mux_smc:auto_generated|result_node[4]                         ; |sra_final2|sra_data:inst|busmux:inst|lpm_mux:$00000|mux_smc:auto_generated|result_node[4]                         ; out0             ;
; |sra_final2|sra_data:inst|busmux:inst|lpm_mux:$00000|mux_smc:auto_generated|result_node[3]~8                       ; |sra_final2|sra_data:inst|busmux:inst|lpm_mux:$00000|mux_smc:auto_generated|result_node[3]~8                       ; out0             ;
; |sra_final2|sra_data:inst|busmux:inst|lpm_mux:$00000|mux_smc:auto_generated|result_node[3]~9                       ; |sra_final2|sra_data:inst|busmux:inst|lpm_mux:$00000|mux_smc:auto_generated|result_node[3]~9                       ; out0             ;
; |sra_final2|sra_data:inst|busmux:inst|lpm_mux:$00000|mux_smc:auto_generated|result_node[3]                         ; |sra_final2|sra_data:inst|busmux:inst|lpm_mux:$00000|mux_smc:auto_generated|result_node[3]                         ; out0             ;
; |sra_final2|sra_data:inst|busmux:inst|lpm_mux:$00000|mux_smc:auto_generated|result_node[2]~11                      ; |sra_final2|sra_data:inst|busmux:inst|lpm_mux:$00000|mux_smc:auto_generated|result_node[2]~11                      ; out0             ;
; |sra_final2|sra_data:inst|Register1x8:inst1|RFC:inst11|inst2                                                       ; |sra_final2|sra_data:inst|Register1x8:inst1|RFC:inst11|inst2                                                       ; out0             ;
; |sra_final2|sra_data:inst|Register1x8:inst1|RFC:inst9|inst1                                                        ; |sra_final2|sra_data:inst|Register1x8:inst1|RFC:inst9|inst1                                                        ; out              ;
; |sra_final2|sra_data:inst|Register1x8:inst1|RFC:inst9|inst                                                         ; |sra_final2|sra_data:inst|Register1x8:inst1|RFC:inst9|inst                                                         ; regout           ;
; |sra_final2|sra_data:inst|Register1x8:inst1|RFC:inst9|inst4                                                        ; |sra_final2|sra_data:inst|Register1x8:inst1|RFC:inst9|inst4                                                        ; out0             ;
; |sra_final2|sra_data:inst|Register1x8:inst1|RFC:inst9|inst3                                                        ; |sra_final2|sra_data:inst|Register1x8:inst1|RFC:inst9|inst3                                                        ; out0             ;
; |sra_final2|sra_data:inst|Register1x8:inst1|RFC:inst9|inst2                                                        ; |sra_final2|sra_data:inst|Register1x8:inst1|RFC:inst9|inst2                                                        ; out0             ;
; |sra_final2|sra_data:inst|Register1x8:inst1|RFC:inst4|inst1                                                        ; |sra_final2|sra_data:inst|Register1x8:inst1|RFC:inst4|inst1                                                        ; out              ;
; |sra_final2|sra_data:inst|Register1x8:inst1|RFC:inst4|inst                                                         ; |sra_final2|sra_data:inst|Register1x8:inst1|RFC:inst4|inst                                                         ; regout           ;
; |sra_final2|sra_data:inst|Register1x8:inst1|RFC:inst4|inst4                                                        ; |sra_final2|sra_data:inst|Register1x8:inst1|RFC:inst4|inst4                                                        ; out0             ;
; |sra_final2|sra_data:inst|Register1x8:inst1|RFC:inst4|inst3                                                        ; |sra_final2|sra_data:inst|Register1x8:inst1|RFC:inst4|inst3                                                        ; out0             ;
; |sra_final2|sra_data:inst|Register1x8:inst1|RFC:inst4|inst2                                                        ; |sra_final2|sra_data:inst|Register1x8:inst1|RFC:inst4|inst2                                                        ; out0             ;
; |sra_final2|sra_data:inst|Register1x8:inst1|RFC:inst8|inst1                                                        ; |sra_final2|sra_data:inst|Register1x8:inst1|RFC:inst8|inst1                                                        ; out              ;
; |sra_final2|sra_data:inst|Register1x8:inst1|RFC:inst8|inst                                                         ; |sra_final2|sra_data:inst|Register1x8:inst1|RFC:inst8|inst                                                         ; regout           ;
; |sra_final2|sra_data:inst|Register1x8:inst1|RFC:inst8|inst4                                                        ; |sra_final2|sra_data:inst|Register1x8:inst1|RFC:inst8|inst4                                                        ; out0             ;
; |sra_final2|sra_data:inst|Register1x8:inst1|RFC:inst8|inst3                                                        ; |sra_final2|sra_data:inst|Register1x8:inst1|RFC:inst8|inst3                                                        ; out0             ;
; |sra_final2|sra_data:inst|Register1x8:inst1|RFC:inst8|inst2                                                        ; |sra_final2|sra_data:inst|Register1x8:inst1|RFC:inst8|inst2                                                        ; out0             ;
; |sra_final2|sra_data:inst|Register1x8:inst1|RFC:inst7|inst1                                                        ; |sra_final2|sra_data:inst|Register1x8:inst1|RFC:inst7|inst1                                                        ; out              ;
; |sra_final2|sra_data:inst|Register1x8:inst1|RFC:inst7|inst                                                         ; |sra_final2|sra_data:inst|Register1x8:inst1|RFC:inst7|inst                                                         ; regout           ;
; |sra_final2|sra_data:inst|Register1x8:inst1|RFC:inst7|inst4                                                        ; |sra_final2|sra_data:inst|Register1x8:inst1|RFC:inst7|inst4                                                        ; out0             ;
; |sra_final2|sra_data:inst|Register1x8:inst1|RFC:inst7|inst3                                                        ; |sra_final2|sra_data:inst|Register1x8:inst1|RFC:inst7|inst3                                                        ; out0             ;
; |sra_final2|sra_data:inst|Register1x8:inst1|RFC:inst7|inst2                                                        ; |sra_final2|sra_data:inst|Register1x8:inst1|RFC:inst7|inst2                                                        ; out0             ;
; |sra_final2|sra_data:inst|Register1x8:inst1|RFC:inst3|inst1                                                        ; |sra_final2|sra_data:inst|Register1x8:inst1|RFC:inst3|inst1                                                        ; out              ;
; |sra_final2|sra_data:inst|Register1x8:inst1|RFC:inst3|inst                                                         ; |sra_final2|sra_data:inst|Register1x8:inst1|RFC:inst3|inst                                                         ; regout           ;
; |sra_final2|sra_data:inst|Register1x8:inst1|RFC:inst3|inst4                                                        ; |sra_final2|sra_data:inst|Register1x8:inst1|RFC:inst3|inst4                                                        ; out0             ;
; |sra_final2|sra_data:inst|Register1x8:inst1|RFC:inst3|inst3                                                        ; |sra_final2|sra_data:inst|Register1x8:inst1|RFC:inst3|inst3                                                        ; out0             ;
; |sra_final2|sra_data:inst|Register1x8:inst1|RFC:inst3|inst2                                                        ; |sra_final2|sra_data:inst|Register1x8:inst1|RFC:inst3|inst2                                                        ; out0             ;
+--------------------------------------------------------------------------------------------------------------------+--------------------------------------------------------------------------------------------------------------------+------------------+


The following table displays output ports that do not toggle to 0 during simulation.
+------------------------------------------------------------------------------------------------------------------------------------------------------------------------------------------------------------------------------------------------------------+
; Missing 0-Value Coverage                                                                                                                                                                                                                                   ;
+--------------------------------------------------------------------------------------------------------------------+--------------------------------------------------------------------------------------------------------------------+------------------+
; Node Name                                                                                                          ; Output Port Name                                                                                                   ; Output Port Type ;
+--------------------------------------------------------------------------------------------------------------------+--------------------------------------------------------------------------------------------------------------------+------------------+
; |sra_final2|CLR                                                                                                    ; |sra_final2|CLR                                                                                                    ; out              ;
; |sra_final2|A[7]                                                                                                   ; |sra_final2|A[7]                                                                                                   ; out              ;
; |sra_final2|A[6]                                                                                                   ; |sra_final2|A[6]                                                                                                   ; out              ;
; |sra_final2|A[5]                                                                                                   ; |sra_final2|A[5]                                                                                                   ; out              ;
; |sra_final2|A[4]                                                                                                   ; |sra_final2|A[4]                                                                                                   ; out              ;
; |sra_final2|A[3]                                                                                                   ; |sra_final2|A[3]                                                                                                   ; out              ;
; |sra_final2|A[2]                                                                                                   ; |sra_final2|A[2]                                                                                                   ; out              ;
; |sra_final2|B[1]                                                                                                   ; |sra_final2|B[1]                                                                                                   ; out              ;
; |sra_final2|B[0]                                                                                                   ; |sra_final2|B[0]                                                                                                   ; out              ;
; |sra_final2|SRA_CONTROL_BLOCK:inst1|inst3                                                                          ; |sra_final2|SRA_CONTROL_BLOCK:inst1|inst3                                                                          ; out              ;
; |sra_final2|sra_data:inst|Register1x8:inst3|RFC:inst10|inst1                                                       ; |sra_final2|sra_data:inst|Register1x8:inst3|RFC:inst10|inst1                                                       ; out              ;
; |sra_final2|sra_data:inst|Register1x8:inst3|RFC:inst10|inst                                                        ; |sra_final2|sra_data:inst|Register1x8:inst3|RFC:inst10|inst                                                        ; regout           ;
; |sra_final2|sra_data:inst|Register1x8:inst3|RFC:inst10|inst4                                                       ; |sra_final2|sra_data:inst|Register1x8:inst3|RFC:inst10|inst4                                                       ; out0             ;
; |sra_final2|sra_data:inst|Register1x8:inst3|RFC:inst10|inst3                                                       ; |sra_final2|sra_data:inst|Register1x8:inst3|RFC:inst10|inst3                                                       ; out0             ;
; |sra_final2|sra_data:inst|Register1x8:inst3|RFC:inst10|inst2                                                       ; |sra_final2|sra_data:inst|Register1x8:inst3|RFC:inst10|inst2                                                       ; out0             ;
; |sra_final2|sra_data:inst|Register1x8:inst3|RFC:inst11|inst1                                                       ; |sra_final2|sra_data:inst|Register1x8:inst3|RFC:inst11|inst1                                                       ; out              ;
; |sra_final2|sra_data:inst|Register1x8:inst3|RFC:inst11|inst                                                        ; |sra_final2|sra_data:inst|Register1x8:inst3|RFC:inst11|inst                                                        ; regout           ;
; |sra_final2|sra_data:inst|Register1x8:inst3|RFC:inst11|inst4                                                       ; |sra_final2|sra_data:inst|Register1x8:inst3|RFC:inst11|inst4                                                       ; out0             ;
; |sra_final2|sra_data:inst|Register1x8:inst3|RFC:inst11|inst3                                                       ; |sra_final2|sra_data:inst|Register1x8:inst3|RFC:inst11|inst3                                                       ; out0             ;
; |sra_final2|sra_data:inst|Register1x8:inst3|RFC:inst11|inst2                                                       ; |sra_final2|sra_data:inst|Register1x8:inst3|RFC:inst11|inst2                                                       ; out0             ;
; |sra_final2|sra_data:inst|Register1x8:inst3|RFC:inst9|inst1                                                        ; |sra_final2|sra_data:inst|Register1x8:inst3|RFC:inst9|inst1                                                        ; out              ;
; |sra_final2|sra_data:inst|Register1x8:inst3|RFC:inst9|inst                                                         ; |sra_final2|sra_data:inst|Register1x8:inst3|RFC:inst9|inst                                                         ; regout           ;
; |sra_final2|sra_data:inst|Register1x8:inst3|RFC:inst9|inst4                                                        ; |sra_final2|sra_data:inst|Register1x8:inst3|RFC:inst9|inst4                                                        ; out0             ;
; |sra_final2|sra_data:inst|Register1x8:inst3|RFC:inst9|inst3                                                        ; |sra_final2|sra_data:inst|Register1x8:inst3|RFC:inst9|inst3                                                        ; out0             ;
; |sra_final2|sra_data:inst|Register1x8:inst3|RFC:inst9|inst2                                                        ; |sra_final2|sra_data:inst|Register1x8:inst3|RFC:inst9|inst2                                                        ; out0             ;
; |sra_final2|sra_data:inst|Register1x8:inst3|RFC:inst4|inst1                                                        ; |sra_final2|sra_data:inst|Register1x8:inst3|RFC:inst4|inst1                                                        ; out              ;
; |sra_final2|sra_data:inst|Register1x8:inst3|RFC:inst4|inst                                                         ; |sra_final2|sra_data:inst|Register1x8:inst3|RFC:inst4|inst                                                         ; regout           ;
; |sra_final2|sra_data:inst|Register1x8:inst3|RFC:inst4|inst4                                                        ; |sra_final2|sra_data:inst|Register1x8:inst3|RFC:inst4|inst4                                                        ; out0             ;
; |sra_final2|sra_data:inst|Register1x8:inst3|RFC:inst4|inst3                                                        ; |sra_final2|sra_data:inst|Register1x8:inst3|RFC:inst4|inst3                                                        ; out0             ;
; |sra_final2|sra_data:inst|Register1x8:inst3|RFC:inst4|inst2                                                        ; |sra_final2|sra_data:inst|Register1x8:inst3|RFC:inst4|inst2                                                        ; out0             ;
; |sra_final2|sra_data:inst|Register1x8:inst3|RFC:inst8|inst1                                                        ; |sra_final2|sra_data:inst|Register1x8:inst3|RFC:inst8|inst1                                                        ; out              ;
; |sra_final2|sra_data:inst|Register1x8:inst3|RFC:inst8|inst                                                         ; |sra_final2|sra_data:inst|Register1x8:inst3|RFC:inst8|inst                                                         ; regout           ;
; |sra_final2|sra_data:inst|Register1x8:inst3|RFC:inst8|inst4                                                        ; |sra_final2|sra_data:inst|Register1x8:inst3|RFC:inst8|inst4                                                        ; out0             ;
; |sra_final2|sra_data:inst|Register1x8:inst3|RFC:inst8|inst3                                                        ; |sra_final2|sra_data:inst|Register1x8:inst3|RFC:inst8|inst3                                                        ; out0             ;
; |sra_final2|sra_data:inst|Register1x8:inst3|RFC:inst8|inst2                                                        ; |sra_final2|sra_data:inst|Register1x8:inst3|RFC:inst8|inst2                                                        ; out0             ;
; |sra_final2|sra_data:inst|Register1x8:inst3|RFC:inst7|inst1                                                        ; |sra_final2|sra_data:inst|Register1x8:inst3|RFC:inst7|inst1                                                        ; out              ;
; |sra_final2|sra_data:inst|Register1x8:inst3|RFC:inst7|inst                                                         ; |sra_final2|sra_data:inst|Register1x8:inst3|RFC:inst7|inst                                                         ; regout           ;
; |sra_final2|sra_data:inst|Register1x8:inst3|RFC:inst7|inst4                                                        ; |sra_final2|sra_data:inst|Register1x8:inst3|RFC:inst7|inst4                                                        ; out0             ;
; |sra_final2|sra_data:inst|Register1x8:inst3|RFC:inst7|inst3                                                        ; |sra_final2|sra_data:inst|Register1x8:inst3|RFC:inst7|inst3                                                        ; out0             ;
; |sra_final2|sra_data:inst|Register1x8:inst3|RFC:inst7|inst2                                                        ; |sra_final2|sra_data:inst|Register1x8:inst3|RFC:inst7|inst2                                                        ; out0             ;
; |sra_final2|sra_data:inst|Register1x8:inst3|RFC:inst3|inst1                                                        ; |sra_final2|sra_data:inst|Register1x8:inst3|RFC:inst3|inst1                                                        ; out              ;
; |sra_final2|sra_data:inst|Register1x8:inst3|RFC:inst3|inst                                                         ; |sra_final2|sra_data:inst|Register1x8:inst3|RFC:inst3|inst                                                         ; regout           ;
; |sra_final2|sra_data:inst|Register1x8:inst3|RFC:inst3|inst2                                                        ; |sra_final2|sra_data:inst|Register1x8:inst3|RFC:inst3|inst2                                                        ; out0             ;
; |sra_final2|sra_data:inst|busmux:inst7|lpm_mux:$00000|mux_smc:auto_generated|result_node[7]~0                      ; |sra_final2|sra_data:inst|busmux:inst7|lpm_mux:$00000|mux_smc:auto_generated|result_node[7]~0                      ; out0             ;
; |sra_final2|sra_data:inst|busmux:inst7|lpm_mux:$00000|mux_smc:auto_generated|result_node[7]~1                      ; |sra_final2|sra_data:inst|busmux:inst7|lpm_mux:$00000|mux_smc:auto_generated|result_node[7]~1                      ; out0             ;
; |sra_final2|sra_data:inst|busmux:inst7|lpm_mux:$00000|mux_smc:auto_generated|result_node[7]                        ; |sra_final2|sra_data:inst|busmux:inst7|lpm_mux:$00000|mux_smc:auto_generated|result_node[7]                        ; out0             ;
; |sra_final2|sra_data:inst|busmux:inst7|lpm_mux:$00000|mux_smc:auto_generated|result_node[6]~2                      ; |sra_final2|sra_data:inst|busmux:inst7|lpm_mux:$00000|mux_smc:auto_generated|result_node[6]~2                      ; out0             ;
; |sra_final2|sra_data:inst|busmux:inst7|lpm_mux:$00000|mux_smc:auto_generated|result_node[6]~3                      ; |sra_final2|sra_data:inst|busmux:inst7|lpm_mux:$00000|mux_smc:auto_generated|result_node[6]~3                      ; out0             ;
; |sra_final2|sra_data:inst|busmux:inst7|lpm_mux:$00000|mux_smc:auto_generated|result_node[6]                        ; |sra_final2|sra_data:inst|busmux:inst7|lpm_mux:$00000|mux_smc:auto_generated|result_node[6]                        ; out0             ;
; |sra_final2|sra_data:inst|busmux:inst7|lpm_mux:$00000|mux_smc:auto_generated|result_node[5]~4                      ; |sra_final2|sra_data:inst|busmux:inst7|lpm_mux:$00000|mux_smc:auto_generated|result_node[5]~4                      ; out0             ;
; |sra_final2|sra_data:inst|busmux:inst7|lpm_mux:$00000|mux_smc:auto_generated|result_node[5]~5                      ; |sra_final2|sra_data:inst|busmux:inst7|lpm_mux:$00000|mux_smc:auto_generated|result_node[5]~5                      ; out0             ;
; |sra_final2|sra_data:inst|busmux:inst7|lpm_mux:$00000|mux_smc:auto_generated|result_node[5]                        ; |sra_final2|sra_data:inst|busmux:inst7|lpm_mux:$00000|mux_smc:auto_generated|result_node[5]                        ; out0             ;
; |sra_final2|sra_data:inst|busmux:inst7|lpm_mux:$00000|mux_smc:auto_generated|result_node[4]~6                      ; |sra_final2|sra_data:inst|busmux:inst7|lpm_mux:$00000|mux_smc:auto_generated|result_node[4]~6                      ; out0             ;
; |sra_final2|sra_data:inst|busmux:inst7|lpm_mux:$00000|mux_smc:auto_generated|result_node[4]~7                      ; |sra_final2|sra_data:inst|busmux:inst7|lpm_mux:$00000|mux_smc:auto_generated|result_node[4]~7                      ; out0             ;
; |sra_final2|sra_data:inst|busmux:inst7|lpm_mux:$00000|mux_smc:auto_generated|result_node[4]                        ; |sra_final2|sra_data:inst|busmux:inst7|lpm_mux:$00000|mux_smc:auto_generated|result_node[4]                        ; out0             ;
; |sra_final2|sra_data:inst|busmux:inst7|lpm_mux:$00000|mux_smc:auto_generated|result_node[3]~8                      ; |sra_final2|sra_data:inst|busmux:inst7|lpm_mux:$00000|mux_smc:auto_generated|result_node[3]~8                      ; out0             ;
; |sra_final2|sra_data:inst|busmux:inst7|lpm_mux:$00000|mux_smc:auto_generated|result_node[3]~9                      ; |sra_final2|sra_data:inst|busmux:inst7|lpm_mux:$00000|mux_smc:auto_generated|result_node[3]~9                      ; out0             ;
; |sra_final2|sra_data:inst|busmux:inst7|lpm_mux:$00000|mux_smc:auto_generated|result_node[3]                        ; |sra_final2|sra_data:inst|busmux:inst7|lpm_mux:$00000|mux_smc:auto_generated|result_node[3]                        ; out0             ;
; |sra_final2|sra_data:inst|busmux:inst7|lpm_mux:$00000|mux_smc:auto_generated|result_node[2]~10                     ; |sra_final2|sra_data:inst|busmux:inst7|lpm_mux:$00000|mux_smc:auto_generated|result_node[2]~10                     ; out0             ;
; |sra_final2|sra_data:inst|busmux:inst7|lpm_mux:$00000|mux_smc:auto_generated|result_node[1]~12                     ; |sra_final2|sra_data:inst|busmux:inst7|lpm_mux:$00000|mux_smc:auto_generated|result_node[1]~12                     ; out0             ;
; |sra_final2|sra_data:inst|AddAbsSubMin:inst8|inst19[7]                                                             ; |sra_final2|sra_data:inst|AddAbsSubMin:inst8|inst19[7]                                                             ; out0             ;
; |sra_final2|sra_data:inst|AddAbsSubMin:inst8|inst19[6]                                                             ; |sra_final2|sra_data:inst|AddAbsSubMin:inst8|inst19[6]                                                             ; out0             ;
; |sra_final2|sra_data:inst|AddAbsSubMin:inst8|inst19[5]                                                             ; |sra_final2|sra_data:inst|AddAbsSubMin:inst8|inst19[5]                                                             ; out0             ;
; |sra_final2|sra_data:inst|AddAbsSubMin:inst8|inst19[4]                                                             ; |sra_final2|sra_data:inst|AddAbsSubMin:inst8|inst19[4]                                                             ; out0             ;
; |sra_final2|sra_data:inst|AddAbsSubMin:inst8|inst19[3]                                                             ; |sra_final2|sra_data:inst|AddAbsSubMin:inst8|inst19[3]                                                             ; out0             ;
; |sra_final2|sra_data:inst|AddAbsSubMin:inst8|busmux:inst24|lpm_mux:$00000|mux_smc:auto_generated|result_node[7]~0  ; |sra_final2|sra_data:inst|AddAbsSubMin:inst8|busmux:inst24|lpm_mux:$00000|mux_smc:auto_generated|result_node[7]~0  ; out0             ;
; |sra_final2|sra_data:inst|AddAbsSubMin:inst8|busmux:inst24|lpm_mux:$00000|mux_smc:auto_generated|result_node[6]~2  ; |sra_final2|sra_data:inst|AddAbsSubMin:inst8|busmux:inst24|lpm_mux:$00000|mux_smc:auto_generated|result_node[6]~2  ; out0             ;
; |sra_final2|sra_data:inst|AddAbsSubMin:inst8|busmux:inst24|lpm_mux:$00000|mux_smc:auto_generated|result_node[5]~4  ; |sra_final2|sra_data:inst|AddAbsSubMin:inst8|busmux:inst24|lpm_mux:$00000|mux_smc:auto_generated|result_node[5]~4  ; out0             ;
; |sra_final2|sra_data:inst|AddAbsSubMin:inst8|busmux:inst24|lpm_mux:$00000|mux_smc:auto_generated|result_node[4]~6  ; |sra_final2|sra_data:inst|AddAbsSubMin:inst8|busmux:inst24|lpm_mux:$00000|mux_smc:auto_generated|result_node[4]~6  ; out0             ;
; |sra_final2|sra_data:inst|AddAbsSubMin:inst8|busmux:inst24|lpm_mux:$00000|mux_smc:auto_generated|result_node[3]~8  ; |sra_final2|sra_data:inst|AddAbsSubMin:inst8|busmux:inst24|lpm_mux:$00000|mux_smc:auto_generated|result_node[3]~8  ; out0             ;
; |sra_final2|sra_data:inst|AddAbsSubMin:inst8|Adder8bit:inst|FullAdder:inst8|inst5                                  ; |sra_final2|sra_data:inst|AddAbsSubMin:inst8|Adder8bit:inst|FullAdder:inst8|inst5                                  ; out0             ;
; |sra_final2|sra_data:inst|AddAbsSubMin:inst8|Adder8bit:inst|FullAdder:inst8|inst3                                  ; |sra_final2|sra_data:inst|AddAbsSubMin:inst8|Adder8bit:inst|FullAdder:inst8|inst3                                  ; out0             ;
; |sra_final2|sra_data:inst|AddAbsSubMin:inst8|Adder8bit:inst|FullAdder:inst3|inst5                                  ; |sra_final2|sra_data:inst|AddAbsSubMin:inst8|Adder8bit:inst|FullAdder:inst3|inst5                                  ; out0             ;
; |sra_final2|sra_data:inst|AddAbsSubMin:inst8|Adder8bit:inst|FullAdder:inst3|inst3                                  ; |sra_final2|sra_data:inst|AddAbsSubMin:inst8|Adder8bit:inst|FullAdder:inst3|inst3                                  ; out0             ;
; |sra_final2|sra_data:inst|AddAbsSubMin:inst8|Adder8bit:inst|FullAdder:inst2|inst5                                  ; |sra_final2|sra_data:inst|AddAbsSubMin:inst8|Adder8bit:inst|FullAdder:inst2|inst5                                  ; out0             ;
; |sra_final2|sra_data:inst|AddAbsSubMin:inst8|Adder8bit:inst|FullAdder:inst2|inst3                                  ; |sra_final2|sra_data:inst|AddAbsSubMin:inst8|Adder8bit:inst|FullAdder:inst2|inst3                                  ; out0             ;
; |sra_final2|sra_data:inst|AddAbsSubMin:inst8|Adder8bit:inst|FullAdder:inst1|inst5                                  ; |sra_final2|sra_data:inst|AddAbsSubMin:inst8|Adder8bit:inst|FullAdder:inst1|inst5                                  ; out0             ;
; |sra_final2|sra_data:inst|AddAbsSubMin:inst8|Adder8bit:inst|FullAdder:inst1|inst3                                  ; |sra_final2|sra_data:inst|AddAbsSubMin:inst8|Adder8bit:inst|FullAdder:inst1|inst3                                  ; out0             ;
; |sra_final2|sra_data:inst|AddAbsSubMin:inst8|busmux:inst25|lpm_mux:$00000|mux_smc:auto_generated|result_node[1]~13 ; |sra_final2|sra_data:inst|AddAbsSubMin:inst8|busmux:inst25|lpm_mux:$00000|mux_smc:auto_generated|result_node[1]~13 ; out0             ;
; |sra_final2|sra_data:inst|mux41_8bit:inst4|busmux:inst1|lpm_mux:$00000|mux_smc:auto_generated|result_node[4]~7     ; |sra_final2|sra_data:inst|mux41_8bit:inst4|busmux:inst1|lpm_mux:$00000|mux_smc:auto_generated|result_node[4]~7     ; out0             ;
; |sra_final2|sra_data:inst|mux41_8bit:inst4|busmux:inst1|lpm_mux:$00000|mux_smc:auto_generated|result_node[3]~9     ; |sra_final2|sra_data:inst|mux41_8bit:inst4|busmux:inst1|lpm_mux:$00000|mux_smc:auto_generated|result_node[3]~9     ; out0             ;
; |sra_final2|sra_data:inst|mux41_8bit:inst4|busmux:inst1|lpm_mux:$00000|mux_smc:auto_generated|result_node[2]~11    ; |sra_final2|sra_data:inst|mux41_8bit:inst4|busmux:inst1|lpm_mux:$00000|mux_smc:auto_generated|result_node[2]~11    ; out0             ;
; |sra_final2|sra_data:inst|mux41_8bit:inst4|busmux:inst1|lpm_mux:$00000|mux_smc:auto_generated|result_node[1]~13    ; |sra_final2|sra_data:inst|mux41_8bit:inst4|busmux:inst1|lpm_mux:$00000|mux_smc:auto_generated|result_node[1]~13    ; out0             ;
; |sra_final2|sra_data:inst|mux41_8bit:inst4|busmux:inst1|lpm_mux:$00000|mux_smc:auto_generated|result_node[0]~15    ; |sra_final2|sra_data:inst|mux41_8bit:inst4|busmux:inst1|lpm_mux:$00000|mux_smc:auto_generated|result_node[0]~15    ; out0             ;
; |sra_final2|sra_data:inst|mux41_8bit:inst4|busmux:inst|lpm_mux:$00000|mux_smc:auto_generated|result_node[1]~13     ; |sra_final2|sra_data:inst|mux41_8bit:inst4|busmux:inst|lpm_mux:$00000|mux_smc:auto_generated|result_node[1]~13     ; out0             ;
; |sra_final2|sra_data:inst|mux41_8bit:inst4|busmux:inst|lpm_mux:$00000|mux_smc:auto_generated|result_node[0]~15     ; |sra_final2|sra_data:inst|mux41_8bit:inst4|busmux:inst|lpm_mux:$00000|mux_smc:auto_generated|result_node[0]~15     ; out0             ;
; |sra_final2|sra_data:inst|mux41_8bit:inst4|busmux:inst2|lpm_mux:$00000|mux_smc:auto_generated|result_node[4]~6     ; |sra_final2|sra_data:inst|mux41_8bit:inst4|busmux:inst2|lpm_mux:$00000|mux_smc:auto_generated|result_node[4]~6     ; out0             ;
; |sra_final2|sra_data:inst|mux41_8bit:inst4|busmux:inst2|lpm_mux:$00000|mux_smc:auto_generated|result_node[3]~8     ; |sra_final2|sra_data:inst|mux41_8bit:inst4|busmux:inst2|lpm_mux:$00000|mux_smc:auto_generated|result_node[3]~8     ; out0             ;
; |sra_final2|sra_data:inst|mux41_8bit:inst4|busmux:inst2|lpm_mux:$00000|mux_smc:auto_generated|result_node[2]~10    ; |sra_final2|sra_data:inst|mux41_8bit:inst4|busmux:inst2|lpm_mux:$00000|mux_smc:auto_generated|result_node[2]~10    ; out0             ;
; |sra_final2|sra_data:inst|mux41_8bit:inst4|busmux:inst2|lpm_mux:$00000|mux_smc:auto_generated|result_node[1]~12    ; |sra_final2|sra_data:inst|mux41_8bit:inst4|busmux:inst2|lpm_mux:$00000|mux_smc:auto_generated|result_node[1]~12    ; out0             ;
; |sra_final2|sra_data:inst|mux41_8bit:inst4|busmux:inst2|lpm_mux:$00000|mux_smc:auto_generated|result_node[0]~14    ; |sra_final2|sra_data:inst|mux41_8bit:inst4|busmux:inst2|lpm_mux:$00000|mux_smc:auto_generated|result_node[0]~14    ; out0             ;
; |sra_final2|sra_data:inst|Register1x8:inst2|RFC:inst11|inst2                                                       ; |sra_final2|sra_data:inst|Register1x8:inst2|RFC:inst11|inst2                                                       ; out0             ;
; |sra_final2|sra_data:inst|Register1x8:inst2|RFC:inst9|inst2                                                        ; |sra_final2|sra_data:inst|Register1x8:inst2|RFC:inst9|inst2                                                        ; out0             ;
; |sra_final2|sra_data:inst|Register1x8:inst2|RFC:inst4|inst2                                                        ; |sra_final2|sra_data:inst|Register1x8:inst2|RFC:inst4|inst2                                                        ; out0             ;
; |sra_final2|sra_data:inst|Register1x8:inst2|RFC:inst8|inst2                                                        ; |sra_final2|sra_data:inst|Register1x8:inst2|RFC:inst8|inst2                                                        ; out0             ;
; |sra_final2|sra_data:inst|Register1x8:inst2|RFC:inst7|inst2                                                        ; |sra_final2|sra_data:inst|Register1x8:inst2|RFC:inst7|inst2                                                        ; out0             ;
; |sra_final2|sra_data:inst|Register1x8:inst2|RFC:inst3|inst2                                                        ; |sra_final2|sra_data:inst|Register1x8:inst2|RFC:inst3|inst2                                                        ; out0             ;
; |sra_final2|sra_data:inst|AbsMax:inst6|inst7[7]                                                                    ; |sra_final2|sra_data:inst|AbsMax:inst6|inst7[7]                                                                    ; out0             ;
; |sra_final2|sra_data:inst|AbsMax:inst6|inst7[6]                                                                    ; |sra_final2|sra_data:inst|AbsMax:inst6|inst7[6]                                                                    ; out0             ;
; |sra_final2|sra_data:inst|AbsMax:inst6|inst7[5]                                                                    ; |sra_final2|sra_data:inst|AbsMax:inst6|inst7[5]                                                                    ; out0             ;
; |sra_final2|sra_data:inst|AbsMax:inst6|inst7[4]                                                                    ; |sra_final2|sra_data:inst|AbsMax:inst6|inst7[4]                                                                    ; out0             ;
; |sra_final2|sra_data:inst|AbsMax:inst6|inst7[3]                                                                    ; |sra_final2|sra_data:inst|AbsMax:inst6|inst7[3]                                                                    ; out0             ;
; |sra_final2|sra_data:inst|AbsMax:inst6|inst7[1]                                                                    ; |sra_final2|sra_data:inst|AbsMax:inst6|inst7[1]                                                                    ; out0             ;
; |sra_final2|sra_data:inst|AbsMax:inst6|busmux:inst11|lpm_mux:$00000|mux_smc:auto_generated|result_node[7]~0        ; |sra_final2|sra_data:inst|AbsMax:inst6|busmux:inst11|lpm_mux:$00000|mux_smc:auto_generated|result_node[7]~0        ; out0             ;
; |sra_final2|sra_data:inst|AbsMax:inst6|busmux:inst11|lpm_mux:$00000|mux_smc:auto_generated|result_node[6]~2        ; |sra_final2|sra_data:inst|AbsMax:inst6|busmux:inst11|lpm_mux:$00000|mux_smc:auto_generated|result_node[6]~2        ; out0             ;
; |sra_final2|sra_data:inst|AbsMax:inst6|busmux:inst11|lpm_mux:$00000|mux_smc:auto_generated|result_node[5]~4        ; |sra_final2|sra_data:inst|AbsMax:inst6|busmux:inst11|lpm_mux:$00000|mux_smc:auto_generated|result_node[5]~4        ; out0             ;
; |sra_final2|sra_data:inst|AbsMax:inst6|busmux:inst11|lpm_mux:$00000|mux_smc:auto_generated|result_node[4]~6        ; |sra_final2|sra_data:inst|AbsMax:inst6|busmux:inst11|lpm_mux:$00000|mux_smc:auto_generated|result_node[4]~6        ; out0             ;
; |sra_final2|sra_data:inst|AbsMax:inst6|busmux:inst11|lpm_mux:$00000|mux_smc:auto_generated|result_node[3]~8        ; |sra_final2|sra_data:inst|AbsMax:inst6|busmux:inst11|lpm_mux:$00000|mux_smc:auto_generated|result_node[3]~8        ; out0             ;
; |sra_final2|sra_data:inst|AbsMax:inst6|Adder8bit:inst|FullAdder:inst6|inst5                                        ; |sra_final2|sra_data:inst|AbsMax:inst6|Adder8bit:inst|FullAdder:inst6|inst5                                        ; out0             ;
; |sra_final2|sra_data:inst|AbsMax:inst6|Adder8bit:inst|FullAdder:inst6|inst3                                        ; |sra_final2|sra_data:inst|AbsMax:inst6|Adder8bit:inst|FullAdder:inst6|inst3                                        ; out0             ;
; |sra_final2|sra_data:inst|AbsMax:inst6|Adder8bit:inst|FullAdder:inst8|inst                                         ; |sra_final2|sra_data:inst|AbsMax:inst6|Adder8bit:inst|FullAdder:inst8|inst                                         ; out0             ;
; |sra_final2|sra_data:inst|AbsMax:inst6|Adder8bit:inst|FullAdder:inst8|inst5                                        ; |sra_final2|sra_data:inst|AbsMax:inst6|Adder8bit:inst|FullAdder:inst8|inst5                                        ; out0             ;
; |sra_final2|sra_data:inst|AbsMax:inst6|Adder8bit:inst|FullAdder:inst8|inst3                                        ; |sra_final2|sra_data:inst|AbsMax:inst6|Adder8bit:inst|FullAdder:inst8|inst3                                        ; out0             ;
; |sra_final2|sra_data:inst|AbsMax:inst6|Adder8bit:inst|FullAdder:inst3|inst                                         ; |sra_final2|sra_data:inst|AbsMax:inst6|Adder8bit:inst|FullAdder:inst3|inst                                         ; out0             ;
; |sra_final2|sra_data:inst|AbsMax:inst6|Adder8bit:inst|FullAdder:inst3|inst5                                        ; |sra_final2|sra_data:inst|AbsMax:inst6|Adder8bit:inst|FullAdder:inst3|inst5                                        ; out0             ;
; |sra_final2|sra_data:inst|AbsMax:inst6|Adder8bit:inst|FullAdder:inst3|inst3                                        ; |sra_final2|sra_data:inst|AbsMax:inst6|Adder8bit:inst|FullAdder:inst3|inst3                                        ; out0             ;
; |sra_final2|sra_data:inst|AbsMax:inst6|Adder8bit:inst|FullAdder:inst2|inst                                         ; |sra_final2|sra_data:inst|AbsMax:inst6|Adder8bit:inst|FullAdder:inst2|inst                                         ; out0             ;
; |sra_final2|sra_data:inst|AbsMax:inst6|Adder8bit:inst|FullAdder:inst2|inst5                                        ; |sra_final2|sra_data:inst|AbsMax:inst6|Adder8bit:inst|FullAdder:inst2|inst5                                        ; out0             ;
; |sra_final2|sra_data:inst|AbsMax:inst6|Adder8bit:inst|FullAdder:inst2|inst3                                        ; |sra_final2|sra_data:inst|AbsMax:inst6|Adder8bit:inst|FullAdder:inst2|inst3                                        ; out0             ;
; |sra_final2|sra_data:inst|AbsMax:inst6|Adder8bit:inst|FullAdder:inst1|inst                                         ; |sra_final2|sra_data:inst|AbsMax:inst6|Adder8bit:inst|FullAdder:inst1|inst                                         ; out0             ;
; |sra_final2|sra_data:inst|AbsMax:inst6|Adder8bit:inst|FullAdder:inst1|inst5                                        ; |sra_final2|sra_data:inst|AbsMax:inst6|Adder8bit:inst|FullAdder:inst1|inst5                                        ; out0             ;
; |sra_final2|sra_data:inst|AbsMax:inst6|Adder8bit:inst|FullAdder:inst1|inst3                                        ; |sra_final2|sra_data:inst|AbsMax:inst6|Adder8bit:inst|FullAdder:inst1|inst3                                        ; out0             ;
; |sra_final2|sra_data:inst|AbsMax:inst6|Adder8bit:inst|FullAdder:inst|inst                                          ; |sra_final2|sra_data:inst|AbsMax:inst6|Adder8bit:inst|FullAdder:inst|inst                                          ; out0             ;
; |sra_final2|sra_data:inst|AbsMax:inst6|busmux:inst12|lpm_mux:$00000|mux_smc:auto_generated|result_node[7]~0        ; |sra_final2|sra_data:inst|AbsMax:inst6|busmux:inst12|lpm_mux:$00000|mux_smc:auto_generated|result_node[7]~0        ; out0             ;
; |sra_final2|sra_data:inst|AbsMax:inst6|busmux:inst12|lpm_mux:$00000|mux_smc:auto_generated|result_node[6]~2        ; |sra_final2|sra_data:inst|AbsMax:inst6|busmux:inst12|lpm_mux:$00000|mux_smc:auto_generated|result_node[6]~2        ; out0             ;
; |sra_final2|sra_data:inst|AbsMax:inst6|busmux:inst12|lpm_mux:$00000|mux_smc:auto_generated|result_node[6]~3        ; |sra_final2|sra_data:inst|AbsMax:inst6|busmux:inst12|lpm_mux:$00000|mux_smc:auto_generated|result_node[6]~3        ; out0             ;
; |sra_final2|sra_data:inst|AbsMax:inst6|busmux:inst12|lpm_mux:$00000|mux_smc:auto_generated|result_node[6]          ; |sra_final2|sra_data:inst|AbsMax:inst6|busmux:inst12|lpm_mux:$00000|mux_smc:auto_generated|result_node[6]          ; out0             ;
; |sra_final2|sra_data:inst|AbsMax:inst6|busmux:inst12|lpm_mux:$00000|mux_smc:auto_generated|result_node[5]~4        ; |sra_final2|sra_data:inst|AbsMax:inst6|busmux:inst12|lpm_mux:$00000|mux_smc:auto_generated|result_node[5]~4        ; out0             ;
; |sra_final2|sra_data:inst|AbsMax:inst6|busmux:inst12|lpm_mux:$00000|mux_smc:auto_generated|result_node[5]~5        ; |sra_final2|sra_data:inst|AbsMax:inst6|busmux:inst12|lpm_mux:$00000|mux_smc:auto_generated|result_node[5]~5        ; out0             ;
; |sra_final2|sra_data:inst|AbsMax:inst6|busmux:inst12|lpm_mux:$00000|mux_smc:auto_generated|result_node[5]          ; |sra_final2|sra_data:inst|AbsMax:inst6|busmux:inst12|lpm_mux:$00000|mux_smc:auto_generated|result_node[5]          ; out0             ;
; |sra_final2|sra_data:inst|AbsMax:inst6|busmux:inst12|lpm_mux:$00000|mux_smc:auto_generated|result_node[4]~6        ; |sra_final2|sra_data:inst|AbsMax:inst6|busmux:inst12|lpm_mux:$00000|mux_smc:auto_generated|result_node[4]~6        ; out0             ;
; |sra_final2|sra_data:inst|AbsMax:inst6|busmux:inst12|lpm_mux:$00000|mux_smc:auto_generated|result_node[4]~7        ; |sra_final2|sra_data:inst|AbsMax:inst6|busmux:inst12|lpm_mux:$00000|mux_smc:auto_generated|result_node[4]~7        ; out0             ;
; |sra_final2|sra_data:inst|AbsMax:inst6|busmux:inst12|lpm_mux:$00000|mux_smc:auto_generated|result_node[4]          ; |sra_final2|sra_data:inst|AbsMax:inst6|busmux:inst12|lpm_mux:$00000|mux_smc:auto_generated|result_node[4]          ; out0             ;
; |sra_final2|sra_data:inst|AbsMax:inst6|busmux:inst12|lpm_mux:$00000|mux_smc:auto_generated|result_node[3]~8        ; |sra_final2|sra_data:inst|AbsMax:inst6|busmux:inst12|lpm_mux:$00000|mux_smc:auto_generated|result_node[3]~8        ; out0             ;
; |sra_final2|sra_data:inst|AbsMax:inst6|busmux:inst12|lpm_mux:$00000|mux_smc:auto_generated|result_node[3]~9        ; |sra_final2|sra_data:inst|AbsMax:inst6|busmux:inst12|lpm_mux:$00000|mux_smc:auto_generated|result_node[3]~9        ; out0             ;
; |sra_final2|sra_data:inst|AbsMax:inst6|busmux:inst12|lpm_mux:$00000|mux_smc:auto_generated|result_node[3]          ; |sra_final2|sra_data:inst|AbsMax:inst6|busmux:inst12|lpm_mux:$00000|mux_smc:auto_generated|result_node[3]          ; out0             ;
; |sra_final2|sra_data:inst|AbsMax:inst6|busmux:inst12|lpm_mux:$00000|mux_smc:auto_generated|result_node[2]~10       ; |sra_final2|sra_data:inst|AbsMax:inst6|busmux:inst12|lpm_mux:$00000|mux_smc:auto_generated|result_node[2]~10       ; out0             ;
; |sra_final2|sra_data:inst|AbsMax:inst6|busmux:inst12|lpm_mux:$00000|mux_smc:auto_generated|result_node[1]~12       ; |sra_final2|sra_data:inst|AbsMax:inst6|busmux:inst12|lpm_mux:$00000|mux_smc:auto_generated|result_node[1]~12       ; out0             ;
; |sra_final2|sra_data:inst|AbsMax:inst6|busmux:inst12|lpm_mux:$00000|mux_smc:auto_generated|result_node[0]~14       ; |sra_final2|sra_data:inst|AbsMax:inst6|busmux:inst12|lpm_mux:$00000|mux_smc:auto_generated|result_node[0]~14       ; out0             ;
; |sra_final2|sra_data:inst|AbsMax:inst6|busmux:inst10|lpm_mux:$00000|mux_smc:auto_generated|result_node[7]~0        ; |sra_final2|sra_data:inst|AbsMax:inst6|busmux:inst10|lpm_mux:$00000|mux_smc:auto_generated|result_node[7]~0        ; out0             ;
; |sra_final2|sra_data:inst|AbsMax:inst6|busmux:inst10|lpm_mux:$00000|mux_smc:auto_generated|result_node[7]~1        ; |sra_final2|sra_data:inst|AbsMax:inst6|busmux:inst10|lpm_mux:$00000|mux_smc:auto_generated|result_node[7]~1        ; out0             ;
; |sra_final2|sra_data:inst|AbsMax:inst6|busmux:inst10|lpm_mux:$00000|mux_smc:auto_generated|result_node[7]          ; |sra_final2|sra_data:inst|AbsMax:inst6|busmux:inst10|lpm_mux:$00000|mux_smc:auto_generated|result_node[7]          ; out0             ;
; |sra_final2|sra_data:inst|AbsMax:inst6|busmux:inst10|lpm_mux:$00000|mux_smc:auto_generated|result_node[6]~2        ; |sra_final2|sra_data:inst|AbsMax:inst6|busmux:inst10|lpm_mux:$00000|mux_smc:auto_generated|result_node[6]~2        ; out0             ;
; |sra_final2|sra_data:inst|AbsMax:inst6|busmux:inst10|lpm_mux:$00000|mux_smc:auto_generated|result_node[6]~3        ; |sra_final2|sra_data:inst|AbsMax:inst6|busmux:inst10|lpm_mux:$00000|mux_smc:auto_generated|result_node[6]~3        ; out0             ;
; |sra_final2|sra_data:inst|AbsMax:inst6|busmux:inst10|lpm_mux:$00000|mux_smc:auto_generated|result_node[6]          ; |sra_final2|sra_data:inst|AbsMax:inst6|busmux:inst10|lpm_mux:$00000|mux_smc:auto_generated|result_node[6]          ; out0             ;
; |sra_final2|sra_data:inst|AbsMax:inst6|busmux:inst10|lpm_mux:$00000|mux_smc:auto_generated|result_node[5]~4        ; |sra_final2|sra_data:inst|AbsMax:inst6|busmux:inst10|lpm_mux:$00000|mux_smc:auto_generated|result_node[5]~4        ; out0             ;
; |sra_final2|sra_data:inst|AbsMax:inst6|busmux:inst10|lpm_mux:$00000|mux_smc:auto_generated|result_node[5]~5        ; |sra_final2|sra_data:inst|AbsMax:inst6|busmux:inst10|lpm_mux:$00000|mux_smc:auto_generated|result_node[5]~5        ; out0             ;
; |sra_final2|sra_data:inst|AbsMax:inst6|busmux:inst10|lpm_mux:$00000|mux_smc:auto_generated|result_node[5]          ; |sra_final2|sra_data:inst|AbsMax:inst6|busmux:inst10|lpm_mux:$00000|mux_smc:auto_generated|result_node[5]          ; out0             ;
; |sra_final2|sra_data:inst|AbsMax:inst6|busmux:inst10|lpm_mux:$00000|mux_smc:auto_generated|result_node[4]~6        ; |sra_final2|sra_data:inst|AbsMax:inst6|busmux:inst10|lpm_mux:$00000|mux_smc:auto_generated|result_node[4]~6        ; out0             ;
; |sra_final2|sra_data:inst|AbsMax:inst6|busmux:inst10|lpm_mux:$00000|mux_smc:auto_generated|result_node[4]~7        ; |sra_final2|sra_data:inst|AbsMax:inst6|busmux:inst10|lpm_mux:$00000|mux_smc:auto_generated|result_node[4]~7        ; out0             ;
; |sra_final2|sra_data:inst|AbsMax:inst6|busmux:inst10|lpm_mux:$00000|mux_smc:auto_generated|result_node[4]          ; |sra_final2|sra_data:inst|AbsMax:inst6|busmux:inst10|lpm_mux:$00000|mux_smc:auto_generated|result_node[4]          ; out0             ;
; |sra_final2|sra_data:inst|AbsMax:inst6|busmux:inst10|lpm_mux:$00000|mux_smc:auto_generated|result_node[3]~8        ; |sra_final2|sra_data:inst|AbsMax:inst6|busmux:inst10|lpm_mux:$00000|mux_smc:auto_generated|result_node[3]~8        ; out0             ;
; |sra_final2|sra_data:inst|AbsMax:inst6|busmux:inst10|lpm_mux:$00000|mux_smc:auto_generated|result_node[3]~9        ; |sra_final2|sra_data:inst|AbsMax:inst6|busmux:inst10|lpm_mux:$00000|mux_smc:auto_generated|result_node[3]~9        ; out0             ;
; |sra_final2|sra_data:inst|AbsMax:inst6|busmux:inst10|lpm_mux:$00000|mux_smc:auto_generated|result_node[3]          ; |sra_final2|sra_data:inst|AbsMax:inst6|busmux:inst10|lpm_mux:$00000|mux_smc:auto_generated|result_node[3]          ; out0             ;
; |sra_final2|sra_data:inst|busmux:inst|lpm_mux:$00000|mux_smc:auto_generated|result_node[7]~0                       ; |sra_final2|sra_data:inst|busmux:inst|lpm_mux:$00000|mux_smc:auto_generated|result_node[7]~0                       ; out0             ;
; |sra_final2|sra_data:inst|busmux:inst|lpm_mux:$00000|mux_smc:auto_generated|result_node[7]~1                       ; |sra_final2|sra_data:inst|busmux:inst|lpm_mux:$00000|mux_smc:auto_generated|result_node[7]~1                       ; out0             ;
; |sra_final2|sra_data:inst|busmux:inst|lpm_mux:$00000|mux_smc:auto_generated|result_node[7]                         ; |sra_final2|sra_data:inst|busmux:inst|lpm_mux:$00000|mux_smc:auto_generated|result_node[7]                         ; out0             ;
; |sra_final2|sra_data:inst|busmux:inst|lpm_mux:$00000|mux_smc:auto_generated|result_node[6]~2                       ; |sra_final2|sra_data:inst|busmux:inst|lpm_mux:$00000|mux_smc:auto_generated|result_node[6]~2                       ; out0             ;
; |sra_final2|sra_data:inst|busmux:inst|lpm_mux:$00000|mux_smc:auto_generated|result_node[6]~3                       ; |sra_final2|sra_data:inst|busmux:inst|lpm_mux:$00000|mux_smc:auto_generated|result_node[6]~3                       ; out0             ;
; |sra_final2|sra_data:inst|busmux:inst|lpm_mux:$00000|mux_smc:auto_generated|result_node[6]                         ; |sra_final2|sra_data:inst|busmux:inst|lpm_mux:$00000|mux_smc:auto_generated|result_node[6]                         ; out0             ;
; |sra_final2|sra_data:inst|busmux:inst|lpm_mux:$00000|mux_smc:auto_generated|result_node[5]~4                       ; |sra_final2|sra_data:inst|busmux:inst|lpm_mux:$00000|mux_smc:auto_generated|result_node[5]~4                       ; out0             ;
; |sra_final2|sra_data:inst|busmux:inst|lpm_mux:$00000|mux_smc:auto_generated|result_node[5]~5                       ; |sra_final2|sra_data:inst|busmux:inst|lpm_mux:$00000|mux_smc:auto_generated|result_node[5]~5                       ; out0             ;
; |sra_final2|sra_data:inst|busmux:inst|lpm_mux:$00000|mux_smc:auto_generated|result_node[5]                         ; |sra_final2|sra_data:inst|busmux:inst|lpm_mux:$00000|mux_smc:auto_generated|result_node[5]                         ; out0             ;
; |sra_final2|sra_data:inst|busmux:inst|lpm_mux:$00000|mux_smc:auto_generated|result_node[4]~6                       ; |sra_final2|sra_data:inst|busmux:inst|lpm_mux:$00000|mux_smc:auto_generated|result_node[4]~6                       ; out0             ;
; |sra_final2|sra_data:inst|busmux:inst|lpm_mux:$00000|mux_smc:auto_generated|result_node[4]~7                       ; |sra_final2|sra_data:inst|busmux:inst|lpm_mux:$00000|mux_smc:auto_generated|result_node[4]~7                       ; out0             ;
; |sra_final2|sra_data:inst|busmux:inst|lpm_mux:$00000|mux_smc:auto_generated|result_node[4]                         ; |sra_final2|sra_data:inst|busmux:inst|lpm_mux:$00000|mux_smc:auto_generated|result_node[4]                         ; out0             ;
; |sra_final2|sra_data:inst|busmux:inst|lpm_mux:$00000|mux_smc:auto_generated|result_node[3]~8                       ; |sra_final2|sra_data:inst|busmux:inst|lpm_mux:$00000|mux_smc:auto_generated|result_node[3]~8                       ; out0             ;
; |sra_final2|sra_data:inst|busmux:inst|lpm_mux:$00000|mux_smc:auto_generated|result_node[3]~9                       ; |sra_final2|sra_data:inst|busmux:inst|lpm_mux:$00000|mux_smc:auto_generated|result_node[3]~9                       ; out0             ;
; |sra_final2|sra_data:inst|busmux:inst|lpm_mux:$00000|mux_smc:auto_generated|result_node[3]                         ; |sra_final2|sra_data:inst|busmux:inst|lpm_mux:$00000|mux_smc:auto_generated|result_node[3]                         ; out0             ;
; |sra_final2|sra_data:inst|busmux:inst|lpm_mux:$00000|mux_smc:auto_generated|result_node[2]~11                      ; |sra_final2|sra_data:inst|busmux:inst|lpm_mux:$00000|mux_smc:auto_generated|result_node[2]~11                      ; out0             ;
; |sra_final2|sra_data:inst|Register1x8:inst1|RFC:inst11|inst2                                                       ; |sra_final2|sra_data:inst|Register1x8:inst1|RFC:inst11|inst2                                                       ; out0             ;
; |sra_final2|sra_data:inst|Register1x8:inst1|RFC:inst9|inst1                                                        ; |sra_final2|sra_data:inst|Register1x8:inst1|RFC:inst9|inst1                                                        ; out              ;
; |sra_final2|sra_data:inst|Register1x8:inst1|RFC:inst9|inst                                                         ; |sra_final2|sra_data:inst|Register1x8:inst1|RFC:inst9|inst                                                         ; regout           ;
; |sra_final2|sra_data:inst|Register1x8:inst1|RFC:inst9|inst4                                                        ; |sra_final2|sra_data:inst|Register1x8:inst1|RFC:inst9|inst4                                                        ; out0             ;
; |sra_final2|sra_data:inst|Register1x8:inst1|RFC:inst9|inst3                                                        ; |sra_final2|sra_data:inst|Register1x8:inst1|RFC:inst9|inst3                                                        ; out0             ;
; |sra_final2|sra_data:inst|Register1x8:inst1|RFC:inst9|inst2                                                        ; |sra_final2|sra_data:inst|Register1x8:inst1|RFC:inst9|inst2                                                        ; out0             ;
; |sra_final2|sra_data:inst|Register1x8:inst1|RFC:inst4|inst1                                                        ; |sra_final2|sra_data:inst|Register1x8:inst1|RFC:inst4|inst1                                                        ; out              ;
; |sra_final2|sra_data:inst|Register1x8:inst1|RFC:inst4|inst                                                         ; |sra_final2|sra_data:inst|Register1x8:inst1|RFC:inst4|inst                                                         ; regout           ;
; |sra_final2|sra_data:inst|Register1x8:inst1|RFC:inst4|inst4                                                        ; |sra_final2|sra_data:inst|Register1x8:inst1|RFC:inst4|inst4                                                        ; out0             ;
; |sra_final2|sra_data:inst|Register1x8:inst1|RFC:inst4|inst3                                                        ; |sra_final2|sra_data:inst|Register1x8:inst1|RFC:inst4|inst3                                                        ; out0             ;
; |sra_final2|sra_data:inst|Register1x8:inst1|RFC:inst4|inst2                                                        ; |sra_final2|sra_data:inst|Register1x8:inst1|RFC:inst4|inst2                                                        ; out0             ;
; |sra_final2|sra_data:inst|Register1x8:inst1|RFC:inst8|inst1                                                        ; |sra_final2|sra_data:inst|Register1x8:inst1|RFC:inst8|inst1                                                        ; out              ;
; |sra_final2|sra_data:inst|Register1x8:inst1|RFC:inst8|inst                                                         ; |sra_final2|sra_data:inst|Register1x8:inst1|RFC:inst8|inst                                                         ; regout           ;
; |sra_final2|sra_data:inst|Register1x8:inst1|RFC:inst8|inst4                                                        ; |sra_final2|sra_data:inst|Register1x8:inst1|RFC:inst8|inst4                                                        ; out0             ;
; |sra_final2|sra_data:inst|Register1x8:inst1|RFC:inst8|inst3                                                        ; |sra_final2|sra_data:inst|Register1x8:inst1|RFC:inst8|inst3                                                        ; out0             ;
; |sra_final2|sra_data:inst|Register1x8:inst1|RFC:inst8|inst2                                                        ; |sra_final2|sra_data:inst|Register1x8:inst1|RFC:inst8|inst2                                                        ; out0             ;
; |sra_final2|sra_data:inst|Register1x8:inst1|RFC:inst7|inst1                                                        ; |sra_final2|sra_data:inst|Register1x8:inst1|RFC:inst7|inst1                                                        ; out              ;
; |sra_final2|sra_data:inst|Register1x8:inst1|RFC:inst7|inst                                                         ; |sra_final2|sra_data:inst|Register1x8:inst1|RFC:inst7|inst                                                         ; regout           ;
; |sra_final2|sra_data:inst|Register1x8:inst1|RFC:inst7|inst4                                                        ; |sra_final2|sra_data:inst|Register1x8:inst1|RFC:inst7|inst4                                                        ; out0             ;
; |sra_final2|sra_data:inst|Register1x8:inst1|RFC:inst7|inst3                                                        ; |sra_final2|sra_data:inst|Register1x8:inst1|RFC:inst7|inst3                                                        ; out0             ;
; |sra_final2|sra_data:inst|Register1x8:inst1|RFC:inst7|inst2                                                        ; |sra_final2|sra_data:inst|Register1x8:inst1|RFC:inst7|inst2                                                        ; out0             ;
; |sra_final2|sra_data:inst|Register1x8:inst1|RFC:inst3|inst1                                                        ; |sra_final2|sra_data:inst|Register1x8:inst1|RFC:inst3|inst1                                                        ; out              ;
; |sra_final2|sra_data:inst|Register1x8:inst1|RFC:inst3|inst                                                         ; |sra_final2|sra_data:inst|Register1x8:inst1|RFC:inst3|inst                                                         ; regout           ;
; |sra_final2|sra_data:inst|Register1x8:inst1|RFC:inst3|inst4                                                        ; |sra_final2|sra_data:inst|Register1x8:inst1|RFC:inst3|inst4                                                        ; out0             ;
; |sra_final2|sra_data:inst|Register1x8:inst1|RFC:inst3|inst3                                                        ; |sra_final2|sra_data:inst|Register1x8:inst1|RFC:inst3|inst3                                                        ; out0             ;
; |sra_final2|sra_data:inst|Register1x8:inst1|RFC:inst3|inst2                                                        ; |sra_final2|sra_data:inst|Register1x8:inst1|RFC:inst3|inst2                                                        ; out0             ;
+--------------------------------------------------------------------------------------------------------------------+--------------------------------------------------------------------------------------------------------------------+------------------+


+---------------------+
; Simulator INI Usage ;
+--------+------------+
; Option ; Usage      ;
+--------+------------+


+--------------------+
; Simulator Messages ;
+--------------------+
Info: *******************************************************************
Info: Running Quartus II 64-Bit Simulator
    Info: Version 13.0.1 Build 232 06/12/2013 Service Pack 1 SJ Web Edition
    Info: Processing started: Tue Dec 03 04:39:29 2024
Info: Command: quartus_sim --simulation_results_format=VWF square_root_SRA -c square_root_SRA
Info (324025): Using vector source file "D:/Documents/HK5/Thiet_Ke_Luan_Ly_So/Final_do_an_pan2/Final_do_an/square_root_SRA/Waveform16.vwf"
Info (310003): Option to preserve fewer signal transitions to reduce memory requirements is enabled
    Info (310004): Simulation has been partitioned into sub-simulations according to the maximum transition count determined by the engine. Transitions from memory will be flushed out to disk at the end of each sub-simulation to reduce memory requirements.
Info (310002): Simulation partitioned into 1 sub-simulations
Info (328053): Simulation coverage is      59.77 %
Info (328052): Number of transitions in simulation is 3357
Info (324045): Vector file square_root_SRA.sim.vwf is saved in VWF text format. You can compress it into CVWF format in order to reduce file size. For more details please refer to the Quartus II Help.
Info: Quartus II 64-Bit Simulator was successful. 0 errors, 0 warnings
    Info: Peak virtual memory: 4445 megabytes
    Info: Processing ended: Tue Dec 03 04:39:29 2024
    Info: Elapsed time: 00:00:00
    Info: Total CPU time (on all processors): 00:00:00


