Simulator report for square_root_SRA
Tue Nov 19 03:43:46 2024
Quartus II 64-Bit Version 13.0.1 Build 232 06/12/2013 Service Pack 1 SJ Web Edition


---------------------
; Table of Contents ;
---------------------
  1. Legal Notice
  2. Simulator Summary
  3. Simulator Settings
  4. Simulation Waveforms
  5. Coverage Summary
  6. Complete 1/0-Value Coverage
  7. Missing 1-Value Coverage
  8. Missing 0-Value Coverage
  9. Simulator INI Usage
 10. Simulator Messages



----------------
; Legal Notice ;
----------------
Copyright (C) 1991-2013 Altera Corporation
Your use of Altera Corporation's design tools, logic functions 
and other software and tools, and its AMPP partner logic 
functions, and any output files from any of the foregoing 
(including device programming or simulation files), and any 
associated documentation or information are expressly subject 
to the terms and conditions of the Altera Program License 
Subscription Agreement, Altera MegaCore Function License 
Agreement, or other applicable license agreement, including, 
without limitation, that your use is for the sole purpose of 
programming logic devices manufactured by Altera and sold by 
Altera or its authorized distributors.  Please refer to the 
applicable agreement for further details.



+--------------------------------------------+
; Simulator Summary                          ;
+-----------------------------+--------------+
; Type                        ; Value        ;
+-----------------------------+--------------+
; Simulation Start Time       ; 0 ps         ;
; Simulation End Time         ; 1.0 us       ;
; Simulation Netlist Size     ; 1072 nodes   ;
; Simulation Coverage         ;      52.15 % ;
; Total Number of Transitions ; 8607         ;
; Simulation Breakpoints      ; 0            ;
; Family                      ; Cyclone II   ;
+-----------------------------+--------------+


+-----------------------------------------------------------------------------------------------------------------------------------------------------------------------------------------------------+
; Simulator Settings                                                                                                                                                                                  ;
+--------------------------------------------------------------------------------------------+----------------------------------------------------------------------------------------+---------------+
; Option                                                                                     ; Setting                                                                                ; Default Value ;
+--------------------------------------------------------------------------------------------+----------------------------------------------------------------------------------------+---------------+
; Simulation mode                                                                            ; Functional                                                                             ; Timing        ;
; Start time                                                                                 ; 0 ns                                                                                   ; 0 ns          ;
; Simulation results format                                                                  ; VWF                                                                                    ;               ;
; Vector input source                                                                        ; D:/Documents/HK5/Thiet_Ke_Luan_Ly_So/Mo_Phong_Ly_Thuyet/square_root_SRA/Waveform15.vwf ;               ;
; Add pins automatically to simulation output waveforms                                      ; On                                                                                     ; On            ;
; Check outputs                                                                              ; Off                                                                                    ; Off           ;
; Report simulation coverage                                                                 ; On                                                                                     ; On            ;
; Display complete 1/0 value coverage report                                                 ; On                                                                                     ; On            ;
; Display missing 1-value coverage report                                                    ; On                                                                                     ; On            ;
; Display missing 0-value coverage report                                                    ; On                                                                                     ; On            ;
; Detect setup and hold time violations                                                      ; Off                                                                                    ; Off           ;
; Detect glitches                                                                            ; Off                                                                                    ; Off           ;
; Disable timing delays in Timing Simulation                                                 ; Off                                                                                    ; Off           ;
; Generate Signal Activity File                                                              ; Off                                                                                    ; Off           ;
; Generate VCD File for PowerPlay Power Analyzer                                             ; Off                                                                                    ; Off           ;
; Group bus channels in simulation results                                                   ; Off                                                                                    ; Off           ;
; Preserve fewer signal transitions to reduce memory requirements                            ; On                                                                                     ; On            ;
; Trigger vector comparison with the specified mode                                          ; INPUT_EDGE                                                                             ; INPUT_EDGE    ;
; Disable setup and hold time violations detection in input registers of bi-directional pins ; Off                                                                                    ; Off           ;
; Overwrite Waveform Inputs With Simulation Outputs                                          ; Off                                                                                    ;               ;
; Perform Glitch Filtering in Timing Simulation                                              ; Auto                                                                                   ; Auto          ;
+--------------------------------------------------------------------------------------------+----------------------------------------------------------------------------------------+---------------+


+----------------------+
; Simulation Waveforms ;
+----------------------+
Waveform report data cannot be output to ASCII.
Please use Quartus II 64-Bit to view the waveform report data.


+--------------------------------------------------------------------+
; Coverage Summary                                                   ;
+-----------------------------------------------------+--------------+
; Type                                                ; Value        ;
+-----------------------------------------------------+--------------+
; Total coverage as a percentage                      ;      52.15 % ;
; Total nodes checked                                 ; 1072         ;
; Total output ports checked                          ; 1072         ;
; Total output ports with complete 1/0-value coverage ; 559          ;
; Total output ports with no 1/0-value coverage       ; 307          ;
; Total output ports with no 1-value coverage         ; 478          ;
; Total output ports with no 0-value coverage         ; 342          ;
+-----------------------------------------------------+--------------+


The following table displays output ports that toggle between 1 and 0 during simulation.
+----------------------------------------------------------------------------------------------------------------------------------------------------------------------------------------------------------------------------------------------------------------+
; Complete 1/0-Value Coverage                                                                                                                                                                                                                                    ;
+----------------------------------------------------------------------------------------------------------------------+----------------------------------------------------------------------------------------------------------------------+------------------+
; Node Name                                                                                                            ; Output Port Name                                                                                                     ; Output Port Type ;
+----------------------------------------------------------------------------------------------------------------------+----------------------------------------------------------------------------------------------------------------------+------------------+
; |DC_FINAL|RESULT[5]                                                                                                  ; |DC_FINAL|RESULT[5]                                                                                                  ; pin_out          ;
; |DC_FINAL|RESULT[4]                                                                                                  ; |DC_FINAL|RESULT[4]                                                                                                  ; pin_out          ;
; |DC_FINAL|RESULT[3]                                                                                                  ; |DC_FINAL|RESULT[3]                                                                                                  ; pin_out          ;
; |DC_FINAL|RESULT[2]                                                                                                  ; |DC_FINAL|RESULT[2]                                                                                                  ; pin_out          ;
; |DC_FINAL|RESULT[0]                                                                                                  ; |DC_FINAL|RESULT[0]                                                                                                  ; pin_out          ;
; |DC_FINAL|CLK                                                                                                        ; |DC_FINAL|CLK                                                                                                        ; out              ;
; |DC_FINAL|START                                                                                                      ; |DC_FINAL|START                                                                                                      ; out              ;
; |DC_FINAL|A[4]                                                                                                       ; |DC_FINAL|A[4]                                                                                                       ; out              ;
; |DC_FINAL|B[4]                                                                                                       ; |DC_FINAL|B[4]                                                                                                       ; out              ;
; |DC_FINAL|B[3]                                                                                                       ; |DC_FINAL|B[3]                                                                                                       ; out              ;
; |DC_FINAL|B[2]                                                                                                       ; |DC_FINAL|B[2]                                                                                                       ; out              ;
; |DC_FINAL|DC_Controller:inst|inst14                                                                                  ; |DC_FINAL|DC_Controller:inst|inst14                                                                                  ; out0             ;
; |DC_FINAL|DC_Controller:inst|inst13                                                                                  ; |DC_FINAL|DC_Controller:inst|inst13                                                                                  ; out0             ;
; |DC_FINAL|DC_Controller:inst|inst15                                                                                  ; |DC_FINAL|DC_Controller:inst|inst15                                                                                  ; out0             ;
; |DC_FINAL|DC_Controller:inst|inst72                                                                                  ; |DC_FINAL|DC_Controller:inst|inst72                                                                                  ; out0             ;
; |DC_FINAL|DC_Controller:inst|inst16                                                                                  ; |DC_FINAL|DC_Controller:inst|inst16                                                                                  ; out0             ;
; |DC_FINAL|DC_Controller:inst|inst17                                                                                  ; |DC_FINAL|DC_Controller:inst|inst17                                                                                  ; out0             ;
; |DC_FINAL|DC_Controller:inst|inst20                                                                                  ; |DC_FINAL|DC_Controller:inst|inst20                                                                                  ; out0             ;
; |DC_FINAL|DC_Controller:inst|inst22                                                                                  ; |DC_FINAL|DC_Controller:inst|inst22                                                                                  ; out0             ;
; |DC_FINAL|DC_Controller:inst|inst18                                                                                  ; |DC_FINAL|DC_Controller:inst|inst18                                                                                  ; out0             ;
; |DC_FINAL|DC_Controller:inst|inst21                                                                                  ; |DC_FINAL|DC_Controller:inst|inst21                                                                                  ; out0             ;
; |DC_FINAL|DC_Controller:inst|inst19                                                                                  ; |DC_FINAL|DC_Controller:inst|inst19                                                                                  ; out0             ;
; |DC_FINAL|DC_Controller:inst|inst23                                                                                  ; |DC_FINAL|DC_Controller:inst|inst23                                                                                  ; out0             ;
; |DC_FINAL|DC_Controller:inst|inst210                                                                                 ; |DC_FINAL|DC_Controller:inst|inst210                                                                                 ; out0             ;
; |DC_FINAL|DC_Controller:inst|inst81                                                                                  ; |DC_FINAL|DC_Controller:inst|inst81                                                                                  ; out0             ;
; |DC_FINAL|DC_Controller:inst|inst24                                                                                  ; |DC_FINAL|DC_Controller:inst|inst24                                                                                  ; out0             ;
; |DC_FINAL|DC_Controller:inst|inst91                                                                                  ; |DC_FINAL|DC_Controller:inst|inst91                                                                                  ; out0             ;
; |DC_FINAL|DC_Controller:inst|inst25                                                                                  ; |DC_FINAL|DC_Controller:inst|inst25                                                                                  ; out0             ;
; |DC_FINAL|DC_Controller:inst|inst6                                                                                   ; |DC_FINAL|DC_Controller:inst|inst6                                                                                   ; out0             ;
; |DC_FINAL|DC_Controller:inst|inst5                                                                                   ; |DC_FINAL|DC_Controller:inst|inst5                                                                                   ; out0             ;
; |DC_FINAL|DC_Controller:inst|inst8                                                                                   ; |DC_FINAL|DC_Controller:inst|inst8                                                                                   ; out0             ;
; |DC_FINAL|DC_Controller:inst|inst10                                                                                  ; |DC_FINAL|DC_Controller:inst|inst10                                                                                  ; out0             ;
; |DC_FINAL|DC_Controller:inst|inst9                                                                                   ; |DC_FINAL|DC_Controller:inst|inst9                                                                                   ; out0             ;
; |DC_FINAL|DC_Controller:inst|inst11                                                                                  ; |DC_FINAL|DC_Controller:inst|inst11                                                                                  ; out0             ;
; |DC_FINAL|DC_Controller:inst|inst12                                                                                  ; |DC_FINAL|DC_Controller:inst|inst12                                                                                  ; out0             ;
; |DC_FINAL|DC_Controller:inst|inst3                                                                                   ; |DC_FINAL|DC_Controller:inst|inst3                                                                                   ; out0             ;
; |DC_FINAL|DC_Controller:inst|inst61                                                                                  ; |DC_FINAL|DC_Controller:inst|inst61                                                                                  ; out0             ;
; |DC_FINAL|DC_Controller:inst|inst51                                                                                  ; |DC_FINAL|DC_Controller:inst|inst51                                                                                  ; out0             ;
; |DC_FINAL|DC_Controller:inst|inst4                                                                                   ; |DC_FINAL|DC_Controller:inst|inst4                                                                                   ; out0             ;
; |DC_FINAL|DC_Controller:inst|inst71                                                                                  ; |DC_FINAL|DC_Controller:inst|inst71                                                                                  ; out0             ;
; |DC_FINAL|DC_Controller:inst|FSM:inst|NextState:inst|inst3                                                           ; |DC_FINAL|DC_Controller:inst|FSM:inst|NextState:inst|inst3                                                           ; out0             ;
; |DC_FINAL|DC_Controller:inst|FSM:inst|NextState:inst|inst1                                                           ; |DC_FINAL|DC_Controller:inst|FSM:inst|NextState:inst|inst1                                                           ; out0             ;
; |DC_FINAL|DC_Controller:inst|FSM:inst|NextState:inst|inst2                                                           ; |DC_FINAL|DC_Controller:inst|FSM:inst|NextState:inst|inst2                                                           ; out0             ;
; |DC_FINAL|DC_Controller:inst|FSM:inst|NextState:inst|inst                                                            ; |DC_FINAL|DC_Controller:inst|FSM:inst|NextState:inst|inst                                                            ; out0             ;
; |DC_FINAL|DC_Controller:inst|FSM:inst|NextState:inst|inst7                                                           ; |DC_FINAL|DC_Controller:inst|FSM:inst|NextState:inst|inst7                                                           ; out0             ;
; |DC_FINAL|DC_Controller:inst|FSM:inst|CurrentState:inst2|inst                                                        ; |DC_FINAL|DC_Controller:inst|FSM:inst|CurrentState:inst2|inst                                                        ; regout           ;
; |DC_FINAL|DC_Controller:inst|FSM:inst|CurrentState:inst2|inst1                                                       ; |DC_FINAL|DC_Controller:inst|FSM:inst|CurrentState:inst2|inst1                                                       ; regout           ;
; |DC_FINAL|DC_Controller:inst|FSM:inst|CurrentState:inst2|inst2                                                       ; |DC_FINAL|DC_Controller:inst|FSM:inst|CurrentState:inst2|inst2                                                       ; regout           ;
; |DC_FINAL|DATAPATH_DC:inst1|inst11[5]                                                                                ; |DC_FINAL|DATAPATH_DC:inst1|inst11[5]                                                                                ; out              ;
; |DC_FINAL|DATAPATH_DC:inst1|inst11[4]                                                                                ; |DC_FINAL|DATAPATH_DC:inst1|inst11[4]                                                                                ; out              ;
; |DC_FINAL|DATAPATH_DC:inst1|inst11[3]                                                                                ; |DC_FINAL|DATAPATH_DC:inst1|inst11[3]                                                                                ; out              ;
; |DC_FINAL|DATAPATH_DC:inst1|inst11[2]                                                                                ; |DC_FINAL|DATAPATH_DC:inst1|inst11[2]                                                                                ; out              ;
; |DC_FINAL|DATAPATH_DC:inst1|inst11[0]                                                                                ; |DC_FINAL|DATAPATH_DC:inst1|inst11[0]                                                                                ; out              ;
; |DC_FINAL|DATAPATH_DC:inst1|Register4x8:inst4|Register4x4:inst1|A[3]                                                 ; |DC_FINAL|DATAPATH_DC:inst1|Register4x8:inst4|Register4x4:inst1|A[3]                                                 ; out0             ;
; |DC_FINAL|DATAPATH_DC:inst1|Register4x8:inst4|Register4x4:inst1|A[0]                                                 ; |DC_FINAL|DATAPATH_DC:inst1|Register4x8:inst4|Register4x4:inst1|A[0]                                                 ; out0             ;
; |DC_FINAL|DATAPATH_DC:inst1|Register4x8:inst4|Register4x4:inst1|RFC:inst6|inst1                                      ; |DC_FINAL|DATAPATH_DC:inst1|Register4x8:inst4|Register4x4:inst1|RFC:inst6|inst1                                      ; out              ;
; |DC_FINAL|DATAPATH_DC:inst1|Register4x8:inst4|Register4x4:inst1|RFC:inst6|inst                                       ; |DC_FINAL|DATAPATH_DC:inst1|Register4x8:inst4|Register4x4:inst1|RFC:inst6|inst                                       ; regout           ;
; |DC_FINAL|DATAPATH_DC:inst1|Register4x8:inst4|Register4x4:inst1|RFC:inst6|inst4                                      ; |DC_FINAL|DATAPATH_DC:inst1|Register4x8:inst4|Register4x4:inst1|RFC:inst6|inst4                                      ; out0             ;
; |DC_FINAL|DATAPATH_DC:inst1|Register4x8:inst4|Register4x4:inst1|RFC:inst6|inst3                                      ; |DC_FINAL|DATAPATH_DC:inst1|Register4x8:inst4|Register4x4:inst1|RFC:inst6|inst3                                      ; out0             ;
; |DC_FINAL|DATAPATH_DC:inst1|Register4x8:inst4|Register4x4:inst1|RFC:inst6|inst2                                      ; |DC_FINAL|DATAPATH_DC:inst1|Register4x8:inst4|Register4x4:inst1|RFC:inst6|inst2                                      ; out0             ;
; |DC_FINAL|DATAPATH_DC:inst1|Register4x8:inst4|Register4x4:inst1|RFC:inst5|inst4                                      ; |DC_FINAL|DATAPATH_DC:inst1|Register4x8:inst4|Register4x4:inst1|RFC:inst5|inst4                                      ; out0             ;
; |DC_FINAL|DATAPATH_DC:inst1|Register4x8:inst4|Register4x4:inst1|RFC:inst5|inst3                                      ; |DC_FINAL|DATAPATH_DC:inst1|Register4x8:inst4|Register4x4:inst1|RFC:inst5|inst3                                      ; out0             ;
; |DC_FINAL|DATAPATH_DC:inst1|Register4x8:inst4|Register4x4:inst1|RFC:inst4|inst4                                      ; |DC_FINAL|DATAPATH_DC:inst1|Register4x8:inst4|Register4x4:inst1|RFC:inst4|inst4                                      ; out0             ;
; |DC_FINAL|DATAPATH_DC:inst1|Register4x8:inst4|Register4x4:inst1|RFC:inst4|inst3                                      ; |DC_FINAL|DATAPATH_DC:inst1|Register4x8:inst4|Register4x4:inst1|RFC:inst4|inst3                                      ; out0             ;
; |DC_FINAL|DATAPATH_DC:inst1|Register4x8:inst4|Register4x4:inst1|RFC:inst3|inst1                                      ; |DC_FINAL|DATAPATH_DC:inst1|Register4x8:inst4|Register4x4:inst1|RFC:inst3|inst1                                      ; out              ;
; |DC_FINAL|DATAPATH_DC:inst1|Register4x8:inst4|Register4x4:inst1|RFC:inst3|inst3                                      ; |DC_FINAL|DATAPATH_DC:inst1|Register4x8:inst4|Register4x4:inst1|RFC:inst3|inst3                                      ; out0             ;
; |DC_FINAL|DATAPATH_DC:inst1|busmux:inst7|lpm_mux:$00000|mux_smc:auto_generated|result_node[5]~5                      ; |DC_FINAL|DATAPATH_DC:inst1|busmux:inst7|lpm_mux:$00000|mux_smc:auto_generated|result_node[5]~5                      ; out0             ;
; |DC_FINAL|DATAPATH_DC:inst1|busmux:inst7|lpm_mux:$00000|mux_smc:auto_generated|result_node[5]                        ; |DC_FINAL|DATAPATH_DC:inst1|busmux:inst7|lpm_mux:$00000|mux_smc:auto_generated|result_node[5]                        ; out0             ;
; |DC_FINAL|DATAPATH_DC:inst1|busmux:inst7|lpm_mux:$00000|mux_smc:auto_generated|result_node[4]~7                      ; |DC_FINAL|DATAPATH_DC:inst1|busmux:inst7|lpm_mux:$00000|mux_smc:auto_generated|result_node[4]~7                      ; out0             ;
; |DC_FINAL|DATAPATH_DC:inst1|busmux:inst7|lpm_mux:$00000|mux_smc:auto_generated|result_node[4]                        ; |DC_FINAL|DATAPATH_DC:inst1|busmux:inst7|lpm_mux:$00000|mux_smc:auto_generated|result_node[4]                        ; out0             ;
; |DC_FINAL|DATAPATH_DC:inst1|busmux:inst7|lpm_mux:$00000|mux_smc:auto_generated|result_node[3]~8                      ; |DC_FINAL|DATAPATH_DC:inst1|busmux:inst7|lpm_mux:$00000|mux_smc:auto_generated|result_node[3]~8                      ; out0             ;
; |DC_FINAL|DATAPATH_DC:inst1|busmux:inst7|lpm_mux:$00000|mux_smc:auto_generated|result_node[3]~9                      ; |DC_FINAL|DATAPATH_DC:inst1|busmux:inst7|lpm_mux:$00000|mux_smc:auto_generated|result_node[3]~9                      ; out0             ;
; |DC_FINAL|DATAPATH_DC:inst1|busmux:inst7|lpm_mux:$00000|mux_smc:auto_generated|result_node[3]                        ; |DC_FINAL|DATAPATH_DC:inst1|busmux:inst7|lpm_mux:$00000|mux_smc:auto_generated|result_node[3]                        ; out0             ;
; |DC_FINAL|DATAPATH_DC:inst1|busmux:inst7|lpm_mux:$00000|mux_smc:auto_generated|result_node[2]~11                     ; |DC_FINAL|DATAPATH_DC:inst1|busmux:inst7|lpm_mux:$00000|mux_smc:auto_generated|result_node[2]~11                     ; out0             ;
; |DC_FINAL|DATAPATH_DC:inst1|busmux:inst7|lpm_mux:$00000|mux_smc:auto_generated|result_node[2]                        ; |DC_FINAL|DATAPATH_DC:inst1|busmux:inst7|lpm_mux:$00000|mux_smc:auto_generated|result_node[2]                        ; out0             ;
; |DC_FINAL|DATAPATH_DC:inst1|busmux:inst7|lpm_mux:$00000|mux_smc:auto_generated|result_node[1]~13                     ; |DC_FINAL|DATAPATH_DC:inst1|busmux:inst7|lpm_mux:$00000|mux_smc:auto_generated|result_node[1]~13                     ; out0             ;
; |DC_FINAL|DATAPATH_DC:inst1|busmux:inst7|lpm_mux:$00000|mux_smc:auto_generated|result_node[1]                        ; |DC_FINAL|DATAPATH_DC:inst1|busmux:inst7|lpm_mux:$00000|mux_smc:auto_generated|result_node[1]                        ; out0             ;
; |DC_FINAL|DATAPATH_DC:inst1|busmux:inst7|lpm_mux:$00000|mux_smc:auto_generated|result_node[0]~14                     ; |DC_FINAL|DATAPATH_DC:inst1|busmux:inst7|lpm_mux:$00000|mux_smc:auto_generated|result_node[0]~14                     ; out0             ;
; |DC_FINAL|DATAPATH_DC:inst1|busmux:inst7|lpm_mux:$00000|mux_smc:auto_generated|result_node[0]~15                     ; |DC_FINAL|DATAPATH_DC:inst1|busmux:inst7|lpm_mux:$00000|mux_smc:auto_generated|result_node[0]~15                     ; out0             ;
; |DC_FINAL|DATAPATH_DC:inst1|busmux:inst7|lpm_mux:$00000|mux_smc:auto_generated|result_node[0]                        ; |DC_FINAL|DATAPATH_DC:inst1|busmux:inst7|lpm_mux:$00000|mux_smc:auto_generated|result_node[0]                        ; out0             ;
; |DC_FINAL|DATAPATH_DC:inst1|AddAbsSubMax:inst6|inst9                                                                 ; |DC_FINAL|DATAPATH_DC:inst1|AddAbsSubMax:inst6|inst9                                                                 ; out0             ;
; |DC_FINAL|DATAPATH_DC:inst1|AddAbsSubMax:inst6|inst3                                                                 ; |DC_FINAL|DATAPATH_DC:inst1|AddAbsSubMax:inst6|inst3                                                                 ; out0             ;
; |DC_FINAL|DATAPATH_DC:inst1|AddAbsSubMax:inst6|inst19[5]                                                             ; |DC_FINAL|DATAPATH_DC:inst1|AddAbsSubMax:inst6|inst19[5]                                                             ; out0             ;
; |DC_FINAL|DATAPATH_DC:inst1|AddAbsSubMax:inst6|inst19[4]                                                             ; |DC_FINAL|DATAPATH_DC:inst1|AddAbsSubMax:inst6|inst19[4]                                                             ; out0             ;
; |DC_FINAL|DATAPATH_DC:inst1|AddAbsSubMax:inst6|inst19[3]                                                             ; |DC_FINAL|DATAPATH_DC:inst1|AddAbsSubMax:inst6|inst19[3]                                                             ; out0             ;
; |DC_FINAL|DATAPATH_DC:inst1|AddAbsSubMax:inst6|inst19[2]                                                             ; |DC_FINAL|DATAPATH_DC:inst1|AddAbsSubMax:inst6|inst19[2]                                                             ; out0             ;
; |DC_FINAL|DATAPATH_DC:inst1|AddAbsSubMax:inst6|inst19[1]                                                             ; |DC_FINAL|DATAPATH_DC:inst1|AddAbsSubMax:inst6|inst19[1]                                                             ; out0             ;
; |DC_FINAL|DATAPATH_DC:inst1|AddAbsSubMax:inst6|inst19[0]                                                             ; |DC_FINAL|DATAPATH_DC:inst1|AddAbsSubMax:inst6|inst19[0]                                                             ; out0             ;
; |DC_FINAL|DATAPATH_DC:inst1|AddAbsSubMax:inst6|inst6                                                                 ; |DC_FINAL|DATAPATH_DC:inst1|AddAbsSubMax:inst6|inst6                                                                 ; out0             ;
; |DC_FINAL|DATAPATH_DC:inst1|AddAbsSubMax:inst6|inst23[7]                                                             ; |DC_FINAL|DATAPATH_DC:inst1|AddAbsSubMax:inst6|inst23[7]                                                             ; out0             ;
; |DC_FINAL|DATAPATH_DC:inst1|AddAbsSubMax:inst6|inst23[6]                                                             ; |DC_FINAL|DATAPATH_DC:inst1|AddAbsSubMax:inst6|inst23[6]                                                             ; out0             ;
; |DC_FINAL|DATAPATH_DC:inst1|AddAbsSubMax:inst6|inst23[5]                                                             ; |DC_FINAL|DATAPATH_DC:inst1|AddAbsSubMax:inst6|inst23[5]                                                             ; out0             ;
; |DC_FINAL|DATAPATH_DC:inst1|AddAbsSubMax:inst6|inst23[4]                                                             ; |DC_FINAL|DATAPATH_DC:inst1|AddAbsSubMax:inst6|inst23[4]                                                             ; out0             ;
; |DC_FINAL|DATAPATH_DC:inst1|AddAbsSubMax:inst6|inst23[3]                                                             ; |DC_FINAL|DATAPATH_DC:inst1|AddAbsSubMax:inst6|inst23[3]                                                             ; out0             ;
; |DC_FINAL|DATAPATH_DC:inst1|AddAbsSubMax:inst6|inst23[2]                                                             ; |DC_FINAL|DATAPATH_DC:inst1|AddAbsSubMax:inst6|inst23[2]                                                             ; out0             ;
; |DC_FINAL|DATAPATH_DC:inst1|AddAbsSubMax:inst6|inst23[1]                                                             ; |DC_FINAL|DATAPATH_DC:inst1|AddAbsSubMax:inst6|inst23[1]                                                             ; out0             ;
; |DC_FINAL|DATAPATH_DC:inst1|AddAbsSubMax:inst6|inst23[0]                                                             ; |DC_FINAL|DATAPATH_DC:inst1|AddAbsSubMax:inst6|inst23[0]                                                             ; out0             ;
; |DC_FINAL|DATAPATH_DC:inst1|AddAbsSubMax:inst6|inst7                                                                 ; |DC_FINAL|DATAPATH_DC:inst1|AddAbsSubMax:inst6|inst7                                                                 ; out0             ;
; |DC_FINAL|DATAPATH_DC:inst1|AddAbsSubMax:inst6|busmux:inst24|lpm_mux:$00000|mux_smc:auto_generated|result_node[7]~0  ; |DC_FINAL|DATAPATH_DC:inst1|AddAbsSubMax:inst6|busmux:inst24|lpm_mux:$00000|mux_smc:auto_generated|result_node[7]~0  ; out0             ;
; |DC_FINAL|DATAPATH_DC:inst1|AddAbsSubMax:inst6|busmux:inst24|lpm_mux:$00000|mux_smc:auto_generated|result_node[7]    ; |DC_FINAL|DATAPATH_DC:inst1|AddAbsSubMax:inst6|busmux:inst24|lpm_mux:$00000|mux_smc:auto_generated|result_node[7]    ; out0             ;
; |DC_FINAL|DATAPATH_DC:inst1|AddAbsSubMax:inst6|busmux:inst24|lpm_mux:$00000|mux_smc:auto_generated|result_node[6]~2  ; |DC_FINAL|DATAPATH_DC:inst1|AddAbsSubMax:inst6|busmux:inst24|lpm_mux:$00000|mux_smc:auto_generated|result_node[6]~2  ; out0             ;
; |DC_FINAL|DATAPATH_DC:inst1|AddAbsSubMax:inst6|busmux:inst24|lpm_mux:$00000|mux_smc:auto_generated|result_node[6]    ; |DC_FINAL|DATAPATH_DC:inst1|AddAbsSubMax:inst6|busmux:inst24|lpm_mux:$00000|mux_smc:auto_generated|result_node[6]    ; out0             ;
; |DC_FINAL|DATAPATH_DC:inst1|AddAbsSubMax:inst6|busmux:inst24|lpm_mux:$00000|mux_smc:auto_generated|result_node[5]~4  ; |DC_FINAL|DATAPATH_DC:inst1|AddAbsSubMax:inst6|busmux:inst24|lpm_mux:$00000|mux_smc:auto_generated|result_node[5]~4  ; out0             ;
; |DC_FINAL|DATAPATH_DC:inst1|AddAbsSubMax:inst6|busmux:inst24|lpm_mux:$00000|mux_smc:auto_generated|result_node[5]~5  ; |DC_FINAL|DATAPATH_DC:inst1|AddAbsSubMax:inst6|busmux:inst24|lpm_mux:$00000|mux_smc:auto_generated|result_node[5]~5  ; out0             ;
; |DC_FINAL|DATAPATH_DC:inst1|AddAbsSubMax:inst6|busmux:inst24|lpm_mux:$00000|mux_smc:auto_generated|result_node[5]    ; |DC_FINAL|DATAPATH_DC:inst1|AddAbsSubMax:inst6|busmux:inst24|lpm_mux:$00000|mux_smc:auto_generated|result_node[5]    ; out0             ;
; |DC_FINAL|DATAPATH_DC:inst1|AddAbsSubMax:inst6|busmux:inst24|lpm_mux:$00000|mux_smc:auto_generated|result_node[4]~6  ; |DC_FINAL|DATAPATH_DC:inst1|AddAbsSubMax:inst6|busmux:inst24|lpm_mux:$00000|mux_smc:auto_generated|result_node[4]~6  ; out0             ;
; |DC_FINAL|DATAPATH_DC:inst1|AddAbsSubMax:inst6|busmux:inst24|lpm_mux:$00000|mux_smc:auto_generated|result_node[4]~7  ; |DC_FINAL|DATAPATH_DC:inst1|AddAbsSubMax:inst6|busmux:inst24|lpm_mux:$00000|mux_smc:auto_generated|result_node[4]~7  ; out0             ;
; |DC_FINAL|DATAPATH_DC:inst1|AddAbsSubMax:inst6|busmux:inst24|lpm_mux:$00000|mux_smc:auto_generated|result_node[4]    ; |DC_FINAL|DATAPATH_DC:inst1|AddAbsSubMax:inst6|busmux:inst24|lpm_mux:$00000|mux_smc:auto_generated|result_node[4]    ; out0             ;
; |DC_FINAL|DATAPATH_DC:inst1|AddAbsSubMax:inst6|busmux:inst24|lpm_mux:$00000|mux_smc:auto_generated|result_node[3]~8  ; |DC_FINAL|DATAPATH_DC:inst1|AddAbsSubMax:inst6|busmux:inst24|lpm_mux:$00000|mux_smc:auto_generated|result_node[3]~8  ; out0             ;
; |DC_FINAL|DATAPATH_DC:inst1|AddAbsSubMax:inst6|busmux:inst24|lpm_mux:$00000|mux_smc:auto_generated|result_node[3]~9  ; |DC_FINAL|DATAPATH_DC:inst1|AddAbsSubMax:inst6|busmux:inst24|lpm_mux:$00000|mux_smc:auto_generated|result_node[3]~9  ; out0             ;
; |DC_FINAL|DATAPATH_DC:inst1|AddAbsSubMax:inst6|busmux:inst24|lpm_mux:$00000|mux_smc:auto_generated|result_node[3]    ; |DC_FINAL|DATAPATH_DC:inst1|AddAbsSubMax:inst6|busmux:inst24|lpm_mux:$00000|mux_smc:auto_generated|result_node[3]    ; out0             ;
; |DC_FINAL|DATAPATH_DC:inst1|AddAbsSubMax:inst6|busmux:inst24|lpm_mux:$00000|mux_smc:auto_generated|result_node[2]~10 ; |DC_FINAL|DATAPATH_DC:inst1|AddAbsSubMax:inst6|busmux:inst24|lpm_mux:$00000|mux_smc:auto_generated|result_node[2]~10 ; out0             ;
; |DC_FINAL|DATAPATH_DC:inst1|AddAbsSubMax:inst6|busmux:inst24|lpm_mux:$00000|mux_smc:auto_generated|result_node[2]~11 ; |DC_FINAL|DATAPATH_DC:inst1|AddAbsSubMax:inst6|busmux:inst24|lpm_mux:$00000|mux_smc:auto_generated|result_node[2]~11 ; out0             ;
; |DC_FINAL|DATAPATH_DC:inst1|AddAbsSubMax:inst6|busmux:inst24|lpm_mux:$00000|mux_smc:auto_generated|result_node[2]    ; |DC_FINAL|DATAPATH_DC:inst1|AddAbsSubMax:inst6|busmux:inst24|lpm_mux:$00000|mux_smc:auto_generated|result_node[2]    ; out0             ;
; |DC_FINAL|DATAPATH_DC:inst1|AddAbsSubMax:inst6|busmux:inst24|lpm_mux:$00000|mux_smc:auto_generated|result_node[1]~12 ; |DC_FINAL|DATAPATH_DC:inst1|AddAbsSubMax:inst6|busmux:inst24|lpm_mux:$00000|mux_smc:auto_generated|result_node[1]~12 ; out0             ;
; |DC_FINAL|DATAPATH_DC:inst1|AddAbsSubMax:inst6|busmux:inst24|lpm_mux:$00000|mux_smc:auto_generated|result_node[1]~13 ; |DC_FINAL|DATAPATH_DC:inst1|AddAbsSubMax:inst6|busmux:inst24|lpm_mux:$00000|mux_smc:auto_generated|result_node[1]~13 ; out0             ;
; |DC_FINAL|DATAPATH_DC:inst1|AddAbsSubMax:inst6|busmux:inst24|lpm_mux:$00000|mux_smc:auto_generated|result_node[1]    ; |DC_FINAL|DATAPATH_DC:inst1|AddAbsSubMax:inst6|busmux:inst24|lpm_mux:$00000|mux_smc:auto_generated|result_node[1]    ; out0             ;
; |DC_FINAL|DATAPATH_DC:inst1|AddAbsSubMax:inst6|busmux:inst24|lpm_mux:$00000|mux_smc:auto_generated|result_node[0]~14 ; |DC_FINAL|DATAPATH_DC:inst1|AddAbsSubMax:inst6|busmux:inst24|lpm_mux:$00000|mux_smc:auto_generated|result_node[0]~14 ; out0             ;
; |DC_FINAL|DATAPATH_DC:inst1|AddAbsSubMax:inst6|busmux:inst24|lpm_mux:$00000|mux_smc:auto_generated|result_node[0]~15 ; |DC_FINAL|DATAPATH_DC:inst1|AddAbsSubMax:inst6|busmux:inst24|lpm_mux:$00000|mux_smc:auto_generated|result_node[0]~15 ; out0             ;
; |DC_FINAL|DATAPATH_DC:inst1|AddAbsSubMax:inst6|busmux:inst24|lpm_mux:$00000|mux_smc:auto_generated|result_node[0]    ; |DC_FINAL|DATAPATH_DC:inst1|AddAbsSubMax:inst6|busmux:inst24|lpm_mux:$00000|mux_smc:auto_generated|result_node[0]    ; out0             ;
; |DC_FINAL|DATAPATH_DC:inst1|AddAbsSubMax:inst6|Adder8bit:inst|FullAdder:inst4|inst1                                  ; |DC_FINAL|DATAPATH_DC:inst1|AddAbsSubMax:inst6|Adder8bit:inst|FullAdder:inst4|inst1                                  ; out0             ;
; |DC_FINAL|DATAPATH_DC:inst1|AddAbsSubMax:inst6|Adder8bit:inst|FullAdder:inst4|inst                                   ; |DC_FINAL|DATAPATH_DC:inst1|AddAbsSubMax:inst6|Adder8bit:inst|FullAdder:inst4|inst                                   ; out0             ;
; |DC_FINAL|DATAPATH_DC:inst1|AddAbsSubMax:inst6|Adder8bit:inst|FullAdder:inst4|inst2                                  ; |DC_FINAL|DATAPATH_DC:inst1|AddAbsSubMax:inst6|Adder8bit:inst|FullAdder:inst4|inst2                                  ; out0             ;
; |DC_FINAL|DATAPATH_DC:inst1|AddAbsSubMax:inst6|Adder8bit:inst|FullAdder:inst4|inst4                                  ; |DC_FINAL|DATAPATH_DC:inst1|AddAbsSubMax:inst6|Adder8bit:inst|FullAdder:inst4|inst4                                  ; out0             ;
; |DC_FINAL|DATAPATH_DC:inst1|AddAbsSubMax:inst6|Adder8bit:inst|FullAdder:inst4|inst5                                  ; |DC_FINAL|DATAPATH_DC:inst1|AddAbsSubMax:inst6|Adder8bit:inst|FullAdder:inst4|inst5                                  ; out0             ;
; |DC_FINAL|DATAPATH_DC:inst1|AddAbsSubMax:inst6|Adder8bit:inst|FullAdder:inst4|inst3                                  ; |DC_FINAL|DATAPATH_DC:inst1|AddAbsSubMax:inst6|Adder8bit:inst|FullAdder:inst4|inst3                                  ; out0             ;
; |DC_FINAL|DATAPATH_DC:inst1|AddAbsSubMax:inst6|Adder8bit:inst|FullAdder:inst6|inst1                                  ; |DC_FINAL|DATAPATH_DC:inst1|AddAbsSubMax:inst6|Adder8bit:inst|FullAdder:inst6|inst1                                  ; out0             ;
; |DC_FINAL|DATAPATH_DC:inst1|AddAbsSubMax:inst6|Adder8bit:inst|FullAdder:inst6|inst                                   ; |DC_FINAL|DATAPATH_DC:inst1|AddAbsSubMax:inst6|Adder8bit:inst|FullAdder:inst6|inst                                   ; out0             ;
; |DC_FINAL|DATAPATH_DC:inst1|AddAbsSubMax:inst6|Adder8bit:inst|FullAdder:inst6|inst2                                  ; |DC_FINAL|DATAPATH_DC:inst1|AddAbsSubMax:inst6|Adder8bit:inst|FullAdder:inst6|inst2                                  ; out0             ;
; |DC_FINAL|DATAPATH_DC:inst1|AddAbsSubMax:inst6|Adder8bit:inst|FullAdder:inst6|inst4                                  ; |DC_FINAL|DATAPATH_DC:inst1|AddAbsSubMax:inst6|Adder8bit:inst|FullAdder:inst6|inst4                                  ; out0             ;
; |DC_FINAL|DATAPATH_DC:inst1|AddAbsSubMax:inst6|Adder8bit:inst|FullAdder:inst6|inst5                                  ; |DC_FINAL|DATAPATH_DC:inst1|AddAbsSubMax:inst6|Adder8bit:inst|FullAdder:inst6|inst5                                  ; out0             ;
; |DC_FINAL|DATAPATH_DC:inst1|AddAbsSubMax:inst6|Adder8bit:inst|FullAdder:inst6|inst3                                  ; |DC_FINAL|DATAPATH_DC:inst1|AddAbsSubMax:inst6|Adder8bit:inst|FullAdder:inst6|inst3                                  ; out0             ;
; |DC_FINAL|DATAPATH_DC:inst1|AddAbsSubMax:inst6|Adder8bit:inst|FullAdder:inst7|inst1                                  ; |DC_FINAL|DATAPATH_DC:inst1|AddAbsSubMax:inst6|Adder8bit:inst|FullAdder:inst7|inst1                                  ; out0             ;
; |DC_FINAL|DATAPATH_DC:inst1|AddAbsSubMax:inst6|Adder8bit:inst|FullAdder:inst7|inst                                   ; |DC_FINAL|DATAPATH_DC:inst1|AddAbsSubMax:inst6|Adder8bit:inst|FullAdder:inst7|inst                                   ; out0             ;
; |DC_FINAL|DATAPATH_DC:inst1|AddAbsSubMax:inst6|Adder8bit:inst|FullAdder:inst7|inst2                                  ; |DC_FINAL|DATAPATH_DC:inst1|AddAbsSubMax:inst6|Adder8bit:inst|FullAdder:inst7|inst2                                  ; out0             ;
; |DC_FINAL|DATAPATH_DC:inst1|AddAbsSubMax:inst6|Adder8bit:inst|FullAdder:inst7|inst4                                  ; |DC_FINAL|DATAPATH_DC:inst1|AddAbsSubMax:inst6|Adder8bit:inst|FullAdder:inst7|inst4                                  ; out0             ;
; |DC_FINAL|DATAPATH_DC:inst1|AddAbsSubMax:inst6|Adder8bit:inst|FullAdder:inst7|inst5                                  ; |DC_FINAL|DATAPATH_DC:inst1|AddAbsSubMax:inst6|Adder8bit:inst|FullAdder:inst7|inst5                                  ; out0             ;
; |DC_FINAL|DATAPATH_DC:inst1|AddAbsSubMax:inst6|Adder8bit:inst|FullAdder:inst7|inst3                                  ; |DC_FINAL|DATAPATH_DC:inst1|AddAbsSubMax:inst6|Adder8bit:inst|FullAdder:inst7|inst3                                  ; out0             ;
; |DC_FINAL|DATAPATH_DC:inst1|AddAbsSubMax:inst6|Adder8bit:inst|FullAdder:inst8|inst1                                  ; |DC_FINAL|DATAPATH_DC:inst1|AddAbsSubMax:inst6|Adder8bit:inst|FullAdder:inst8|inst1                                  ; out0             ;
; |DC_FINAL|DATAPATH_DC:inst1|AddAbsSubMax:inst6|Adder8bit:inst|FullAdder:inst8|inst                                   ; |DC_FINAL|DATAPATH_DC:inst1|AddAbsSubMax:inst6|Adder8bit:inst|FullAdder:inst8|inst                                   ; out0             ;
; |DC_FINAL|DATAPATH_DC:inst1|AddAbsSubMax:inst6|Adder8bit:inst|FullAdder:inst8|inst2                                  ; |DC_FINAL|DATAPATH_DC:inst1|AddAbsSubMax:inst6|Adder8bit:inst|FullAdder:inst8|inst2                                  ; out0             ;
; |DC_FINAL|DATAPATH_DC:inst1|AddAbsSubMax:inst6|Adder8bit:inst|FullAdder:inst8|inst4                                  ; |DC_FINAL|DATAPATH_DC:inst1|AddAbsSubMax:inst6|Adder8bit:inst|FullAdder:inst8|inst4                                  ; out0             ;
; |DC_FINAL|DATAPATH_DC:inst1|AddAbsSubMax:inst6|Adder8bit:inst|FullAdder:inst8|inst5                                  ; |DC_FINAL|DATAPATH_DC:inst1|AddAbsSubMax:inst6|Adder8bit:inst|FullAdder:inst8|inst5                                  ; out0             ;
; |DC_FINAL|DATAPATH_DC:inst1|AddAbsSubMax:inst6|Adder8bit:inst|FullAdder:inst8|inst3                                  ; |DC_FINAL|DATAPATH_DC:inst1|AddAbsSubMax:inst6|Adder8bit:inst|FullAdder:inst8|inst3                                  ; out0             ;
; |DC_FINAL|DATAPATH_DC:inst1|AddAbsSubMax:inst6|Adder8bit:inst|FullAdder:inst3|inst1                                  ; |DC_FINAL|DATAPATH_DC:inst1|AddAbsSubMax:inst6|Adder8bit:inst|FullAdder:inst3|inst1                                  ; out0             ;
; |DC_FINAL|DATAPATH_DC:inst1|AddAbsSubMax:inst6|Adder8bit:inst|FullAdder:inst3|inst                                   ; |DC_FINAL|DATAPATH_DC:inst1|AddAbsSubMax:inst6|Adder8bit:inst|FullAdder:inst3|inst                                   ; out0             ;
; |DC_FINAL|DATAPATH_DC:inst1|AddAbsSubMax:inst6|Adder8bit:inst|FullAdder:inst3|inst2                                  ; |DC_FINAL|DATAPATH_DC:inst1|AddAbsSubMax:inst6|Adder8bit:inst|FullAdder:inst3|inst2                                  ; out0             ;
; |DC_FINAL|DATAPATH_DC:inst1|AddAbsSubMax:inst6|Adder8bit:inst|FullAdder:inst3|inst4                                  ; |DC_FINAL|DATAPATH_DC:inst1|AddAbsSubMax:inst6|Adder8bit:inst|FullAdder:inst3|inst4                                  ; out0             ;
; |DC_FINAL|DATAPATH_DC:inst1|AddAbsSubMax:inst6|Adder8bit:inst|FullAdder:inst3|inst5                                  ; |DC_FINAL|DATAPATH_DC:inst1|AddAbsSubMax:inst6|Adder8bit:inst|FullAdder:inst3|inst5                                  ; out0             ;
; |DC_FINAL|DATAPATH_DC:inst1|AddAbsSubMax:inst6|Adder8bit:inst|FullAdder:inst3|inst3                                  ; |DC_FINAL|DATAPATH_DC:inst1|AddAbsSubMax:inst6|Adder8bit:inst|FullAdder:inst3|inst3                                  ; out0             ;
; |DC_FINAL|DATAPATH_DC:inst1|AddAbsSubMax:inst6|Adder8bit:inst|FullAdder:inst2|inst1                                  ; |DC_FINAL|DATAPATH_DC:inst1|AddAbsSubMax:inst6|Adder8bit:inst|FullAdder:inst2|inst1                                  ; out0             ;
; |DC_FINAL|DATAPATH_DC:inst1|AddAbsSubMax:inst6|Adder8bit:inst|FullAdder:inst2|inst                                   ; |DC_FINAL|DATAPATH_DC:inst1|AddAbsSubMax:inst6|Adder8bit:inst|FullAdder:inst2|inst                                   ; out0             ;
; |DC_FINAL|DATAPATH_DC:inst1|AddAbsSubMax:inst6|Adder8bit:inst|FullAdder:inst2|inst2                                  ; |DC_FINAL|DATAPATH_DC:inst1|AddAbsSubMax:inst6|Adder8bit:inst|FullAdder:inst2|inst2                                  ; out0             ;
; |DC_FINAL|DATAPATH_DC:inst1|AddAbsSubMax:inst6|Adder8bit:inst|FullAdder:inst2|inst4                                  ; |DC_FINAL|DATAPATH_DC:inst1|AddAbsSubMax:inst6|Adder8bit:inst|FullAdder:inst2|inst4                                  ; out0             ;
; |DC_FINAL|DATAPATH_DC:inst1|AddAbsSubMax:inst6|Adder8bit:inst|FullAdder:inst1|inst1                                  ; |DC_FINAL|DATAPATH_DC:inst1|AddAbsSubMax:inst6|Adder8bit:inst|FullAdder:inst1|inst1                                  ; out0             ;
; |DC_FINAL|DATAPATH_DC:inst1|AddAbsSubMax:inst6|Adder8bit:inst|FullAdder:inst1|inst                                   ; |DC_FINAL|DATAPATH_DC:inst1|AddAbsSubMax:inst6|Adder8bit:inst|FullAdder:inst1|inst                                   ; out0             ;
; |DC_FINAL|DATAPATH_DC:inst1|AddAbsSubMax:inst6|Adder8bit:inst|FullAdder:inst1|inst2                                  ; |DC_FINAL|DATAPATH_DC:inst1|AddAbsSubMax:inst6|Adder8bit:inst|FullAdder:inst1|inst2                                  ; out0             ;
; |DC_FINAL|DATAPATH_DC:inst1|AddAbsSubMax:inst6|Adder8bit:inst|FullAdder:inst1|inst4                                  ; |DC_FINAL|DATAPATH_DC:inst1|AddAbsSubMax:inst6|Adder8bit:inst|FullAdder:inst1|inst4                                  ; out0             ;
; |DC_FINAL|DATAPATH_DC:inst1|AddAbsSubMax:inst6|Adder8bit:inst|FullAdder:inst|inst1                                   ; |DC_FINAL|DATAPATH_DC:inst1|AddAbsSubMax:inst6|Adder8bit:inst|FullAdder:inst|inst1                                   ; out0             ;
; |DC_FINAL|DATAPATH_DC:inst1|AddAbsSubMax:inst6|Adder8bit:inst|FullAdder:inst|inst                                    ; |DC_FINAL|DATAPATH_DC:inst1|AddAbsSubMax:inst6|Adder8bit:inst|FullAdder:inst|inst                                    ; out0             ;
; |DC_FINAL|DATAPATH_DC:inst1|AddAbsSubMax:inst6|busmux:inst25|lpm_mux:$00000|mux_smc:auto_generated|result_node[7]~0  ; |DC_FINAL|DATAPATH_DC:inst1|AddAbsSubMax:inst6|busmux:inst25|lpm_mux:$00000|mux_smc:auto_generated|result_node[7]~0  ; out0             ;
; |DC_FINAL|DATAPATH_DC:inst1|AddAbsSubMax:inst6|busmux:inst25|lpm_mux:$00000|mux_smc:auto_generated|result_node[7]    ; |DC_FINAL|DATAPATH_DC:inst1|AddAbsSubMax:inst6|busmux:inst25|lpm_mux:$00000|mux_smc:auto_generated|result_node[7]    ; out0             ;
; |DC_FINAL|DATAPATH_DC:inst1|AddAbsSubMax:inst6|busmux:inst25|lpm_mux:$00000|mux_smc:auto_generated|result_node[6]~2  ; |DC_FINAL|DATAPATH_DC:inst1|AddAbsSubMax:inst6|busmux:inst25|lpm_mux:$00000|mux_smc:auto_generated|result_node[6]~2  ; out0             ;
; |DC_FINAL|DATAPATH_DC:inst1|AddAbsSubMax:inst6|busmux:inst25|lpm_mux:$00000|mux_smc:auto_generated|result_node[6]    ; |DC_FINAL|DATAPATH_DC:inst1|AddAbsSubMax:inst6|busmux:inst25|lpm_mux:$00000|mux_smc:auto_generated|result_node[6]    ; out0             ;
; |DC_FINAL|DATAPATH_DC:inst1|AddAbsSubMax:inst6|busmux:inst25|lpm_mux:$00000|mux_smc:auto_generated|result_node[5]~4  ; |DC_FINAL|DATAPATH_DC:inst1|AddAbsSubMax:inst6|busmux:inst25|lpm_mux:$00000|mux_smc:auto_generated|result_node[5]~4  ; out0             ;
; |DC_FINAL|DATAPATH_DC:inst1|AddAbsSubMax:inst6|busmux:inst25|lpm_mux:$00000|mux_smc:auto_generated|result_node[5]    ; |DC_FINAL|DATAPATH_DC:inst1|AddAbsSubMax:inst6|busmux:inst25|lpm_mux:$00000|mux_smc:auto_generated|result_node[5]    ; out0             ;
; |DC_FINAL|DATAPATH_DC:inst1|AddAbsSubMax:inst6|busmux:inst25|lpm_mux:$00000|mux_smc:auto_generated|result_node[4]~6  ; |DC_FINAL|DATAPATH_DC:inst1|AddAbsSubMax:inst6|busmux:inst25|lpm_mux:$00000|mux_smc:auto_generated|result_node[4]~6  ; out0             ;
; |DC_FINAL|DATAPATH_DC:inst1|AddAbsSubMax:inst6|busmux:inst25|lpm_mux:$00000|mux_smc:auto_generated|result_node[4]    ; |DC_FINAL|DATAPATH_DC:inst1|AddAbsSubMax:inst6|busmux:inst25|lpm_mux:$00000|mux_smc:auto_generated|result_node[4]    ; out0             ;
; |DC_FINAL|DATAPATH_DC:inst1|AddAbsSubMax:inst6|busmux:inst25|lpm_mux:$00000|mux_smc:auto_generated|result_node[3]~8  ; |DC_FINAL|DATAPATH_DC:inst1|AddAbsSubMax:inst6|busmux:inst25|lpm_mux:$00000|mux_smc:auto_generated|result_node[3]~8  ; out0             ;
; |DC_FINAL|DATAPATH_DC:inst1|AddAbsSubMax:inst6|busmux:inst25|lpm_mux:$00000|mux_smc:auto_generated|result_node[3]    ; |DC_FINAL|DATAPATH_DC:inst1|AddAbsSubMax:inst6|busmux:inst25|lpm_mux:$00000|mux_smc:auto_generated|result_node[3]    ; out0             ;
; |DC_FINAL|DATAPATH_DC:inst1|AddAbsSubMax:inst6|busmux:inst25|lpm_mux:$00000|mux_smc:auto_generated|result_node[2]~10 ; |DC_FINAL|DATAPATH_DC:inst1|AddAbsSubMax:inst6|busmux:inst25|lpm_mux:$00000|mux_smc:auto_generated|result_node[2]~10 ; out0             ;
; |DC_FINAL|DATAPATH_DC:inst1|AddAbsSubMax:inst6|busmux:inst25|lpm_mux:$00000|mux_smc:auto_generated|result_node[2]    ; |DC_FINAL|DATAPATH_DC:inst1|AddAbsSubMax:inst6|busmux:inst25|lpm_mux:$00000|mux_smc:auto_generated|result_node[2]    ; out0             ;
; |DC_FINAL|DATAPATH_DC:inst1|AddAbsSubMax:inst6|busmux:inst25|lpm_mux:$00000|mux_smc:auto_generated|result_node[1]~12 ; |DC_FINAL|DATAPATH_DC:inst1|AddAbsSubMax:inst6|busmux:inst25|lpm_mux:$00000|mux_smc:auto_generated|result_node[1]~12 ; out0             ;
; |DC_FINAL|DATAPATH_DC:inst1|AddAbsSubMax:inst6|busmux:inst25|lpm_mux:$00000|mux_smc:auto_generated|result_node[1]    ; |DC_FINAL|DATAPATH_DC:inst1|AddAbsSubMax:inst6|busmux:inst25|lpm_mux:$00000|mux_smc:auto_generated|result_node[1]    ; out0             ;
; |DC_FINAL|DATAPATH_DC:inst1|AddAbsSubMax:inst6|busmux:inst25|lpm_mux:$00000|mux_smc:auto_generated|result_node[0]~14 ; |DC_FINAL|DATAPATH_DC:inst1|AddAbsSubMax:inst6|busmux:inst25|lpm_mux:$00000|mux_smc:auto_generated|result_node[0]~14 ; out0             ;
; |DC_FINAL|DATAPATH_DC:inst1|AddAbsSubMax:inst6|busmux:inst25|lpm_mux:$00000|mux_smc:auto_generated|result_node[0]    ; |DC_FINAL|DATAPATH_DC:inst1|AddAbsSubMax:inst6|busmux:inst25|lpm_mux:$00000|mux_smc:auto_generated|result_node[0]    ; out0             ;
; |DC_FINAL|DATAPATH_DC:inst1|mux41_8bit:inst1|busmux:inst1|lpm_mux:$00000|mux_smc:auto_generated|result_node[4]~7     ; |DC_FINAL|DATAPATH_DC:inst1|mux41_8bit:inst1|busmux:inst1|lpm_mux:$00000|mux_smc:auto_generated|result_node[4]~7     ; out0             ;
; |DC_FINAL|DATAPATH_DC:inst1|mux41_8bit:inst1|busmux:inst1|lpm_mux:$00000|mux_smc:auto_generated|result_node[4]       ; |DC_FINAL|DATAPATH_DC:inst1|mux41_8bit:inst1|busmux:inst1|lpm_mux:$00000|mux_smc:auto_generated|result_node[4]       ; out0             ;
; |DC_FINAL|DATAPATH_DC:inst1|mux41_8bit:inst1|busmux:inst1|lpm_mux:$00000|mux_smc:auto_generated|result_node[3]~9     ; |DC_FINAL|DATAPATH_DC:inst1|mux41_8bit:inst1|busmux:inst1|lpm_mux:$00000|mux_smc:auto_generated|result_node[3]~9     ; out0             ;
; |DC_FINAL|DATAPATH_DC:inst1|mux41_8bit:inst1|busmux:inst1|lpm_mux:$00000|mux_smc:auto_generated|result_node[3]       ; |DC_FINAL|DATAPATH_DC:inst1|mux41_8bit:inst1|busmux:inst1|lpm_mux:$00000|mux_smc:auto_generated|result_node[3]       ; out0             ;
; |DC_FINAL|DATAPATH_DC:inst1|mux41_8bit:inst1|busmux:inst1|lpm_mux:$00000|mux_smc:auto_generated|result_node[2]~10    ; |DC_FINAL|DATAPATH_DC:inst1|mux41_8bit:inst1|busmux:inst1|lpm_mux:$00000|mux_smc:auto_generated|result_node[2]~10    ; out0             ;
; |DC_FINAL|DATAPATH_DC:inst1|mux41_8bit:inst1|busmux:inst1|lpm_mux:$00000|mux_smc:auto_generated|result_node[2]~11    ; |DC_FINAL|DATAPATH_DC:inst1|mux41_8bit:inst1|busmux:inst1|lpm_mux:$00000|mux_smc:auto_generated|result_node[2]~11    ; out0             ;
; |DC_FINAL|DATAPATH_DC:inst1|mux41_8bit:inst1|busmux:inst1|lpm_mux:$00000|mux_smc:auto_generated|result_node[2]       ; |DC_FINAL|DATAPATH_DC:inst1|mux41_8bit:inst1|busmux:inst1|lpm_mux:$00000|mux_smc:auto_generated|result_node[2]       ; out0             ;
; |DC_FINAL|DATAPATH_DC:inst1|mux41_8bit:inst1|busmux:inst1|lpm_mux:$00000|mux_smc:auto_generated|result_node[1]~12    ; |DC_FINAL|DATAPATH_DC:inst1|mux41_8bit:inst1|busmux:inst1|lpm_mux:$00000|mux_smc:auto_generated|result_node[1]~12    ; out0             ;
; |DC_FINAL|DATAPATH_DC:inst1|mux41_8bit:inst1|busmux:inst1|lpm_mux:$00000|mux_smc:auto_generated|result_node[1]       ; |DC_FINAL|DATAPATH_DC:inst1|mux41_8bit:inst1|busmux:inst1|lpm_mux:$00000|mux_smc:auto_generated|result_node[1]       ; out0             ;
; |DC_FINAL|DATAPATH_DC:inst1|mux41_8bit:inst1|busmux:inst1|lpm_mux:$00000|mux_smc:auto_generated|result_node[0]~14    ; |DC_FINAL|DATAPATH_DC:inst1|mux41_8bit:inst1|busmux:inst1|lpm_mux:$00000|mux_smc:auto_generated|result_node[0]~14    ; out0             ;
; |DC_FINAL|DATAPATH_DC:inst1|mux41_8bit:inst1|busmux:inst1|lpm_mux:$00000|mux_smc:auto_generated|result_node[0]       ; |DC_FINAL|DATAPATH_DC:inst1|mux41_8bit:inst1|busmux:inst1|lpm_mux:$00000|mux_smc:auto_generated|result_node[0]       ; out0             ;
; |DC_FINAL|DATAPATH_DC:inst1|mux41_8bit:inst1|busmux:inst|lpm_mux:$00000|mux_smc:auto_generated|result_node[7]~0      ; |DC_FINAL|DATAPATH_DC:inst1|mux41_8bit:inst1|busmux:inst|lpm_mux:$00000|mux_smc:auto_generated|result_node[7]~0      ; out0             ;
; |DC_FINAL|DATAPATH_DC:inst1|mux41_8bit:inst1|busmux:inst|lpm_mux:$00000|mux_smc:auto_generated|result_node[7]        ; |DC_FINAL|DATAPATH_DC:inst1|mux41_8bit:inst1|busmux:inst|lpm_mux:$00000|mux_smc:auto_generated|result_node[7]        ; out0             ;
; |DC_FINAL|DATAPATH_DC:inst1|mux41_8bit:inst1|busmux:inst|lpm_mux:$00000|mux_smc:auto_generated|result_node[6]~2      ; |DC_FINAL|DATAPATH_DC:inst1|mux41_8bit:inst1|busmux:inst|lpm_mux:$00000|mux_smc:auto_generated|result_node[6]~2      ; out0             ;
; |DC_FINAL|DATAPATH_DC:inst1|mux41_8bit:inst1|busmux:inst|lpm_mux:$00000|mux_smc:auto_generated|result_node[6]        ; |DC_FINAL|DATAPATH_DC:inst1|mux41_8bit:inst1|busmux:inst|lpm_mux:$00000|mux_smc:auto_generated|result_node[6]        ; out0             ;
; |DC_FINAL|DATAPATH_DC:inst1|mux41_8bit:inst1|busmux:inst|lpm_mux:$00000|mux_smc:auto_generated|result_node[5]~4      ; |DC_FINAL|DATAPATH_DC:inst1|mux41_8bit:inst1|busmux:inst|lpm_mux:$00000|mux_smc:auto_generated|result_node[5]~4      ; out0             ;
; |DC_FINAL|DATAPATH_DC:inst1|mux41_8bit:inst1|busmux:inst|lpm_mux:$00000|mux_smc:auto_generated|result_node[5]~5      ; |DC_FINAL|DATAPATH_DC:inst1|mux41_8bit:inst1|busmux:inst|lpm_mux:$00000|mux_smc:auto_generated|result_node[5]~5      ; out0             ;
; |DC_FINAL|DATAPATH_DC:inst1|mux41_8bit:inst1|busmux:inst|lpm_mux:$00000|mux_smc:auto_generated|result_node[5]        ; |DC_FINAL|DATAPATH_DC:inst1|mux41_8bit:inst1|busmux:inst|lpm_mux:$00000|mux_smc:auto_generated|result_node[5]        ; out0             ;
; |DC_FINAL|DATAPATH_DC:inst1|mux41_8bit:inst1|busmux:inst|lpm_mux:$00000|mux_smc:auto_generated|result_node[4]~6      ; |DC_FINAL|DATAPATH_DC:inst1|mux41_8bit:inst1|busmux:inst|lpm_mux:$00000|mux_smc:auto_generated|result_node[4]~6      ; out0             ;
; |DC_FINAL|DATAPATH_DC:inst1|mux41_8bit:inst1|busmux:inst|lpm_mux:$00000|mux_smc:auto_generated|result_node[4]~7      ; |DC_FINAL|DATAPATH_DC:inst1|mux41_8bit:inst1|busmux:inst|lpm_mux:$00000|mux_smc:auto_generated|result_node[4]~7      ; out0             ;
; |DC_FINAL|DATAPATH_DC:inst1|mux41_8bit:inst1|busmux:inst|lpm_mux:$00000|mux_smc:auto_generated|result_node[4]        ; |DC_FINAL|DATAPATH_DC:inst1|mux41_8bit:inst1|busmux:inst|lpm_mux:$00000|mux_smc:auto_generated|result_node[4]        ; out0             ;
; |DC_FINAL|DATAPATH_DC:inst1|mux41_8bit:inst1|busmux:inst|lpm_mux:$00000|mux_smc:auto_generated|result_node[3]~8      ; |DC_FINAL|DATAPATH_DC:inst1|mux41_8bit:inst1|busmux:inst|lpm_mux:$00000|mux_smc:auto_generated|result_node[3]~8      ; out0             ;
; |DC_FINAL|DATAPATH_DC:inst1|mux41_8bit:inst1|busmux:inst|lpm_mux:$00000|mux_smc:auto_generated|result_node[3]~9      ; |DC_FINAL|DATAPATH_DC:inst1|mux41_8bit:inst1|busmux:inst|lpm_mux:$00000|mux_smc:auto_generated|result_node[3]~9      ; out0             ;
; |DC_FINAL|DATAPATH_DC:inst1|mux41_8bit:inst1|busmux:inst|lpm_mux:$00000|mux_smc:auto_generated|result_node[3]        ; |DC_FINAL|DATAPATH_DC:inst1|mux41_8bit:inst1|busmux:inst|lpm_mux:$00000|mux_smc:auto_generated|result_node[3]        ; out0             ;
; |DC_FINAL|DATAPATH_DC:inst1|mux41_8bit:inst1|busmux:inst|lpm_mux:$00000|mux_smc:auto_generated|result_node[2]~10     ; |DC_FINAL|DATAPATH_DC:inst1|mux41_8bit:inst1|busmux:inst|lpm_mux:$00000|mux_smc:auto_generated|result_node[2]~10     ; out0             ;
; |DC_FINAL|DATAPATH_DC:inst1|mux41_8bit:inst1|busmux:inst|lpm_mux:$00000|mux_smc:auto_generated|result_node[2]~11     ; |DC_FINAL|DATAPATH_DC:inst1|mux41_8bit:inst1|busmux:inst|lpm_mux:$00000|mux_smc:auto_generated|result_node[2]~11     ; out0             ;
; |DC_FINAL|DATAPATH_DC:inst1|mux41_8bit:inst1|busmux:inst|lpm_mux:$00000|mux_smc:auto_generated|result_node[2]        ; |DC_FINAL|DATAPATH_DC:inst1|mux41_8bit:inst1|busmux:inst|lpm_mux:$00000|mux_smc:auto_generated|result_node[2]        ; out0             ;
; |DC_FINAL|DATAPATH_DC:inst1|mux41_8bit:inst1|busmux:inst|lpm_mux:$00000|mux_smc:auto_generated|result_node[1]~12     ; |DC_FINAL|DATAPATH_DC:inst1|mux41_8bit:inst1|busmux:inst|lpm_mux:$00000|mux_smc:auto_generated|result_node[1]~12     ; out0             ;
; |DC_FINAL|DATAPATH_DC:inst1|mux41_8bit:inst1|busmux:inst|lpm_mux:$00000|mux_smc:auto_generated|result_node[1]~13     ; |DC_FINAL|DATAPATH_DC:inst1|mux41_8bit:inst1|busmux:inst|lpm_mux:$00000|mux_smc:auto_generated|result_node[1]~13     ; out0             ;
; |DC_FINAL|DATAPATH_DC:inst1|mux41_8bit:inst1|busmux:inst|lpm_mux:$00000|mux_smc:auto_generated|result_node[1]        ; |DC_FINAL|DATAPATH_DC:inst1|mux41_8bit:inst1|busmux:inst|lpm_mux:$00000|mux_smc:auto_generated|result_node[1]        ; out0             ;
; |DC_FINAL|DATAPATH_DC:inst1|mux41_8bit:inst1|busmux:inst|lpm_mux:$00000|mux_smc:auto_generated|result_node[0]~14     ; |DC_FINAL|DATAPATH_DC:inst1|mux41_8bit:inst1|busmux:inst|lpm_mux:$00000|mux_smc:auto_generated|result_node[0]~14     ; out0             ;
; |DC_FINAL|DATAPATH_DC:inst1|mux41_8bit:inst1|busmux:inst|lpm_mux:$00000|mux_smc:auto_generated|result_node[0]~15     ; |DC_FINAL|DATAPATH_DC:inst1|mux41_8bit:inst1|busmux:inst|lpm_mux:$00000|mux_smc:auto_generated|result_node[0]~15     ; out0             ;
; |DC_FINAL|DATAPATH_DC:inst1|mux41_8bit:inst1|busmux:inst|lpm_mux:$00000|mux_smc:auto_generated|result_node[0]        ; |DC_FINAL|DATAPATH_DC:inst1|mux41_8bit:inst1|busmux:inst|lpm_mux:$00000|mux_smc:auto_generated|result_node[0]        ; out0             ;
; |DC_FINAL|DATAPATH_DC:inst1|mux41_8bit:inst1|busmux:inst2|lpm_mux:$00000|mux_smc:auto_generated|result_node[7]~1     ; |DC_FINAL|DATAPATH_DC:inst1|mux41_8bit:inst1|busmux:inst2|lpm_mux:$00000|mux_smc:auto_generated|result_node[7]~1     ; out0             ;
; |DC_FINAL|DATAPATH_DC:inst1|mux41_8bit:inst1|busmux:inst2|lpm_mux:$00000|mux_smc:auto_generated|result_node[7]       ; |DC_FINAL|DATAPATH_DC:inst1|mux41_8bit:inst1|busmux:inst2|lpm_mux:$00000|mux_smc:auto_generated|result_node[7]       ; out0             ;
; |DC_FINAL|DATAPATH_DC:inst1|mux41_8bit:inst1|busmux:inst2|lpm_mux:$00000|mux_smc:auto_generated|result_node[6]~3     ; |DC_FINAL|DATAPATH_DC:inst1|mux41_8bit:inst1|busmux:inst2|lpm_mux:$00000|mux_smc:auto_generated|result_node[6]~3     ; out0             ;
; |DC_FINAL|DATAPATH_DC:inst1|mux41_8bit:inst1|busmux:inst2|lpm_mux:$00000|mux_smc:auto_generated|result_node[6]       ; |DC_FINAL|DATAPATH_DC:inst1|mux41_8bit:inst1|busmux:inst2|lpm_mux:$00000|mux_smc:auto_generated|result_node[6]       ; out0             ;
; |DC_FINAL|DATAPATH_DC:inst1|mux41_8bit:inst1|busmux:inst2|lpm_mux:$00000|mux_smc:auto_generated|result_node[5]~5     ; |DC_FINAL|DATAPATH_DC:inst1|mux41_8bit:inst1|busmux:inst2|lpm_mux:$00000|mux_smc:auto_generated|result_node[5]~5     ; out0             ;
; |DC_FINAL|DATAPATH_DC:inst1|mux41_8bit:inst1|busmux:inst2|lpm_mux:$00000|mux_smc:auto_generated|result_node[5]       ; |DC_FINAL|DATAPATH_DC:inst1|mux41_8bit:inst1|busmux:inst2|lpm_mux:$00000|mux_smc:auto_generated|result_node[5]       ; out0             ;
; |DC_FINAL|DATAPATH_DC:inst1|mux41_8bit:inst1|busmux:inst2|lpm_mux:$00000|mux_smc:auto_generated|result_node[4]~6     ; |DC_FINAL|DATAPATH_DC:inst1|mux41_8bit:inst1|busmux:inst2|lpm_mux:$00000|mux_smc:auto_generated|result_node[4]~6     ; out0             ;
; |DC_FINAL|DATAPATH_DC:inst1|mux41_8bit:inst1|busmux:inst2|lpm_mux:$00000|mux_smc:auto_generated|result_node[4]~7     ; |DC_FINAL|DATAPATH_DC:inst1|mux41_8bit:inst1|busmux:inst2|lpm_mux:$00000|mux_smc:auto_generated|result_node[4]~7     ; out0             ;
; |DC_FINAL|DATAPATH_DC:inst1|mux41_8bit:inst1|busmux:inst2|lpm_mux:$00000|mux_smc:auto_generated|result_node[4]       ; |DC_FINAL|DATAPATH_DC:inst1|mux41_8bit:inst1|busmux:inst2|lpm_mux:$00000|mux_smc:auto_generated|result_node[4]       ; out0             ;
; |DC_FINAL|DATAPATH_DC:inst1|mux41_8bit:inst1|busmux:inst2|lpm_mux:$00000|mux_smc:auto_generated|result_node[3]~8     ; |DC_FINAL|DATAPATH_DC:inst1|mux41_8bit:inst1|busmux:inst2|lpm_mux:$00000|mux_smc:auto_generated|result_node[3]~8     ; out0             ;
; |DC_FINAL|DATAPATH_DC:inst1|mux41_8bit:inst1|busmux:inst2|lpm_mux:$00000|mux_smc:auto_generated|result_node[3]~9     ; |DC_FINAL|DATAPATH_DC:inst1|mux41_8bit:inst1|busmux:inst2|lpm_mux:$00000|mux_smc:auto_generated|result_node[3]~9     ; out0             ;
; |DC_FINAL|DATAPATH_DC:inst1|mux41_8bit:inst1|busmux:inst2|lpm_mux:$00000|mux_smc:auto_generated|result_node[3]       ; |DC_FINAL|DATAPATH_DC:inst1|mux41_8bit:inst1|busmux:inst2|lpm_mux:$00000|mux_smc:auto_generated|result_node[3]       ; out0             ;
; |DC_FINAL|DATAPATH_DC:inst1|mux41_8bit:inst1|busmux:inst2|lpm_mux:$00000|mux_smc:auto_generated|result_node[2]~10    ; |DC_FINAL|DATAPATH_DC:inst1|mux41_8bit:inst1|busmux:inst2|lpm_mux:$00000|mux_smc:auto_generated|result_node[2]~10    ; out0             ;
; |DC_FINAL|DATAPATH_DC:inst1|mux41_8bit:inst1|busmux:inst2|lpm_mux:$00000|mux_smc:auto_generated|result_node[2]~11    ; |DC_FINAL|DATAPATH_DC:inst1|mux41_8bit:inst1|busmux:inst2|lpm_mux:$00000|mux_smc:auto_generated|result_node[2]~11    ; out0             ;
; |DC_FINAL|DATAPATH_DC:inst1|mux41_8bit:inst1|busmux:inst2|lpm_mux:$00000|mux_smc:auto_generated|result_node[2]       ; |DC_FINAL|DATAPATH_DC:inst1|mux41_8bit:inst1|busmux:inst2|lpm_mux:$00000|mux_smc:auto_generated|result_node[2]       ; out0             ;
; |DC_FINAL|DATAPATH_DC:inst1|mux41_8bit:inst1|busmux:inst2|lpm_mux:$00000|mux_smc:auto_generated|result_node[1]~12    ; |DC_FINAL|DATAPATH_DC:inst1|mux41_8bit:inst1|busmux:inst2|lpm_mux:$00000|mux_smc:auto_generated|result_node[1]~12    ; out0             ;
; |DC_FINAL|DATAPATH_DC:inst1|mux41_8bit:inst1|busmux:inst2|lpm_mux:$00000|mux_smc:auto_generated|result_node[1]~13    ; |DC_FINAL|DATAPATH_DC:inst1|mux41_8bit:inst1|busmux:inst2|lpm_mux:$00000|mux_smc:auto_generated|result_node[1]~13    ; out0             ;
; |DC_FINAL|DATAPATH_DC:inst1|mux41_8bit:inst1|busmux:inst2|lpm_mux:$00000|mux_smc:auto_generated|result_node[1]       ; |DC_FINAL|DATAPATH_DC:inst1|mux41_8bit:inst1|busmux:inst2|lpm_mux:$00000|mux_smc:auto_generated|result_node[1]       ; out0             ;
; |DC_FINAL|DATAPATH_DC:inst1|mux41_8bit:inst1|busmux:inst2|lpm_mux:$00000|mux_smc:auto_generated|result_node[0]~14    ; |DC_FINAL|DATAPATH_DC:inst1|mux41_8bit:inst1|busmux:inst2|lpm_mux:$00000|mux_smc:auto_generated|result_node[0]~14    ; out0             ;
; |DC_FINAL|DATAPATH_DC:inst1|mux41_8bit:inst1|busmux:inst2|lpm_mux:$00000|mux_smc:auto_generated|result_node[0]~15    ; |DC_FINAL|DATAPATH_DC:inst1|mux41_8bit:inst1|busmux:inst2|lpm_mux:$00000|mux_smc:auto_generated|result_node[0]~15    ; out0             ;
; |DC_FINAL|DATAPATH_DC:inst1|mux41_8bit:inst1|busmux:inst2|lpm_mux:$00000|mux_smc:auto_generated|result_node[0]       ; |DC_FINAL|DATAPATH_DC:inst1|mux41_8bit:inst1|busmux:inst2|lpm_mux:$00000|mux_smc:auto_generated|result_node[0]       ; out0             ;
; |DC_FINAL|DATAPATH_DC:inst1|Register8x8:inst3|Y[3]                                                                   ; |DC_FINAL|DATAPATH_DC:inst1|Register8x8:inst3|Y[3]                                                                   ; out0             ;
; |DC_FINAL|DATAPATH_DC:inst1|Register8x8:inst3|Y[2]                                                                   ; |DC_FINAL|DATAPATH_DC:inst1|Register8x8:inst3|Y[2]                                                                   ; out0             ;
; |DC_FINAL|DATAPATH_DC:inst1|Register8x8:inst3|Y[1]                                                                   ; |DC_FINAL|DATAPATH_DC:inst1|Register8x8:inst3|Y[1]                                                                   ; out0             ;
; |DC_FINAL|DATAPATH_DC:inst1|Register8x8:inst3|Y[0]                                                                   ; |DC_FINAL|DATAPATH_DC:inst1|Register8x8:inst3|Y[0]                                                                   ; out0             ;
; |DC_FINAL|DATAPATH_DC:inst1|Register8x8:inst3|inst6                                                                  ; |DC_FINAL|DATAPATH_DC:inst1|Register8x8:inst3|inst6                                                                  ; out0             ;
; |DC_FINAL|DATAPATH_DC:inst1|Register8x8:inst3|inst9                                                                  ; |DC_FINAL|DATAPATH_DC:inst1|Register8x8:inst3|inst9                                                                  ; out0             ;
; |DC_FINAL|DATAPATH_DC:inst1|Register8x8:inst3|inst7                                                                  ; |DC_FINAL|DATAPATH_DC:inst1|Register8x8:inst3|inst7                                                                  ; out0             ;
; |DC_FINAL|DATAPATH_DC:inst1|Register8x8:inst3|inst10                                                                 ; |DC_FINAL|DATAPATH_DC:inst1|Register8x8:inst3|inst10                                                                 ; out0             ;
; |DC_FINAL|DATAPATH_DC:inst1|Register8x8:inst3|Y[5]                                                                   ; |DC_FINAL|DATAPATH_DC:inst1|Register8x8:inst3|Y[5]                                                                   ; out0             ;
; |DC_FINAL|DATAPATH_DC:inst1|Register8x8:inst3|Y[4]                                                                   ; |DC_FINAL|DATAPATH_DC:inst1|Register8x8:inst3|Y[4]                                                                   ; out0             ;
; |DC_FINAL|DATAPATH_DC:inst1|Register8x8:inst3|Register4x4:inst2|RFC:inst10|inst4                                     ; |DC_FINAL|DATAPATH_DC:inst1|Register8x8:inst3|Register4x4:inst2|RFC:inst10|inst4                                     ; out0             ;
; |DC_FINAL|DATAPATH_DC:inst1|Register8x8:inst3|Register4x4:inst2|RFC:inst10|inst3                                     ; |DC_FINAL|DATAPATH_DC:inst1|Register8x8:inst3|Register4x4:inst2|RFC:inst10|inst3                                     ; out0             ;
; |DC_FINAL|DATAPATH_DC:inst1|Register8x8:inst3|Register4x4:inst2|RFC:inst6|inst1                                      ; |DC_FINAL|DATAPATH_DC:inst1|Register8x8:inst3|Register4x4:inst2|RFC:inst6|inst1                                      ; out              ;
; |DC_FINAL|DATAPATH_DC:inst1|Register8x8:inst3|Register4x4:inst2|RFC:inst6|inst4                                      ; |DC_FINAL|DATAPATH_DC:inst1|Register8x8:inst3|Register4x4:inst2|RFC:inst6|inst4                                      ; out0             ;
; |DC_FINAL|DATAPATH_DC:inst1|Register8x8:inst3|Register4x4:inst2|RFC:inst6|inst3                                      ; |DC_FINAL|DATAPATH_DC:inst1|Register8x8:inst3|Register4x4:inst2|RFC:inst6|inst3                                      ; out0             ;
; |DC_FINAL|DATAPATH_DC:inst1|Register8x8:inst3|Register4x4:inst2|RFC:inst13|inst4                                     ; |DC_FINAL|DATAPATH_DC:inst1|Register8x8:inst3|Register4x4:inst2|RFC:inst13|inst4                                     ; out0             ;
; |DC_FINAL|DATAPATH_DC:inst1|Register8x8:inst3|Register4x4:inst2|RFC:inst13|inst3                                     ; |DC_FINAL|DATAPATH_DC:inst1|Register8x8:inst3|Register4x4:inst2|RFC:inst13|inst3                                     ; out0             ;
; |DC_FINAL|DATAPATH_DC:inst1|Register8x8:inst3|Register4x4:inst2|RFC:inst9|inst1                                      ; |DC_FINAL|DATAPATH_DC:inst1|Register8x8:inst3|Register4x4:inst2|RFC:inst9|inst1                                      ; out              ;
; |DC_FINAL|DATAPATH_DC:inst1|Register8x8:inst3|Register4x4:inst2|RFC:inst9|inst4                                      ; |DC_FINAL|DATAPATH_DC:inst1|Register8x8:inst3|Register4x4:inst2|RFC:inst9|inst4                                      ; out0             ;
; |DC_FINAL|DATAPATH_DC:inst1|Register8x8:inst3|Register4x4:inst2|RFC:inst9|inst3                                      ; |DC_FINAL|DATAPATH_DC:inst1|Register8x8:inst3|Register4x4:inst2|RFC:inst9|inst3                                      ; out0             ;
; |DC_FINAL|DATAPATH_DC:inst1|Register8x8:inst3|Register4x4:inst2|RFC:inst5|inst4                                      ; |DC_FINAL|DATAPATH_DC:inst1|Register8x8:inst3|Register4x4:inst2|RFC:inst5|inst4                                      ; out0             ;
; |DC_FINAL|DATAPATH_DC:inst1|Register8x8:inst3|Register4x4:inst2|RFC:inst5|inst3                                      ; |DC_FINAL|DATAPATH_DC:inst1|Register8x8:inst3|Register4x4:inst2|RFC:inst5|inst3                                      ; out0             ;
; |DC_FINAL|DATAPATH_DC:inst1|Register8x8:inst3|Register4x4:inst2|RFC:inst4|inst4                                      ; |DC_FINAL|DATAPATH_DC:inst1|Register8x8:inst3|Register4x4:inst2|RFC:inst4|inst4                                      ; out0             ;
; |DC_FINAL|DATAPATH_DC:inst1|Register8x8:inst3|Register4x4:inst2|RFC:inst4|inst3                                      ; |DC_FINAL|DATAPATH_DC:inst1|Register8x8:inst3|Register4x4:inst2|RFC:inst4|inst3                                      ; out0             ;
; |DC_FINAL|DATAPATH_DC:inst1|Register8x8:inst3|Register4x4:inst2|Decoder2_4:inst20|inst1                              ; |DC_FINAL|DATAPATH_DC:inst1|Register8x8:inst3|Register4x4:inst2|Decoder2_4:inst20|inst1                              ; out0             ;
; |DC_FINAL|DATAPATH_DC:inst1|Register8x8:inst3|Register4x4:inst2|Decoder2_4:inst20|inst2                              ; |DC_FINAL|DATAPATH_DC:inst1|Register8x8:inst3|Register4x4:inst2|Decoder2_4:inst20|inst2                              ; out0             ;
; |DC_FINAL|DATAPATH_DC:inst1|Register8x8:inst3|Register4x4:inst2|Decoder2_4:inst20|inst3                              ; |DC_FINAL|DATAPATH_DC:inst1|Register8x8:inst3|Register4x4:inst2|Decoder2_4:inst20|inst3                              ; out0             ;
; |DC_FINAL|DATAPATH_DC:inst1|Register8x8:inst3|Register4x4:inst2|Decoder2_4:inst|inst1                                ; |DC_FINAL|DATAPATH_DC:inst1|Register8x8:inst3|Register4x4:inst2|Decoder2_4:inst|inst1                                ; out0             ;
; |DC_FINAL|DATAPATH_DC:inst1|Register8x8:inst3|Register4x4:inst2|Decoder2_4:inst|inst2                                ; |DC_FINAL|DATAPATH_DC:inst1|Register8x8:inst3|Register4x4:inst2|Decoder2_4:inst|inst2                                ; out0             ;
; |DC_FINAL|DATAPATH_DC:inst1|Register8x8:inst3|Register4x4:inst2|Decoder2_4:inst|inst3                                ; |DC_FINAL|DATAPATH_DC:inst1|Register8x8:inst3|Register4x4:inst2|Decoder2_4:inst|inst3                                ; out0             ;
; |DC_FINAL|DATAPATH_DC:inst1|Register8x8:inst3|Register4x4:inst2|RFC:inst3|inst4                                      ; |DC_FINAL|DATAPATH_DC:inst1|Register8x8:inst3|Register4x4:inst2|RFC:inst3|inst4                                      ; out0             ;
; |DC_FINAL|DATAPATH_DC:inst1|Register8x8:inst3|Register4x4:inst2|RFC:inst3|inst3                                      ; |DC_FINAL|DATAPATH_DC:inst1|Register8x8:inst3|Register4x4:inst2|RFC:inst3|inst3                                      ; out0             ;
; |DC_FINAL|DATAPATH_DC:inst1|Register8x8:inst3|Register4x4:inst|RFC:inst18|inst4                                      ; |DC_FINAL|DATAPATH_DC:inst1|Register8x8:inst3|Register4x4:inst|RFC:inst18|inst4                                      ; out0             ;
; |DC_FINAL|DATAPATH_DC:inst1|Register8x8:inst3|Register4x4:inst|RFC:inst18|inst3                                      ; |DC_FINAL|DATAPATH_DC:inst1|Register8x8:inst3|Register4x4:inst|RFC:inst18|inst3                                      ; out0             ;
; |DC_FINAL|DATAPATH_DC:inst1|Register8x8:inst3|Register4x4:inst|RFC:inst14|inst1                                      ; |DC_FINAL|DATAPATH_DC:inst1|Register8x8:inst3|Register4x4:inst|RFC:inst14|inst1                                      ; out              ;
; |DC_FINAL|DATAPATH_DC:inst1|Register8x8:inst3|Register4x4:inst|RFC:inst14|inst3                                      ; |DC_FINAL|DATAPATH_DC:inst1|Register8x8:inst3|Register4x4:inst|RFC:inst14|inst3                                      ; out0             ;
; |DC_FINAL|DATAPATH_DC:inst1|Register8x8:inst3|Register4x4:inst|RFC:inst10|inst1                                      ; |DC_FINAL|DATAPATH_DC:inst1|Register8x8:inst3|Register4x4:inst|RFC:inst10|inst1                                      ; out              ;
; |DC_FINAL|DATAPATH_DC:inst1|Register8x8:inst3|Register4x4:inst|RFC:inst10|inst4                                      ; |DC_FINAL|DATAPATH_DC:inst1|Register8x8:inst3|Register4x4:inst|RFC:inst10|inst4                                      ; out0             ;
; |DC_FINAL|DATAPATH_DC:inst1|Register8x8:inst3|Register4x4:inst|RFC:inst10|inst3                                      ; |DC_FINAL|DATAPATH_DC:inst1|Register8x8:inst3|Register4x4:inst|RFC:inst10|inst3                                      ; out0             ;
; |DC_FINAL|DATAPATH_DC:inst1|Register8x8:inst3|Register4x4:inst|RFC:inst10|inst2                                      ; |DC_FINAL|DATAPATH_DC:inst1|Register8x8:inst3|Register4x4:inst|RFC:inst10|inst2                                      ; out0             ;
; |DC_FINAL|DATAPATH_DC:inst1|Register8x8:inst3|Register4x4:inst|RFC:inst6|inst1                                       ; |DC_FINAL|DATAPATH_DC:inst1|Register8x8:inst3|Register4x4:inst|RFC:inst6|inst1                                       ; out              ;
; |DC_FINAL|DATAPATH_DC:inst1|Register8x8:inst3|Register4x4:inst|RFC:inst6|inst                                        ; |DC_FINAL|DATAPATH_DC:inst1|Register8x8:inst3|Register4x4:inst|RFC:inst6|inst                                        ; regout           ;
; |DC_FINAL|DATAPATH_DC:inst1|Register8x8:inst3|Register4x4:inst|RFC:inst6|inst4                                       ; |DC_FINAL|DATAPATH_DC:inst1|Register8x8:inst3|Register4x4:inst|RFC:inst6|inst4                                       ; out0             ;
; |DC_FINAL|DATAPATH_DC:inst1|Register8x8:inst3|Register4x4:inst|RFC:inst6|inst3                                       ; |DC_FINAL|DATAPATH_DC:inst1|Register8x8:inst3|Register4x4:inst|RFC:inst6|inst3                                       ; out0             ;
; |DC_FINAL|DATAPATH_DC:inst1|Register8x8:inst3|Register4x4:inst|RFC:inst6|inst2                                       ; |DC_FINAL|DATAPATH_DC:inst1|Register8x8:inst3|Register4x4:inst|RFC:inst6|inst2                                       ; out0             ;
; |DC_FINAL|DATAPATH_DC:inst1|Register8x8:inst3|Register4x4:inst|Decoder2_4:inst20|inst                                ; |DC_FINAL|DATAPATH_DC:inst1|Register8x8:inst3|Register4x4:inst|Decoder2_4:inst20|inst                                ; out0             ;
; |DC_FINAL|DATAPATH_DC:inst1|Register8x8:inst3|Register4x4:inst|Decoder2_4:inst20|inst1                               ; |DC_FINAL|DATAPATH_DC:inst1|Register8x8:inst3|Register4x4:inst|Decoder2_4:inst20|inst1                               ; out0             ;
; |DC_FINAL|DATAPATH_DC:inst1|Register8x8:inst3|Register4x4:inst|Decoder2_4:inst20|inst2                               ; |DC_FINAL|DATAPATH_DC:inst1|Register8x8:inst3|Register4x4:inst|Decoder2_4:inst20|inst2                               ; out0             ;
; |DC_FINAL|DATAPATH_DC:inst1|Register8x8:inst3|Register4x4:inst|Decoder2_4:inst20|inst3                               ; |DC_FINAL|DATAPATH_DC:inst1|Register8x8:inst3|Register4x4:inst|Decoder2_4:inst20|inst3                               ; out0             ;
; |DC_FINAL|DATAPATH_DC:inst1|Register8x8:inst3|Register4x4:inst|Decoder2_4:inst|inst                                  ; |DC_FINAL|DATAPATH_DC:inst1|Register8x8:inst3|Register4x4:inst|Decoder2_4:inst|inst                                  ; out0             ;
; |DC_FINAL|DATAPATH_DC:inst1|Register8x8:inst3|Register4x4:inst|Decoder2_4:inst|inst1                                 ; |DC_FINAL|DATAPATH_DC:inst1|Register8x8:inst3|Register4x4:inst|Decoder2_4:inst|inst1                                 ; out0             ;
; |DC_FINAL|DATAPATH_DC:inst1|Register8x8:inst3|Register4x4:inst|Decoder2_4:inst|inst2                                 ; |DC_FINAL|DATAPATH_DC:inst1|Register8x8:inst3|Register4x4:inst|Decoder2_4:inst|inst2                                 ; out0             ;
; |DC_FINAL|DATAPATH_DC:inst1|Register8x8:inst3|Register4x4:inst|Decoder2_4:inst|inst3                                 ; |DC_FINAL|DATAPATH_DC:inst1|Register8x8:inst3|Register4x4:inst|Decoder2_4:inst|inst3                                 ; out0             ;
; |DC_FINAL|DATAPATH_DC:inst1|Register8x8:inst3|Register4x4:inst3|RFC:inst14|inst4                                     ; |DC_FINAL|DATAPATH_DC:inst1|Register8x8:inst3|Register4x4:inst3|RFC:inst14|inst4                                     ; out0             ;
; |DC_FINAL|DATAPATH_DC:inst1|Register8x8:inst3|Register4x4:inst3|RFC:inst14|inst3                                     ; |DC_FINAL|DATAPATH_DC:inst1|Register8x8:inst3|Register4x4:inst3|RFC:inst14|inst3                                     ; out0             ;
; |DC_FINAL|DATAPATH_DC:inst1|Register8x8:inst3|Register4x4:inst3|RFC:inst10|inst4                                     ; |DC_FINAL|DATAPATH_DC:inst1|Register8x8:inst3|Register4x4:inst3|RFC:inst10|inst4                                     ; out0             ;
; |DC_FINAL|DATAPATH_DC:inst1|Register8x8:inst3|Register4x4:inst3|RFC:inst10|inst3                                     ; |DC_FINAL|DATAPATH_DC:inst1|Register8x8:inst3|Register4x4:inst3|RFC:inst10|inst3                                     ; out0             ;
; |DC_FINAL|DATAPATH_DC:inst1|Register8x8:inst3|Register4x4:inst3|RFC:inst10|inst2                                     ; |DC_FINAL|DATAPATH_DC:inst1|Register8x8:inst3|Register4x4:inst3|RFC:inst10|inst2                                     ; out0             ;
; |DC_FINAL|DATAPATH_DC:inst1|Register8x8:inst3|Register4x4:inst3|RFC:inst6|inst1                                      ; |DC_FINAL|DATAPATH_DC:inst1|Register8x8:inst3|Register4x4:inst3|RFC:inst6|inst1                                      ; out              ;
; |DC_FINAL|DATAPATH_DC:inst1|Register8x8:inst3|Register4x4:inst3|RFC:inst6|inst4                                      ; |DC_FINAL|DATAPATH_DC:inst1|Register8x8:inst3|Register4x4:inst3|RFC:inst6|inst4                                      ; out0             ;
; |DC_FINAL|DATAPATH_DC:inst1|Register8x8:inst3|Register4x4:inst3|RFC:inst6|inst3                                      ; |DC_FINAL|DATAPATH_DC:inst1|Register8x8:inst3|Register4x4:inst3|RFC:inst6|inst3                                      ; out0             ;
; |DC_FINAL|DATAPATH_DC:inst1|Register8x8:inst3|Register4x4:inst3|RFC:inst5|inst4                                      ; |DC_FINAL|DATAPATH_DC:inst1|Register8x8:inst3|Register4x4:inst3|RFC:inst5|inst4                                      ; out0             ;
; |DC_FINAL|DATAPATH_DC:inst1|Register8x8:inst3|Register4x4:inst3|RFC:inst5|inst3                                      ; |DC_FINAL|DATAPATH_DC:inst1|Register8x8:inst3|Register4x4:inst3|RFC:inst5|inst3                                      ; out0             ;
; |DC_FINAL|DATAPATH_DC:inst1|Register8x8:inst3|Register4x4:inst3|RFC:inst8|inst1                                      ; |DC_FINAL|DATAPATH_DC:inst1|Register8x8:inst3|Register4x4:inst3|RFC:inst8|inst1                                      ; out              ;
; |DC_FINAL|DATAPATH_DC:inst1|Register8x8:inst3|Register4x4:inst3|RFC:inst8|inst                                       ; |DC_FINAL|DATAPATH_DC:inst1|Register8x8:inst3|Register4x4:inst3|RFC:inst8|inst                                       ; regout           ;
; |DC_FINAL|DATAPATH_DC:inst1|Register8x8:inst3|Register4x4:inst3|RFC:inst8|inst4                                      ; |DC_FINAL|DATAPATH_DC:inst1|Register8x8:inst3|Register4x4:inst3|RFC:inst8|inst4                                      ; out0             ;
; |DC_FINAL|DATAPATH_DC:inst1|Register8x8:inst3|Register4x4:inst3|RFC:inst8|inst3                                      ; |DC_FINAL|DATAPATH_DC:inst1|Register8x8:inst3|Register4x4:inst3|RFC:inst8|inst3                                      ; out0             ;
; |DC_FINAL|DATAPATH_DC:inst1|Register8x8:inst3|Register4x4:inst3|RFC:inst8|inst2                                      ; |DC_FINAL|DATAPATH_DC:inst1|Register8x8:inst3|Register4x4:inst3|RFC:inst8|inst2                                      ; out0             ;
; |DC_FINAL|DATAPATH_DC:inst1|Register8x8:inst3|Register4x4:inst3|RFC:inst12|inst4                                     ; |DC_FINAL|DATAPATH_DC:inst1|Register8x8:inst3|Register4x4:inst3|RFC:inst12|inst4                                     ; out0             ;
; |DC_FINAL|DATAPATH_DC:inst1|Register8x8:inst3|Register4x4:inst3|RFC:inst12|inst3                                     ; |DC_FINAL|DATAPATH_DC:inst1|Register8x8:inst3|Register4x4:inst3|RFC:inst12|inst3                                     ; out0             ;
; |DC_FINAL|DATAPATH_DC:inst1|Register8x8:inst3|Register4x4:inst3|RFC:inst4|inst1                                      ; |DC_FINAL|DATAPATH_DC:inst1|Register8x8:inst3|Register4x4:inst3|RFC:inst4|inst1                                      ; out              ;
; |DC_FINAL|DATAPATH_DC:inst1|Register8x8:inst3|Register4x4:inst3|RFC:inst4|inst                                       ; |DC_FINAL|DATAPATH_DC:inst1|Register8x8:inst3|Register4x4:inst3|RFC:inst4|inst                                       ; regout           ;
; |DC_FINAL|DATAPATH_DC:inst1|Register8x8:inst3|Register4x4:inst3|RFC:inst4|inst4                                      ; |DC_FINAL|DATAPATH_DC:inst1|Register8x8:inst3|Register4x4:inst3|RFC:inst4|inst4                                      ; out0             ;
; |DC_FINAL|DATAPATH_DC:inst1|Register8x8:inst3|Register4x4:inst3|RFC:inst4|inst3                                      ; |DC_FINAL|DATAPATH_DC:inst1|Register8x8:inst3|Register4x4:inst3|RFC:inst4|inst3                                      ; out0             ;
; |DC_FINAL|DATAPATH_DC:inst1|Register8x8:inst3|Register4x4:inst3|RFC:inst4|inst2                                      ; |DC_FINAL|DATAPATH_DC:inst1|Register8x8:inst3|Register4x4:inst3|RFC:inst4|inst2                                      ; out0             ;
; |DC_FINAL|DATAPATH_DC:inst1|Register8x8:inst3|Register4x4:inst3|RFC:inst7|inst4                                      ; |DC_FINAL|DATAPATH_DC:inst1|Register8x8:inst3|Register4x4:inst3|RFC:inst7|inst4                                      ; out0             ;
; |DC_FINAL|DATAPATH_DC:inst1|Register8x8:inst3|Register4x4:inst3|RFC:inst7|inst3                                      ; |DC_FINAL|DATAPATH_DC:inst1|Register8x8:inst3|Register4x4:inst3|RFC:inst7|inst3                                      ; out0             ;
; |DC_FINAL|DATAPATH_DC:inst1|Register8x8:inst3|Register4x4:inst3|Decoder2_4:inst20|inst1                              ; |DC_FINAL|DATAPATH_DC:inst1|Register8x8:inst3|Register4x4:inst3|Decoder2_4:inst20|inst1                              ; out0             ;
; |DC_FINAL|DATAPATH_DC:inst1|Register8x8:inst3|Register4x4:inst3|Decoder2_4:inst20|inst2                              ; |DC_FINAL|DATAPATH_DC:inst1|Register8x8:inst3|Register4x4:inst3|Decoder2_4:inst20|inst2                              ; out0             ;
; |DC_FINAL|DATAPATH_DC:inst1|Register8x8:inst3|Register4x4:inst3|Decoder2_4:inst20|inst3                              ; |DC_FINAL|DATAPATH_DC:inst1|Register8x8:inst3|Register4x4:inst3|Decoder2_4:inst20|inst3                              ; out0             ;
; |DC_FINAL|DATAPATH_DC:inst1|Register8x8:inst3|Register4x4:inst3|Decoder2_4:inst|inst1                                ; |DC_FINAL|DATAPATH_DC:inst1|Register8x8:inst3|Register4x4:inst3|Decoder2_4:inst|inst1                                ; out0             ;
; |DC_FINAL|DATAPATH_DC:inst1|Register8x8:inst3|Register4x4:inst3|Decoder2_4:inst|inst2                                ; |DC_FINAL|DATAPATH_DC:inst1|Register8x8:inst3|Register4x4:inst3|Decoder2_4:inst|inst2                                ; out0             ;
; |DC_FINAL|DATAPATH_DC:inst1|Register8x8:inst3|Register4x4:inst3|Decoder2_4:inst|inst3                                ; |DC_FINAL|DATAPATH_DC:inst1|Register8x8:inst3|Register4x4:inst3|Decoder2_4:inst|inst3                                ; out0             ;
; |DC_FINAL|DATAPATH_DC:inst1|Register8x8:inst3|Register4x4:inst3|RFC:inst3|inst1                                      ; |DC_FINAL|DATAPATH_DC:inst1|Register8x8:inst3|Register4x4:inst3|RFC:inst3|inst1                                      ; out              ;
; |DC_FINAL|DATAPATH_DC:inst1|Register8x8:inst3|Register4x4:inst3|RFC:inst3|inst4                                      ; |DC_FINAL|DATAPATH_DC:inst1|Register8x8:inst3|Register4x4:inst3|RFC:inst3|inst4                                      ; out0             ;
; |DC_FINAL|DATAPATH_DC:inst1|Register8x8:inst3|Register4x4:inst3|RFC:inst3|inst3                                      ; |DC_FINAL|DATAPATH_DC:inst1|Register8x8:inst3|Register4x4:inst3|RFC:inst3|inst3                                      ; out0             ;
; |DC_FINAL|DATAPATH_DC:inst1|Register8x8:inst3|Register4x4:inst1|RFC:inst18|inst1                                     ; |DC_FINAL|DATAPATH_DC:inst1|Register8x8:inst3|Register4x4:inst1|RFC:inst18|inst1                                     ; out              ;
; |DC_FINAL|DATAPATH_DC:inst1|Register8x8:inst3|Register4x4:inst1|RFC:inst18|inst4                                     ; |DC_FINAL|DATAPATH_DC:inst1|Register8x8:inst3|Register4x4:inst1|RFC:inst18|inst4                                     ; out0             ;
; |DC_FINAL|DATAPATH_DC:inst1|Register8x8:inst3|Register4x4:inst1|RFC:inst18|inst3                                     ; |DC_FINAL|DATAPATH_DC:inst1|Register8x8:inst3|Register4x4:inst1|RFC:inst18|inst3                                     ; out0             ;
; |DC_FINAL|DATAPATH_DC:inst1|Register8x8:inst3|Register4x4:inst1|RFC:inst14|inst1                                     ; |DC_FINAL|DATAPATH_DC:inst1|Register8x8:inst3|Register4x4:inst1|RFC:inst14|inst1                                     ; out              ;
; |DC_FINAL|DATAPATH_DC:inst1|Register8x8:inst3|Register4x4:inst1|RFC:inst14|inst                                      ; |DC_FINAL|DATAPATH_DC:inst1|Register8x8:inst3|Register4x4:inst1|RFC:inst14|inst                                      ; regout           ;
; |DC_FINAL|DATAPATH_DC:inst1|Register8x8:inst3|Register4x4:inst1|RFC:inst14|inst4                                     ; |DC_FINAL|DATAPATH_DC:inst1|Register8x8:inst3|Register4x4:inst1|RFC:inst14|inst4                                     ; out0             ;
; |DC_FINAL|DATAPATH_DC:inst1|Register8x8:inst3|Register4x4:inst1|RFC:inst14|inst3                                     ; |DC_FINAL|DATAPATH_DC:inst1|Register8x8:inst3|Register4x4:inst1|RFC:inst14|inst3                                     ; out0             ;
; |DC_FINAL|DATAPATH_DC:inst1|Register8x8:inst3|Register4x4:inst1|RFC:inst14|inst2                                     ; |DC_FINAL|DATAPATH_DC:inst1|Register8x8:inst3|Register4x4:inst1|RFC:inst14|inst2                                     ; out0             ;
; |DC_FINAL|DATAPATH_DC:inst1|Register8x8:inst3|Register4x4:inst1|RFC:inst17|inst1                                     ; |DC_FINAL|DATAPATH_DC:inst1|Register8x8:inst3|Register4x4:inst1|RFC:inst17|inst1                                     ; out              ;
; |DC_FINAL|DATAPATH_DC:inst1|Register8x8:inst3|Register4x4:inst1|RFC:inst17|inst4                                     ; |DC_FINAL|DATAPATH_DC:inst1|Register8x8:inst3|Register4x4:inst1|RFC:inst17|inst4                                     ; out0             ;
; |DC_FINAL|DATAPATH_DC:inst1|Register8x8:inst3|Register4x4:inst1|RFC:inst17|inst3                                     ; |DC_FINAL|DATAPATH_DC:inst1|Register8x8:inst3|Register4x4:inst1|RFC:inst17|inst3                                     ; out0             ;
; |DC_FINAL|DATAPATH_DC:inst1|Register8x8:inst3|Register4x4:inst1|RFC:inst13|inst1                                     ; |DC_FINAL|DATAPATH_DC:inst1|Register8x8:inst3|Register4x4:inst1|RFC:inst13|inst1                                     ; out              ;
; |DC_FINAL|DATAPATH_DC:inst1|Register8x8:inst3|Register4x4:inst1|RFC:inst13|inst                                      ; |DC_FINAL|DATAPATH_DC:inst1|Register8x8:inst3|Register4x4:inst1|RFC:inst13|inst                                      ; regout           ;
; |DC_FINAL|DATAPATH_DC:inst1|Register8x8:inst3|Register4x4:inst1|RFC:inst13|inst4                                     ; |DC_FINAL|DATAPATH_DC:inst1|Register8x8:inst3|Register4x4:inst1|RFC:inst13|inst4                                     ; out0             ;
; |DC_FINAL|DATAPATH_DC:inst1|Register8x8:inst3|Register4x4:inst1|RFC:inst13|inst3                                     ; |DC_FINAL|DATAPATH_DC:inst1|Register8x8:inst3|Register4x4:inst1|RFC:inst13|inst3                                     ; out0             ;
; |DC_FINAL|DATAPATH_DC:inst1|Register8x8:inst3|Register4x4:inst1|RFC:inst13|inst2                                     ; |DC_FINAL|DATAPATH_DC:inst1|Register8x8:inst3|Register4x4:inst1|RFC:inst13|inst2                                     ; out0             ;
; |DC_FINAL|DATAPATH_DC:inst1|Register8x8:inst3|Register4x4:inst1|RFC:inst8|inst1                                      ; |DC_FINAL|DATAPATH_DC:inst1|Register8x8:inst3|Register4x4:inst1|RFC:inst8|inst1                                      ; out              ;
; |DC_FINAL|DATAPATH_DC:inst1|Register8x8:inst3|Register4x4:inst1|RFC:inst8|inst                                       ; |DC_FINAL|DATAPATH_DC:inst1|Register8x8:inst3|Register4x4:inst1|RFC:inst8|inst                                       ; regout           ;
; |DC_FINAL|DATAPATH_DC:inst1|Register8x8:inst3|Register4x4:inst1|RFC:inst8|inst4                                      ; |DC_FINAL|DATAPATH_DC:inst1|Register8x8:inst3|Register4x4:inst1|RFC:inst8|inst4                                      ; out0             ;
; |DC_FINAL|DATAPATH_DC:inst1|Register8x8:inst3|Register4x4:inst1|RFC:inst8|inst3                                      ; |DC_FINAL|DATAPATH_DC:inst1|Register8x8:inst3|Register4x4:inst1|RFC:inst8|inst3                                      ; out0             ;
; |DC_FINAL|DATAPATH_DC:inst1|Register8x8:inst3|Register4x4:inst1|RFC:inst8|inst2                                      ; |DC_FINAL|DATAPATH_DC:inst1|Register8x8:inst3|Register4x4:inst1|RFC:inst8|inst2                                      ; out0             ;
; |DC_FINAL|DATAPATH_DC:inst1|Register8x8:inst3|Register4x4:inst1|RFC:inst12|inst4                                     ; |DC_FINAL|DATAPATH_DC:inst1|Register8x8:inst3|Register4x4:inst1|RFC:inst12|inst4                                     ; out0             ;
; |DC_FINAL|DATAPATH_DC:inst1|Register8x8:inst3|Register4x4:inst1|RFC:inst12|inst3                                     ; |DC_FINAL|DATAPATH_DC:inst1|Register8x8:inst3|Register4x4:inst1|RFC:inst12|inst3                                     ; out0             ;
; |DC_FINAL|DATAPATH_DC:inst1|Register8x8:inst3|Register4x4:inst1|RFC:inst4|inst1                                      ; |DC_FINAL|DATAPATH_DC:inst1|Register8x8:inst3|Register4x4:inst1|RFC:inst4|inst1                                      ; out              ;
; |DC_FINAL|DATAPATH_DC:inst1|Register8x8:inst3|Register4x4:inst1|RFC:inst4|inst                                       ; |DC_FINAL|DATAPATH_DC:inst1|Register8x8:inst3|Register4x4:inst1|RFC:inst4|inst                                       ; regout           ;
; |DC_FINAL|DATAPATH_DC:inst1|Register8x8:inst3|Register4x4:inst1|RFC:inst4|inst4                                      ; |DC_FINAL|DATAPATH_DC:inst1|Register8x8:inst3|Register4x4:inst1|RFC:inst4|inst4                                      ; out0             ;
; |DC_FINAL|DATAPATH_DC:inst1|Register8x8:inst3|Register4x4:inst1|RFC:inst4|inst3                                      ; |DC_FINAL|DATAPATH_DC:inst1|Register8x8:inst3|Register4x4:inst1|RFC:inst4|inst3                                      ; out0             ;
; |DC_FINAL|DATAPATH_DC:inst1|Register8x8:inst3|Register4x4:inst1|RFC:inst4|inst2                                      ; |DC_FINAL|DATAPATH_DC:inst1|Register8x8:inst3|Register4x4:inst1|RFC:inst4|inst2                                      ; out0             ;
; |DC_FINAL|DATAPATH_DC:inst1|Register8x8:inst3|Register4x4:inst1|RFC:inst11|inst4                                     ; |DC_FINAL|DATAPATH_DC:inst1|Register8x8:inst3|Register4x4:inst1|RFC:inst11|inst4                                     ; out0             ;
; |DC_FINAL|DATAPATH_DC:inst1|Register8x8:inst3|Register4x4:inst1|RFC:inst11|inst3                                     ; |DC_FINAL|DATAPATH_DC:inst1|Register8x8:inst3|Register4x4:inst1|RFC:inst11|inst3                                     ; out0             ;
; |DC_FINAL|DATAPATH_DC:inst1|Register8x8:inst3|Register4x4:inst1|RFC:inst7|inst1                                      ; |DC_FINAL|DATAPATH_DC:inst1|Register8x8:inst3|Register4x4:inst1|RFC:inst7|inst1                                      ; out              ;
; |DC_FINAL|DATAPATH_DC:inst1|Register8x8:inst3|Register4x4:inst1|RFC:inst7|inst4                                      ; |DC_FINAL|DATAPATH_DC:inst1|Register8x8:inst3|Register4x4:inst1|RFC:inst7|inst4                                      ; out0             ;
; |DC_FINAL|DATAPATH_DC:inst1|Register8x8:inst3|Register4x4:inst1|RFC:inst7|inst3                                      ; |DC_FINAL|DATAPATH_DC:inst1|Register8x8:inst3|Register4x4:inst1|RFC:inst7|inst3                                      ; out0             ;
; |DC_FINAL|DATAPATH_DC:inst1|Register8x8:inst3|Register4x4:inst1|RFC:inst7|inst2                                      ; |DC_FINAL|DATAPATH_DC:inst1|Register8x8:inst3|Register4x4:inst1|RFC:inst7|inst2                                      ; out0             ;
; |DC_FINAL|DATAPATH_DC:inst1|Register8x8:inst3|Register4x4:inst1|Decoder2_4:inst20|inst                               ; |DC_FINAL|DATAPATH_DC:inst1|Register8x8:inst3|Register4x4:inst1|Decoder2_4:inst20|inst                               ; out0             ;
; |DC_FINAL|DATAPATH_DC:inst1|Register8x8:inst3|Register4x4:inst1|Decoder2_4:inst20|inst1                              ; |DC_FINAL|DATAPATH_DC:inst1|Register8x8:inst3|Register4x4:inst1|Decoder2_4:inst20|inst1                              ; out0             ;
; |DC_FINAL|DATAPATH_DC:inst1|Register8x8:inst3|Register4x4:inst1|Decoder2_4:inst20|inst2                              ; |DC_FINAL|DATAPATH_DC:inst1|Register8x8:inst3|Register4x4:inst1|Decoder2_4:inst20|inst2                              ; out0             ;
; |DC_FINAL|DATAPATH_DC:inst1|Register8x8:inst3|Register4x4:inst1|Decoder2_4:inst20|inst3                              ; |DC_FINAL|DATAPATH_DC:inst1|Register8x8:inst3|Register4x4:inst1|Decoder2_4:inst20|inst3                              ; out0             ;
; |DC_FINAL|DATAPATH_DC:inst1|Register8x8:inst3|Register4x4:inst1|Decoder2_4:inst|inst                                 ; |DC_FINAL|DATAPATH_DC:inst1|Register8x8:inst3|Register4x4:inst1|Decoder2_4:inst|inst                                 ; out0             ;
; |DC_FINAL|DATAPATH_DC:inst1|Register8x8:inst3|Register4x4:inst1|Decoder2_4:inst|inst1                                ; |DC_FINAL|DATAPATH_DC:inst1|Register8x8:inst3|Register4x4:inst1|Decoder2_4:inst|inst1                                ; out0             ;
; |DC_FINAL|DATAPATH_DC:inst1|Register8x8:inst3|Register4x4:inst1|Decoder2_4:inst|inst2                                ; |DC_FINAL|DATAPATH_DC:inst1|Register8x8:inst3|Register4x4:inst1|Decoder2_4:inst|inst2                                ; out0             ;
; |DC_FINAL|DATAPATH_DC:inst1|Register8x8:inst3|Register4x4:inst1|Decoder2_4:inst|inst3                                ; |DC_FINAL|DATAPATH_DC:inst1|Register8x8:inst3|Register4x4:inst1|Decoder2_4:inst|inst3                                ; out0             ;
; |DC_FINAL|DATAPATH_DC:inst1|Register8x8:inst3|Register4x4:inst1|RFC:inst3|inst1                                      ; |DC_FINAL|DATAPATH_DC:inst1|Register8x8:inst3|Register4x4:inst1|RFC:inst3|inst1                                      ; out              ;
; |DC_FINAL|DATAPATH_DC:inst1|Register8x8:inst3|Register4x4:inst1|RFC:inst3|inst                                       ; |DC_FINAL|DATAPATH_DC:inst1|Register8x8:inst3|Register4x4:inst1|RFC:inst3|inst                                       ; regout           ;
; |DC_FINAL|DATAPATH_DC:inst1|Register8x8:inst3|Register4x4:inst1|RFC:inst3|inst4                                      ; |DC_FINAL|DATAPATH_DC:inst1|Register8x8:inst3|Register4x4:inst1|RFC:inst3|inst4                                      ; out0             ;
; |DC_FINAL|DATAPATH_DC:inst1|Register8x8:inst3|Register4x4:inst1|RFC:inst3|inst3                                      ; |DC_FINAL|DATAPATH_DC:inst1|Register8x8:inst3|Register4x4:inst1|RFC:inst3|inst3                                      ; out0             ;
; |DC_FINAL|DATAPATH_DC:inst1|Register8x8:inst3|Register4x4:inst1|RFC:inst3|inst2                                      ; |DC_FINAL|DATAPATH_DC:inst1|Register8x8:inst3|Register4x4:inst1|RFC:inst3|inst2                                      ; out0             ;
; |DC_FINAL|DATAPATH_DC:inst1|AbsMin:inst5|inst4                                                                       ; |DC_FINAL|DATAPATH_DC:inst1|AbsMin:inst5|inst4                                                                       ; out0             ;
; |DC_FINAL|DATAPATH_DC:inst1|AbsMin:inst5|inst2                                                                       ; |DC_FINAL|DATAPATH_DC:inst1|AbsMin:inst5|inst2                                                                       ; out0             ;
; |DC_FINAL|DATAPATH_DC:inst1|AbsMin:inst5|inst7[5]                                                                    ; |DC_FINAL|DATAPATH_DC:inst1|AbsMin:inst5|inst7[5]                                                                    ; out0             ;
; |DC_FINAL|DATAPATH_DC:inst1|AbsMin:inst5|inst7[4]                                                                    ; |DC_FINAL|DATAPATH_DC:inst1|AbsMin:inst5|inst7[4]                                                                    ; out0             ;
; |DC_FINAL|DATAPATH_DC:inst1|AbsMin:inst5|inst7[3]                                                                    ; |DC_FINAL|DATAPATH_DC:inst1|AbsMin:inst5|inst7[3]                                                                    ; out0             ;
; |DC_FINAL|DATAPATH_DC:inst1|AbsMin:inst5|inst7[2]                                                                    ; |DC_FINAL|DATAPATH_DC:inst1|AbsMin:inst5|inst7[2]                                                                    ; out0             ;
; |DC_FINAL|DATAPATH_DC:inst1|AbsMin:inst5|inst7[1]                                                                    ; |DC_FINAL|DATAPATH_DC:inst1|AbsMin:inst5|inst7[1]                                                                    ; out0             ;
; |DC_FINAL|DATAPATH_DC:inst1|AbsMin:inst5|inst7[0]                                                                    ; |DC_FINAL|DATAPATH_DC:inst1|AbsMin:inst5|inst7[0]                                                                    ; out0             ;
; |DC_FINAL|DATAPATH_DC:inst1|AbsMin:inst5|busmux:inst12|lpm_mux:$00000|mux_smc:auto_generated|result_node[7]~0        ; |DC_FINAL|DATAPATH_DC:inst1|AbsMin:inst5|busmux:inst12|lpm_mux:$00000|mux_smc:auto_generated|result_node[7]~0        ; out0             ;
; |DC_FINAL|DATAPATH_DC:inst1|AbsMin:inst5|busmux:inst12|lpm_mux:$00000|mux_smc:auto_generated|result_node[7]          ; |DC_FINAL|DATAPATH_DC:inst1|AbsMin:inst5|busmux:inst12|lpm_mux:$00000|mux_smc:auto_generated|result_node[7]          ; out0             ;
; |DC_FINAL|DATAPATH_DC:inst1|AbsMin:inst5|busmux:inst12|lpm_mux:$00000|mux_smc:auto_generated|result_node[6]~2        ; |DC_FINAL|DATAPATH_DC:inst1|AbsMin:inst5|busmux:inst12|lpm_mux:$00000|mux_smc:auto_generated|result_node[6]~2        ; out0             ;
; |DC_FINAL|DATAPATH_DC:inst1|AbsMin:inst5|busmux:inst12|lpm_mux:$00000|mux_smc:auto_generated|result_node[6]          ; |DC_FINAL|DATAPATH_DC:inst1|AbsMin:inst5|busmux:inst12|lpm_mux:$00000|mux_smc:auto_generated|result_node[6]          ; out0             ;
; |DC_FINAL|DATAPATH_DC:inst1|AbsMin:inst5|busmux:inst12|lpm_mux:$00000|mux_smc:auto_generated|result_node[5]~4        ; |DC_FINAL|DATAPATH_DC:inst1|AbsMin:inst5|busmux:inst12|lpm_mux:$00000|mux_smc:auto_generated|result_node[5]~4        ; out0             ;
; |DC_FINAL|DATAPATH_DC:inst1|AbsMin:inst5|busmux:inst12|lpm_mux:$00000|mux_smc:auto_generated|result_node[5]~5        ; |DC_FINAL|DATAPATH_DC:inst1|AbsMin:inst5|busmux:inst12|lpm_mux:$00000|mux_smc:auto_generated|result_node[5]~5        ; out0             ;
; |DC_FINAL|DATAPATH_DC:inst1|AbsMin:inst5|busmux:inst12|lpm_mux:$00000|mux_smc:auto_generated|result_node[5]          ; |DC_FINAL|DATAPATH_DC:inst1|AbsMin:inst5|busmux:inst12|lpm_mux:$00000|mux_smc:auto_generated|result_node[5]          ; out0             ;
; |DC_FINAL|DATAPATH_DC:inst1|AbsMin:inst5|busmux:inst12|lpm_mux:$00000|mux_smc:auto_generated|result_node[4]~6        ; |DC_FINAL|DATAPATH_DC:inst1|AbsMin:inst5|busmux:inst12|lpm_mux:$00000|mux_smc:auto_generated|result_node[4]~6        ; out0             ;
; |DC_FINAL|DATAPATH_DC:inst1|AbsMin:inst5|busmux:inst12|lpm_mux:$00000|mux_smc:auto_generated|result_node[4]~7        ; |DC_FINAL|DATAPATH_DC:inst1|AbsMin:inst5|busmux:inst12|lpm_mux:$00000|mux_smc:auto_generated|result_node[4]~7        ; out0             ;
; |DC_FINAL|DATAPATH_DC:inst1|AbsMin:inst5|busmux:inst12|lpm_mux:$00000|mux_smc:auto_generated|result_node[4]          ; |DC_FINAL|DATAPATH_DC:inst1|AbsMin:inst5|busmux:inst12|lpm_mux:$00000|mux_smc:auto_generated|result_node[4]          ; out0             ;
; |DC_FINAL|DATAPATH_DC:inst1|AbsMin:inst5|busmux:inst12|lpm_mux:$00000|mux_smc:auto_generated|result_node[3]~8        ; |DC_FINAL|DATAPATH_DC:inst1|AbsMin:inst5|busmux:inst12|lpm_mux:$00000|mux_smc:auto_generated|result_node[3]~8        ; out0             ;
; |DC_FINAL|DATAPATH_DC:inst1|AbsMin:inst5|busmux:inst12|lpm_mux:$00000|mux_smc:auto_generated|result_node[3]~9        ; |DC_FINAL|DATAPATH_DC:inst1|AbsMin:inst5|busmux:inst12|lpm_mux:$00000|mux_smc:auto_generated|result_node[3]~9        ; out0             ;
; |DC_FINAL|DATAPATH_DC:inst1|AbsMin:inst5|busmux:inst12|lpm_mux:$00000|mux_smc:auto_generated|result_node[3]          ; |DC_FINAL|DATAPATH_DC:inst1|AbsMin:inst5|busmux:inst12|lpm_mux:$00000|mux_smc:auto_generated|result_node[3]          ; out0             ;
; |DC_FINAL|DATAPATH_DC:inst1|AbsMin:inst5|busmux:inst12|lpm_mux:$00000|mux_smc:auto_generated|result_node[2]~10       ; |DC_FINAL|DATAPATH_DC:inst1|AbsMin:inst5|busmux:inst12|lpm_mux:$00000|mux_smc:auto_generated|result_node[2]~10       ; out0             ;
; |DC_FINAL|DATAPATH_DC:inst1|AbsMin:inst5|busmux:inst12|lpm_mux:$00000|mux_smc:auto_generated|result_node[2]~11       ; |DC_FINAL|DATAPATH_DC:inst1|AbsMin:inst5|busmux:inst12|lpm_mux:$00000|mux_smc:auto_generated|result_node[2]~11       ; out0             ;
; |DC_FINAL|DATAPATH_DC:inst1|AbsMin:inst5|busmux:inst12|lpm_mux:$00000|mux_smc:auto_generated|result_node[2]          ; |DC_FINAL|DATAPATH_DC:inst1|AbsMin:inst5|busmux:inst12|lpm_mux:$00000|mux_smc:auto_generated|result_node[2]          ; out0             ;
; |DC_FINAL|DATAPATH_DC:inst1|AbsMin:inst5|busmux:inst12|lpm_mux:$00000|mux_smc:auto_generated|result_node[1]~12       ; |DC_FINAL|DATAPATH_DC:inst1|AbsMin:inst5|busmux:inst12|lpm_mux:$00000|mux_smc:auto_generated|result_node[1]~12       ; out0             ;
; |DC_FINAL|DATAPATH_DC:inst1|AbsMin:inst5|busmux:inst12|lpm_mux:$00000|mux_smc:auto_generated|result_node[1]~13       ; |DC_FINAL|DATAPATH_DC:inst1|AbsMin:inst5|busmux:inst12|lpm_mux:$00000|mux_smc:auto_generated|result_node[1]~13       ; out0             ;
; |DC_FINAL|DATAPATH_DC:inst1|AbsMin:inst5|busmux:inst12|lpm_mux:$00000|mux_smc:auto_generated|result_node[1]          ; |DC_FINAL|DATAPATH_DC:inst1|AbsMin:inst5|busmux:inst12|lpm_mux:$00000|mux_smc:auto_generated|result_node[1]          ; out0             ;
; |DC_FINAL|DATAPATH_DC:inst1|AbsMin:inst5|busmux:inst12|lpm_mux:$00000|mux_smc:auto_generated|result_node[0]~14       ; |DC_FINAL|DATAPATH_DC:inst1|AbsMin:inst5|busmux:inst12|lpm_mux:$00000|mux_smc:auto_generated|result_node[0]~14       ; out0             ;
; |DC_FINAL|DATAPATH_DC:inst1|AbsMin:inst5|busmux:inst12|lpm_mux:$00000|mux_smc:auto_generated|result_node[0]~15       ; |DC_FINAL|DATAPATH_DC:inst1|AbsMin:inst5|busmux:inst12|lpm_mux:$00000|mux_smc:auto_generated|result_node[0]~15       ; out0             ;
; |DC_FINAL|DATAPATH_DC:inst1|AbsMin:inst5|busmux:inst12|lpm_mux:$00000|mux_smc:auto_generated|result_node[0]          ; |DC_FINAL|DATAPATH_DC:inst1|AbsMin:inst5|busmux:inst12|lpm_mux:$00000|mux_smc:auto_generated|result_node[0]          ; out0             ;
; |DC_FINAL|DATAPATH_DC:inst1|AbsMin:inst5|Adder8bit:inst|FullAdder:inst4|inst                                         ; |DC_FINAL|DATAPATH_DC:inst1|AbsMin:inst5|Adder8bit:inst|FullAdder:inst4|inst                                         ; out0             ;
; |DC_FINAL|DATAPATH_DC:inst1|AbsMin:inst5|Adder8bit:inst|FullAdder:inst4|inst2                                        ; |DC_FINAL|DATAPATH_DC:inst1|AbsMin:inst5|Adder8bit:inst|FullAdder:inst4|inst2                                        ; out0             ;
; |DC_FINAL|DATAPATH_DC:inst1|AbsMin:inst5|Adder8bit:inst|FullAdder:inst4|inst3                                        ; |DC_FINAL|DATAPATH_DC:inst1|AbsMin:inst5|Adder8bit:inst|FullAdder:inst4|inst3                                        ; out0             ;
; |DC_FINAL|DATAPATH_DC:inst1|AbsMin:inst5|Adder8bit:inst|FullAdder:inst6|inst1                                        ; |DC_FINAL|DATAPATH_DC:inst1|AbsMin:inst5|Adder8bit:inst|FullAdder:inst6|inst1                                        ; out0             ;
; |DC_FINAL|DATAPATH_DC:inst1|AbsMin:inst5|Adder8bit:inst|FullAdder:inst6|inst                                         ; |DC_FINAL|DATAPATH_DC:inst1|AbsMin:inst5|Adder8bit:inst|FullAdder:inst6|inst                                         ; out0             ;
; |DC_FINAL|DATAPATH_DC:inst1|AbsMin:inst5|Adder8bit:inst|FullAdder:inst6|inst2                                        ; |DC_FINAL|DATAPATH_DC:inst1|AbsMin:inst5|Adder8bit:inst|FullAdder:inst6|inst2                                        ; out0             ;
; |DC_FINAL|DATAPATH_DC:inst1|AbsMin:inst5|Adder8bit:inst|FullAdder:inst6|inst4                                        ; |DC_FINAL|DATAPATH_DC:inst1|AbsMin:inst5|Adder8bit:inst|FullAdder:inst6|inst4                                        ; out0             ;
; |DC_FINAL|DATAPATH_DC:inst1|AbsMin:inst5|Adder8bit:inst|FullAdder:inst6|inst5                                        ; |DC_FINAL|DATAPATH_DC:inst1|AbsMin:inst5|Adder8bit:inst|FullAdder:inst6|inst5                                        ; out0             ;
; |DC_FINAL|DATAPATH_DC:inst1|AbsMin:inst5|Adder8bit:inst|FullAdder:inst6|inst3                                        ; |DC_FINAL|DATAPATH_DC:inst1|AbsMin:inst5|Adder8bit:inst|FullAdder:inst6|inst3                                        ; out0             ;
; |DC_FINAL|DATAPATH_DC:inst1|AbsMin:inst5|Adder8bit:inst|FullAdder:inst7|inst1                                        ; |DC_FINAL|DATAPATH_DC:inst1|AbsMin:inst5|Adder8bit:inst|FullAdder:inst7|inst1                                        ; out0             ;
; |DC_FINAL|DATAPATH_DC:inst1|AbsMin:inst5|Adder8bit:inst|FullAdder:inst7|inst                                         ; |DC_FINAL|DATAPATH_DC:inst1|AbsMin:inst5|Adder8bit:inst|FullAdder:inst7|inst                                         ; out0             ;
; |DC_FINAL|DATAPATH_DC:inst1|AbsMin:inst5|Adder8bit:inst|FullAdder:inst7|inst2                                        ; |DC_FINAL|DATAPATH_DC:inst1|AbsMin:inst5|Adder8bit:inst|FullAdder:inst7|inst2                                        ; out0             ;
; |DC_FINAL|DATAPATH_DC:inst1|AbsMin:inst5|Adder8bit:inst|FullAdder:inst7|inst4                                        ; |DC_FINAL|DATAPATH_DC:inst1|AbsMin:inst5|Adder8bit:inst|FullAdder:inst7|inst4                                        ; out0             ;
; |DC_FINAL|DATAPATH_DC:inst1|AbsMin:inst5|Adder8bit:inst|FullAdder:inst7|inst5                                        ; |DC_FINAL|DATAPATH_DC:inst1|AbsMin:inst5|Adder8bit:inst|FullAdder:inst7|inst5                                        ; out0             ;
; |DC_FINAL|DATAPATH_DC:inst1|AbsMin:inst5|Adder8bit:inst|FullAdder:inst7|inst3                                        ; |DC_FINAL|DATAPATH_DC:inst1|AbsMin:inst5|Adder8bit:inst|FullAdder:inst7|inst3                                        ; out0             ;
; |DC_FINAL|DATAPATH_DC:inst1|AbsMin:inst5|Adder8bit:inst|FullAdder:inst8|inst1                                        ; |DC_FINAL|DATAPATH_DC:inst1|AbsMin:inst5|Adder8bit:inst|FullAdder:inst8|inst1                                        ; out0             ;
; |DC_FINAL|DATAPATH_DC:inst1|AbsMin:inst5|Adder8bit:inst|FullAdder:inst8|inst                                         ; |DC_FINAL|DATAPATH_DC:inst1|AbsMin:inst5|Adder8bit:inst|FullAdder:inst8|inst                                         ; out0             ;
; |DC_FINAL|DATAPATH_DC:inst1|AbsMin:inst5|Adder8bit:inst|FullAdder:inst8|inst2                                        ; |DC_FINAL|DATAPATH_DC:inst1|AbsMin:inst5|Adder8bit:inst|FullAdder:inst8|inst2                                        ; out0             ;
; |DC_FINAL|DATAPATH_DC:inst1|AbsMin:inst5|Adder8bit:inst|FullAdder:inst8|inst4                                        ; |DC_FINAL|DATAPATH_DC:inst1|AbsMin:inst5|Adder8bit:inst|FullAdder:inst8|inst4                                        ; out0             ;
; |DC_FINAL|DATAPATH_DC:inst1|AbsMin:inst5|Adder8bit:inst|FullAdder:inst8|inst5                                        ; |DC_FINAL|DATAPATH_DC:inst1|AbsMin:inst5|Adder8bit:inst|FullAdder:inst8|inst5                                        ; out0             ;
; |DC_FINAL|DATAPATH_DC:inst1|AbsMin:inst5|Adder8bit:inst|FullAdder:inst8|inst3                                        ; |DC_FINAL|DATAPATH_DC:inst1|AbsMin:inst5|Adder8bit:inst|FullAdder:inst8|inst3                                        ; out0             ;
; |DC_FINAL|DATAPATH_DC:inst1|AbsMin:inst5|Adder8bit:inst|FullAdder:inst3|inst1                                        ; |DC_FINAL|DATAPATH_DC:inst1|AbsMin:inst5|Adder8bit:inst|FullAdder:inst3|inst1                                        ; out0             ;
; |DC_FINAL|DATAPATH_DC:inst1|AbsMin:inst5|Adder8bit:inst|FullAdder:inst3|inst                                         ; |DC_FINAL|DATAPATH_DC:inst1|AbsMin:inst5|Adder8bit:inst|FullAdder:inst3|inst                                         ; out0             ;
; |DC_FINAL|DATAPATH_DC:inst1|AbsMin:inst5|Adder8bit:inst|FullAdder:inst3|inst2                                        ; |DC_FINAL|DATAPATH_DC:inst1|AbsMin:inst5|Adder8bit:inst|FullAdder:inst3|inst2                                        ; out0             ;
; |DC_FINAL|DATAPATH_DC:inst1|AbsMin:inst5|Adder8bit:inst|FullAdder:inst3|inst4                                        ; |DC_FINAL|DATAPATH_DC:inst1|AbsMin:inst5|Adder8bit:inst|FullAdder:inst3|inst4                                        ; out0             ;
; |DC_FINAL|DATAPATH_DC:inst1|AbsMin:inst5|Adder8bit:inst|FullAdder:inst3|inst5                                        ; |DC_FINAL|DATAPATH_DC:inst1|AbsMin:inst5|Adder8bit:inst|FullAdder:inst3|inst5                                        ; out0             ;
; |DC_FINAL|DATAPATH_DC:inst1|AbsMin:inst5|Adder8bit:inst|FullAdder:inst2|inst1                                        ; |DC_FINAL|DATAPATH_DC:inst1|AbsMin:inst5|Adder8bit:inst|FullAdder:inst2|inst1                                        ; out0             ;
; |DC_FINAL|DATAPATH_DC:inst1|AbsMin:inst5|Adder8bit:inst|FullAdder:inst2|inst                                         ; |DC_FINAL|DATAPATH_DC:inst1|AbsMin:inst5|Adder8bit:inst|FullAdder:inst2|inst                                         ; out0             ;
; |DC_FINAL|DATAPATH_DC:inst1|AbsMin:inst5|Adder8bit:inst|FullAdder:inst2|inst2                                        ; |DC_FINAL|DATAPATH_DC:inst1|AbsMin:inst5|Adder8bit:inst|FullAdder:inst2|inst2                                        ; out0             ;
; |DC_FINAL|DATAPATH_DC:inst1|AbsMin:inst5|Adder8bit:inst|FullAdder:inst2|inst4                                        ; |DC_FINAL|DATAPATH_DC:inst1|AbsMin:inst5|Adder8bit:inst|FullAdder:inst2|inst4                                        ; out0             ;
; |DC_FINAL|DATAPATH_DC:inst1|AbsMin:inst5|Adder8bit:inst|FullAdder:inst2|inst3                                        ; |DC_FINAL|DATAPATH_DC:inst1|AbsMin:inst5|Adder8bit:inst|FullAdder:inst2|inst3                                        ; out0             ;
; |DC_FINAL|DATAPATH_DC:inst1|AbsMin:inst5|Adder8bit:inst|FullAdder:inst1|inst1                                        ; |DC_FINAL|DATAPATH_DC:inst1|AbsMin:inst5|Adder8bit:inst|FullAdder:inst1|inst1                                        ; out0             ;
; |DC_FINAL|DATAPATH_DC:inst1|AbsMin:inst5|Adder8bit:inst|FullAdder:inst1|inst2                                        ; |DC_FINAL|DATAPATH_DC:inst1|AbsMin:inst5|Adder8bit:inst|FullAdder:inst1|inst2                                        ; out0             ;
; |DC_FINAL|DATAPATH_DC:inst1|AbsMin:inst5|Adder8bit:inst|FullAdder:inst1|inst4                                        ; |DC_FINAL|DATAPATH_DC:inst1|AbsMin:inst5|Adder8bit:inst|FullAdder:inst1|inst4                                        ; out0             ;
; |DC_FINAL|DATAPATH_DC:inst1|AbsMin:inst5|Adder8bit:inst|FullAdder:inst|inst1                                         ; |DC_FINAL|DATAPATH_DC:inst1|AbsMin:inst5|Adder8bit:inst|FullAdder:inst|inst1                                         ; out0             ;
; |DC_FINAL|DATAPATH_DC:inst1|AbsMin:inst5|busmux:inst10|lpm_mux:$00000|mux_smc:auto_generated|result_node[5]~5        ; |DC_FINAL|DATAPATH_DC:inst1|AbsMin:inst5|busmux:inst10|lpm_mux:$00000|mux_smc:auto_generated|result_node[5]~5        ; out0             ;
; |DC_FINAL|DATAPATH_DC:inst1|AbsMin:inst5|busmux:inst10|lpm_mux:$00000|mux_smc:auto_generated|result_node[5]          ; |DC_FINAL|DATAPATH_DC:inst1|AbsMin:inst5|busmux:inst10|lpm_mux:$00000|mux_smc:auto_generated|result_node[5]          ; out0             ;
; |DC_FINAL|DATAPATH_DC:inst1|AbsMin:inst5|busmux:inst10|lpm_mux:$00000|mux_smc:auto_generated|result_node[4]~6        ; |DC_FINAL|DATAPATH_DC:inst1|AbsMin:inst5|busmux:inst10|lpm_mux:$00000|mux_smc:auto_generated|result_node[4]~6        ; out0             ;
; |DC_FINAL|DATAPATH_DC:inst1|AbsMin:inst5|busmux:inst10|lpm_mux:$00000|mux_smc:auto_generated|result_node[4]~7        ; |DC_FINAL|DATAPATH_DC:inst1|AbsMin:inst5|busmux:inst10|lpm_mux:$00000|mux_smc:auto_generated|result_node[4]~7        ; out0             ;
; |DC_FINAL|DATAPATH_DC:inst1|AbsMin:inst5|busmux:inst10|lpm_mux:$00000|mux_smc:auto_generated|result_node[4]          ; |DC_FINAL|DATAPATH_DC:inst1|AbsMin:inst5|busmux:inst10|lpm_mux:$00000|mux_smc:auto_generated|result_node[4]          ; out0             ;
; |DC_FINAL|DATAPATH_DC:inst1|AbsMin:inst5|busmux:inst10|lpm_mux:$00000|mux_smc:auto_generated|result_node[3]~8        ; |DC_FINAL|DATAPATH_DC:inst1|AbsMin:inst5|busmux:inst10|lpm_mux:$00000|mux_smc:auto_generated|result_node[3]~8        ; out0             ;
; |DC_FINAL|DATAPATH_DC:inst1|AbsMin:inst5|busmux:inst10|lpm_mux:$00000|mux_smc:auto_generated|result_node[3]~9        ; |DC_FINAL|DATAPATH_DC:inst1|AbsMin:inst5|busmux:inst10|lpm_mux:$00000|mux_smc:auto_generated|result_node[3]~9        ; out0             ;
; |DC_FINAL|DATAPATH_DC:inst1|AbsMin:inst5|busmux:inst10|lpm_mux:$00000|mux_smc:auto_generated|result_node[3]          ; |DC_FINAL|DATAPATH_DC:inst1|AbsMin:inst5|busmux:inst10|lpm_mux:$00000|mux_smc:auto_generated|result_node[3]          ; out0             ;
; |DC_FINAL|DATAPATH_DC:inst1|AbsMin:inst5|busmux:inst10|lpm_mux:$00000|mux_smc:auto_generated|result_node[2]~10       ; |DC_FINAL|DATAPATH_DC:inst1|AbsMin:inst5|busmux:inst10|lpm_mux:$00000|mux_smc:auto_generated|result_node[2]~10       ; out0             ;
; |DC_FINAL|DATAPATH_DC:inst1|AbsMin:inst5|busmux:inst10|lpm_mux:$00000|mux_smc:auto_generated|result_node[2]~11       ; |DC_FINAL|DATAPATH_DC:inst1|AbsMin:inst5|busmux:inst10|lpm_mux:$00000|mux_smc:auto_generated|result_node[2]~11       ; out0             ;
; |DC_FINAL|DATAPATH_DC:inst1|AbsMin:inst5|busmux:inst10|lpm_mux:$00000|mux_smc:auto_generated|result_node[2]          ; |DC_FINAL|DATAPATH_DC:inst1|AbsMin:inst5|busmux:inst10|lpm_mux:$00000|mux_smc:auto_generated|result_node[2]          ; out0             ;
; |DC_FINAL|DATAPATH_DC:inst1|AbsMin:inst5|busmux:inst10|lpm_mux:$00000|mux_smc:auto_generated|result_node[1]~12       ; |DC_FINAL|DATAPATH_DC:inst1|AbsMin:inst5|busmux:inst10|lpm_mux:$00000|mux_smc:auto_generated|result_node[1]~12       ; out0             ;
; |DC_FINAL|DATAPATH_DC:inst1|AbsMin:inst5|busmux:inst10|lpm_mux:$00000|mux_smc:auto_generated|result_node[1]~13       ; |DC_FINAL|DATAPATH_DC:inst1|AbsMin:inst5|busmux:inst10|lpm_mux:$00000|mux_smc:auto_generated|result_node[1]~13       ; out0             ;
; |DC_FINAL|DATAPATH_DC:inst1|AbsMin:inst5|busmux:inst10|lpm_mux:$00000|mux_smc:auto_generated|result_node[1]          ; |DC_FINAL|DATAPATH_DC:inst1|AbsMin:inst5|busmux:inst10|lpm_mux:$00000|mux_smc:auto_generated|result_node[1]          ; out0             ;
; |DC_FINAL|DATAPATH_DC:inst1|AbsMin:inst5|busmux:inst10|lpm_mux:$00000|mux_smc:auto_generated|result_node[0]~14       ; |DC_FINAL|DATAPATH_DC:inst1|AbsMin:inst5|busmux:inst10|lpm_mux:$00000|mux_smc:auto_generated|result_node[0]~14       ; out0             ;
; |DC_FINAL|DATAPATH_DC:inst1|AbsMin:inst5|busmux:inst10|lpm_mux:$00000|mux_smc:auto_generated|result_node[0]~15       ; |DC_FINAL|DATAPATH_DC:inst1|AbsMin:inst5|busmux:inst10|lpm_mux:$00000|mux_smc:auto_generated|result_node[0]~15       ; out0             ;
; |DC_FINAL|DATAPATH_DC:inst1|AbsMin:inst5|busmux:inst10|lpm_mux:$00000|mux_smc:auto_generated|result_node[0]          ; |DC_FINAL|DATAPATH_DC:inst1|AbsMin:inst5|busmux:inst10|lpm_mux:$00000|mux_smc:auto_generated|result_node[0]          ; out0             ;
; |DC_FINAL|DATAPATH_DC:inst1|mux41_8bit:inst|busmux:inst1|lpm_mux:$00000|mux_smc:auto_generated|result_node[5]~5      ; |DC_FINAL|DATAPATH_DC:inst1|mux41_8bit:inst|busmux:inst1|lpm_mux:$00000|mux_smc:auto_generated|result_node[5]~5      ; out0             ;
; |DC_FINAL|DATAPATH_DC:inst1|mux41_8bit:inst|busmux:inst1|lpm_mux:$00000|mux_smc:auto_generated|result_node[4]~7      ; |DC_FINAL|DATAPATH_DC:inst1|mux41_8bit:inst|busmux:inst1|lpm_mux:$00000|mux_smc:auto_generated|result_node[4]~7      ; out0             ;
; |DC_FINAL|DATAPATH_DC:inst1|mux41_8bit:inst|busmux:inst1|lpm_mux:$00000|mux_smc:auto_generated|result_node[3]~9      ; |DC_FINAL|DATAPATH_DC:inst1|mux41_8bit:inst|busmux:inst1|lpm_mux:$00000|mux_smc:auto_generated|result_node[3]~9      ; out0             ;
; |DC_FINAL|DATAPATH_DC:inst1|mux41_8bit:inst|busmux:inst1|lpm_mux:$00000|mux_smc:auto_generated|result_node[2]~11     ; |DC_FINAL|DATAPATH_DC:inst1|mux41_8bit:inst|busmux:inst1|lpm_mux:$00000|mux_smc:auto_generated|result_node[2]~11     ; out0             ;
; |DC_FINAL|DATAPATH_DC:inst1|mux41_8bit:inst|busmux:inst1|lpm_mux:$00000|mux_smc:auto_generated|result_node[1]~13     ; |DC_FINAL|DATAPATH_DC:inst1|mux41_8bit:inst|busmux:inst1|lpm_mux:$00000|mux_smc:auto_generated|result_node[1]~13     ; out0             ;
; |DC_FINAL|DATAPATH_DC:inst1|mux41_8bit:inst|busmux:inst1|lpm_mux:$00000|mux_smc:auto_generated|result_node[0]~15     ; |DC_FINAL|DATAPATH_DC:inst1|mux41_8bit:inst|busmux:inst1|lpm_mux:$00000|mux_smc:auto_generated|result_node[0]~15     ; out0             ;
; |DC_FINAL|DATAPATH_DC:inst1|mux41_8bit:inst|busmux:inst|lpm_mux:$00000|mux_smc:auto_generated|result_node[5]~5       ; |DC_FINAL|DATAPATH_DC:inst1|mux41_8bit:inst|busmux:inst|lpm_mux:$00000|mux_smc:auto_generated|result_node[5]~5       ; out0             ;
; |DC_FINAL|DATAPATH_DC:inst1|mux41_8bit:inst|busmux:inst|lpm_mux:$00000|mux_smc:auto_generated|result_node[5]         ; |DC_FINAL|DATAPATH_DC:inst1|mux41_8bit:inst|busmux:inst|lpm_mux:$00000|mux_smc:auto_generated|result_node[5]         ; out0             ;
; |DC_FINAL|DATAPATH_DC:inst1|mux41_8bit:inst|busmux:inst|lpm_mux:$00000|mux_smc:auto_generated|result_node[4]~6       ; |DC_FINAL|DATAPATH_DC:inst1|mux41_8bit:inst|busmux:inst|lpm_mux:$00000|mux_smc:auto_generated|result_node[4]~6       ; out0             ;
; |DC_FINAL|DATAPATH_DC:inst1|mux41_8bit:inst|busmux:inst|lpm_mux:$00000|mux_smc:auto_generated|result_node[4]~7       ; |DC_FINAL|DATAPATH_DC:inst1|mux41_8bit:inst|busmux:inst|lpm_mux:$00000|mux_smc:auto_generated|result_node[4]~7       ; out0             ;
; |DC_FINAL|DATAPATH_DC:inst1|mux41_8bit:inst|busmux:inst|lpm_mux:$00000|mux_smc:auto_generated|result_node[4]         ; |DC_FINAL|DATAPATH_DC:inst1|mux41_8bit:inst|busmux:inst|lpm_mux:$00000|mux_smc:auto_generated|result_node[4]         ; out0             ;
; |DC_FINAL|DATAPATH_DC:inst1|mux41_8bit:inst|busmux:inst|lpm_mux:$00000|mux_smc:auto_generated|result_node[3]~9       ; |DC_FINAL|DATAPATH_DC:inst1|mux41_8bit:inst|busmux:inst|lpm_mux:$00000|mux_smc:auto_generated|result_node[3]~9       ; out0             ;
; |DC_FINAL|DATAPATH_DC:inst1|mux41_8bit:inst|busmux:inst|lpm_mux:$00000|mux_smc:auto_generated|result_node[3]         ; |DC_FINAL|DATAPATH_DC:inst1|mux41_8bit:inst|busmux:inst|lpm_mux:$00000|mux_smc:auto_generated|result_node[3]         ; out0             ;
; |DC_FINAL|DATAPATH_DC:inst1|mux41_8bit:inst|busmux:inst|lpm_mux:$00000|mux_smc:auto_generated|result_node[2]~11      ; |DC_FINAL|DATAPATH_DC:inst1|mux41_8bit:inst|busmux:inst|lpm_mux:$00000|mux_smc:auto_generated|result_node[2]~11      ; out0             ;
; |DC_FINAL|DATAPATH_DC:inst1|mux41_8bit:inst|busmux:inst|lpm_mux:$00000|mux_smc:auto_generated|result_node[2]         ; |DC_FINAL|DATAPATH_DC:inst1|mux41_8bit:inst|busmux:inst|lpm_mux:$00000|mux_smc:auto_generated|result_node[2]         ; out0             ;
; |DC_FINAL|DATAPATH_DC:inst1|mux41_8bit:inst|busmux:inst|lpm_mux:$00000|mux_smc:auto_generated|result_node[1]~13      ; |DC_FINAL|DATAPATH_DC:inst1|mux41_8bit:inst|busmux:inst|lpm_mux:$00000|mux_smc:auto_generated|result_node[1]~13      ; out0             ;
; |DC_FINAL|DATAPATH_DC:inst1|mux41_8bit:inst|busmux:inst|lpm_mux:$00000|mux_smc:auto_generated|result_node[1]         ; |DC_FINAL|DATAPATH_DC:inst1|mux41_8bit:inst|busmux:inst|lpm_mux:$00000|mux_smc:auto_generated|result_node[1]         ; out0             ;
; |DC_FINAL|DATAPATH_DC:inst1|mux41_8bit:inst|busmux:inst|lpm_mux:$00000|mux_smc:auto_generated|result_node[0]~15      ; |DC_FINAL|DATAPATH_DC:inst1|mux41_8bit:inst|busmux:inst|lpm_mux:$00000|mux_smc:auto_generated|result_node[0]~15      ; out0             ;
; |DC_FINAL|DATAPATH_DC:inst1|mux41_8bit:inst|busmux:inst|lpm_mux:$00000|mux_smc:auto_generated|result_node[0]         ; |DC_FINAL|DATAPATH_DC:inst1|mux41_8bit:inst|busmux:inst|lpm_mux:$00000|mux_smc:auto_generated|result_node[0]         ; out0             ;
; |DC_FINAL|DATAPATH_DC:inst1|mux41_8bit:inst|busmux:inst2|lpm_mux:$00000|mux_smc:auto_generated|result_node[5]~4      ; |DC_FINAL|DATAPATH_DC:inst1|mux41_8bit:inst|busmux:inst2|lpm_mux:$00000|mux_smc:auto_generated|result_node[5]~4      ; out0             ;
; |DC_FINAL|DATAPATH_DC:inst1|mux41_8bit:inst|busmux:inst2|lpm_mux:$00000|mux_smc:auto_generated|result_node[5]~5      ; |DC_FINAL|DATAPATH_DC:inst1|mux41_8bit:inst|busmux:inst2|lpm_mux:$00000|mux_smc:auto_generated|result_node[5]~5      ; out0             ;
; |DC_FINAL|DATAPATH_DC:inst1|mux41_8bit:inst|busmux:inst2|lpm_mux:$00000|mux_smc:auto_generated|result_node[5]        ; |DC_FINAL|DATAPATH_DC:inst1|mux41_8bit:inst|busmux:inst2|lpm_mux:$00000|mux_smc:auto_generated|result_node[5]        ; out0             ;
; |DC_FINAL|DATAPATH_DC:inst1|mux41_8bit:inst|busmux:inst2|lpm_mux:$00000|mux_smc:auto_generated|result_node[4]~6      ; |DC_FINAL|DATAPATH_DC:inst1|mux41_8bit:inst|busmux:inst2|lpm_mux:$00000|mux_smc:auto_generated|result_node[4]~6      ; out0             ;
; |DC_FINAL|DATAPATH_DC:inst1|mux41_8bit:inst|busmux:inst2|lpm_mux:$00000|mux_smc:auto_generated|result_node[4]~7      ; |DC_FINAL|DATAPATH_DC:inst1|mux41_8bit:inst|busmux:inst2|lpm_mux:$00000|mux_smc:auto_generated|result_node[4]~7      ; out0             ;
; |DC_FINAL|DATAPATH_DC:inst1|mux41_8bit:inst|busmux:inst2|lpm_mux:$00000|mux_smc:auto_generated|result_node[4]        ; |DC_FINAL|DATAPATH_DC:inst1|mux41_8bit:inst|busmux:inst2|lpm_mux:$00000|mux_smc:auto_generated|result_node[4]        ; out0             ;
; |DC_FINAL|DATAPATH_DC:inst1|mux41_8bit:inst|busmux:inst2|lpm_mux:$00000|mux_smc:auto_generated|result_node[3]~8      ; |DC_FINAL|DATAPATH_DC:inst1|mux41_8bit:inst|busmux:inst2|lpm_mux:$00000|mux_smc:auto_generated|result_node[3]~8      ; out0             ;
; |DC_FINAL|DATAPATH_DC:inst1|mux41_8bit:inst|busmux:inst2|lpm_mux:$00000|mux_smc:auto_generated|result_node[3]~9      ; |DC_FINAL|DATAPATH_DC:inst1|mux41_8bit:inst|busmux:inst2|lpm_mux:$00000|mux_smc:auto_generated|result_node[3]~9      ; out0             ;
; |DC_FINAL|DATAPATH_DC:inst1|mux41_8bit:inst|busmux:inst2|lpm_mux:$00000|mux_smc:auto_generated|result_node[3]        ; |DC_FINAL|DATAPATH_DC:inst1|mux41_8bit:inst|busmux:inst2|lpm_mux:$00000|mux_smc:auto_generated|result_node[3]        ; out0             ;
; |DC_FINAL|DATAPATH_DC:inst1|mux41_8bit:inst|busmux:inst2|lpm_mux:$00000|mux_smc:auto_generated|result_node[2]~10     ; |DC_FINAL|DATAPATH_DC:inst1|mux41_8bit:inst|busmux:inst2|lpm_mux:$00000|mux_smc:auto_generated|result_node[2]~10     ; out0             ;
; |DC_FINAL|DATAPATH_DC:inst1|mux41_8bit:inst|busmux:inst2|lpm_mux:$00000|mux_smc:auto_generated|result_node[2]~11     ; |DC_FINAL|DATAPATH_DC:inst1|mux41_8bit:inst|busmux:inst2|lpm_mux:$00000|mux_smc:auto_generated|result_node[2]~11     ; out0             ;
; |DC_FINAL|DATAPATH_DC:inst1|mux41_8bit:inst|busmux:inst2|lpm_mux:$00000|mux_smc:auto_generated|result_node[2]        ; |DC_FINAL|DATAPATH_DC:inst1|mux41_8bit:inst|busmux:inst2|lpm_mux:$00000|mux_smc:auto_generated|result_node[2]        ; out0             ;
; |DC_FINAL|DATAPATH_DC:inst1|mux41_8bit:inst|busmux:inst2|lpm_mux:$00000|mux_smc:auto_generated|result_node[1]~12     ; |DC_FINAL|DATAPATH_DC:inst1|mux41_8bit:inst|busmux:inst2|lpm_mux:$00000|mux_smc:auto_generated|result_node[1]~12     ; out0             ;
; |DC_FINAL|DATAPATH_DC:inst1|mux41_8bit:inst|busmux:inst2|lpm_mux:$00000|mux_smc:auto_generated|result_node[1]~13     ; |DC_FINAL|DATAPATH_DC:inst1|mux41_8bit:inst|busmux:inst2|lpm_mux:$00000|mux_smc:auto_generated|result_node[1]~13     ; out0             ;
; |DC_FINAL|DATAPATH_DC:inst1|mux41_8bit:inst|busmux:inst2|lpm_mux:$00000|mux_smc:auto_generated|result_node[1]        ; |DC_FINAL|DATAPATH_DC:inst1|mux41_8bit:inst|busmux:inst2|lpm_mux:$00000|mux_smc:auto_generated|result_node[1]        ; out0             ;
; |DC_FINAL|DATAPATH_DC:inst1|mux41_8bit:inst|busmux:inst2|lpm_mux:$00000|mux_smc:auto_generated|result_node[0]~14     ; |DC_FINAL|DATAPATH_DC:inst1|mux41_8bit:inst|busmux:inst2|lpm_mux:$00000|mux_smc:auto_generated|result_node[0]~14     ; out0             ;
; |DC_FINAL|DATAPATH_DC:inst1|mux41_8bit:inst|busmux:inst2|lpm_mux:$00000|mux_smc:auto_generated|result_node[0]~15     ; |DC_FINAL|DATAPATH_DC:inst1|mux41_8bit:inst|busmux:inst2|lpm_mux:$00000|mux_smc:auto_generated|result_node[0]~15     ; out0             ;
; |DC_FINAL|DATAPATH_DC:inst1|mux41_8bit:inst|busmux:inst2|lpm_mux:$00000|mux_smc:auto_generated|result_node[0]        ; |DC_FINAL|DATAPATH_DC:inst1|mux41_8bit:inst|busmux:inst2|lpm_mux:$00000|mux_smc:auto_generated|result_node[0]        ; out0             ;
; |DC_FINAL|DATAPATH_DC:inst1|Register4x8:inst2|Register4x4:inst|A[1]                                                  ; |DC_FINAL|DATAPATH_DC:inst1|Register4x8:inst2|Register4x4:inst|A[1]                                                  ; out0             ;
; |DC_FINAL|DATAPATH_DC:inst1|Register4x8:inst2|Register4x4:inst|A[0]                                                  ; |DC_FINAL|DATAPATH_DC:inst1|Register4x8:inst2|Register4x4:inst|A[0]                                                  ; out0             ;
; |DC_FINAL|DATAPATH_DC:inst1|Register4x8:inst2|Register4x4:inst|RFC:inst18|inst4                                      ; |DC_FINAL|DATAPATH_DC:inst1|Register4x8:inst2|Register4x4:inst|RFC:inst18|inst4                                      ; out0             ;
; |DC_FINAL|DATAPATH_DC:inst1|Register4x8:inst2|Register4x4:inst|RFC:inst18|inst3                                      ; |DC_FINAL|DATAPATH_DC:inst1|Register4x8:inst2|Register4x4:inst|RFC:inst18|inst3                                      ; out0             ;
; |DC_FINAL|DATAPATH_DC:inst1|Register4x8:inst2|Register4x4:inst|RFC:inst14|inst1                                      ; |DC_FINAL|DATAPATH_DC:inst1|Register4x8:inst2|Register4x4:inst|RFC:inst14|inst1                                      ; out              ;
; |DC_FINAL|DATAPATH_DC:inst1|Register4x8:inst2|Register4x4:inst|RFC:inst14|inst3                                      ; |DC_FINAL|DATAPATH_DC:inst1|Register4x8:inst2|Register4x4:inst|RFC:inst14|inst3                                      ; out0             ;
; |DC_FINAL|DATAPATH_DC:inst1|Register4x8:inst2|Register4x4:inst|RFC:inst10|inst1                                      ; |DC_FINAL|DATAPATH_DC:inst1|Register4x8:inst2|Register4x4:inst|RFC:inst10|inst1                                      ; out              ;
; |DC_FINAL|DATAPATH_DC:inst1|Register4x8:inst2|Register4x4:inst|RFC:inst10|inst4                                      ; |DC_FINAL|DATAPATH_DC:inst1|Register4x8:inst2|Register4x4:inst|RFC:inst10|inst4                                      ; out0             ;
; |DC_FINAL|DATAPATH_DC:inst1|Register4x8:inst2|Register4x4:inst|RFC:inst10|inst3                                      ; |DC_FINAL|DATAPATH_DC:inst1|Register4x8:inst2|Register4x4:inst|RFC:inst10|inst3                                      ; out0             ;
; |DC_FINAL|DATAPATH_DC:inst1|Register4x8:inst2|Register4x4:inst|RFC:inst10|inst2                                      ; |DC_FINAL|DATAPATH_DC:inst1|Register4x8:inst2|Register4x4:inst|RFC:inst10|inst2                                      ; out0             ;
; |DC_FINAL|DATAPATH_DC:inst1|Register4x8:inst2|Register4x4:inst|RFC:inst6|inst1                                       ; |DC_FINAL|DATAPATH_DC:inst1|Register4x8:inst2|Register4x4:inst|RFC:inst6|inst1                                       ; out              ;
; |DC_FINAL|DATAPATH_DC:inst1|Register4x8:inst2|Register4x4:inst|RFC:inst6|inst                                        ; |DC_FINAL|DATAPATH_DC:inst1|Register4x8:inst2|Register4x4:inst|RFC:inst6|inst                                        ; regout           ;
; |DC_FINAL|DATAPATH_DC:inst1|Register4x8:inst2|Register4x4:inst|RFC:inst6|inst4                                       ; |DC_FINAL|DATAPATH_DC:inst1|Register4x8:inst2|Register4x4:inst|RFC:inst6|inst4                                       ; out0             ;
; |DC_FINAL|DATAPATH_DC:inst1|Register4x8:inst2|Register4x4:inst|RFC:inst6|inst3                                       ; |DC_FINAL|DATAPATH_DC:inst1|Register4x8:inst2|Register4x4:inst|RFC:inst6|inst3                                       ; out0             ;
; |DC_FINAL|DATAPATH_DC:inst1|Register4x8:inst2|Register4x4:inst|RFC:inst6|inst2                                       ; |DC_FINAL|DATAPATH_DC:inst1|Register4x8:inst2|Register4x4:inst|RFC:inst6|inst2                                       ; out0             ;
; |DC_FINAL|DATAPATH_DC:inst1|Register4x8:inst2|Register4x4:inst|RFC:inst17|inst1                                      ; |DC_FINAL|DATAPATH_DC:inst1|Register4x8:inst2|Register4x4:inst|RFC:inst17|inst1                                      ; out              ;
; |DC_FINAL|DATAPATH_DC:inst1|Register4x8:inst2|Register4x4:inst|RFC:inst17|inst4                                      ; |DC_FINAL|DATAPATH_DC:inst1|Register4x8:inst2|Register4x4:inst|RFC:inst17|inst4                                      ; out0             ;
; |DC_FINAL|DATAPATH_DC:inst1|Register4x8:inst2|Register4x4:inst|RFC:inst17|inst3                                      ; |DC_FINAL|DATAPATH_DC:inst1|Register4x8:inst2|Register4x4:inst|RFC:inst17|inst3                                      ; out0             ;
; |DC_FINAL|DATAPATH_DC:inst1|Register4x8:inst2|Register4x4:inst|RFC:inst5|inst4                                       ; |DC_FINAL|DATAPATH_DC:inst1|Register4x8:inst2|Register4x4:inst|RFC:inst5|inst4                                       ; out0             ;
; |DC_FINAL|DATAPATH_DC:inst1|Register4x8:inst2|Register4x4:inst|RFC:inst5|inst3                                       ; |DC_FINAL|DATAPATH_DC:inst1|Register4x8:inst2|Register4x4:inst|RFC:inst5|inst3                                       ; out0             ;
; |DC_FINAL|DATAPATH_DC:inst1|Register4x8:inst2|Register4x4:inst|Decoder2_4:inst20|inst                                ; |DC_FINAL|DATAPATH_DC:inst1|Register4x8:inst2|Register4x4:inst|Decoder2_4:inst20|inst                                ; out0             ;
; |DC_FINAL|DATAPATH_DC:inst1|Register4x8:inst2|Register4x4:inst|Decoder2_4:inst20|inst1                               ; |DC_FINAL|DATAPATH_DC:inst1|Register4x8:inst2|Register4x4:inst|Decoder2_4:inst20|inst1                               ; out0             ;
; |DC_FINAL|DATAPATH_DC:inst1|Register4x8:inst2|Register4x4:inst|Decoder2_4:inst20|inst2                               ; |DC_FINAL|DATAPATH_DC:inst1|Register4x8:inst2|Register4x4:inst|Decoder2_4:inst20|inst2                               ; out0             ;
; |DC_FINAL|DATAPATH_DC:inst1|Register4x8:inst2|Register4x4:inst|Decoder2_4:inst20|inst3                               ; |DC_FINAL|DATAPATH_DC:inst1|Register4x8:inst2|Register4x4:inst|Decoder2_4:inst20|inst3                               ; out0             ;
; |DC_FINAL|DATAPATH_DC:inst1|Register4x8:inst2|Register4x4:inst|Decoder2_4:inst|inst                                  ; |DC_FINAL|DATAPATH_DC:inst1|Register4x8:inst2|Register4x4:inst|Decoder2_4:inst|inst                                  ; out0             ;
; |DC_FINAL|DATAPATH_DC:inst1|Register4x8:inst2|Register4x4:inst|Decoder2_4:inst|inst1                                 ; |DC_FINAL|DATAPATH_DC:inst1|Register4x8:inst2|Register4x4:inst|Decoder2_4:inst|inst1                                 ; out0             ;
; |DC_FINAL|DATAPATH_DC:inst1|Register4x8:inst2|Register4x4:inst|Decoder2_4:inst|inst2                                 ; |DC_FINAL|DATAPATH_DC:inst1|Register4x8:inst2|Register4x4:inst|Decoder2_4:inst|inst2                                 ; out0             ;
; |DC_FINAL|DATAPATH_DC:inst1|Register4x8:inst2|Register4x4:inst|Decoder2_4:inst|inst3                                 ; |DC_FINAL|DATAPATH_DC:inst1|Register4x8:inst2|Register4x4:inst|Decoder2_4:inst|inst3                                 ; out0             ;
; |DC_FINAL|DATAPATH_DC:inst1|Register4x8:inst2|Register4x4:inst1|A[3]                                                 ; |DC_FINAL|DATAPATH_DC:inst1|Register4x8:inst2|Register4x4:inst1|A[3]                                                 ; out0             ;
; |DC_FINAL|DATAPATH_DC:inst1|Register4x8:inst2|Register4x4:inst1|A[2]                                                 ; |DC_FINAL|DATAPATH_DC:inst1|Register4x8:inst2|Register4x4:inst1|A[2]                                                 ; out0             ;
; |DC_FINAL|DATAPATH_DC:inst1|Register4x8:inst2|Register4x4:inst1|A[1]                                                 ; |DC_FINAL|DATAPATH_DC:inst1|Register4x8:inst2|Register4x4:inst1|A[1]                                                 ; out0             ;
; |DC_FINAL|DATAPATH_DC:inst1|Register4x8:inst2|Register4x4:inst1|A[0]                                                 ; |DC_FINAL|DATAPATH_DC:inst1|Register4x8:inst2|Register4x4:inst1|A[0]                                                 ; out0             ;
; |DC_FINAL|DATAPATH_DC:inst1|Register4x8:inst2|Register4x4:inst1|RFC:inst18|inst4                                     ; |DC_FINAL|DATAPATH_DC:inst1|Register4x8:inst2|Register4x4:inst1|RFC:inst18|inst4                                     ; out0             ;
; |DC_FINAL|DATAPATH_DC:inst1|Register4x8:inst2|Register4x4:inst1|RFC:inst18|inst3                                     ; |DC_FINAL|DATAPATH_DC:inst1|Register4x8:inst2|Register4x4:inst1|RFC:inst18|inst3                                     ; out0             ;
; |DC_FINAL|DATAPATH_DC:inst1|Register4x8:inst2|Register4x4:inst1|RFC:inst18|inst2                                     ; |DC_FINAL|DATAPATH_DC:inst1|Register4x8:inst2|Register4x4:inst1|RFC:inst18|inst2                                     ; out0             ;
; |DC_FINAL|DATAPATH_DC:inst1|Register4x8:inst2|Register4x4:inst1|RFC:inst10|inst1                                     ; |DC_FINAL|DATAPATH_DC:inst1|Register4x8:inst2|Register4x4:inst1|RFC:inst10|inst1                                     ; out              ;
; |DC_FINAL|DATAPATH_DC:inst1|Register4x8:inst2|Register4x4:inst1|RFC:inst10|inst                                      ; |DC_FINAL|DATAPATH_DC:inst1|Register4x8:inst2|Register4x4:inst1|RFC:inst10|inst                                      ; regout           ;
; |DC_FINAL|DATAPATH_DC:inst1|Register4x8:inst2|Register4x4:inst1|RFC:inst10|inst4                                     ; |DC_FINAL|DATAPATH_DC:inst1|Register4x8:inst2|Register4x4:inst1|RFC:inst10|inst4                                     ; out0             ;
; |DC_FINAL|DATAPATH_DC:inst1|Register4x8:inst2|Register4x4:inst1|RFC:inst10|inst3                                     ; |DC_FINAL|DATAPATH_DC:inst1|Register4x8:inst2|Register4x4:inst1|RFC:inst10|inst3                                     ; out0             ;
; |DC_FINAL|DATAPATH_DC:inst1|Register4x8:inst2|Register4x4:inst1|RFC:inst10|inst2                                     ; |DC_FINAL|DATAPATH_DC:inst1|Register4x8:inst2|Register4x4:inst1|RFC:inst10|inst2                                     ; out0             ;
; |DC_FINAL|DATAPATH_DC:inst1|Register4x8:inst2|Register4x4:inst1|RFC:inst6|inst1                                      ; |DC_FINAL|DATAPATH_DC:inst1|Register4x8:inst2|Register4x4:inst1|RFC:inst6|inst1                                      ; out              ;
; |DC_FINAL|DATAPATH_DC:inst1|Register4x8:inst2|Register4x4:inst1|RFC:inst6|inst                                       ; |DC_FINAL|DATAPATH_DC:inst1|Register4x8:inst2|Register4x4:inst1|RFC:inst6|inst                                       ; regout           ;
; |DC_FINAL|DATAPATH_DC:inst1|Register4x8:inst2|Register4x4:inst1|RFC:inst6|inst4                                      ; |DC_FINAL|DATAPATH_DC:inst1|Register4x8:inst2|Register4x4:inst1|RFC:inst6|inst4                                      ; out0             ;
; |DC_FINAL|DATAPATH_DC:inst1|Register4x8:inst2|Register4x4:inst1|RFC:inst6|inst3                                      ; |DC_FINAL|DATAPATH_DC:inst1|Register4x8:inst2|Register4x4:inst1|RFC:inst6|inst3                                      ; out0             ;
; |DC_FINAL|DATAPATH_DC:inst1|Register4x8:inst2|Register4x4:inst1|RFC:inst6|inst2                                      ; |DC_FINAL|DATAPATH_DC:inst1|Register4x8:inst2|Register4x4:inst1|RFC:inst6|inst2                                      ; out0             ;
; |DC_FINAL|DATAPATH_DC:inst1|Register4x8:inst2|Register4x4:inst1|RFC:inst9|inst1                                      ; |DC_FINAL|DATAPATH_DC:inst1|Register4x8:inst2|Register4x4:inst1|RFC:inst9|inst1                                      ; out              ;
; |DC_FINAL|DATAPATH_DC:inst1|Register4x8:inst2|Register4x4:inst1|RFC:inst9|inst                                       ; |DC_FINAL|DATAPATH_DC:inst1|Register4x8:inst2|Register4x4:inst1|RFC:inst9|inst                                       ; regout           ;
; |DC_FINAL|DATAPATH_DC:inst1|Register4x8:inst2|Register4x4:inst1|RFC:inst9|inst4                                      ; |DC_FINAL|DATAPATH_DC:inst1|Register4x8:inst2|Register4x4:inst1|RFC:inst9|inst4                                      ; out0             ;
; |DC_FINAL|DATAPATH_DC:inst1|Register4x8:inst2|Register4x4:inst1|RFC:inst9|inst3                                      ; |DC_FINAL|DATAPATH_DC:inst1|Register4x8:inst2|Register4x4:inst1|RFC:inst9|inst3                                      ; out0             ;
; |DC_FINAL|DATAPATH_DC:inst1|Register4x8:inst2|Register4x4:inst1|RFC:inst9|inst2                                      ; |DC_FINAL|DATAPATH_DC:inst1|Register4x8:inst2|Register4x4:inst1|RFC:inst9|inst2                                      ; out0             ;
; |DC_FINAL|DATAPATH_DC:inst1|Register4x8:inst2|Register4x4:inst1|RFC:inst5|inst1                                      ; |DC_FINAL|DATAPATH_DC:inst1|Register4x8:inst2|Register4x4:inst1|RFC:inst5|inst1                                      ; out              ;
; |DC_FINAL|DATAPATH_DC:inst1|Register4x8:inst2|Register4x4:inst1|RFC:inst5|inst                                       ; |DC_FINAL|DATAPATH_DC:inst1|Register4x8:inst2|Register4x4:inst1|RFC:inst5|inst                                       ; regout           ;
; |DC_FINAL|DATAPATH_DC:inst1|Register4x8:inst2|Register4x4:inst1|RFC:inst5|inst2                                      ; |DC_FINAL|DATAPATH_DC:inst1|Register4x8:inst2|Register4x4:inst1|RFC:inst5|inst2                                      ; out0             ;
; |DC_FINAL|DATAPATH_DC:inst1|Register4x8:inst2|Register4x4:inst1|RFC:inst12|inst1                                     ; |DC_FINAL|DATAPATH_DC:inst1|Register4x8:inst2|Register4x4:inst1|RFC:inst12|inst1                                     ; out              ;
; |DC_FINAL|DATAPATH_DC:inst1|Register4x8:inst2|Register4x4:inst1|RFC:inst12|inst                                      ; |DC_FINAL|DATAPATH_DC:inst1|Register4x8:inst2|Register4x4:inst1|RFC:inst12|inst                                      ; regout           ;
; |DC_FINAL|DATAPATH_DC:inst1|Register4x8:inst2|Register4x4:inst1|RFC:inst12|inst4                                     ; |DC_FINAL|DATAPATH_DC:inst1|Register4x8:inst2|Register4x4:inst1|RFC:inst12|inst4                                     ; out0             ;
; |DC_FINAL|DATAPATH_DC:inst1|Register4x8:inst2|Register4x4:inst1|RFC:inst12|inst3                                     ; |DC_FINAL|DATAPATH_DC:inst1|Register4x8:inst2|Register4x4:inst1|RFC:inst12|inst3                                     ; out0             ;
; |DC_FINAL|DATAPATH_DC:inst1|Register4x8:inst2|Register4x4:inst1|RFC:inst12|inst2                                     ; |DC_FINAL|DATAPATH_DC:inst1|Register4x8:inst2|Register4x4:inst1|RFC:inst12|inst2                                     ; out0             ;
; |DC_FINAL|DATAPATH_DC:inst1|Register4x8:inst2|Register4x4:inst1|RFC:inst16|inst1                                     ; |DC_FINAL|DATAPATH_DC:inst1|Register4x8:inst2|Register4x4:inst1|RFC:inst16|inst1                                     ; out              ;
; |DC_FINAL|DATAPATH_DC:inst1|Register4x8:inst2|Register4x4:inst1|RFC:inst16|inst                                      ; |DC_FINAL|DATAPATH_DC:inst1|Register4x8:inst2|Register4x4:inst1|RFC:inst16|inst                                      ; regout           ;
; |DC_FINAL|DATAPATH_DC:inst1|Register4x8:inst2|Register4x4:inst1|RFC:inst16|inst4                                     ; |DC_FINAL|DATAPATH_DC:inst1|Register4x8:inst2|Register4x4:inst1|RFC:inst16|inst4                                     ; out0             ;
; |DC_FINAL|DATAPATH_DC:inst1|Register4x8:inst2|Register4x4:inst1|RFC:inst16|inst3                                     ; |DC_FINAL|DATAPATH_DC:inst1|Register4x8:inst2|Register4x4:inst1|RFC:inst16|inst3                                     ; out0             ;
; |DC_FINAL|DATAPATH_DC:inst1|Register4x8:inst2|Register4x4:inst1|RFC:inst16|inst2                                     ; |DC_FINAL|DATAPATH_DC:inst1|Register4x8:inst2|Register4x4:inst1|RFC:inst16|inst2                                     ; out0             ;
; |DC_FINAL|DATAPATH_DC:inst1|Register4x8:inst2|Register4x4:inst1|RFC:inst4|inst4                                      ; |DC_FINAL|DATAPATH_DC:inst1|Register4x8:inst2|Register4x4:inst1|RFC:inst4|inst4                                      ; out0             ;
; |DC_FINAL|DATAPATH_DC:inst1|Register4x8:inst2|Register4x4:inst1|RFC:inst4|inst3                                      ; |DC_FINAL|DATAPATH_DC:inst1|Register4x8:inst2|Register4x4:inst1|RFC:inst4|inst3                                      ; out0             ;
; |DC_FINAL|DATAPATH_DC:inst1|Register4x8:inst2|Register4x4:inst1|RFC:inst15|inst4                                     ; |DC_FINAL|DATAPATH_DC:inst1|Register4x8:inst2|Register4x4:inst1|RFC:inst15|inst4                                     ; out0             ;
; |DC_FINAL|DATAPATH_DC:inst1|Register4x8:inst2|Register4x4:inst1|RFC:inst15|inst3                                     ; |DC_FINAL|DATAPATH_DC:inst1|Register4x8:inst2|Register4x4:inst1|RFC:inst15|inst3                                     ; out0             ;
; |DC_FINAL|DATAPATH_DC:inst1|Register4x8:inst2|Register4x4:inst1|RFC:inst11|inst1                                     ; |DC_FINAL|DATAPATH_DC:inst1|Register4x8:inst2|Register4x4:inst1|RFC:inst11|inst1                                     ; out              ;
; |DC_FINAL|DATAPATH_DC:inst1|Register4x8:inst2|Register4x4:inst1|RFC:inst11|inst3                                     ; |DC_FINAL|DATAPATH_DC:inst1|Register4x8:inst2|Register4x4:inst1|RFC:inst11|inst3                                     ; out0             ;
; |DC_FINAL|DATAPATH_DC:inst1|Register4x8:inst2|Register4x4:inst1|Decoder2_4:inst20|inst                               ; |DC_FINAL|DATAPATH_DC:inst1|Register4x8:inst2|Register4x4:inst1|Decoder2_4:inst20|inst                               ; out0             ;
; |DC_FINAL|DATAPATH_DC:inst1|Register4x8:inst2|Register4x4:inst1|Decoder2_4:inst20|inst1                              ; |DC_FINAL|DATAPATH_DC:inst1|Register4x8:inst2|Register4x4:inst1|Decoder2_4:inst20|inst1                              ; out0             ;
; |DC_FINAL|DATAPATH_DC:inst1|Register4x8:inst2|Register4x4:inst1|Decoder2_4:inst20|inst2                              ; |DC_FINAL|DATAPATH_DC:inst1|Register4x8:inst2|Register4x4:inst1|Decoder2_4:inst20|inst2                              ; out0             ;
; |DC_FINAL|DATAPATH_DC:inst1|Register4x8:inst2|Register4x4:inst1|Decoder2_4:inst20|inst3                              ; |DC_FINAL|DATAPATH_DC:inst1|Register4x8:inst2|Register4x4:inst1|Decoder2_4:inst20|inst3                              ; out0             ;
; |DC_FINAL|DATAPATH_DC:inst1|Register4x8:inst2|Register4x4:inst1|Decoder2_4:inst|inst                                 ; |DC_FINAL|DATAPATH_DC:inst1|Register4x8:inst2|Register4x4:inst1|Decoder2_4:inst|inst                                 ; out0             ;
; |DC_FINAL|DATAPATH_DC:inst1|Register4x8:inst2|Register4x4:inst1|Decoder2_4:inst|inst1                                ; |DC_FINAL|DATAPATH_DC:inst1|Register4x8:inst2|Register4x4:inst1|Decoder2_4:inst|inst1                                ; out0             ;
; |DC_FINAL|DATAPATH_DC:inst1|Register4x8:inst2|Register4x4:inst1|Decoder2_4:inst|inst2                                ; |DC_FINAL|DATAPATH_DC:inst1|Register4x8:inst2|Register4x4:inst1|Decoder2_4:inst|inst2                                ; out0             ;
; |DC_FINAL|DATAPATH_DC:inst1|Register4x8:inst2|Register4x4:inst1|Decoder2_4:inst|inst3                                ; |DC_FINAL|DATAPATH_DC:inst1|Register4x8:inst2|Register4x4:inst1|Decoder2_4:inst|inst3                                ; out0             ;
+----------------------------------------------------------------------------------------------------------------------+----------------------------------------------------------------------------------------------------------------------+------------------+


The following table displays output ports that do not toggle to 1 during simulation.
+----------------------------------------------------------------------------------------------------------------------------------------------------------------------------------------------------------------------------------------------------------------+
; Missing 1-Value Coverage                                                                                                                                                                                                                                       ;
+----------------------------------------------------------------------------------------------------------------------+----------------------------------------------------------------------------------------------------------------------+------------------+
; Node Name                                                                                                            ; Output Port Name                                                                                                     ; Output Port Type ;
+----------------------------------------------------------------------------------------------------------------------+----------------------------------------------------------------------------------------------------------------------+------------------+
; |DC_FINAL|RESULT[7]                                                                                                  ; |DC_FINAL|RESULT[7]                                                                                                  ; pin_out          ;
; |DC_FINAL|RESULT[6]                                                                                                  ; |DC_FINAL|RESULT[6]                                                                                                  ; pin_out          ;
; |DC_FINAL|RESULT[1]                                                                                                  ; |DC_FINAL|RESULT[1]                                                                                                  ; pin_out          ;
; |DC_FINAL|A[7]                                                                                                       ; |DC_FINAL|A[7]                                                                                                       ; out              ;
; |DC_FINAL|A[6]                                                                                                       ; |DC_FINAL|A[6]                                                                                                       ; out              ;
; |DC_FINAL|A[5]                                                                                                       ; |DC_FINAL|A[5]                                                                                                       ; out              ;
; |DC_FINAL|A[3]                                                                                                       ; |DC_FINAL|A[3]                                                                                                       ; out              ;
; |DC_FINAL|A[2]                                                                                                       ; |DC_FINAL|A[2]                                                                                                       ; out              ;
; |DC_FINAL|A[1]                                                                                                       ; |DC_FINAL|A[1]                                                                                                       ; out              ;
; |DC_FINAL|A[0]                                                                                                       ; |DC_FINAL|A[0]                                                                                                       ; out              ;
; |DC_FINAL|B[7]                                                                                                       ; |DC_FINAL|B[7]                                                                                                       ; out              ;
; |DC_FINAL|B[6]                                                                                                       ; |DC_FINAL|B[6]                                                                                                       ; out              ;
; |DC_FINAL|B[5]                                                                                                       ; |DC_FINAL|B[5]                                                                                                       ; out              ;
; |DC_FINAL|B[1]                                                                                                       ; |DC_FINAL|B[1]                                                                                                       ; out              ;
; |DC_FINAL|B[0]                                                                                                       ; |DC_FINAL|B[0]                                                                                                       ; out              ;
; |DC_FINAL|DATAPATH_DC:inst1|inst11[7]                                                                                ; |DC_FINAL|DATAPATH_DC:inst1|inst11[7]                                                                                ; out              ;
; |DC_FINAL|DATAPATH_DC:inst1|inst11[6]                                                                                ; |DC_FINAL|DATAPATH_DC:inst1|inst11[6]                                                                                ; out              ;
; |DC_FINAL|DATAPATH_DC:inst1|inst11[1]                                                                                ; |DC_FINAL|DATAPATH_DC:inst1|inst11[1]                                                                                ; out              ;
; |DC_FINAL|DATAPATH_DC:inst1|Register4x8:inst4|Register4x4:inst|A[3]                                                  ; |DC_FINAL|DATAPATH_DC:inst1|Register4x8:inst4|Register4x4:inst|A[3]                                                  ; out0             ;
; |DC_FINAL|DATAPATH_DC:inst1|Register4x8:inst4|Register4x4:inst|A[2]                                                  ; |DC_FINAL|DATAPATH_DC:inst1|Register4x8:inst4|Register4x4:inst|A[2]                                                  ; out0             ;
; |DC_FINAL|DATAPATH_DC:inst1|Register4x8:inst4|Register4x4:inst|A[1]                                                  ; |DC_FINAL|DATAPATH_DC:inst1|Register4x8:inst4|Register4x4:inst|A[1]                                                  ; out0             ;
; |DC_FINAL|DATAPATH_DC:inst1|Register4x8:inst4|Register4x4:inst|A[0]                                                  ; |DC_FINAL|DATAPATH_DC:inst1|Register4x8:inst4|Register4x4:inst|A[0]                                                  ; out0             ;
; |DC_FINAL|DATAPATH_DC:inst1|Register4x8:inst4|Register4x4:inst|RFC:inst18|inst1                                      ; |DC_FINAL|DATAPATH_DC:inst1|Register4x8:inst4|Register4x4:inst|RFC:inst18|inst1                                      ; out              ;
; |DC_FINAL|DATAPATH_DC:inst1|Register4x8:inst4|Register4x4:inst|RFC:inst18|inst                                       ; |DC_FINAL|DATAPATH_DC:inst1|Register4x8:inst4|Register4x4:inst|RFC:inst18|inst                                       ; regout           ;
; |DC_FINAL|DATAPATH_DC:inst1|Register4x8:inst4|Register4x4:inst|RFC:inst14|inst1                                      ; |DC_FINAL|DATAPATH_DC:inst1|Register4x8:inst4|Register4x4:inst|RFC:inst14|inst1                                      ; out              ;
; |DC_FINAL|DATAPATH_DC:inst1|Register4x8:inst4|Register4x4:inst|RFC:inst14|inst                                       ; |DC_FINAL|DATAPATH_DC:inst1|Register4x8:inst4|Register4x4:inst|RFC:inst14|inst                                       ; regout           ;
; |DC_FINAL|DATAPATH_DC:inst1|Register4x8:inst4|Register4x4:inst|RFC:inst10|inst1                                      ; |DC_FINAL|DATAPATH_DC:inst1|Register4x8:inst4|Register4x4:inst|RFC:inst10|inst1                                      ; out              ;
; |DC_FINAL|DATAPATH_DC:inst1|Register4x8:inst4|Register4x4:inst|RFC:inst10|inst                                       ; |DC_FINAL|DATAPATH_DC:inst1|Register4x8:inst4|Register4x4:inst|RFC:inst10|inst                                       ; regout           ;
; |DC_FINAL|DATAPATH_DC:inst1|Register4x8:inst4|Register4x4:inst|RFC:inst6|inst1                                       ; |DC_FINAL|DATAPATH_DC:inst1|Register4x8:inst4|Register4x4:inst|RFC:inst6|inst1                                       ; out              ;
; |DC_FINAL|DATAPATH_DC:inst1|Register4x8:inst4|Register4x4:inst|RFC:inst6|inst                                        ; |DC_FINAL|DATAPATH_DC:inst1|Register4x8:inst4|Register4x4:inst|RFC:inst6|inst                                        ; regout           ;
; |DC_FINAL|DATAPATH_DC:inst1|Register4x8:inst4|Register4x4:inst|RFC:inst6|inst4                                       ; |DC_FINAL|DATAPATH_DC:inst1|Register4x8:inst4|Register4x4:inst|RFC:inst6|inst4                                       ; out0             ;
; |DC_FINAL|DATAPATH_DC:inst1|Register4x8:inst4|Register4x4:inst|RFC:inst6|inst3                                       ; |DC_FINAL|DATAPATH_DC:inst1|Register4x8:inst4|Register4x4:inst|RFC:inst6|inst3                                       ; out0             ;
; |DC_FINAL|DATAPATH_DC:inst1|Register4x8:inst4|Register4x4:inst|RFC:inst6|inst2                                       ; |DC_FINAL|DATAPATH_DC:inst1|Register4x8:inst4|Register4x4:inst|RFC:inst6|inst2                                       ; out0             ;
; |DC_FINAL|DATAPATH_DC:inst1|Register4x8:inst4|Register4x4:inst|RFC:inst17|inst1                                      ; |DC_FINAL|DATAPATH_DC:inst1|Register4x8:inst4|Register4x4:inst|RFC:inst17|inst1                                      ; out              ;
; |DC_FINAL|DATAPATH_DC:inst1|Register4x8:inst4|Register4x4:inst|RFC:inst17|inst                                       ; |DC_FINAL|DATAPATH_DC:inst1|Register4x8:inst4|Register4x4:inst|RFC:inst17|inst                                       ; regout           ;
; |DC_FINAL|DATAPATH_DC:inst1|Register4x8:inst4|Register4x4:inst|RFC:inst13|inst1                                      ; |DC_FINAL|DATAPATH_DC:inst1|Register4x8:inst4|Register4x4:inst|RFC:inst13|inst1                                      ; out              ;
; |DC_FINAL|DATAPATH_DC:inst1|Register4x8:inst4|Register4x4:inst|RFC:inst13|inst                                       ; |DC_FINAL|DATAPATH_DC:inst1|Register4x8:inst4|Register4x4:inst|RFC:inst13|inst                                       ; regout           ;
; |DC_FINAL|DATAPATH_DC:inst1|Register4x8:inst4|Register4x4:inst|RFC:inst9|inst1                                       ; |DC_FINAL|DATAPATH_DC:inst1|Register4x8:inst4|Register4x4:inst|RFC:inst9|inst1                                       ; out              ;
; |DC_FINAL|DATAPATH_DC:inst1|Register4x8:inst4|Register4x4:inst|RFC:inst9|inst                                        ; |DC_FINAL|DATAPATH_DC:inst1|Register4x8:inst4|Register4x4:inst|RFC:inst9|inst                                        ; regout           ;
; |DC_FINAL|DATAPATH_DC:inst1|Register4x8:inst4|Register4x4:inst|RFC:inst5|inst1                                       ; |DC_FINAL|DATAPATH_DC:inst1|Register4x8:inst4|Register4x4:inst|RFC:inst5|inst1                                       ; out              ;
; |DC_FINAL|DATAPATH_DC:inst1|Register4x8:inst4|Register4x4:inst|RFC:inst5|inst                                        ; |DC_FINAL|DATAPATH_DC:inst1|Register4x8:inst4|Register4x4:inst|RFC:inst5|inst                                        ; regout           ;
; |DC_FINAL|DATAPATH_DC:inst1|Register4x8:inst4|Register4x4:inst|RFC:inst5|inst4                                       ; |DC_FINAL|DATAPATH_DC:inst1|Register4x8:inst4|Register4x4:inst|RFC:inst5|inst4                                       ; out0             ;
; |DC_FINAL|DATAPATH_DC:inst1|Register4x8:inst4|Register4x4:inst|RFC:inst5|inst3                                       ; |DC_FINAL|DATAPATH_DC:inst1|Register4x8:inst4|Register4x4:inst|RFC:inst5|inst3                                       ; out0             ;
; |DC_FINAL|DATAPATH_DC:inst1|Register4x8:inst4|Register4x4:inst|RFC:inst5|inst2                                       ; |DC_FINAL|DATAPATH_DC:inst1|Register4x8:inst4|Register4x4:inst|RFC:inst5|inst2                                       ; out0             ;
; |DC_FINAL|DATAPATH_DC:inst1|Register4x8:inst4|Register4x4:inst|RFC:inst8|inst1                                       ; |DC_FINAL|DATAPATH_DC:inst1|Register4x8:inst4|Register4x4:inst|RFC:inst8|inst1                                       ; out              ;
; |DC_FINAL|DATAPATH_DC:inst1|Register4x8:inst4|Register4x4:inst|RFC:inst8|inst                                        ; |DC_FINAL|DATAPATH_DC:inst1|Register4x8:inst4|Register4x4:inst|RFC:inst8|inst                                        ; regout           ;
; |DC_FINAL|DATAPATH_DC:inst1|Register4x8:inst4|Register4x4:inst|RFC:inst12|inst1                                      ; |DC_FINAL|DATAPATH_DC:inst1|Register4x8:inst4|Register4x4:inst|RFC:inst12|inst1                                      ; out              ;
; |DC_FINAL|DATAPATH_DC:inst1|Register4x8:inst4|Register4x4:inst|RFC:inst12|inst                                       ; |DC_FINAL|DATAPATH_DC:inst1|Register4x8:inst4|Register4x4:inst|RFC:inst12|inst                                       ; regout           ;
; |DC_FINAL|DATAPATH_DC:inst1|Register4x8:inst4|Register4x4:inst|RFC:inst16|inst1                                      ; |DC_FINAL|DATAPATH_DC:inst1|Register4x8:inst4|Register4x4:inst|RFC:inst16|inst1                                      ; out              ;
; |DC_FINAL|DATAPATH_DC:inst1|Register4x8:inst4|Register4x4:inst|RFC:inst16|inst                                       ; |DC_FINAL|DATAPATH_DC:inst1|Register4x8:inst4|Register4x4:inst|RFC:inst16|inst                                       ; regout           ;
; |DC_FINAL|DATAPATH_DC:inst1|Register4x8:inst4|Register4x4:inst|RFC:inst4|inst1                                       ; |DC_FINAL|DATAPATH_DC:inst1|Register4x8:inst4|Register4x4:inst|RFC:inst4|inst1                                       ; out              ;
; |DC_FINAL|DATAPATH_DC:inst1|Register4x8:inst4|Register4x4:inst|RFC:inst4|inst                                        ; |DC_FINAL|DATAPATH_DC:inst1|Register4x8:inst4|Register4x4:inst|RFC:inst4|inst                                        ; regout           ;
; |DC_FINAL|DATAPATH_DC:inst1|Register4x8:inst4|Register4x4:inst|RFC:inst4|inst4                                       ; |DC_FINAL|DATAPATH_DC:inst1|Register4x8:inst4|Register4x4:inst|RFC:inst4|inst4                                       ; out0             ;
; |DC_FINAL|DATAPATH_DC:inst1|Register4x8:inst4|Register4x4:inst|RFC:inst4|inst3                                       ; |DC_FINAL|DATAPATH_DC:inst1|Register4x8:inst4|Register4x4:inst|RFC:inst4|inst3                                       ; out0             ;
; |DC_FINAL|DATAPATH_DC:inst1|Register4x8:inst4|Register4x4:inst|RFC:inst4|inst2                                       ; |DC_FINAL|DATAPATH_DC:inst1|Register4x8:inst4|Register4x4:inst|RFC:inst4|inst2                                       ; out0             ;
; |DC_FINAL|DATAPATH_DC:inst1|Register4x8:inst4|Register4x4:inst|RFC:inst15|inst1                                      ; |DC_FINAL|DATAPATH_DC:inst1|Register4x8:inst4|Register4x4:inst|RFC:inst15|inst1                                      ; out              ;
; |DC_FINAL|DATAPATH_DC:inst1|Register4x8:inst4|Register4x4:inst|RFC:inst15|inst                                       ; |DC_FINAL|DATAPATH_DC:inst1|Register4x8:inst4|Register4x4:inst|RFC:inst15|inst                                       ; regout           ;
; |DC_FINAL|DATAPATH_DC:inst1|Register4x8:inst4|Register4x4:inst|RFC:inst11|inst1                                      ; |DC_FINAL|DATAPATH_DC:inst1|Register4x8:inst4|Register4x4:inst|RFC:inst11|inst1                                      ; out              ;
; |DC_FINAL|DATAPATH_DC:inst1|Register4x8:inst4|Register4x4:inst|RFC:inst11|inst                                       ; |DC_FINAL|DATAPATH_DC:inst1|Register4x8:inst4|Register4x4:inst|RFC:inst11|inst                                       ; regout           ;
; |DC_FINAL|DATAPATH_DC:inst1|Register4x8:inst4|Register4x4:inst|RFC:inst7|inst1                                       ; |DC_FINAL|DATAPATH_DC:inst1|Register4x8:inst4|Register4x4:inst|RFC:inst7|inst1                                       ; out              ;
; |DC_FINAL|DATAPATH_DC:inst1|Register4x8:inst4|Register4x4:inst|RFC:inst7|inst                                        ; |DC_FINAL|DATAPATH_DC:inst1|Register4x8:inst4|Register4x4:inst|RFC:inst7|inst                                        ; regout           ;
; |DC_FINAL|DATAPATH_DC:inst1|Register4x8:inst4|Register4x4:inst|RFC:inst3|inst1                                       ; |DC_FINAL|DATAPATH_DC:inst1|Register4x8:inst4|Register4x4:inst|RFC:inst3|inst1                                       ; out              ;
; |DC_FINAL|DATAPATH_DC:inst1|Register4x8:inst4|Register4x4:inst|RFC:inst3|inst                                        ; |DC_FINAL|DATAPATH_DC:inst1|Register4x8:inst4|Register4x4:inst|RFC:inst3|inst                                        ; regout           ;
; |DC_FINAL|DATAPATH_DC:inst1|Register4x8:inst4|Register4x4:inst|RFC:inst3|inst2                                       ; |DC_FINAL|DATAPATH_DC:inst1|Register4x8:inst4|Register4x4:inst|RFC:inst3|inst2                                       ; out0             ;
; |DC_FINAL|DATAPATH_DC:inst1|Register4x8:inst4|Register4x4:inst1|A[2]                                                 ; |DC_FINAL|DATAPATH_DC:inst1|Register4x8:inst4|Register4x4:inst1|A[2]                                                 ; out0             ;
; |DC_FINAL|DATAPATH_DC:inst1|Register4x8:inst4|Register4x4:inst1|A[1]                                                 ; |DC_FINAL|DATAPATH_DC:inst1|Register4x8:inst4|Register4x4:inst1|A[1]                                                 ; out0             ;
; |DC_FINAL|DATAPATH_DC:inst1|Register4x8:inst4|Register4x4:inst1|RFC:inst18|inst1                                     ; |DC_FINAL|DATAPATH_DC:inst1|Register4x8:inst4|Register4x4:inst1|RFC:inst18|inst1                                     ; out              ;
; |DC_FINAL|DATAPATH_DC:inst1|Register4x8:inst4|Register4x4:inst1|RFC:inst18|inst                                      ; |DC_FINAL|DATAPATH_DC:inst1|Register4x8:inst4|Register4x4:inst1|RFC:inst18|inst                                      ; regout           ;
; |DC_FINAL|DATAPATH_DC:inst1|Register4x8:inst4|Register4x4:inst1|RFC:inst14|inst1                                     ; |DC_FINAL|DATAPATH_DC:inst1|Register4x8:inst4|Register4x4:inst1|RFC:inst14|inst1                                     ; out              ;
; |DC_FINAL|DATAPATH_DC:inst1|Register4x8:inst4|Register4x4:inst1|RFC:inst14|inst                                      ; |DC_FINAL|DATAPATH_DC:inst1|Register4x8:inst4|Register4x4:inst1|RFC:inst14|inst                                      ; regout           ;
; |DC_FINAL|DATAPATH_DC:inst1|Register4x8:inst4|Register4x4:inst1|RFC:inst10|inst1                                     ; |DC_FINAL|DATAPATH_DC:inst1|Register4x8:inst4|Register4x4:inst1|RFC:inst10|inst1                                     ; out              ;
; |DC_FINAL|DATAPATH_DC:inst1|Register4x8:inst4|Register4x4:inst1|RFC:inst10|inst                                      ; |DC_FINAL|DATAPATH_DC:inst1|Register4x8:inst4|Register4x4:inst1|RFC:inst10|inst                                      ; regout           ;
; |DC_FINAL|DATAPATH_DC:inst1|Register4x8:inst4|Register4x4:inst1|RFC:inst17|inst1                                     ; |DC_FINAL|DATAPATH_DC:inst1|Register4x8:inst4|Register4x4:inst1|RFC:inst17|inst1                                     ; out              ;
; |DC_FINAL|DATAPATH_DC:inst1|Register4x8:inst4|Register4x4:inst1|RFC:inst17|inst                                      ; |DC_FINAL|DATAPATH_DC:inst1|Register4x8:inst4|Register4x4:inst1|RFC:inst17|inst                                      ; regout           ;
; |DC_FINAL|DATAPATH_DC:inst1|Register4x8:inst4|Register4x4:inst1|RFC:inst13|inst1                                     ; |DC_FINAL|DATAPATH_DC:inst1|Register4x8:inst4|Register4x4:inst1|RFC:inst13|inst1                                     ; out              ;
; |DC_FINAL|DATAPATH_DC:inst1|Register4x8:inst4|Register4x4:inst1|RFC:inst13|inst                                      ; |DC_FINAL|DATAPATH_DC:inst1|Register4x8:inst4|Register4x4:inst1|RFC:inst13|inst                                      ; regout           ;
; |DC_FINAL|DATAPATH_DC:inst1|Register4x8:inst4|Register4x4:inst1|RFC:inst9|inst1                                      ; |DC_FINAL|DATAPATH_DC:inst1|Register4x8:inst4|Register4x4:inst1|RFC:inst9|inst1                                      ; out              ;
; |DC_FINAL|DATAPATH_DC:inst1|Register4x8:inst4|Register4x4:inst1|RFC:inst9|inst                                       ; |DC_FINAL|DATAPATH_DC:inst1|Register4x8:inst4|Register4x4:inst1|RFC:inst9|inst                                       ; regout           ;
; |DC_FINAL|DATAPATH_DC:inst1|Register4x8:inst4|Register4x4:inst1|RFC:inst5|inst1                                      ; |DC_FINAL|DATAPATH_DC:inst1|Register4x8:inst4|Register4x4:inst1|RFC:inst5|inst1                                      ; out              ;
; |DC_FINAL|DATAPATH_DC:inst1|Register4x8:inst4|Register4x4:inst1|RFC:inst5|inst                                       ; |DC_FINAL|DATAPATH_DC:inst1|Register4x8:inst4|Register4x4:inst1|RFC:inst5|inst                                       ; regout           ;
; |DC_FINAL|DATAPATH_DC:inst1|Register4x8:inst4|Register4x4:inst1|RFC:inst5|inst2                                      ; |DC_FINAL|DATAPATH_DC:inst1|Register4x8:inst4|Register4x4:inst1|RFC:inst5|inst2                                      ; out0             ;
; |DC_FINAL|DATAPATH_DC:inst1|Register4x8:inst4|Register4x4:inst1|RFC:inst8|inst1                                      ; |DC_FINAL|DATAPATH_DC:inst1|Register4x8:inst4|Register4x4:inst1|RFC:inst8|inst1                                      ; out              ;
; |DC_FINAL|DATAPATH_DC:inst1|Register4x8:inst4|Register4x4:inst1|RFC:inst8|inst                                       ; |DC_FINAL|DATAPATH_DC:inst1|Register4x8:inst4|Register4x4:inst1|RFC:inst8|inst                                       ; regout           ;
; |DC_FINAL|DATAPATH_DC:inst1|Register4x8:inst4|Register4x4:inst1|RFC:inst12|inst1                                     ; |DC_FINAL|DATAPATH_DC:inst1|Register4x8:inst4|Register4x4:inst1|RFC:inst12|inst1                                     ; out              ;
; |DC_FINAL|DATAPATH_DC:inst1|Register4x8:inst4|Register4x4:inst1|RFC:inst12|inst                                      ; |DC_FINAL|DATAPATH_DC:inst1|Register4x8:inst4|Register4x4:inst1|RFC:inst12|inst                                      ; regout           ;
; |DC_FINAL|DATAPATH_DC:inst1|Register4x8:inst4|Register4x4:inst1|RFC:inst16|inst1                                     ; |DC_FINAL|DATAPATH_DC:inst1|Register4x8:inst4|Register4x4:inst1|RFC:inst16|inst1                                     ; out              ;
; |DC_FINAL|DATAPATH_DC:inst1|Register4x8:inst4|Register4x4:inst1|RFC:inst16|inst                                      ; |DC_FINAL|DATAPATH_DC:inst1|Register4x8:inst4|Register4x4:inst1|RFC:inst16|inst                                      ; regout           ;
; |DC_FINAL|DATAPATH_DC:inst1|Register4x8:inst4|Register4x4:inst1|RFC:inst4|inst1                                      ; |DC_FINAL|DATAPATH_DC:inst1|Register4x8:inst4|Register4x4:inst1|RFC:inst4|inst1                                      ; out              ;
; |DC_FINAL|DATAPATH_DC:inst1|Register4x8:inst4|Register4x4:inst1|RFC:inst4|inst                                       ; |DC_FINAL|DATAPATH_DC:inst1|Register4x8:inst4|Register4x4:inst1|RFC:inst4|inst                                       ; regout           ;
; |DC_FINAL|DATAPATH_DC:inst1|Register4x8:inst4|Register4x4:inst1|RFC:inst4|inst2                                      ; |DC_FINAL|DATAPATH_DC:inst1|Register4x8:inst4|Register4x4:inst1|RFC:inst4|inst2                                      ; out0             ;
; |DC_FINAL|DATAPATH_DC:inst1|Register4x8:inst4|Register4x4:inst1|RFC:inst15|inst1                                     ; |DC_FINAL|DATAPATH_DC:inst1|Register4x8:inst4|Register4x4:inst1|RFC:inst15|inst1                                     ; out              ;
; |DC_FINAL|DATAPATH_DC:inst1|Register4x8:inst4|Register4x4:inst1|RFC:inst15|inst                                      ; |DC_FINAL|DATAPATH_DC:inst1|Register4x8:inst4|Register4x4:inst1|RFC:inst15|inst                                      ; regout           ;
; |DC_FINAL|DATAPATH_DC:inst1|Register4x8:inst4|Register4x4:inst1|RFC:inst11|inst1                                     ; |DC_FINAL|DATAPATH_DC:inst1|Register4x8:inst4|Register4x4:inst1|RFC:inst11|inst1                                     ; out              ;
; |DC_FINAL|DATAPATH_DC:inst1|Register4x8:inst4|Register4x4:inst1|RFC:inst11|inst                                      ; |DC_FINAL|DATAPATH_DC:inst1|Register4x8:inst4|Register4x4:inst1|RFC:inst11|inst                                      ; regout           ;
; |DC_FINAL|DATAPATH_DC:inst1|Register4x8:inst4|Register4x4:inst1|RFC:inst7|inst1                                      ; |DC_FINAL|DATAPATH_DC:inst1|Register4x8:inst4|Register4x4:inst1|RFC:inst7|inst1                                      ; out              ;
; |DC_FINAL|DATAPATH_DC:inst1|Register4x8:inst4|Register4x4:inst1|RFC:inst7|inst                                       ; |DC_FINAL|DATAPATH_DC:inst1|Register4x8:inst4|Register4x4:inst1|RFC:inst7|inst                                       ; regout           ;
; |DC_FINAL|DATAPATH_DC:inst1|busmux:inst7|lpm_mux:$00000|mux_smc:auto_generated|result_node[7]~0                      ; |DC_FINAL|DATAPATH_DC:inst1|busmux:inst7|lpm_mux:$00000|mux_smc:auto_generated|result_node[7]~0                      ; out0             ;
; |DC_FINAL|DATAPATH_DC:inst1|busmux:inst7|lpm_mux:$00000|mux_smc:auto_generated|result_node[7]~1                      ; |DC_FINAL|DATAPATH_DC:inst1|busmux:inst7|lpm_mux:$00000|mux_smc:auto_generated|result_node[7]~1                      ; out0             ;
; |DC_FINAL|DATAPATH_DC:inst1|busmux:inst7|lpm_mux:$00000|mux_smc:auto_generated|result_node[7]                        ; |DC_FINAL|DATAPATH_DC:inst1|busmux:inst7|lpm_mux:$00000|mux_smc:auto_generated|result_node[7]                        ; out0             ;
; |DC_FINAL|DATAPATH_DC:inst1|busmux:inst7|lpm_mux:$00000|mux_smc:auto_generated|result_node[6]~2                      ; |DC_FINAL|DATAPATH_DC:inst1|busmux:inst7|lpm_mux:$00000|mux_smc:auto_generated|result_node[6]~2                      ; out0             ;
; |DC_FINAL|DATAPATH_DC:inst1|busmux:inst7|lpm_mux:$00000|mux_smc:auto_generated|result_node[6]~3                      ; |DC_FINAL|DATAPATH_DC:inst1|busmux:inst7|lpm_mux:$00000|mux_smc:auto_generated|result_node[6]~3                      ; out0             ;
; |DC_FINAL|DATAPATH_DC:inst1|busmux:inst7|lpm_mux:$00000|mux_smc:auto_generated|result_node[6]                        ; |DC_FINAL|DATAPATH_DC:inst1|busmux:inst7|lpm_mux:$00000|mux_smc:auto_generated|result_node[6]                        ; out0             ;
; |DC_FINAL|DATAPATH_DC:inst1|busmux:inst7|lpm_mux:$00000|mux_smc:auto_generated|result_node[5]~4                      ; |DC_FINAL|DATAPATH_DC:inst1|busmux:inst7|lpm_mux:$00000|mux_smc:auto_generated|result_node[5]~4                      ; out0             ;
; |DC_FINAL|DATAPATH_DC:inst1|busmux:inst7|lpm_mux:$00000|mux_smc:auto_generated|result_node[4]~6                      ; |DC_FINAL|DATAPATH_DC:inst1|busmux:inst7|lpm_mux:$00000|mux_smc:auto_generated|result_node[4]~6                      ; out0             ;
; |DC_FINAL|DATAPATH_DC:inst1|busmux:inst7|lpm_mux:$00000|mux_smc:auto_generated|result_node[2]~10                     ; |DC_FINAL|DATAPATH_DC:inst1|busmux:inst7|lpm_mux:$00000|mux_smc:auto_generated|result_node[2]~10                     ; out0             ;
; |DC_FINAL|DATAPATH_DC:inst1|busmux:inst7|lpm_mux:$00000|mux_smc:auto_generated|result_node[1]~12                     ; |DC_FINAL|DATAPATH_DC:inst1|busmux:inst7|lpm_mux:$00000|mux_smc:auto_generated|result_node[1]~12                     ; out0             ;
; |DC_FINAL|DATAPATH_DC:inst1|AddAbsSubMax:inst6|inst19[7]                                                             ; |DC_FINAL|DATAPATH_DC:inst1|AddAbsSubMax:inst6|inst19[7]                                                             ; out0             ;
; |DC_FINAL|DATAPATH_DC:inst1|AddAbsSubMax:inst6|inst19[6]                                                             ; |DC_FINAL|DATAPATH_DC:inst1|AddAbsSubMax:inst6|inst19[6]                                                             ; out0             ;
; |DC_FINAL|DATAPATH_DC:inst1|AddAbsSubMax:inst6|inst8                                                                 ; |DC_FINAL|DATAPATH_DC:inst1|AddAbsSubMax:inst6|inst8                                                                 ; out0             ;
; |DC_FINAL|DATAPATH_DC:inst1|AddAbsSubMax:inst6|busmux:inst24|lpm_mux:$00000|mux_smc:auto_generated|result_node[7]~1  ; |DC_FINAL|DATAPATH_DC:inst1|AddAbsSubMax:inst6|busmux:inst24|lpm_mux:$00000|mux_smc:auto_generated|result_node[7]~1  ; out0             ;
; |DC_FINAL|DATAPATH_DC:inst1|AddAbsSubMax:inst6|busmux:inst24|lpm_mux:$00000|mux_smc:auto_generated|result_node[6]~3  ; |DC_FINAL|DATAPATH_DC:inst1|AddAbsSubMax:inst6|busmux:inst24|lpm_mux:$00000|mux_smc:auto_generated|result_node[6]~3  ; out0             ;
; |DC_FINAL|DATAPATH_DC:inst1|AddAbsSubMax:inst6|Adder8bit:inst|FullAdder:inst2|inst5                                  ; |DC_FINAL|DATAPATH_DC:inst1|AddAbsSubMax:inst6|Adder8bit:inst|FullAdder:inst2|inst5                                  ; out0             ;
; |DC_FINAL|DATAPATH_DC:inst1|AddAbsSubMax:inst6|Adder8bit:inst|FullAdder:inst2|inst3                                  ; |DC_FINAL|DATAPATH_DC:inst1|AddAbsSubMax:inst6|Adder8bit:inst|FullAdder:inst2|inst3                                  ; out0             ;
; |DC_FINAL|DATAPATH_DC:inst1|AddAbsSubMax:inst6|Adder8bit:inst|FullAdder:inst1|inst5                                  ; |DC_FINAL|DATAPATH_DC:inst1|AddAbsSubMax:inst6|Adder8bit:inst|FullAdder:inst1|inst5                                  ; out0             ;
; |DC_FINAL|DATAPATH_DC:inst1|AddAbsSubMax:inst6|Adder8bit:inst|FullAdder:inst1|inst3                                  ; |DC_FINAL|DATAPATH_DC:inst1|AddAbsSubMax:inst6|Adder8bit:inst|FullAdder:inst1|inst3                                  ; out0             ;
; |DC_FINAL|DATAPATH_DC:inst1|AddAbsSubMax:inst6|busmux:inst25|lpm_mux:$00000|mux_smc:auto_generated|result_node[7]~1  ; |DC_FINAL|DATAPATH_DC:inst1|AddAbsSubMax:inst6|busmux:inst25|lpm_mux:$00000|mux_smc:auto_generated|result_node[7]~1  ; out0             ;
; |DC_FINAL|DATAPATH_DC:inst1|AddAbsSubMax:inst6|busmux:inst25|lpm_mux:$00000|mux_smc:auto_generated|result_node[6]~3  ; |DC_FINAL|DATAPATH_DC:inst1|AddAbsSubMax:inst6|busmux:inst25|lpm_mux:$00000|mux_smc:auto_generated|result_node[6]~3  ; out0             ;
; |DC_FINAL|DATAPATH_DC:inst1|AddAbsSubMax:inst6|busmux:inst25|lpm_mux:$00000|mux_smc:auto_generated|result_node[5]~5  ; |DC_FINAL|DATAPATH_DC:inst1|AddAbsSubMax:inst6|busmux:inst25|lpm_mux:$00000|mux_smc:auto_generated|result_node[5]~5  ; out0             ;
; |DC_FINAL|DATAPATH_DC:inst1|AddAbsSubMax:inst6|busmux:inst25|lpm_mux:$00000|mux_smc:auto_generated|result_node[4]~7  ; |DC_FINAL|DATAPATH_DC:inst1|AddAbsSubMax:inst6|busmux:inst25|lpm_mux:$00000|mux_smc:auto_generated|result_node[4]~7  ; out0             ;
; |DC_FINAL|DATAPATH_DC:inst1|AddAbsSubMax:inst6|busmux:inst25|lpm_mux:$00000|mux_smc:auto_generated|result_node[3]~9  ; |DC_FINAL|DATAPATH_DC:inst1|AddAbsSubMax:inst6|busmux:inst25|lpm_mux:$00000|mux_smc:auto_generated|result_node[3]~9  ; out0             ;
; |DC_FINAL|DATAPATH_DC:inst1|AddAbsSubMax:inst6|busmux:inst25|lpm_mux:$00000|mux_smc:auto_generated|result_node[2]~11 ; |DC_FINAL|DATAPATH_DC:inst1|AddAbsSubMax:inst6|busmux:inst25|lpm_mux:$00000|mux_smc:auto_generated|result_node[2]~11 ; out0             ;
; |DC_FINAL|DATAPATH_DC:inst1|AddAbsSubMax:inst6|busmux:inst25|lpm_mux:$00000|mux_smc:auto_generated|result_node[1]~13 ; |DC_FINAL|DATAPATH_DC:inst1|AddAbsSubMax:inst6|busmux:inst25|lpm_mux:$00000|mux_smc:auto_generated|result_node[1]~13 ; out0             ;
; |DC_FINAL|DATAPATH_DC:inst1|AddAbsSubMax:inst6|busmux:inst25|lpm_mux:$00000|mux_smc:auto_generated|result_node[0]~15 ; |DC_FINAL|DATAPATH_DC:inst1|AddAbsSubMax:inst6|busmux:inst25|lpm_mux:$00000|mux_smc:auto_generated|result_node[0]~15 ; out0             ;
; |DC_FINAL|DATAPATH_DC:inst1|mux41_8bit:inst1|busmux:inst1|lpm_mux:$00000|mux_smc:auto_generated|result_node[7]~1     ; |DC_FINAL|DATAPATH_DC:inst1|mux41_8bit:inst1|busmux:inst1|lpm_mux:$00000|mux_smc:auto_generated|result_node[7]~1     ; out0             ;
; |DC_FINAL|DATAPATH_DC:inst1|mux41_8bit:inst1|busmux:inst1|lpm_mux:$00000|mux_smc:auto_generated|result_node[6]~3     ; |DC_FINAL|DATAPATH_DC:inst1|mux41_8bit:inst1|busmux:inst1|lpm_mux:$00000|mux_smc:auto_generated|result_node[6]~3     ; out0             ;
; |DC_FINAL|DATAPATH_DC:inst1|mux41_8bit:inst1|busmux:inst1|lpm_mux:$00000|mux_smc:auto_generated|result_node[5]~5     ; |DC_FINAL|DATAPATH_DC:inst1|mux41_8bit:inst1|busmux:inst1|lpm_mux:$00000|mux_smc:auto_generated|result_node[5]~5     ; out0             ;
; |DC_FINAL|DATAPATH_DC:inst1|mux41_8bit:inst1|busmux:inst1|lpm_mux:$00000|mux_smc:auto_generated|result_node[4]~6     ; |DC_FINAL|DATAPATH_DC:inst1|mux41_8bit:inst1|busmux:inst1|lpm_mux:$00000|mux_smc:auto_generated|result_node[4]~6     ; out0             ;
; |DC_FINAL|DATAPATH_DC:inst1|mux41_8bit:inst1|busmux:inst1|lpm_mux:$00000|mux_smc:auto_generated|result_node[3]~8     ; |DC_FINAL|DATAPATH_DC:inst1|mux41_8bit:inst1|busmux:inst1|lpm_mux:$00000|mux_smc:auto_generated|result_node[3]~8     ; out0             ;
; |DC_FINAL|DATAPATH_DC:inst1|mux41_8bit:inst1|busmux:inst1|lpm_mux:$00000|mux_smc:auto_generated|result_node[1]~13    ; |DC_FINAL|DATAPATH_DC:inst1|mux41_8bit:inst1|busmux:inst1|lpm_mux:$00000|mux_smc:auto_generated|result_node[1]~13    ; out0             ;
; |DC_FINAL|DATAPATH_DC:inst1|mux41_8bit:inst1|busmux:inst1|lpm_mux:$00000|mux_smc:auto_generated|result_node[0]~15    ; |DC_FINAL|DATAPATH_DC:inst1|mux41_8bit:inst1|busmux:inst1|lpm_mux:$00000|mux_smc:auto_generated|result_node[0]~15    ; out0             ;
; |DC_FINAL|DATAPATH_DC:inst1|mux41_8bit:inst1|busmux:inst|lpm_mux:$00000|mux_smc:auto_generated|result_node[7]~1      ; |DC_FINAL|DATAPATH_DC:inst1|mux41_8bit:inst1|busmux:inst|lpm_mux:$00000|mux_smc:auto_generated|result_node[7]~1      ; out0             ;
; |DC_FINAL|DATAPATH_DC:inst1|mux41_8bit:inst1|busmux:inst|lpm_mux:$00000|mux_smc:auto_generated|result_node[6]~3      ; |DC_FINAL|DATAPATH_DC:inst1|mux41_8bit:inst1|busmux:inst|lpm_mux:$00000|mux_smc:auto_generated|result_node[6]~3      ; out0             ;
; |DC_FINAL|DATAPATH_DC:inst1|mux41_8bit:inst1|busmux:inst2|lpm_mux:$00000|mux_smc:auto_generated|result_node[7]~0     ; |DC_FINAL|DATAPATH_DC:inst1|mux41_8bit:inst1|busmux:inst2|lpm_mux:$00000|mux_smc:auto_generated|result_node[7]~0     ; out0             ;
; |DC_FINAL|DATAPATH_DC:inst1|mux41_8bit:inst1|busmux:inst2|lpm_mux:$00000|mux_smc:auto_generated|result_node[6]~2     ; |DC_FINAL|DATAPATH_DC:inst1|mux41_8bit:inst1|busmux:inst2|lpm_mux:$00000|mux_smc:auto_generated|result_node[6]~2     ; out0             ;
; |DC_FINAL|DATAPATH_DC:inst1|mux41_8bit:inst1|busmux:inst2|lpm_mux:$00000|mux_smc:auto_generated|result_node[5]~4     ; |DC_FINAL|DATAPATH_DC:inst1|mux41_8bit:inst1|busmux:inst2|lpm_mux:$00000|mux_smc:auto_generated|result_node[5]~4     ; out0             ;
; |DC_FINAL|DATAPATH_DC:inst1|Register8x8:inst3|Y[7]                                                                   ; |DC_FINAL|DATAPATH_DC:inst1|Register8x8:inst3|Y[7]                                                                   ; out0             ;
; |DC_FINAL|DATAPATH_DC:inst1|Register8x8:inst3|Y[6]                                                                   ; |DC_FINAL|DATAPATH_DC:inst1|Register8x8:inst3|Y[6]                                                                   ; out0             ;
; |DC_FINAL|DATAPATH_DC:inst1|Register8x8:inst3|Register4x4:inst2|RFC:inst18|inst1                                     ; |DC_FINAL|DATAPATH_DC:inst1|Register8x8:inst3|Register4x4:inst2|RFC:inst18|inst1                                     ; out              ;
; |DC_FINAL|DATAPATH_DC:inst1|Register8x8:inst3|Register4x4:inst2|RFC:inst18|inst                                      ; |DC_FINAL|DATAPATH_DC:inst1|Register8x8:inst3|Register4x4:inst2|RFC:inst18|inst                                      ; regout           ;
; |DC_FINAL|DATAPATH_DC:inst1|Register8x8:inst3|Register4x4:inst2|RFC:inst18|inst4                                     ; |DC_FINAL|DATAPATH_DC:inst1|Register8x8:inst3|Register4x4:inst2|RFC:inst18|inst4                                     ; out0             ;
; |DC_FINAL|DATAPATH_DC:inst1|Register8x8:inst3|Register4x4:inst2|RFC:inst18|inst3                                     ; |DC_FINAL|DATAPATH_DC:inst1|Register8x8:inst3|Register4x4:inst2|RFC:inst18|inst3                                     ; out0             ;
; |DC_FINAL|DATAPATH_DC:inst1|Register8x8:inst3|Register4x4:inst2|RFC:inst18|inst2                                     ; |DC_FINAL|DATAPATH_DC:inst1|Register8x8:inst3|Register4x4:inst2|RFC:inst18|inst2                                     ; out0             ;
; |DC_FINAL|DATAPATH_DC:inst1|Register8x8:inst3|Register4x4:inst2|RFC:inst14|inst1                                     ; |DC_FINAL|DATAPATH_DC:inst1|Register8x8:inst3|Register4x4:inst2|RFC:inst14|inst1                                     ; out              ;
; |DC_FINAL|DATAPATH_DC:inst1|Register8x8:inst3|Register4x4:inst2|RFC:inst14|inst                                      ; |DC_FINAL|DATAPATH_DC:inst1|Register8x8:inst3|Register4x4:inst2|RFC:inst14|inst                                      ; regout           ;
; |DC_FINAL|DATAPATH_DC:inst1|Register8x8:inst3|Register4x4:inst2|RFC:inst14|inst4                                     ; |DC_FINAL|DATAPATH_DC:inst1|Register8x8:inst3|Register4x4:inst2|RFC:inst14|inst4                                     ; out0             ;
; |DC_FINAL|DATAPATH_DC:inst1|Register8x8:inst3|Register4x4:inst2|RFC:inst14|inst3                                     ; |DC_FINAL|DATAPATH_DC:inst1|Register8x8:inst3|Register4x4:inst2|RFC:inst14|inst3                                     ; out0             ;
; |DC_FINAL|DATAPATH_DC:inst1|Register8x8:inst3|Register4x4:inst2|RFC:inst14|inst2                                     ; |DC_FINAL|DATAPATH_DC:inst1|Register8x8:inst3|Register4x4:inst2|RFC:inst14|inst2                                     ; out0             ;
; |DC_FINAL|DATAPATH_DC:inst1|Register8x8:inst3|Register4x4:inst2|RFC:inst10|inst1                                     ; |DC_FINAL|DATAPATH_DC:inst1|Register8x8:inst3|Register4x4:inst2|RFC:inst10|inst1                                     ; out              ;
; |DC_FINAL|DATAPATH_DC:inst1|Register8x8:inst3|Register4x4:inst2|RFC:inst10|inst                                      ; |DC_FINAL|DATAPATH_DC:inst1|Register8x8:inst3|Register4x4:inst2|RFC:inst10|inst                                      ; regout           ;
; |DC_FINAL|DATAPATH_DC:inst1|Register8x8:inst3|Register4x4:inst2|RFC:inst10|inst2                                     ; |DC_FINAL|DATAPATH_DC:inst1|Register8x8:inst3|Register4x4:inst2|RFC:inst10|inst2                                     ; out0             ;
; |DC_FINAL|DATAPATH_DC:inst1|Register8x8:inst3|Register4x4:inst2|RFC:inst17|inst1                                     ; |DC_FINAL|DATAPATH_DC:inst1|Register8x8:inst3|Register4x4:inst2|RFC:inst17|inst1                                     ; out              ;
; |DC_FINAL|DATAPATH_DC:inst1|Register8x8:inst3|Register4x4:inst2|RFC:inst17|inst                                      ; |DC_FINAL|DATAPATH_DC:inst1|Register8x8:inst3|Register4x4:inst2|RFC:inst17|inst                                      ; regout           ;
; |DC_FINAL|DATAPATH_DC:inst1|Register8x8:inst3|Register4x4:inst2|RFC:inst17|inst4                                     ; |DC_FINAL|DATAPATH_DC:inst1|Register8x8:inst3|Register4x4:inst2|RFC:inst17|inst4                                     ; out0             ;
; |DC_FINAL|DATAPATH_DC:inst1|Register8x8:inst3|Register4x4:inst2|RFC:inst17|inst3                                     ; |DC_FINAL|DATAPATH_DC:inst1|Register8x8:inst3|Register4x4:inst2|RFC:inst17|inst3                                     ; out0             ;
; |DC_FINAL|DATAPATH_DC:inst1|Register8x8:inst3|Register4x4:inst2|RFC:inst17|inst2                                     ; |DC_FINAL|DATAPATH_DC:inst1|Register8x8:inst3|Register4x4:inst2|RFC:inst17|inst2                                     ; out0             ;
; |DC_FINAL|DATAPATH_DC:inst1|Register8x8:inst3|Register4x4:inst2|RFC:inst13|inst1                                     ; |DC_FINAL|DATAPATH_DC:inst1|Register8x8:inst3|Register4x4:inst2|RFC:inst13|inst1                                     ; out              ;
; |DC_FINAL|DATAPATH_DC:inst1|Register8x8:inst3|Register4x4:inst2|RFC:inst13|inst                                      ; |DC_FINAL|DATAPATH_DC:inst1|Register8x8:inst3|Register4x4:inst2|RFC:inst13|inst                                      ; regout           ;
; |DC_FINAL|DATAPATH_DC:inst1|Register8x8:inst3|Register4x4:inst2|RFC:inst13|inst2                                     ; |DC_FINAL|DATAPATH_DC:inst1|Register8x8:inst3|Register4x4:inst2|RFC:inst13|inst2                                     ; out0             ;
; |DC_FINAL|DATAPATH_DC:inst1|Register8x8:inst3|Register4x4:inst2|RFC:inst5|inst1                                      ; |DC_FINAL|DATAPATH_DC:inst1|Register8x8:inst3|Register4x4:inst2|RFC:inst5|inst1                                      ; out              ;
; |DC_FINAL|DATAPATH_DC:inst1|Register8x8:inst3|Register4x4:inst2|RFC:inst5|inst                                       ; |DC_FINAL|DATAPATH_DC:inst1|Register8x8:inst3|Register4x4:inst2|RFC:inst5|inst                                       ; regout           ;
; |DC_FINAL|DATAPATH_DC:inst1|Register8x8:inst3|Register4x4:inst2|RFC:inst5|inst2                                      ; |DC_FINAL|DATAPATH_DC:inst1|Register8x8:inst3|Register4x4:inst2|RFC:inst5|inst2                                      ; out0             ;
; |DC_FINAL|DATAPATH_DC:inst1|Register8x8:inst3|Register4x4:inst2|RFC:inst8|inst1                                      ; |DC_FINAL|DATAPATH_DC:inst1|Register8x8:inst3|Register4x4:inst2|RFC:inst8|inst1                                      ; out              ;
; |DC_FINAL|DATAPATH_DC:inst1|Register8x8:inst3|Register4x4:inst2|RFC:inst8|inst                                       ; |DC_FINAL|DATAPATH_DC:inst1|Register8x8:inst3|Register4x4:inst2|RFC:inst8|inst                                       ; regout           ;
; |DC_FINAL|DATAPATH_DC:inst1|Register8x8:inst3|Register4x4:inst2|RFC:inst8|inst4                                      ; |DC_FINAL|DATAPATH_DC:inst1|Register8x8:inst3|Register4x4:inst2|RFC:inst8|inst4                                      ; out0             ;
; |DC_FINAL|DATAPATH_DC:inst1|Register8x8:inst3|Register4x4:inst2|RFC:inst8|inst3                                      ; |DC_FINAL|DATAPATH_DC:inst1|Register8x8:inst3|Register4x4:inst2|RFC:inst8|inst3                                      ; out0             ;
; |DC_FINAL|DATAPATH_DC:inst1|Register8x8:inst3|Register4x4:inst2|RFC:inst8|inst2                                      ; |DC_FINAL|DATAPATH_DC:inst1|Register8x8:inst3|Register4x4:inst2|RFC:inst8|inst2                                      ; out0             ;
; |DC_FINAL|DATAPATH_DC:inst1|Register8x8:inst3|Register4x4:inst2|RFC:inst12|inst1                                     ; |DC_FINAL|DATAPATH_DC:inst1|Register8x8:inst3|Register4x4:inst2|RFC:inst12|inst1                                     ; out              ;
; |DC_FINAL|DATAPATH_DC:inst1|Register8x8:inst3|Register4x4:inst2|RFC:inst12|inst                                      ; |DC_FINAL|DATAPATH_DC:inst1|Register8x8:inst3|Register4x4:inst2|RFC:inst12|inst                                      ; regout           ;
; |DC_FINAL|DATAPATH_DC:inst1|Register8x8:inst3|Register4x4:inst2|RFC:inst12|inst4                                     ; |DC_FINAL|DATAPATH_DC:inst1|Register8x8:inst3|Register4x4:inst2|RFC:inst12|inst4                                     ; out0             ;
; |DC_FINAL|DATAPATH_DC:inst1|Register8x8:inst3|Register4x4:inst2|RFC:inst12|inst3                                     ; |DC_FINAL|DATAPATH_DC:inst1|Register8x8:inst3|Register4x4:inst2|RFC:inst12|inst3                                     ; out0             ;
; |DC_FINAL|DATAPATH_DC:inst1|Register8x8:inst3|Register4x4:inst2|RFC:inst12|inst2                                     ; |DC_FINAL|DATAPATH_DC:inst1|Register8x8:inst3|Register4x4:inst2|RFC:inst12|inst2                                     ; out0             ;
; |DC_FINAL|DATAPATH_DC:inst1|Register8x8:inst3|Register4x4:inst2|RFC:inst16|inst1                                     ; |DC_FINAL|DATAPATH_DC:inst1|Register8x8:inst3|Register4x4:inst2|RFC:inst16|inst1                                     ; out              ;
; |DC_FINAL|DATAPATH_DC:inst1|Register8x8:inst3|Register4x4:inst2|RFC:inst16|inst                                      ; |DC_FINAL|DATAPATH_DC:inst1|Register8x8:inst3|Register4x4:inst2|RFC:inst16|inst                                      ; regout           ;
; |DC_FINAL|DATAPATH_DC:inst1|Register8x8:inst3|Register4x4:inst2|RFC:inst16|inst4                                     ; |DC_FINAL|DATAPATH_DC:inst1|Register8x8:inst3|Register4x4:inst2|RFC:inst16|inst4                                     ; out0             ;
; |DC_FINAL|DATAPATH_DC:inst1|Register8x8:inst3|Register4x4:inst2|RFC:inst16|inst3                                     ; |DC_FINAL|DATAPATH_DC:inst1|Register8x8:inst3|Register4x4:inst2|RFC:inst16|inst3                                     ; out0             ;
; |DC_FINAL|DATAPATH_DC:inst1|Register8x8:inst3|Register4x4:inst2|RFC:inst16|inst2                                     ; |DC_FINAL|DATAPATH_DC:inst1|Register8x8:inst3|Register4x4:inst2|RFC:inst16|inst2                                     ; out0             ;
; |DC_FINAL|DATAPATH_DC:inst1|Register8x8:inst3|Register4x4:inst2|RFC:inst4|inst1                                      ; |DC_FINAL|DATAPATH_DC:inst1|Register8x8:inst3|Register4x4:inst2|RFC:inst4|inst1                                      ; out              ;
; |DC_FINAL|DATAPATH_DC:inst1|Register8x8:inst3|Register4x4:inst2|RFC:inst4|inst                                       ; |DC_FINAL|DATAPATH_DC:inst1|Register8x8:inst3|Register4x4:inst2|RFC:inst4|inst                                       ; regout           ;
; |DC_FINAL|DATAPATH_DC:inst1|Register8x8:inst3|Register4x4:inst2|RFC:inst4|inst2                                      ; |DC_FINAL|DATAPATH_DC:inst1|Register8x8:inst3|Register4x4:inst2|RFC:inst4|inst2                                      ; out0             ;
; |DC_FINAL|DATAPATH_DC:inst1|Register8x8:inst3|Register4x4:inst2|RFC:inst15|inst1                                     ; |DC_FINAL|DATAPATH_DC:inst1|Register8x8:inst3|Register4x4:inst2|RFC:inst15|inst1                                     ; out              ;
; |DC_FINAL|DATAPATH_DC:inst1|Register8x8:inst3|Register4x4:inst2|RFC:inst15|inst                                      ; |DC_FINAL|DATAPATH_DC:inst1|Register8x8:inst3|Register4x4:inst2|RFC:inst15|inst                                      ; regout           ;
; |DC_FINAL|DATAPATH_DC:inst1|Register8x8:inst3|Register4x4:inst2|RFC:inst15|inst4                                     ; |DC_FINAL|DATAPATH_DC:inst1|Register8x8:inst3|Register4x4:inst2|RFC:inst15|inst4                                     ; out0             ;
; |DC_FINAL|DATAPATH_DC:inst1|Register8x8:inst3|Register4x4:inst2|RFC:inst15|inst3                                     ; |DC_FINAL|DATAPATH_DC:inst1|Register8x8:inst3|Register4x4:inst2|RFC:inst15|inst3                                     ; out0             ;
; |DC_FINAL|DATAPATH_DC:inst1|Register8x8:inst3|Register4x4:inst2|RFC:inst15|inst2                                     ; |DC_FINAL|DATAPATH_DC:inst1|Register8x8:inst3|Register4x4:inst2|RFC:inst15|inst2                                     ; out0             ;
; |DC_FINAL|DATAPATH_DC:inst1|Register8x8:inst3|Register4x4:inst2|RFC:inst11|inst1                                     ; |DC_FINAL|DATAPATH_DC:inst1|Register8x8:inst3|Register4x4:inst2|RFC:inst11|inst1                                     ; out              ;
; |DC_FINAL|DATAPATH_DC:inst1|Register8x8:inst3|Register4x4:inst2|RFC:inst11|inst                                      ; |DC_FINAL|DATAPATH_DC:inst1|Register8x8:inst3|Register4x4:inst2|RFC:inst11|inst                                      ; regout           ;
; |DC_FINAL|DATAPATH_DC:inst1|Register8x8:inst3|Register4x4:inst2|RFC:inst11|inst4                                     ; |DC_FINAL|DATAPATH_DC:inst1|Register8x8:inst3|Register4x4:inst2|RFC:inst11|inst4                                     ; out0             ;
; |DC_FINAL|DATAPATH_DC:inst1|Register8x8:inst3|Register4x4:inst2|RFC:inst11|inst3                                     ; |DC_FINAL|DATAPATH_DC:inst1|Register8x8:inst3|Register4x4:inst2|RFC:inst11|inst3                                     ; out0             ;
; |DC_FINAL|DATAPATH_DC:inst1|Register8x8:inst3|Register4x4:inst2|RFC:inst11|inst2                                     ; |DC_FINAL|DATAPATH_DC:inst1|Register8x8:inst3|Register4x4:inst2|RFC:inst11|inst2                                     ; out0             ;
; |DC_FINAL|DATAPATH_DC:inst1|Register8x8:inst3|Register4x4:inst2|RFC:inst7|inst1                                      ; |DC_FINAL|DATAPATH_DC:inst1|Register8x8:inst3|Register4x4:inst2|RFC:inst7|inst1                                      ; out              ;
; |DC_FINAL|DATAPATH_DC:inst1|Register8x8:inst3|Register4x4:inst2|RFC:inst7|inst                                       ; |DC_FINAL|DATAPATH_DC:inst1|Register8x8:inst3|Register4x4:inst2|RFC:inst7|inst                                       ; regout           ;
; |DC_FINAL|DATAPATH_DC:inst1|Register8x8:inst3|Register4x4:inst2|RFC:inst7|inst4                                      ; |DC_FINAL|DATAPATH_DC:inst1|Register8x8:inst3|Register4x4:inst2|RFC:inst7|inst4                                      ; out0             ;
; |DC_FINAL|DATAPATH_DC:inst1|Register8x8:inst3|Register4x4:inst2|RFC:inst7|inst3                                      ; |DC_FINAL|DATAPATH_DC:inst1|Register8x8:inst3|Register4x4:inst2|RFC:inst7|inst3                                      ; out0             ;
; |DC_FINAL|DATAPATH_DC:inst1|Register8x8:inst3|Register4x4:inst2|RFC:inst7|inst2                                      ; |DC_FINAL|DATAPATH_DC:inst1|Register8x8:inst3|Register4x4:inst2|RFC:inst7|inst2                                      ; out0             ;
; |DC_FINAL|DATAPATH_DC:inst1|Register8x8:inst3|Register4x4:inst2|Decoder2_4:inst20|inst                               ; |DC_FINAL|DATAPATH_DC:inst1|Register8x8:inst3|Register4x4:inst2|Decoder2_4:inst20|inst                               ; out0             ;
; |DC_FINAL|DATAPATH_DC:inst1|Register8x8:inst3|Register4x4:inst2|Decoder2_4:inst|inst                                 ; |DC_FINAL|DATAPATH_DC:inst1|Register8x8:inst3|Register4x4:inst2|Decoder2_4:inst|inst                                 ; out0             ;
; |DC_FINAL|DATAPATH_DC:inst1|Register8x8:inst3|Register4x4:inst2|RFC:inst3|inst1                                      ; |DC_FINAL|DATAPATH_DC:inst1|Register8x8:inst3|Register4x4:inst2|RFC:inst3|inst1                                      ; out              ;
; |DC_FINAL|DATAPATH_DC:inst1|Register8x8:inst3|Register4x4:inst2|RFC:inst3|inst                                       ; |DC_FINAL|DATAPATH_DC:inst1|Register8x8:inst3|Register4x4:inst2|RFC:inst3|inst                                       ; regout           ;
; |DC_FINAL|DATAPATH_DC:inst1|Register8x8:inst3|Register4x4:inst2|RFC:inst3|inst2                                      ; |DC_FINAL|DATAPATH_DC:inst1|Register8x8:inst3|Register4x4:inst2|RFC:inst3|inst2                                      ; out0             ;
; |DC_FINAL|DATAPATH_DC:inst1|Register8x8:inst3|Register4x4:inst|RFC:inst18|inst1                                      ; |DC_FINAL|DATAPATH_DC:inst1|Register8x8:inst3|Register4x4:inst|RFC:inst18|inst1                                      ; out              ;
; |DC_FINAL|DATAPATH_DC:inst1|Register8x8:inst3|Register4x4:inst|RFC:inst18|inst                                       ; |DC_FINAL|DATAPATH_DC:inst1|Register8x8:inst3|Register4x4:inst|RFC:inst18|inst                                       ; regout           ;
; |DC_FINAL|DATAPATH_DC:inst1|Register8x8:inst3|Register4x4:inst|RFC:inst18|inst2                                      ; |DC_FINAL|DATAPATH_DC:inst1|Register8x8:inst3|Register4x4:inst|RFC:inst18|inst2                                      ; out0             ;
; |DC_FINAL|DATAPATH_DC:inst1|Register8x8:inst3|Register4x4:inst|RFC:inst17|inst1                                      ; |DC_FINAL|DATAPATH_DC:inst1|Register8x8:inst3|Register4x4:inst|RFC:inst17|inst1                                      ; out              ;
; |DC_FINAL|DATAPATH_DC:inst1|Register8x8:inst3|Register4x4:inst|RFC:inst17|inst                                       ; |DC_FINAL|DATAPATH_DC:inst1|Register8x8:inst3|Register4x4:inst|RFC:inst17|inst                                       ; regout           ;
; |DC_FINAL|DATAPATH_DC:inst1|Register8x8:inst3|Register4x4:inst|RFC:inst17|inst4                                      ; |DC_FINAL|DATAPATH_DC:inst1|Register8x8:inst3|Register4x4:inst|RFC:inst17|inst4                                      ; out0             ;
; |DC_FINAL|DATAPATH_DC:inst1|Register8x8:inst3|Register4x4:inst|RFC:inst17|inst3                                      ; |DC_FINAL|DATAPATH_DC:inst1|Register8x8:inst3|Register4x4:inst|RFC:inst17|inst3                                      ; out0             ;
; |DC_FINAL|DATAPATH_DC:inst1|Register8x8:inst3|Register4x4:inst|RFC:inst17|inst2                                      ; |DC_FINAL|DATAPATH_DC:inst1|Register8x8:inst3|Register4x4:inst|RFC:inst17|inst2                                      ; out0             ;
; |DC_FINAL|DATAPATH_DC:inst1|Register8x8:inst3|Register4x4:inst|RFC:inst13|inst1                                      ; |DC_FINAL|DATAPATH_DC:inst1|Register8x8:inst3|Register4x4:inst|RFC:inst13|inst1                                      ; out              ;
; |DC_FINAL|DATAPATH_DC:inst1|Register8x8:inst3|Register4x4:inst|RFC:inst13|inst                                       ; |DC_FINAL|DATAPATH_DC:inst1|Register8x8:inst3|Register4x4:inst|RFC:inst13|inst                                       ; regout           ;
; |DC_FINAL|DATAPATH_DC:inst1|Register8x8:inst3|Register4x4:inst|RFC:inst13|inst4                                      ; |DC_FINAL|DATAPATH_DC:inst1|Register8x8:inst3|Register4x4:inst|RFC:inst13|inst4                                      ; out0             ;
; |DC_FINAL|DATAPATH_DC:inst1|Register8x8:inst3|Register4x4:inst|RFC:inst13|inst3                                      ; |DC_FINAL|DATAPATH_DC:inst1|Register8x8:inst3|Register4x4:inst|RFC:inst13|inst3                                      ; out0             ;
; |DC_FINAL|DATAPATH_DC:inst1|Register8x8:inst3|Register4x4:inst|RFC:inst13|inst2                                      ; |DC_FINAL|DATAPATH_DC:inst1|Register8x8:inst3|Register4x4:inst|RFC:inst13|inst2                                      ; out0             ;
; |DC_FINAL|DATAPATH_DC:inst1|Register8x8:inst3|Register4x4:inst|RFC:inst9|inst1                                       ; |DC_FINAL|DATAPATH_DC:inst1|Register8x8:inst3|Register4x4:inst|RFC:inst9|inst1                                       ; out              ;
; |DC_FINAL|DATAPATH_DC:inst1|Register8x8:inst3|Register4x4:inst|RFC:inst9|inst                                        ; |DC_FINAL|DATAPATH_DC:inst1|Register8x8:inst3|Register4x4:inst|RFC:inst9|inst                                        ; regout           ;
; |DC_FINAL|DATAPATH_DC:inst1|Register8x8:inst3|Register4x4:inst|RFC:inst9|inst4                                       ; |DC_FINAL|DATAPATH_DC:inst1|Register8x8:inst3|Register4x4:inst|RFC:inst9|inst4                                       ; out0             ;
; |DC_FINAL|DATAPATH_DC:inst1|Register8x8:inst3|Register4x4:inst|RFC:inst9|inst3                                       ; |DC_FINAL|DATAPATH_DC:inst1|Register8x8:inst3|Register4x4:inst|RFC:inst9|inst3                                       ; out0             ;
; |DC_FINAL|DATAPATH_DC:inst1|Register8x8:inst3|Register4x4:inst|RFC:inst9|inst2                                       ; |DC_FINAL|DATAPATH_DC:inst1|Register8x8:inst3|Register4x4:inst|RFC:inst9|inst2                                       ; out0             ;
; |DC_FINAL|DATAPATH_DC:inst1|Register8x8:inst3|Register4x4:inst|RFC:inst5|inst1                                       ; |DC_FINAL|DATAPATH_DC:inst1|Register8x8:inst3|Register4x4:inst|RFC:inst5|inst1                                       ; out              ;
; |DC_FINAL|DATAPATH_DC:inst1|Register8x8:inst3|Register4x4:inst|RFC:inst5|inst                                        ; |DC_FINAL|DATAPATH_DC:inst1|Register8x8:inst3|Register4x4:inst|RFC:inst5|inst                                        ; regout           ;
; |DC_FINAL|DATAPATH_DC:inst1|Register8x8:inst3|Register4x4:inst|RFC:inst5|inst4                                       ; |DC_FINAL|DATAPATH_DC:inst1|Register8x8:inst3|Register4x4:inst|RFC:inst5|inst4                                       ; out0             ;
; |DC_FINAL|DATAPATH_DC:inst1|Register8x8:inst3|Register4x4:inst|RFC:inst5|inst3                                       ; |DC_FINAL|DATAPATH_DC:inst1|Register8x8:inst3|Register4x4:inst|RFC:inst5|inst3                                       ; out0             ;
; |DC_FINAL|DATAPATH_DC:inst1|Register8x8:inst3|Register4x4:inst|RFC:inst5|inst2                                       ; |DC_FINAL|DATAPATH_DC:inst1|Register8x8:inst3|Register4x4:inst|RFC:inst5|inst2                                       ; out0             ;
; |DC_FINAL|DATAPATH_DC:inst1|Register8x8:inst3|Register4x4:inst|RFC:inst8|inst1                                       ; |DC_FINAL|DATAPATH_DC:inst1|Register8x8:inst3|Register4x4:inst|RFC:inst8|inst1                                       ; out              ;
; |DC_FINAL|DATAPATH_DC:inst1|Register8x8:inst3|Register4x4:inst|RFC:inst8|inst                                        ; |DC_FINAL|DATAPATH_DC:inst1|Register8x8:inst3|Register4x4:inst|RFC:inst8|inst                                        ; regout           ;
; |DC_FINAL|DATAPATH_DC:inst1|Register8x8:inst3|Register4x4:inst|RFC:inst8|inst4                                       ; |DC_FINAL|DATAPATH_DC:inst1|Register8x8:inst3|Register4x4:inst|RFC:inst8|inst4                                       ; out0             ;
; |DC_FINAL|DATAPATH_DC:inst1|Register8x8:inst3|Register4x4:inst|RFC:inst8|inst3                                       ; |DC_FINAL|DATAPATH_DC:inst1|Register8x8:inst3|Register4x4:inst|RFC:inst8|inst3                                       ; out0             ;
; |DC_FINAL|DATAPATH_DC:inst1|Register8x8:inst3|Register4x4:inst|RFC:inst8|inst2                                       ; |DC_FINAL|DATAPATH_DC:inst1|Register8x8:inst3|Register4x4:inst|RFC:inst8|inst2                                       ; out0             ;
; |DC_FINAL|DATAPATH_DC:inst1|Register8x8:inst3|Register4x4:inst|RFC:inst12|inst1                                      ; |DC_FINAL|DATAPATH_DC:inst1|Register8x8:inst3|Register4x4:inst|RFC:inst12|inst1                                      ; out              ;
; |DC_FINAL|DATAPATH_DC:inst1|Register8x8:inst3|Register4x4:inst|RFC:inst12|inst                                       ; |DC_FINAL|DATAPATH_DC:inst1|Register8x8:inst3|Register4x4:inst|RFC:inst12|inst                                       ; regout           ;
; |DC_FINAL|DATAPATH_DC:inst1|Register8x8:inst3|Register4x4:inst|RFC:inst12|inst4                                      ; |DC_FINAL|DATAPATH_DC:inst1|Register8x8:inst3|Register4x4:inst|RFC:inst12|inst4                                      ; out0             ;
; |DC_FINAL|DATAPATH_DC:inst1|Register8x8:inst3|Register4x4:inst|RFC:inst12|inst3                                      ; |DC_FINAL|DATAPATH_DC:inst1|Register8x8:inst3|Register4x4:inst|RFC:inst12|inst3                                      ; out0             ;
; |DC_FINAL|DATAPATH_DC:inst1|Register8x8:inst3|Register4x4:inst|RFC:inst12|inst2                                      ; |DC_FINAL|DATAPATH_DC:inst1|Register8x8:inst3|Register4x4:inst|RFC:inst12|inst2                                      ; out0             ;
; |DC_FINAL|DATAPATH_DC:inst1|Register8x8:inst3|Register4x4:inst|RFC:inst16|inst1                                      ; |DC_FINAL|DATAPATH_DC:inst1|Register8x8:inst3|Register4x4:inst|RFC:inst16|inst1                                      ; out              ;
; |DC_FINAL|DATAPATH_DC:inst1|Register8x8:inst3|Register4x4:inst|RFC:inst16|inst                                       ; |DC_FINAL|DATAPATH_DC:inst1|Register8x8:inst3|Register4x4:inst|RFC:inst16|inst                                       ; regout           ;
; |DC_FINAL|DATAPATH_DC:inst1|Register8x8:inst3|Register4x4:inst|RFC:inst16|inst4                                      ; |DC_FINAL|DATAPATH_DC:inst1|Register8x8:inst3|Register4x4:inst|RFC:inst16|inst4                                      ; out0             ;
; |DC_FINAL|DATAPATH_DC:inst1|Register8x8:inst3|Register4x4:inst|RFC:inst16|inst3                                      ; |DC_FINAL|DATAPATH_DC:inst1|Register8x8:inst3|Register4x4:inst|RFC:inst16|inst3                                      ; out0             ;
; |DC_FINAL|DATAPATH_DC:inst1|Register8x8:inst3|Register4x4:inst|RFC:inst16|inst2                                      ; |DC_FINAL|DATAPATH_DC:inst1|Register8x8:inst3|Register4x4:inst|RFC:inst16|inst2                                      ; out0             ;
; |DC_FINAL|DATAPATH_DC:inst1|Register8x8:inst3|Register4x4:inst|RFC:inst4|inst1                                       ; |DC_FINAL|DATAPATH_DC:inst1|Register8x8:inst3|Register4x4:inst|RFC:inst4|inst1                                       ; out              ;
; |DC_FINAL|DATAPATH_DC:inst1|Register8x8:inst3|Register4x4:inst|RFC:inst4|inst                                        ; |DC_FINAL|DATAPATH_DC:inst1|Register8x8:inst3|Register4x4:inst|RFC:inst4|inst                                        ; regout           ;
; |DC_FINAL|DATAPATH_DC:inst1|Register8x8:inst3|Register4x4:inst|RFC:inst4|inst4                                       ; |DC_FINAL|DATAPATH_DC:inst1|Register8x8:inst3|Register4x4:inst|RFC:inst4|inst4                                       ; out0             ;
; |DC_FINAL|DATAPATH_DC:inst1|Register8x8:inst3|Register4x4:inst|RFC:inst4|inst3                                       ; |DC_FINAL|DATAPATH_DC:inst1|Register8x8:inst3|Register4x4:inst|RFC:inst4|inst3                                       ; out0             ;
; |DC_FINAL|DATAPATH_DC:inst1|Register8x8:inst3|Register4x4:inst|RFC:inst4|inst2                                       ; |DC_FINAL|DATAPATH_DC:inst1|Register8x8:inst3|Register4x4:inst|RFC:inst4|inst2                                       ; out0             ;
; |DC_FINAL|DATAPATH_DC:inst1|Register8x8:inst3|Register4x4:inst|RFC:inst15|inst1                                      ; |DC_FINAL|DATAPATH_DC:inst1|Register8x8:inst3|Register4x4:inst|RFC:inst15|inst1                                      ; out              ;
; |DC_FINAL|DATAPATH_DC:inst1|Register8x8:inst3|Register4x4:inst|RFC:inst15|inst                                       ; |DC_FINAL|DATAPATH_DC:inst1|Register8x8:inst3|Register4x4:inst|RFC:inst15|inst                                       ; regout           ;
; |DC_FINAL|DATAPATH_DC:inst1|Register8x8:inst3|Register4x4:inst|RFC:inst15|inst4                                      ; |DC_FINAL|DATAPATH_DC:inst1|Register8x8:inst3|Register4x4:inst|RFC:inst15|inst4                                      ; out0             ;
; |DC_FINAL|DATAPATH_DC:inst1|Register8x8:inst3|Register4x4:inst|RFC:inst15|inst3                                      ; |DC_FINAL|DATAPATH_DC:inst1|Register8x8:inst3|Register4x4:inst|RFC:inst15|inst3                                      ; out0             ;
; |DC_FINAL|DATAPATH_DC:inst1|Register8x8:inst3|Register4x4:inst|RFC:inst15|inst2                                      ; |DC_FINAL|DATAPATH_DC:inst1|Register8x8:inst3|Register4x4:inst|RFC:inst15|inst2                                      ; out0             ;
; |DC_FINAL|DATAPATH_DC:inst1|Register8x8:inst3|Register4x4:inst|RFC:inst11|inst1                                      ; |DC_FINAL|DATAPATH_DC:inst1|Register8x8:inst3|Register4x4:inst|RFC:inst11|inst1                                      ; out              ;
; |DC_FINAL|DATAPATH_DC:inst1|Register8x8:inst3|Register4x4:inst|RFC:inst11|inst                                       ; |DC_FINAL|DATAPATH_DC:inst1|Register8x8:inst3|Register4x4:inst|RFC:inst11|inst                                       ; regout           ;
; |DC_FINAL|DATAPATH_DC:inst1|Register8x8:inst3|Register4x4:inst|RFC:inst11|inst4                                      ; |DC_FINAL|DATAPATH_DC:inst1|Register8x8:inst3|Register4x4:inst|RFC:inst11|inst4                                      ; out0             ;
; |DC_FINAL|DATAPATH_DC:inst1|Register8x8:inst3|Register4x4:inst|RFC:inst11|inst3                                      ; |DC_FINAL|DATAPATH_DC:inst1|Register8x8:inst3|Register4x4:inst|RFC:inst11|inst3                                      ; out0             ;
; |DC_FINAL|DATAPATH_DC:inst1|Register8x8:inst3|Register4x4:inst|RFC:inst11|inst2                                      ; |DC_FINAL|DATAPATH_DC:inst1|Register8x8:inst3|Register4x4:inst|RFC:inst11|inst2                                      ; out0             ;
; |DC_FINAL|DATAPATH_DC:inst1|Register8x8:inst3|Register4x4:inst|RFC:inst7|inst1                                       ; |DC_FINAL|DATAPATH_DC:inst1|Register8x8:inst3|Register4x4:inst|RFC:inst7|inst1                                       ; out              ;
; |DC_FINAL|DATAPATH_DC:inst1|Register8x8:inst3|Register4x4:inst|RFC:inst7|inst                                        ; |DC_FINAL|DATAPATH_DC:inst1|Register8x8:inst3|Register4x4:inst|RFC:inst7|inst                                        ; regout           ;
; |DC_FINAL|DATAPATH_DC:inst1|Register8x8:inst3|Register4x4:inst|RFC:inst7|inst4                                       ; |DC_FINAL|DATAPATH_DC:inst1|Register8x8:inst3|Register4x4:inst|RFC:inst7|inst4                                       ; out0             ;
; |DC_FINAL|DATAPATH_DC:inst1|Register8x8:inst3|Register4x4:inst|RFC:inst7|inst3                                       ; |DC_FINAL|DATAPATH_DC:inst1|Register8x8:inst3|Register4x4:inst|RFC:inst7|inst3                                       ; out0             ;
; |DC_FINAL|DATAPATH_DC:inst1|Register8x8:inst3|Register4x4:inst|RFC:inst7|inst2                                       ; |DC_FINAL|DATAPATH_DC:inst1|Register8x8:inst3|Register4x4:inst|RFC:inst7|inst2                                       ; out0             ;
; |DC_FINAL|DATAPATH_DC:inst1|Register8x8:inst3|Register4x4:inst|RFC:inst3|inst1                                       ; |DC_FINAL|DATAPATH_DC:inst1|Register8x8:inst3|Register4x4:inst|RFC:inst3|inst1                                       ; out              ;
; |DC_FINAL|DATAPATH_DC:inst1|Register8x8:inst3|Register4x4:inst|RFC:inst3|inst                                        ; |DC_FINAL|DATAPATH_DC:inst1|Register8x8:inst3|Register4x4:inst|RFC:inst3|inst                                        ; regout           ;
; |DC_FINAL|DATAPATH_DC:inst1|Register8x8:inst3|Register4x4:inst|RFC:inst3|inst4                                       ; |DC_FINAL|DATAPATH_DC:inst1|Register8x8:inst3|Register4x4:inst|RFC:inst3|inst4                                       ; out0             ;
; |DC_FINAL|DATAPATH_DC:inst1|Register8x8:inst3|Register4x4:inst|RFC:inst3|inst3                                       ; |DC_FINAL|DATAPATH_DC:inst1|Register8x8:inst3|Register4x4:inst|RFC:inst3|inst3                                       ; out0             ;
; |DC_FINAL|DATAPATH_DC:inst1|Register8x8:inst3|Register4x4:inst|RFC:inst3|inst2                                       ; |DC_FINAL|DATAPATH_DC:inst1|Register8x8:inst3|Register4x4:inst|RFC:inst3|inst2                                       ; out0             ;
; |DC_FINAL|DATAPATH_DC:inst1|Register8x8:inst3|Register4x4:inst3|RFC:inst18|inst1                                     ; |DC_FINAL|DATAPATH_DC:inst1|Register8x8:inst3|Register4x4:inst3|RFC:inst18|inst1                                     ; out              ;
; |DC_FINAL|DATAPATH_DC:inst1|Register8x8:inst3|Register4x4:inst3|RFC:inst18|inst                                      ; |DC_FINAL|DATAPATH_DC:inst1|Register8x8:inst3|Register4x4:inst3|RFC:inst18|inst                                      ; regout           ;
; |DC_FINAL|DATAPATH_DC:inst1|Register8x8:inst3|Register4x4:inst3|RFC:inst18|inst4                                     ; |DC_FINAL|DATAPATH_DC:inst1|Register8x8:inst3|Register4x4:inst3|RFC:inst18|inst4                                     ; out0             ;
; |DC_FINAL|DATAPATH_DC:inst1|Register8x8:inst3|Register4x4:inst3|RFC:inst18|inst3                                     ; |DC_FINAL|DATAPATH_DC:inst1|Register8x8:inst3|Register4x4:inst3|RFC:inst18|inst3                                     ; out0             ;
; |DC_FINAL|DATAPATH_DC:inst1|Register8x8:inst3|Register4x4:inst3|RFC:inst18|inst2                                     ; |DC_FINAL|DATAPATH_DC:inst1|Register8x8:inst3|Register4x4:inst3|RFC:inst18|inst2                                     ; out0             ;
; |DC_FINAL|DATAPATH_DC:inst1|Register8x8:inst3|Register4x4:inst3|RFC:inst14|inst1                                     ; |DC_FINAL|DATAPATH_DC:inst1|Register8x8:inst3|Register4x4:inst3|RFC:inst14|inst1                                     ; out              ;
; |DC_FINAL|DATAPATH_DC:inst1|Register8x8:inst3|Register4x4:inst3|RFC:inst14|inst                                      ; |DC_FINAL|DATAPATH_DC:inst1|Register8x8:inst3|Register4x4:inst3|RFC:inst14|inst                                      ; regout           ;
; |DC_FINAL|DATAPATH_DC:inst1|Register8x8:inst3|Register4x4:inst3|RFC:inst14|inst2                                     ; |DC_FINAL|DATAPATH_DC:inst1|Register8x8:inst3|Register4x4:inst3|RFC:inst14|inst2                                     ; out0             ;
; |DC_FINAL|DATAPATH_DC:inst1|Register8x8:inst3|Register4x4:inst3|RFC:inst17|inst1                                     ; |DC_FINAL|DATAPATH_DC:inst1|Register8x8:inst3|Register4x4:inst3|RFC:inst17|inst1                                     ; out              ;
; |DC_FINAL|DATAPATH_DC:inst1|Register8x8:inst3|Register4x4:inst3|RFC:inst17|inst                                      ; |DC_FINAL|DATAPATH_DC:inst1|Register8x8:inst3|Register4x4:inst3|RFC:inst17|inst                                      ; regout           ;
; |DC_FINAL|DATAPATH_DC:inst1|Register8x8:inst3|Register4x4:inst3|RFC:inst17|inst4                                     ; |DC_FINAL|DATAPATH_DC:inst1|Register8x8:inst3|Register4x4:inst3|RFC:inst17|inst4                                     ; out0             ;
; |DC_FINAL|DATAPATH_DC:inst1|Register8x8:inst3|Register4x4:inst3|RFC:inst17|inst3                                     ; |DC_FINAL|DATAPATH_DC:inst1|Register8x8:inst3|Register4x4:inst3|RFC:inst17|inst3                                     ; out0             ;
; |DC_FINAL|DATAPATH_DC:inst1|Register8x8:inst3|Register4x4:inst3|RFC:inst17|inst2                                     ; |DC_FINAL|DATAPATH_DC:inst1|Register8x8:inst3|Register4x4:inst3|RFC:inst17|inst2                                     ; out0             ;
; |DC_FINAL|DATAPATH_DC:inst1|Register8x8:inst3|Register4x4:inst3|RFC:inst13|inst1                                     ; |DC_FINAL|DATAPATH_DC:inst1|Register8x8:inst3|Register4x4:inst3|RFC:inst13|inst1                                     ; out              ;
; |DC_FINAL|DATAPATH_DC:inst1|Register8x8:inst3|Register4x4:inst3|RFC:inst13|inst                                      ; |DC_FINAL|DATAPATH_DC:inst1|Register8x8:inst3|Register4x4:inst3|RFC:inst13|inst                                      ; regout           ;
; |DC_FINAL|DATAPATH_DC:inst1|Register8x8:inst3|Register4x4:inst3|RFC:inst13|inst4                                     ; |DC_FINAL|DATAPATH_DC:inst1|Register8x8:inst3|Register4x4:inst3|RFC:inst13|inst4                                     ; out0             ;
; |DC_FINAL|DATAPATH_DC:inst1|Register8x8:inst3|Register4x4:inst3|RFC:inst13|inst3                                     ; |DC_FINAL|DATAPATH_DC:inst1|Register8x8:inst3|Register4x4:inst3|RFC:inst13|inst3                                     ; out0             ;
; |DC_FINAL|DATAPATH_DC:inst1|Register8x8:inst3|Register4x4:inst3|RFC:inst13|inst2                                     ; |DC_FINAL|DATAPATH_DC:inst1|Register8x8:inst3|Register4x4:inst3|RFC:inst13|inst2                                     ; out0             ;
; |DC_FINAL|DATAPATH_DC:inst1|Register8x8:inst3|Register4x4:inst3|RFC:inst9|inst1                                      ; |DC_FINAL|DATAPATH_DC:inst1|Register8x8:inst3|Register4x4:inst3|RFC:inst9|inst1                                      ; out              ;
; |DC_FINAL|DATAPATH_DC:inst1|Register8x8:inst3|Register4x4:inst3|RFC:inst9|inst                                       ; |DC_FINAL|DATAPATH_DC:inst1|Register8x8:inst3|Register4x4:inst3|RFC:inst9|inst                                       ; regout           ;
; |DC_FINAL|DATAPATH_DC:inst1|Register8x8:inst3|Register4x4:inst3|RFC:inst9|inst4                                      ; |DC_FINAL|DATAPATH_DC:inst1|Register8x8:inst3|Register4x4:inst3|RFC:inst9|inst4                                      ; out0             ;
; |DC_FINAL|DATAPATH_DC:inst1|Register8x8:inst3|Register4x4:inst3|RFC:inst9|inst3                                      ; |DC_FINAL|DATAPATH_DC:inst1|Register8x8:inst3|Register4x4:inst3|RFC:inst9|inst3                                      ; out0             ;
; |DC_FINAL|DATAPATH_DC:inst1|Register8x8:inst3|Register4x4:inst3|RFC:inst9|inst2                                      ; |DC_FINAL|DATAPATH_DC:inst1|Register8x8:inst3|Register4x4:inst3|RFC:inst9|inst2                                      ; out0             ;
; |DC_FINAL|DATAPATH_DC:inst1|Register8x8:inst3|Register4x4:inst3|RFC:inst5|inst1                                      ; |DC_FINAL|DATAPATH_DC:inst1|Register8x8:inst3|Register4x4:inst3|RFC:inst5|inst1                                      ; out              ;
; |DC_FINAL|DATAPATH_DC:inst1|Register8x8:inst3|Register4x4:inst3|RFC:inst5|inst                                       ; |DC_FINAL|DATAPATH_DC:inst1|Register8x8:inst3|Register4x4:inst3|RFC:inst5|inst                                       ; regout           ;
; |DC_FINAL|DATAPATH_DC:inst1|Register8x8:inst3|Register4x4:inst3|RFC:inst5|inst2                                      ; |DC_FINAL|DATAPATH_DC:inst1|Register8x8:inst3|Register4x4:inst3|RFC:inst5|inst2                                      ; out0             ;
; |DC_FINAL|DATAPATH_DC:inst1|Register8x8:inst3|Register4x4:inst3|RFC:inst12|inst1                                     ; |DC_FINAL|DATAPATH_DC:inst1|Register8x8:inst3|Register4x4:inst3|RFC:inst12|inst1                                     ; out              ;
; |DC_FINAL|DATAPATH_DC:inst1|Register8x8:inst3|Register4x4:inst3|RFC:inst12|inst                                      ; |DC_FINAL|DATAPATH_DC:inst1|Register8x8:inst3|Register4x4:inst3|RFC:inst12|inst                                      ; regout           ;
; |DC_FINAL|DATAPATH_DC:inst1|Register8x8:inst3|Register4x4:inst3|RFC:inst12|inst2                                     ; |DC_FINAL|DATAPATH_DC:inst1|Register8x8:inst3|Register4x4:inst3|RFC:inst12|inst2                                     ; out0             ;
; |DC_FINAL|DATAPATH_DC:inst1|Register8x8:inst3|Register4x4:inst3|RFC:inst16|inst1                                     ; |DC_FINAL|DATAPATH_DC:inst1|Register8x8:inst3|Register4x4:inst3|RFC:inst16|inst1                                     ; out              ;
; |DC_FINAL|DATAPATH_DC:inst1|Register8x8:inst3|Register4x4:inst3|RFC:inst16|inst                                      ; |DC_FINAL|DATAPATH_DC:inst1|Register8x8:inst3|Register4x4:inst3|RFC:inst16|inst                                      ; regout           ;
; |DC_FINAL|DATAPATH_DC:inst1|Register8x8:inst3|Register4x4:inst3|RFC:inst16|inst4                                     ; |DC_FINAL|DATAPATH_DC:inst1|Register8x8:inst3|Register4x4:inst3|RFC:inst16|inst4                                     ; out0             ;
; |DC_FINAL|DATAPATH_DC:inst1|Register8x8:inst3|Register4x4:inst3|RFC:inst16|inst3                                     ; |DC_FINAL|DATAPATH_DC:inst1|Register8x8:inst3|Register4x4:inst3|RFC:inst16|inst3                                     ; out0             ;
; |DC_FINAL|DATAPATH_DC:inst1|Register8x8:inst3|Register4x4:inst3|RFC:inst16|inst2                                     ; |DC_FINAL|DATAPATH_DC:inst1|Register8x8:inst3|Register4x4:inst3|RFC:inst16|inst2                                     ; out0             ;
; |DC_FINAL|DATAPATH_DC:inst1|Register8x8:inst3|Register4x4:inst3|RFC:inst15|inst1                                     ; |DC_FINAL|DATAPATH_DC:inst1|Register8x8:inst3|Register4x4:inst3|RFC:inst15|inst1                                     ; out              ;
; |DC_FINAL|DATAPATH_DC:inst1|Register8x8:inst3|Register4x4:inst3|RFC:inst15|inst                                      ; |DC_FINAL|DATAPATH_DC:inst1|Register8x8:inst3|Register4x4:inst3|RFC:inst15|inst                                      ; regout           ;
; |DC_FINAL|DATAPATH_DC:inst1|Register8x8:inst3|Register4x4:inst3|RFC:inst15|inst4                                     ; |DC_FINAL|DATAPATH_DC:inst1|Register8x8:inst3|Register4x4:inst3|RFC:inst15|inst4                                     ; out0             ;
; |DC_FINAL|DATAPATH_DC:inst1|Register8x8:inst3|Register4x4:inst3|RFC:inst15|inst3                                     ; |DC_FINAL|DATAPATH_DC:inst1|Register8x8:inst3|Register4x4:inst3|RFC:inst15|inst3                                     ; out0             ;
; |DC_FINAL|DATAPATH_DC:inst1|Register8x8:inst3|Register4x4:inst3|RFC:inst15|inst2                                     ; |DC_FINAL|DATAPATH_DC:inst1|Register8x8:inst3|Register4x4:inst3|RFC:inst15|inst2                                     ; out0             ;
; |DC_FINAL|DATAPATH_DC:inst1|Register8x8:inst3|Register4x4:inst3|RFC:inst11|inst1                                     ; |DC_FINAL|DATAPATH_DC:inst1|Register8x8:inst3|Register4x4:inst3|RFC:inst11|inst1                                     ; out              ;
; |DC_FINAL|DATAPATH_DC:inst1|Register8x8:inst3|Register4x4:inst3|RFC:inst11|inst                                      ; |DC_FINAL|DATAPATH_DC:inst1|Register8x8:inst3|Register4x4:inst3|RFC:inst11|inst                                      ; regout           ;
; |DC_FINAL|DATAPATH_DC:inst1|Register8x8:inst3|Register4x4:inst3|RFC:inst11|inst4                                     ; |DC_FINAL|DATAPATH_DC:inst1|Register8x8:inst3|Register4x4:inst3|RFC:inst11|inst4                                     ; out0             ;
; |DC_FINAL|DATAPATH_DC:inst1|Register8x8:inst3|Register4x4:inst3|RFC:inst11|inst3                                     ; |DC_FINAL|DATAPATH_DC:inst1|Register8x8:inst3|Register4x4:inst3|RFC:inst11|inst3                                     ; out0             ;
; |DC_FINAL|DATAPATH_DC:inst1|Register8x8:inst3|Register4x4:inst3|RFC:inst11|inst2                                     ; |DC_FINAL|DATAPATH_DC:inst1|Register8x8:inst3|Register4x4:inst3|RFC:inst11|inst2                                     ; out0             ;
; |DC_FINAL|DATAPATH_DC:inst1|Register8x8:inst3|Register4x4:inst3|RFC:inst7|inst1                                      ; |DC_FINAL|DATAPATH_DC:inst1|Register8x8:inst3|Register4x4:inst3|RFC:inst7|inst1                                      ; out              ;
; |DC_FINAL|DATAPATH_DC:inst1|Register8x8:inst3|Register4x4:inst3|RFC:inst7|inst                                       ; |DC_FINAL|DATAPATH_DC:inst1|Register8x8:inst3|Register4x4:inst3|RFC:inst7|inst                                       ; regout           ;
; |DC_FINAL|DATAPATH_DC:inst1|Register8x8:inst3|Register4x4:inst3|RFC:inst7|inst2                                      ; |DC_FINAL|DATAPATH_DC:inst1|Register8x8:inst3|Register4x4:inst3|RFC:inst7|inst2                                      ; out0             ;
; |DC_FINAL|DATAPATH_DC:inst1|Register8x8:inst3|Register4x4:inst3|Decoder2_4:inst20|inst                               ; |DC_FINAL|DATAPATH_DC:inst1|Register8x8:inst3|Register4x4:inst3|Decoder2_4:inst20|inst                               ; out0             ;
; |DC_FINAL|DATAPATH_DC:inst1|Register8x8:inst3|Register4x4:inst3|Decoder2_4:inst|inst                                 ; |DC_FINAL|DATAPATH_DC:inst1|Register8x8:inst3|Register4x4:inst3|Decoder2_4:inst|inst                                 ; out0             ;
; |DC_FINAL|DATAPATH_DC:inst1|Register8x8:inst3|Register4x4:inst1|RFC:inst10|inst1                                     ; |DC_FINAL|DATAPATH_DC:inst1|Register8x8:inst3|Register4x4:inst1|RFC:inst10|inst1                                     ; out              ;
; |DC_FINAL|DATAPATH_DC:inst1|Register8x8:inst3|Register4x4:inst1|RFC:inst10|inst                                      ; |DC_FINAL|DATAPATH_DC:inst1|Register8x8:inst3|Register4x4:inst1|RFC:inst10|inst                                      ; regout           ;
; |DC_FINAL|DATAPATH_DC:inst1|Register8x8:inst3|Register4x4:inst1|RFC:inst10|inst4                                     ; |DC_FINAL|DATAPATH_DC:inst1|Register8x8:inst3|Register4x4:inst1|RFC:inst10|inst4                                     ; out0             ;
; |DC_FINAL|DATAPATH_DC:inst1|Register8x8:inst3|Register4x4:inst1|RFC:inst10|inst3                                     ; |DC_FINAL|DATAPATH_DC:inst1|Register8x8:inst3|Register4x4:inst1|RFC:inst10|inst3                                     ; out0             ;
; |DC_FINAL|DATAPATH_DC:inst1|Register8x8:inst3|Register4x4:inst1|RFC:inst10|inst2                                     ; |DC_FINAL|DATAPATH_DC:inst1|Register8x8:inst3|Register4x4:inst1|RFC:inst10|inst2                                     ; out0             ;
; |DC_FINAL|DATAPATH_DC:inst1|Register8x8:inst3|Register4x4:inst1|RFC:inst6|inst1                                      ; |DC_FINAL|DATAPATH_DC:inst1|Register8x8:inst3|Register4x4:inst1|RFC:inst6|inst1                                      ; out              ;
; |DC_FINAL|DATAPATH_DC:inst1|Register8x8:inst3|Register4x4:inst1|RFC:inst6|inst                                       ; |DC_FINAL|DATAPATH_DC:inst1|Register8x8:inst3|Register4x4:inst1|RFC:inst6|inst                                       ; regout           ;
; |DC_FINAL|DATAPATH_DC:inst1|Register8x8:inst3|Register4x4:inst1|RFC:inst6|inst4                                      ; |DC_FINAL|DATAPATH_DC:inst1|Register8x8:inst3|Register4x4:inst1|RFC:inst6|inst4                                      ; out0             ;
; |DC_FINAL|DATAPATH_DC:inst1|Register8x8:inst3|Register4x4:inst1|RFC:inst6|inst3                                      ; |DC_FINAL|DATAPATH_DC:inst1|Register8x8:inst3|Register4x4:inst1|RFC:inst6|inst3                                      ; out0             ;
; |DC_FINAL|DATAPATH_DC:inst1|Register8x8:inst3|Register4x4:inst1|RFC:inst6|inst2                                      ; |DC_FINAL|DATAPATH_DC:inst1|Register8x8:inst3|Register4x4:inst1|RFC:inst6|inst2                                      ; out0             ;
; |DC_FINAL|DATAPATH_DC:inst1|Register8x8:inst3|Register4x4:inst1|RFC:inst9|inst1                                      ; |DC_FINAL|DATAPATH_DC:inst1|Register8x8:inst3|Register4x4:inst1|RFC:inst9|inst1                                      ; out              ;
; |DC_FINAL|DATAPATH_DC:inst1|Register8x8:inst3|Register4x4:inst1|RFC:inst9|inst                                       ; |DC_FINAL|DATAPATH_DC:inst1|Register8x8:inst3|Register4x4:inst1|RFC:inst9|inst                                       ; regout           ;
; |DC_FINAL|DATAPATH_DC:inst1|Register8x8:inst3|Register4x4:inst1|RFC:inst9|inst4                                      ; |DC_FINAL|DATAPATH_DC:inst1|Register8x8:inst3|Register4x4:inst1|RFC:inst9|inst4                                      ; out0             ;
; |DC_FINAL|DATAPATH_DC:inst1|Register8x8:inst3|Register4x4:inst1|RFC:inst9|inst3                                      ; |DC_FINAL|DATAPATH_DC:inst1|Register8x8:inst3|Register4x4:inst1|RFC:inst9|inst3                                      ; out0             ;
; |DC_FINAL|DATAPATH_DC:inst1|Register8x8:inst3|Register4x4:inst1|RFC:inst9|inst2                                      ; |DC_FINAL|DATAPATH_DC:inst1|Register8x8:inst3|Register4x4:inst1|RFC:inst9|inst2                                      ; out0             ;
; |DC_FINAL|DATAPATH_DC:inst1|Register8x8:inst3|Register4x4:inst1|RFC:inst5|inst1                                      ; |DC_FINAL|DATAPATH_DC:inst1|Register8x8:inst3|Register4x4:inst1|RFC:inst5|inst1                                      ; out              ;
; |DC_FINAL|DATAPATH_DC:inst1|Register8x8:inst3|Register4x4:inst1|RFC:inst5|inst                                       ; |DC_FINAL|DATAPATH_DC:inst1|Register8x8:inst3|Register4x4:inst1|RFC:inst5|inst                                       ; regout           ;
; |DC_FINAL|DATAPATH_DC:inst1|Register8x8:inst3|Register4x4:inst1|RFC:inst5|inst4                                      ; |DC_FINAL|DATAPATH_DC:inst1|Register8x8:inst3|Register4x4:inst1|RFC:inst5|inst4                                      ; out0             ;
; |DC_FINAL|DATAPATH_DC:inst1|Register8x8:inst3|Register4x4:inst1|RFC:inst5|inst3                                      ; |DC_FINAL|DATAPATH_DC:inst1|Register8x8:inst3|Register4x4:inst1|RFC:inst5|inst3                                      ; out0             ;
; |DC_FINAL|DATAPATH_DC:inst1|Register8x8:inst3|Register4x4:inst1|RFC:inst5|inst2                                      ; |DC_FINAL|DATAPATH_DC:inst1|Register8x8:inst3|Register4x4:inst1|RFC:inst5|inst2                                      ; out0             ;
; |DC_FINAL|DATAPATH_DC:inst1|Register8x8:inst3|Register4x4:inst1|RFC:inst12|inst1                                     ; |DC_FINAL|DATAPATH_DC:inst1|Register8x8:inst3|Register4x4:inst1|RFC:inst12|inst1                                     ; out              ;
; |DC_FINAL|DATAPATH_DC:inst1|Register8x8:inst3|Register4x4:inst1|RFC:inst12|inst                                      ; |DC_FINAL|DATAPATH_DC:inst1|Register8x8:inst3|Register4x4:inst1|RFC:inst12|inst                                      ; regout           ;
; |DC_FINAL|DATAPATH_DC:inst1|Register8x8:inst3|Register4x4:inst1|RFC:inst12|inst2                                     ; |DC_FINAL|DATAPATH_DC:inst1|Register8x8:inst3|Register4x4:inst1|RFC:inst12|inst2                                     ; out0             ;
; |DC_FINAL|DATAPATH_DC:inst1|Register8x8:inst3|Register4x4:inst1|RFC:inst16|inst1                                     ; |DC_FINAL|DATAPATH_DC:inst1|Register8x8:inst3|Register4x4:inst1|RFC:inst16|inst1                                     ; out              ;
; |DC_FINAL|DATAPATH_DC:inst1|Register8x8:inst3|Register4x4:inst1|RFC:inst16|inst                                      ; |DC_FINAL|DATAPATH_DC:inst1|Register8x8:inst3|Register4x4:inst1|RFC:inst16|inst                                      ; regout           ;
; |DC_FINAL|DATAPATH_DC:inst1|Register8x8:inst3|Register4x4:inst1|RFC:inst16|inst4                                     ; |DC_FINAL|DATAPATH_DC:inst1|Register8x8:inst3|Register4x4:inst1|RFC:inst16|inst4                                     ; out0             ;
; |DC_FINAL|DATAPATH_DC:inst1|Register8x8:inst3|Register4x4:inst1|RFC:inst16|inst3                                     ; |DC_FINAL|DATAPATH_DC:inst1|Register8x8:inst3|Register4x4:inst1|RFC:inst16|inst3                                     ; out0             ;
; |DC_FINAL|DATAPATH_DC:inst1|Register8x8:inst3|Register4x4:inst1|RFC:inst16|inst2                                     ; |DC_FINAL|DATAPATH_DC:inst1|Register8x8:inst3|Register4x4:inst1|RFC:inst16|inst2                                     ; out0             ;
; |DC_FINAL|DATAPATH_DC:inst1|Register8x8:inst3|Register4x4:inst1|RFC:inst15|inst1                                     ; |DC_FINAL|DATAPATH_DC:inst1|Register8x8:inst3|Register4x4:inst1|RFC:inst15|inst1                                     ; out              ;
; |DC_FINAL|DATAPATH_DC:inst1|Register8x8:inst3|Register4x4:inst1|RFC:inst15|inst                                      ; |DC_FINAL|DATAPATH_DC:inst1|Register8x8:inst3|Register4x4:inst1|RFC:inst15|inst                                      ; regout           ;
; |DC_FINAL|DATAPATH_DC:inst1|Register8x8:inst3|Register4x4:inst1|RFC:inst15|inst4                                     ; |DC_FINAL|DATAPATH_DC:inst1|Register8x8:inst3|Register4x4:inst1|RFC:inst15|inst4                                     ; out0             ;
; |DC_FINAL|DATAPATH_DC:inst1|Register8x8:inst3|Register4x4:inst1|RFC:inst15|inst3                                     ; |DC_FINAL|DATAPATH_DC:inst1|Register8x8:inst3|Register4x4:inst1|RFC:inst15|inst3                                     ; out0             ;
; |DC_FINAL|DATAPATH_DC:inst1|Register8x8:inst3|Register4x4:inst1|RFC:inst15|inst2                                     ; |DC_FINAL|DATAPATH_DC:inst1|Register8x8:inst3|Register4x4:inst1|RFC:inst15|inst2                                     ; out0             ;
; |DC_FINAL|DATAPATH_DC:inst1|Register8x8:inst3|Register4x4:inst1|RFC:inst11|inst1                                     ; |DC_FINAL|DATAPATH_DC:inst1|Register8x8:inst3|Register4x4:inst1|RFC:inst11|inst1                                     ; out              ;
; |DC_FINAL|DATAPATH_DC:inst1|Register8x8:inst3|Register4x4:inst1|RFC:inst11|inst                                      ; |DC_FINAL|DATAPATH_DC:inst1|Register8x8:inst3|Register4x4:inst1|RFC:inst11|inst                                      ; regout           ;
; |DC_FINAL|DATAPATH_DC:inst1|Register8x8:inst3|Register4x4:inst1|RFC:inst11|inst2                                     ; |DC_FINAL|DATAPATH_DC:inst1|Register8x8:inst3|Register4x4:inst1|RFC:inst11|inst2                                     ; out0             ;
; |DC_FINAL|DATAPATH_DC:inst1|AbsMin:inst5|inst3                                                                       ; |DC_FINAL|DATAPATH_DC:inst1|AbsMin:inst5|inst3                                                                       ; out0             ;
; |DC_FINAL|DATAPATH_DC:inst1|AbsMin:inst5|inst7[7]                                                                    ; |DC_FINAL|DATAPATH_DC:inst1|AbsMin:inst5|inst7[7]                                                                    ; out0             ;
; |DC_FINAL|DATAPATH_DC:inst1|AbsMin:inst5|inst7[6]                                                                    ; |DC_FINAL|DATAPATH_DC:inst1|AbsMin:inst5|inst7[6]                                                                    ; out0             ;
; |DC_FINAL|DATAPATH_DC:inst1|AbsMin:inst5|busmux:inst12|lpm_mux:$00000|mux_smc:auto_generated|result_node[7]~1        ; |DC_FINAL|DATAPATH_DC:inst1|AbsMin:inst5|busmux:inst12|lpm_mux:$00000|mux_smc:auto_generated|result_node[7]~1        ; out0             ;
; |DC_FINAL|DATAPATH_DC:inst1|AbsMin:inst5|busmux:inst12|lpm_mux:$00000|mux_smc:auto_generated|result_node[6]~3        ; |DC_FINAL|DATAPATH_DC:inst1|AbsMin:inst5|busmux:inst12|lpm_mux:$00000|mux_smc:auto_generated|result_node[6]~3        ; out0             ;
; |DC_FINAL|DATAPATH_DC:inst1|AbsMin:inst5|Adder8bit:inst|FullAdder:inst3|inst3                                        ; |DC_FINAL|DATAPATH_DC:inst1|AbsMin:inst5|Adder8bit:inst|FullAdder:inst3|inst3                                        ; out0             ;
; |DC_FINAL|DATAPATH_DC:inst1|AbsMin:inst5|Adder8bit:inst|FullAdder:inst2|inst5                                        ; |DC_FINAL|DATAPATH_DC:inst1|AbsMin:inst5|Adder8bit:inst|FullAdder:inst2|inst5                                        ; out0             ;
; |DC_FINAL|DATAPATH_DC:inst1|AbsMin:inst5|Adder8bit:inst|FullAdder:inst1|inst5                                        ; |DC_FINAL|DATAPATH_DC:inst1|AbsMin:inst5|Adder8bit:inst|FullAdder:inst1|inst5                                        ; out0             ;
; |DC_FINAL|DATAPATH_DC:inst1|AbsMin:inst5|Adder8bit:inst|FullAdder:inst1|inst3                                        ; |DC_FINAL|DATAPATH_DC:inst1|AbsMin:inst5|Adder8bit:inst|FullAdder:inst1|inst3                                        ; out0             ;
; |DC_FINAL|DATAPATH_DC:inst1|AbsMin:inst5|busmux:inst10|lpm_mux:$00000|mux_smc:auto_generated|result_node[7]~0        ; |DC_FINAL|DATAPATH_DC:inst1|AbsMin:inst5|busmux:inst10|lpm_mux:$00000|mux_smc:auto_generated|result_node[7]~0        ; out0             ;
; |DC_FINAL|DATAPATH_DC:inst1|AbsMin:inst5|busmux:inst10|lpm_mux:$00000|mux_smc:auto_generated|result_node[7]~1        ; |DC_FINAL|DATAPATH_DC:inst1|AbsMin:inst5|busmux:inst10|lpm_mux:$00000|mux_smc:auto_generated|result_node[7]~1        ; out0             ;
; |DC_FINAL|DATAPATH_DC:inst1|AbsMin:inst5|busmux:inst10|lpm_mux:$00000|mux_smc:auto_generated|result_node[7]          ; |DC_FINAL|DATAPATH_DC:inst1|AbsMin:inst5|busmux:inst10|lpm_mux:$00000|mux_smc:auto_generated|result_node[7]          ; out0             ;
; |DC_FINAL|DATAPATH_DC:inst1|AbsMin:inst5|busmux:inst10|lpm_mux:$00000|mux_smc:auto_generated|result_node[6]~2        ; |DC_FINAL|DATAPATH_DC:inst1|AbsMin:inst5|busmux:inst10|lpm_mux:$00000|mux_smc:auto_generated|result_node[6]~2        ; out0             ;
; |DC_FINAL|DATAPATH_DC:inst1|AbsMin:inst5|busmux:inst10|lpm_mux:$00000|mux_smc:auto_generated|result_node[6]~3        ; |DC_FINAL|DATAPATH_DC:inst1|AbsMin:inst5|busmux:inst10|lpm_mux:$00000|mux_smc:auto_generated|result_node[6]~3        ; out0             ;
; |DC_FINAL|DATAPATH_DC:inst1|AbsMin:inst5|busmux:inst10|lpm_mux:$00000|mux_smc:auto_generated|result_node[6]          ; |DC_FINAL|DATAPATH_DC:inst1|AbsMin:inst5|busmux:inst10|lpm_mux:$00000|mux_smc:auto_generated|result_node[6]          ; out0             ;
; |DC_FINAL|DATAPATH_DC:inst1|AbsMin:inst5|busmux:inst10|lpm_mux:$00000|mux_smc:auto_generated|result_node[5]~4        ; |DC_FINAL|DATAPATH_DC:inst1|AbsMin:inst5|busmux:inst10|lpm_mux:$00000|mux_smc:auto_generated|result_node[5]~4        ; out0             ;
; |DC_FINAL|DATAPATH_DC:inst1|mux41_8bit:inst|busmux:inst1|lpm_mux:$00000|mux_smc:auto_generated|result_node[7]~1      ; |DC_FINAL|DATAPATH_DC:inst1|mux41_8bit:inst|busmux:inst1|lpm_mux:$00000|mux_smc:auto_generated|result_node[7]~1      ; out0             ;
; |DC_FINAL|DATAPATH_DC:inst1|mux41_8bit:inst|busmux:inst1|lpm_mux:$00000|mux_smc:auto_generated|result_node[6]~3      ; |DC_FINAL|DATAPATH_DC:inst1|mux41_8bit:inst|busmux:inst1|lpm_mux:$00000|mux_smc:auto_generated|result_node[6]~3      ; out0             ;
; |DC_FINAL|DATAPATH_DC:inst1|mux41_8bit:inst|busmux:inst|lpm_mux:$00000|mux_smc:auto_generated|result_node[7]~0       ; |DC_FINAL|DATAPATH_DC:inst1|mux41_8bit:inst|busmux:inst|lpm_mux:$00000|mux_smc:auto_generated|result_node[7]~0       ; out0             ;
; |DC_FINAL|DATAPATH_DC:inst1|mux41_8bit:inst|busmux:inst|lpm_mux:$00000|mux_smc:auto_generated|result_node[7]~1       ; |DC_FINAL|DATAPATH_DC:inst1|mux41_8bit:inst|busmux:inst|lpm_mux:$00000|mux_smc:auto_generated|result_node[7]~1       ; out0             ;
; |DC_FINAL|DATAPATH_DC:inst1|mux41_8bit:inst|busmux:inst|lpm_mux:$00000|mux_smc:auto_generated|result_node[7]         ; |DC_FINAL|DATAPATH_DC:inst1|mux41_8bit:inst|busmux:inst|lpm_mux:$00000|mux_smc:auto_generated|result_node[7]         ; out0             ;
; |DC_FINAL|DATAPATH_DC:inst1|mux41_8bit:inst|busmux:inst|lpm_mux:$00000|mux_smc:auto_generated|result_node[6]~2       ; |DC_FINAL|DATAPATH_DC:inst1|mux41_8bit:inst|busmux:inst|lpm_mux:$00000|mux_smc:auto_generated|result_node[6]~2       ; out0             ;
; |DC_FINAL|DATAPATH_DC:inst1|mux41_8bit:inst|busmux:inst|lpm_mux:$00000|mux_smc:auto_generated|result_node[6]~3       ; |DC_FINAL|DATAPATH_DC:inst1|mux41_8bit:inst|busmux:inst|lpm_mux:$00000|mux_smc:auto_generated|result_node[6]~3       ; out0             ;
; |DC_FINAL|DATAPATH_DC:inst1|mux41_8bit:inst|busmux:inst|lpm_mux:$00000|mux_smc:auto_generated|result_node[6]         ; |DC_FINAL|DATAPATH_DC:inst1|mux41_8bit:inst|busmux:inst|lpm_mux:$00000|mux_smc:auto_generated|result_node[6]         ; out0             ;
; |DC_FINAL|DATAPATH_DC:inst1|mux41_8bit:inst|busmux:inst|lpm_mux:$00000|mux_smc:auto_generated|result_node[5]~4       ; |DC_FINAL|DATAPATH_DC:inst1|mux41_8bit:inst|busmux:inst|lpm_mux:$00000|mux_smc:auto_generated|result_node[5]~4       ; out0             ;
; |DC_FINAL|DATAPATH_DC:inst1|mux41_8bit:inst|busmux:inst|lpm_mux:$00000|mux_smc:auto_generated|result_node[3]~8       ; |DC_FINAL|DATAPATH_DC:inst1|mux41_8bit:inst|busmux:inst|lpm_mux:$00000|mux_smc:auto_generated|result_node[3]~8       ; out0             ;
; |DC_FINAL|DATAPATH_DC:inst1|mux41_8bit:inst|busmux:inst|lpm_mux:$00000|mux_smc:auto_generated|result_node[2]~10      ; |DC_FINAL|DATAPATH_DC:inst1|mux41_8bit:inst|busmux:inst|lpm_mux:$00000|mux_smc:auto_generated|result_node[2]~10      ; out0             ;
; |DC_FINAL|DATAPATH_DC:inst1|mux41_8bit:inst|busmux:inst|lpm_mux:$00000|mux_smc:auto_generated|result_node[1]~12      ; |DC_FINAL|DATAPATH_DC:inst1|mux41_8bit:inst|busmux:inst|lpm_mux:$00000|mux_smc:auto_generated|result_node[1]~12      ; out0             ;
; |DC_FINAL|DATAPATH_DC:inst1|mux41_8bit:inst|busmux:inst|lpm_mux:$00000|mux_smc:auto_generated|result_node[0]~14      ; |DC_FINAL|DATAPATH_DC:inst1|mux41_8bit:inst|busmux:inst|lpm_mux:$00000|mux_smc:auto_generated|result_node[0]~14      ; out0             ;
; |DC_FINAL|DATAPATH_DC:inst1|mux41_8bit:inst|busmux:inst2|lpm_mux:$00000|mux_smc:auto_generated|result_node[7]~0      ; |DC_FINAL|DATAPATH_DC:inst1|mux41_8bit:inst|busmux:inst2|lpm_mux:$00000|mux_smc:auto_generated|result_node[7]~0      ; out0             ;
; |DC_FINAL|DATAPATH_DC:inst1|mux41_8bit:inst|busmux:inst2|lpm_mux:$00000|mux_smc:auto_generated|result_node[7]~1      ; |DC_FINAL|DATAPATH_DC:inst1|mux41_8bit:inst|busmux:inst2|lpm_mux:$00000|mux_smc:auto_generated|result_node[7]~1      ; out0             ;
; |DC_FINAL|DATAPATH_DC:inst1|mux41_8bit:inst|busmux:inst2|lpm_mux:$00000|mux_smc:auto_generated|result_node[7]        ; |DC_FINAL|DATAPATH_DC:inst1|mux41_8bit:inst|busmux:inst2|lpm_mux:$00000|mux_smc:auto_generated|result_node[7]        ; out0             ;
; |DC_FINAL|DATAPATH_DC:inst1|mux41_8bit:inst|busmux:inst2|lpm_mux:$00000|mux_smc:auto_generated|result_node[6]~2      ; |DC_FINAL|DATAPATH_DC:inst1|mux41_8bit:inst|busmux:inst2|lpm_mux:$00000|mux_smc:auto_generated|result_node[6]~2      ; out0             ;
; |DC_FINAL|DATAPATH_DC:inst1|mux41_8bit:inst|busmux:inst2|lpm_mux:$00000|mux_smc:auto_generated|result_node[6]~3      ; |DC_FINAL|DATAPATH_DC:inst1|mux41_8bit:inst|busmux:inst2|lpm_mux:$00000|mux_smc:auto_generated|result_node[6]~3      ; out0             ;
; |DC_FINAL|DATAPATH_DC:inst1|mux41_8bit:inst|busmux:inst2|lpm_mux:$00000|mux_smc:auto_generated|result_node[6]        ; |DC_FINAL|DATAPATH_DC:inst1|mux41_8bit:inst|busmux:inst2|lpm_mux:$00000|mux_smc:auto_generated|result_node[6]        ; out0             ;
; |DC_FINAL|DATAPATH_DC:inst1|Register4x8:inst2|Register4x4:inst|A[3]                                                  ; |DC_FINAL|DATAPATH_DC:inst1|Register4x8:inst2|Register4x4:inst|A[3]                                                  ; out0             ;
; |DC_FINAL|DATAPATH_DC:inst1|Register4x8:inst2|Register4x4:inst|A[2]                                                  ; |DC_FINAL|DATAPATH_DC:inst1|Register4x8:inst2|Register4x4:inst|A[2]                                                  ; out0             ;
; |DC_FINAL|DATAPATH_DC:inst1|Register4x8:inst2|Register4x4:inst|RFC:inst18|inst1                                      ; |DC_FINAL|DATAPATH_DC:inst1|Register4x8:inst2|Register4x4:inst|RFC:inst18|inst1                                      ; out              ;
; |DC_FINAL|DATAPATH_DC:inst1|Register4x8:inst2|Register4x4:inst|RFC:inst18|inst                                       ; |DC_FINAL|DATAPATH_DC:inst1|Register4x8:inst2|Register4x4:inst|RFC:inst18|inst                                       ; regout           ;
; |DC_FINAL|DATAPATH_DC:inst1|Register4x8:inst2|Register4x4:inst|RFC:inst18|inst2                                      ; |DC_FINAL|DATAPATH_DC:inst1|Register4x8:inst2|Register4x4:inst|RFC:inst18|inst2                                      ; out0             ;
; |DC_FINAL|DATAPATH_DC:inst1|Register4x8:inst2|Register4x4:inst|RFC:inst13|inst1                                      ; |DC_FINAL|DATAPATH_DC:inst1|Register4x8:inst2|Register4x4:inst|RFC:inst13|inst1                                      ; out              ;
; |DC_FINAL|DATAPATH_DC:inst1|Register4x8:inst2|Register4x4:inst|RFC:inst13|inst                                       ; |DC_FINAL|DATAPATH_DC:inst1|Register4x8:inst2|Register4x4:inst|RFC:inst13|inst                                       ; regout           ;
; |DC_FINAL|DATAPATH_DC:inst1|Register4x8:inst2|Register4x4:inst|RFC:inst13|inst4                                      ; |DC_FINAL|DATAPATH_DC:inst1|Register4x8:inst2|Register4x4:inst|RFC:inst13|inst4                                      ; out0             ;
; |DC_FINAL|DATAPATH_DC:inst1|Register4x8:inst2|Register4x4:inst|RFC:inst13|inst3                                      ; |DC_FINAL|DATAPATH_DC:inst1|Register4x8:inst2|Register4x4:inst|RFC:inst13|inst3                                      ; out0             ;
; |DC_FINAL|DATAPATH_DC:inst1|Register4x8:inst2|Register4x4:inst|RFC:inst13|inst2                                      ; |DC_FINAL|DATAPATH_DC:inst1|Register4x8:inst2|Register4x4:inst|RFC:inst13|inst2                                      ; out0             ;
; |DC_FINAL|DATAPATH_DC:inst1|Register4x8:inst2|Register4x4:inst|RFC:inst9|inst1                                       ; |DC_FINAL|DATAPATH_DC:inst1|Register4x8:inst2|Register4x4:inst|RFC:inst9|inst1                                       ; out              ;
; |DC_FINAL|DATAPATH_DC:inst1|Register4x8:inst2|Register4x4:inst|RFC:inst9|inst                                        ; |DC_FINAL|DATAPATH_DC:inst1|Register4x8:inst2|Register4x4:inst|RFC:inst9|inst                                        ; regout           ;
; |DC_FINAL|DATAPATH_DC:inst1|Register4x8:inst2|Register4x4:inst|RFC:inst9|inst4                                       ; |DC_FINAL|DATAPATH_DC:inst1|Register4x8:inst2|Register4x4:inst|RFC:inst9|inst4                                       ; out0             ;
; |DC_FINAL|DATAPATH_DC:inst1|Register4x8:inst2|Register4x4:inst|RFC:inst9|inst3                                       ; |DC_FINAL|DATAPATH_DC:inst1|Register4x8:inst2|Register4x4:inst|RFC:inst9|inst3                                       ; out0             ;
; |DC_FINAL|DATAPATH_DC:inst1|Register4x8:inst2|Register4x4:inst|RFC:inst9|inst2                                       ; |DC_FINAL|DATAPATH_DC:inst1|Register4x8:inst2|Register4x4:inst|RFC:inst9|inst2                                       ; out0             ;
; |DC_FINAL|DATAPATH_DC:inst1|Register4x8:inst2|Register4x4:inst|RFC:inst5|inst1                                       ; |DC_FINAL|DATAPATH_DC:inst1|Register4x8:inst2|Register4x4:inst|RFC:inst5|inst1                                       ; out              ;
; |DC_FINAL|DATAPATH_DC:inst1|Register4x8:inst2|Register4x4:inst|RFC:inst5|inst                                        ; |DC_FINAL|DATAPATH_DC:inst1|Register4x8:inst2|Register4x4:inst|RFC:inst5|inst                                        ; regout           ;
; |DC_FINAL|DATAPATH_DC:inst1|Register4x8:inst2|Register4x4:inst|RFC:inst5|inst2                                       ; |DC_FINAL|DATAPATH_DC:inst1|Register4x8:inst2|Register4x4:inst|RFC:inst5|inst2                                       ; out0             ;
; |DC_FINAL|DATAPATH_DC:inst1|Register4x8:inst2|Register4x4:inst|RFC:inst8|inst1                                       ; |DC_FINAL|DATAPATH_DC:inst1|Register4x8:inst2|Register4x4:inst|RFC:inst8|inst1                                       ; out              ;
; |DC_FINAL|DATAPATH_DC:inst1|Register4x8:inst2|Register4x4:inst|RFC:inst8|inst                                        ; |DC_FINAL|DATAPATH_DC:inst1|Register4x8:inst2|Register4x4:inst|RFC:inst8|inst                                        ; regout           ;
; |DC_FINAL|DATAPATH_DC:inst1|Register4x8:inst2|Register4x4:inst|RFC:inst8|inst4                                       ; |DC_FINAL|DATAPATH_DC:inst1|Register4x8:inst2|Register4x4:inst|RFC:inst8|inst4                                       ; out0             ;
; |DC_FINAL|DATAPATH_DC:inst1|Register4x8:inst2|Register4x4:inst|RFC:inst8|inst3                                       ; |DC_FINAL|DATAPATH_DC:inst1|Register4x8:inst2|Register4x4:inst|RFC:inst8|inst3                                       ; out0             ;
; |DC_FINAL|DATAPATH_DC:inst1|Register4x8:inst2|Register4x4:inst|RFC:inst8|inst2                                       ; |DC_FINAL|DATAPATH_DC:inst1|Register4x8:inst2|Register4x4:inst|RFC:inst8|inst2                                       ; out0             ;
; |DC_FINAL|DATAPATH_DC:inst1|Register4x8:inst2|Register4x4:inst|RFC:inst12|inst1                                      ; |DC_FINAL|DATAPATH_DC:inst1|Register4x8:inst2|Register4x4:inst|RFC:inst12|inst1                                      ; out              ;
; |DC_FINAL|DATAPATH_DC:inst1|Register4x8:inst2|Register4x4:inst|RFC:inst12|inst                                       ; |DC_FINAL|DATAPATH_DC:inst1|Register4x8:inst2|Register4x4:inst|RFC:inst12|inst                                       ; regout           ;
; |DC_FINAL|DATAPATH_DC:inst1|Register4x8:inst2|Register4x4:inst|RFC:inst12|inst4                                      ; |DC_FINAL|DATAPATH_DC:inst1|Register4x8:inst2|Register4x4:inst|RFC:inst12|inst4                                      ; out0             ;
; |DC_FINAL|DATAPATH_DC:inst1|Register4x8:inst2|Register4x4:inst|RFC:inst12|inst3                                      ; |DC_FINAL|DATAPATH_DC:inst1|Register4x8:inst2|Register4x4:inst|RFC:inst12|inst3                                      ; out0             ;
; |DC_FINAL|DATAPATH_DC:inst1|Register4x8:inst2|Register4x4:inst|RFC:inst12|inst2                                      ; |DC_FINAL|DATAPATH_DC:inst1|Register4x8:inst2|Register4x4:inst|RFC:inst12|inst2                                      ; out0             ;
; |DC_FINAL|DATAPATH_DC:inst1|Register4x8:inst2|Register4x4:inst|RFC:inst16|inst1                                      ; |DC_FINAL|DATAPATH_DC:inst1|Register4x8:inst2|Register4x4:inst|RFC:inst16|inst1                                      ; out              ;
; |DC_FINAL|DATAPATH_DC:inst1|Register4x8:inst2|Register4x4:inst|RFC:inst16|inst                                       ; |DC_FINAL|DATAPATH_DC:inst1|Register4x8:inst2|Register4x4:inst|RFC:inst16|inst                                       ; regout           ;
; |DC_FINAL|DATAPATH_DC:inst1|Register4x8:inst2|Register4x4:inst|RFC:inst16|inst4                                      ; |DC_FINAL|DATAPATH_DC:inst1|Register4x8:inst2|Register4x4:inst|RFC:inst16|inst4                                      ; out0             ;
; |DC_FINAL|DATAPATH_DC:inst1|Register4x8:inst2|Register4x4:inst|RFC:inst16|inst3                                      ; |DC_FINAL|DATAPATH_DC:inst1|Register4x8:inst2|Register4x4:inst|RFC:inst16|inst3                                      ; out0             ;
; |DC_FINAL|DATAPATH_DC:inst1|Register4x8:inst2|Register4x4:inst|RFC:inst16|inst2                                      ; |DC_FINAL|DATAPATH_DC:inst1|Register4x8:inst2|Register4x4:inst|RFC:inst16|inst2                                      ; out0             ;
; |DC_FINAL|DATAPATH_DC:inst1|Register4x8:inst2|Register4x4:inst|RFC:inst4|inst1                                       ; |DC_FINAL|DATAPATH_DC:inst1|Register4x8:inst2|Register4x4:inst|RFC:inst4|inst1                                       ; out              ;
; |DC_FINAL|DATAPATH_DC:inst1|Register4x8:inst2|Register4x4:inst|RFC:inst4|inst                                        ; |DC_FINAL|DATAPATH_DC:inst1|Register4x8:inst2|Register4x4:inst|RFC:inst4|inst                                        ; regout           ;
; |DC_FINAL|DATAPATH_DC:inst1|Register4x8:inst2|Register4x4:inst|RFC:inst4|inst4                                       ; |DC_FINAL|DATAPATH_DC:inst1|Register4x8:inst2|Register4x4:inst|RFC:inst4|inst4                                       ; out0             ;
; |DC_FINAL|DATAPATH_DC:inst1|Register4x8:inst2|Register4x4:inst|RFC:inst4|inst3                                       ; |DC_FINAL|DATAPATH_DC:inst1|Register4x8:inst2|Register4x4:inst|RFC:inst4|inst3                                       ; out0             ;
; |DC_FINAL|DATAPATH_DC:inst1|Register4x8:inst2|Register4x4:inst|RFC:inst4|inst2                                       ; |DC_FINAL|DATAPATH_DC:inst1|Register4x8:inst2|Register4x4:inst|RFC:inst4|inst2                                       ; out0             ;
; |DC_FINAL|DATAPATH_DC:inst1|Register4x8:inst2|Register4x4:inst|RFC:inst15|inst1                                      ; |DC_FINAL|DATAPATH_DC:inst1|Register4x8:inst2|Register4x4:inst|RFC:inst15|inst1                                      ; out              ;
; |DC_FINAL|DATAPATH_DC:inst1|Register4x8:inst2|Register4x4:inst|RFC:inst15|inst                                       ; |DC_FINAL|DATAPATH_DC:inst1|Register4x8:inst2|Register4x4:inst|RFC:inst15|inst                                       ; regout           ;
; |DC_FINAL|DATAPATH_DC:inst1|Register4x8:inst2|Register4x4:inst|RFC:inst15|inst4                                      ; |DC_FINAL|DATAPATH_DC:inst1|Register4x8:inst2|Register4x4:inst|RFC:inst15|inst4                                      ; out0             ;
; |DC_FINAL|DATAPATH_DC:inst1|Register4x8:inst2|Register4x4:inst|RFC:inst15|inst3                                      ; |DC_FINAL|DATAPATH_DC:inst1|Register4x8:inst2|Register4x4:inst|RFC:inst15|inst3                                      ; out0             ;
; |DC_FINAL|DATAPATH_DC:inst1|Register4x8:inst2|Register4x4:inst|RFC:inst15|inst2                                      ; |DC_FINAL|DATAPATH_DC:inst1|Register4x8:inst2|Register4x4:inst|RFC:inst15|inst2                                      ; out0             ;
; |DC_FINAL|DATAPATH_DC:inst1|Register4x8:inst2|Register4x4:inst|RFC:inst11|inst1                                      ; |DC_FINAL|DATAPATH_DC:inst1|Register4x8:inst2|Register4x4:inst|RFC:inst11|inst1                                      ; out              ;
; |DC_FINAL|DATAPATH_DC:inst1|Register4x8:inst2|Register4x4:inst|RFC:inst11|inst                                       ; |DC_FINAL|DATAPATH_DC:inst1|Register4x8:inst2|Register4x4:inst|RFC:inst11|inst                                       ; regout           ;
; |DC_FINAL|DATAPATH_DC:inst1|Register4x8:inst2|Register4x4:inst|RFC:inst11|inst4                                      ; |DC_FINAL|DATAPATH_DC:inst1|Register4x8:inst2|Register4x4:inst|RFC:inst11|inst4                                      ; out0             ;
; |DC_FINAL|DATAPATH_DC:inst1|Register4x8:inst2|Register4x4:inst|RFC:inst11|inst3                                      ; |DC_FINAL|DATAPATH_DC:inst1|Register4x8:inst2|Register4x4:inst|RFC:inst11|inst3                                      ; out0             ;
; |DC_FINAL|DATAPATH_DC:inst1|Register4x8:inst2|Register4x4:inst|RFC:inst11|inst2                                      ; |DC_FINAL|DATAPATH_DC:inst1|Register4x8:inst2|Register4x4:inst|RFC:inst11|inst2                                      ; out0             ;
; |DC_FINAL|DATAPATH_DC:inst1|Register4x8:inst2|Register4x4:inst|RFC:inst7|inst1                                       ; |DC_FINAL|DATAPATH_DC:inst1|Register4x8:inst2|Register4x4:inst|RFC:inst7|inst1                                       ; out              ;
; |DC_FINAL|DATAPATH_DC:inst1|Register4x8:inst2|Register4x4:inst|RFC:inst7|inst                                        ; |DC_FINAL|DATAPATH_DC:inst1|Register4x8:inst2|Register4x4:inst|RFC:inst7|inst                                        ; regout           ;
; |DC_FINAL|DATAPATH_DC:inst1|Register4x8:inst2|Register4x4:inst|RFC:inst7|inst4                                       ; |DC_FINAL|DATAPATH_DC:inst1|Register4x8:inst2|Register4x4:inst|RFC:inst7|inst4                                       ; out0             ;
; |DC_FINAL|DATAPATH_DC:inst1|Register4x8:inst2|Register4x4:inst|RFC:inst7|inst3                                       ; |DC_FINAL|DATAPATH_DC:inst1|Register4x8:inst2|Register4x4:inst|RFC:inst7|inst3                                       ; out0             ;
; |DC_FINAL|DATAPATH_DC:inst1|Register4x8:inst2|Register4x4:inst|RFC:inst7|inst2                                       ; |DC_FINAL|DATAPATH_DC:inst1|Register4x8:inst2|Register4x4:inst|RFC:inst7|inst2                                       ; out0             ;
; |DC_FINAL|DATAPATH_DC:inst1|Register4x8:inst2|Register4x4:inst|RFC:inst3|inst1                                       ; |DC_FINAL|DATAPATH_DC:inst1|Register4x8:inst2|Register4x4:inst|RFC:inst3|inst1                                       ; out              ;
; |DC_FINAL|DATAPATH_DC:inst1|Register4x8:inst2|Register4x4:inst|RFC:inst3|inst                                        ; |DC_FINAL|DATAPATH_DC:inst1|Register4x8:inst2|Register4x4:inst|RFC:inst3|inst                                        ; regout           ;
; |DC_FINAL|DATAPATH_DC:inst1|Register4x8:inst2|Register4x4:inst|RFC:inst3|inst4                                       ; |DC_FINAL|DATAPATH_DC:inst1|Register4x8:inst2|Register4x4:inst|RFC:inst3|inst4                                       ; out0             ;
; |DC_FINAL|DATAPATH_DC:inst1|Register4x8:inst2|Register4x4:inst|RFC:inst3|inst3                                       ; |DC_FINAL|DATAPATH_DC:inst1|Register4x8:inst2|Register4x4:inst|RFC:inst3|inst3                                       ; out0             ;
; |DC_FINAL|DATAPATH_DC:inst1|Register4x8:inst2|Register4x4:inst|RFC:inst3|inst2                                       ; |DC_FINAL|DATAPATH_DC:inst1|Register4x8:inst2|Register4x4:inst|RFC:inst3|inst2                                       ; out0             ;
; |DC_FINAL|DATAPATH_DC:inst1|Register4x8:inst2|Register4x4:inst1|RFC:inst14|inst1                                     ; |DC_FINAL|DATAPATH_DC:inst1|Register4x8:inst2|Register4x4:inst1|RFC:inst14|inst1                                     ; out              ;
; |DC_FINAL|DATAPATH_DC:inst1|Register4x8:inst2|Register4x4:inst1|RFC:inst14|inst                                      ; |DC_FINAL|DATAPATH_DC:inst1|Register4x8:inst2|Register4x4:inst1|RFC:inst14|inst                                      ; regout           ;
; |DC_FINAL|DATAPATH_DC:inst1|Register4x8:inst2|Register4x4:inst1|RFC:inst14|inst4                                     ; |DC_FINAL|DATAPATH_DC:inst1|Register4x8:inst2|Register4x4:inst1|RFC:inst14|inst4                                     ; out0             ;
; |DC_FINAL|DATAPATH_DC:inst1|Register4x8:inst2|Register4x4:inst1|RFC:inst14|inst3                                     ; |DC_FINAL|DATAPATH_DC:inst1|Register4x8:inst2|Register4x4:inst1|RFC:inst14|inst3                                     ; out0             ;
; |DC_FINAL|DATAPATH_DC:inst1|Register4x8:inst2|Register4x4:inst1|RFC:inst14|inst2                                     ; |DC_FINAL|DATAPATH_DC:inst1|Register4x8:inst2|Register4x4:inst1|RFC:inst14|inst2                                     ; out0             ;
; |DC_FINAL|DATAPATH_DC:inst1|Register4x8:inst2|Register4x4:inst1|RFC:inst17|inst1                                     ; |DC_FINAL|DATAPATH_DC:inst1|Register4x8:inst2|Register4x4:inst1|RFC:inst17|inst1                                     ; out              ;
; |DC_FINAL|DATAPATH_DC:inst1|Register4x8:inst2|Register4x4:inst1|RFC:inst17|inst                                      ; |DC_FINAL|DATAPATH_DC:inst1|Register4x8:inst2|Register4x4:inst1|RFC:inst17|inst                                      ; regout           ;
; |DC_FINAL|DATAPATH_DC:inst1|Register4x8:inst2|Register4x4:inst1|RFC:inst17|inst4                                     ; |DC_FINAL|DATAPATH_DC:inst1|Register4x8:inst2|Register4x4:inst1|RFC:inst17|inst4                                     ; out0             ;
; |DC_FINAL|DATAPATH_DC:inst1|Register4x8:inst2|Register4x4:inst1|RFC:inst17|inst3                                     ; |DC_FINAL|DATAPATH_DC:inst1|Register4x8:inst2|Register4x4:inst1|RFC:inst17|inst3                                     ; out0             ;
; |DC_FINAL|DATAPATH_DC:inst1|Register4x8:inst2|Register4x4:inst1|RFC:inst17|inst2                                     ; |DC_FINAL|DATAPATH_DC:inst1|Register4x8:inst2|Register4x4:inst1|RFC:inst17|inst2                                     ; out0             ;
; |DC_FINAL|DATAPATH_DC:inst1|Register4x8:inst2|Register4x4:inst1|RFC:inst13|inst1                                     ; |DC_FINAL|DATAPATH_DC:inst1|Register4x8:inst2|Register4x4:inst1|RFC:inst13|inst1                                     ; out              ;
; |DC_FINAL|DATAPATH_DC:inst1|Register4x8:inst2|Register4x4:inst1|RFC:inst13|inst                                      ; |DC_FINAL|DATAPATH_DC:inst1|Register4x8:inst2|Register4x4:inst1|RFC:inst13|inst                                      ; regout           ;
; |DC_FINAL|DATAPATH_DC:inst1|Register4x8:inst2|Register4x4:inst1|RFC:inst13|inst4                                     ; |DC_FINAL|DATAPATH_DC:inst1|Register4x8:inst2|Register4x4:inst1|RFC:inst13|inst4                                     ; out0             ;
; |DC_FINAL|DATAPATH_DC:inst1|Register4x8:inst2|Register4x4:inst1|RFC:inst13|inst3                                     ; |DC_FINAL|DATAPATH_DC:inst1|Register4x8:inst2|Register4x4:inst1|RFC:inst13|inst3                                     ; out0             ;
; |DC_FINAL|DATAPATH_DC:inst1|Register4x8:inst2|Register4x4:inst1|RFC:inst13|inst2                                     ; |DC_FINAL|DATAPATH_DC:inst1|Register4x8:inst2|Register4x4:inst1|RFC:inst13|inst2                                     ; out0             ;
; |DC_FINAL|DATAPATH_DC:inst1|Register4x8:inst2|Register4x4:inst1|RFC:inst5|inst4                                      ; |DC_FINAL|DATAPATH_DC:inst1|Register4x8:inst2|Register4x4:inst1|RFC:inst5|inst4                                      ; out0             ;
; |DC_FINAL|DATAPATH_DC:inst1|Register4x8:inst2|Register4x4:inst1|RFC:inst5|inst3                                      ; |DC_FINAL|DATAPATH_DC:inst1|Register4x8:inst2|Register4x4:inst1|RFC:inst5|inst3                                      ; out0             ;
; |DC_FINAL|DATAPATH_DC:inst1|Register4x8:inst2|Register4x4:inst1|RFC:inst8|inst1                                      ; |DC_FINAL|DATAPATH_DC:inst1|Register4x8:inst2|Register4x4:inst1|RFC:inst8|inst1                                      ; out              ;
; |DC_FINAL|DATAPATH_DC:inst1|Register4x8:inst2|Register4x4:inst1|RFC:inst8|inst                                       ; |DC_FINAL|DATAPATH_DC:inst1|Register4x8:inst2|Register4x4:inst1|RFC:inst8|inst                                       ; regout           ;
; |DC_FINAL|DATAPATH_DC:inst1|Register4x8:inst2|Register4x4:inst1|RFC:inst8|inst4                                      ; |DC_FINAL|DATAPATH_DC:inst1|Register4x8:inst2|Register4x4:inst1|RFC:inst8|inst4                                      ; out0             ;
; |DC_FINAL|DATAPATH_DC:inst1|Register4x8:inst2|Register4x4:inst1|RFC:inst8|inst3                                      ; |DC_FINAL|DATAPATH_DC:inst1|Register4x8:inst2|Register4x4:inst1|RFC:inst8|inst3                                      ; out0             ;
; |DC_FINAL|DATAPATH_DC:inst1|Register4x8:inst2|Register4x4:inst1|RFC:inst8|inst2                                      ; |DC_FINAL|DATAPATH_DC:inst1|Register4x8:inst2|Register4x4:inst1|RFC:inst8|inst2                                      ; out0             ;
; |DC_FINAL|DATAPATH_DC:inst1|Register4x8:inst2|Register4x4:inst1|RFC:inst4|inst1                                      ; |DC_FINAL|DATAPATH_DC:inst1|Register4x8:inst2|Register4x4:inst1|RFC:inst4|inst1                                      ; out              ;
; |DC_FINAL|DATAPATH_DC:inst1|Register4x8:inst2|Register4x4:inst1|RFC:inst4|inst                                       ; |DC_FINAL|DATAPATH_DC:inst1|Register4x8:inst2|Register4x4:inst1|RFC:inst4|inst                                       ; regout           ;
; |DC_FINAL|DATAPATH_DC:inst1|Register4x8:inst2|Register4x4:inst1|RFC:inst4|inst2                                      ; |DC_FINAL|DATAPATH_DC:inst1|Register4x8:inst2|Register4x4:inst1|RFC:inst4|inst2                                      ; out0             ;
; |DC_FINAL|DATAPATH_DC:inst1|Register4x8:inst2|Register4x4:inst1|RFC:inst15|inst1                                     ; |DC_FINAL|DATAPATH_DC:inst1|Register4x8:inst2|Register4x4:inst1|RFC:inst15|inst1                                     ; out              ;
; |DC_FINAL|DATAPATH_DC:inst1|Register4x8:inst2|Register4x4:inst1|RFC:inst15|inst                                      ; |DC_FINAL|DATAPATH_DC:inst1|Register4x8:inst2|Register4x4:inst1|RFC:inst15|inst                                      ; regout           ;
; |DC_FINAL|DATAPATH_DC:inst1|Register4x8:inst2|Register4x4:inst1|RFC:inst15|inst2                                     ; |DC_FINAL|DATAPATH_DC:inst1|Register4x8:inst2|Register4x4:inst1|RFC:inst15|inst2                                     ; out0             ;
; |DC_FINAL|DATAPATH_DC:inst1|Register4x8:inst2|Register4x4:inst1|RFC:inst7|inst1                                      ; |DC_FINAL|DATAPATH_DC:inst1|Register4x8:inst2|Register4x4:inst1|RFC:inst7|inst1                                      ; out              ;
; |DC_FINAL|DATAPATH_DC:inst1|Register4x8:inst2|Register4x4:inst1|RFC:inst7|inst                                       ; |DC_FINAL|DATAPATH_DC:inst1|Register4x8:inst2|Register4x4:inst1|RFC:inst7|inst                                       ; regout           ;
; |DC_FINAL|DATAPATH_DC:inst1|Register4x8:inst2|Register4x4:inst1|RFC:inst7|inst4                                      ; |DC_FINAL|DATAPATH_DC:inst1|Register4x8:inst2|Register4x4:inst1|RFC:inst7|inst4                                      ; out0             ;
; |DC_FINAL|DATAPATH_DC:inst1|Register4x8:inst2|Register4x4:inst1|RFC:inst7|inst3                                      ; |DC_FINAL|DATAPATH_DC:inst1|Register4x8:inst2|Register4x4:inst1|RFC:inst7|inst3                                      ; out0             ;
; |DC_FINAL|DATAPATH_DC:inst1|Register4x8:inst2|Register4x4:inst1|RFC:inst7|inst2                                      ; |DC_FINAL|DATAPATH_DC:inst1|Register4x8:inst2|Register4x4:inst1|RFC:inst7|inst2                                      ; out0             ;
; |DC_FINAL|DATAPATH_DC:inst1|Register4x8:inst2|Register4x4:inst1|RFC:inst3|inst1                                      ; |DC_FINAL|DATAPATH_DC:inst1|Register4x8:inst2|Register4x4:inst1|RFC:inst3|inst1                                      ; out              ;
; |DC_FINAL|DATAPATH_DC:inst1|Register4x8:inst2|Register4x4:inst1|RFC:inst3|inst                                       ; |DC_FINAL|DATAPATH_DC:inst1|Register4x8:inst2|Register4x4:inst1|RFC:inst3|inst                                       ; regout           ;
; |DC_FINAL|DATAPATH_DC:inst1|Register4x8:inst2|Register4x4:inst1|RFC:inst3|inst4                                      ; |DC_FINAL|DATAPATH_DC:inst1|Register4x8:inst2|Register4x4:inst1|RFC:inst3|inst4                                      ; out0             ;
; |DC_FINAL|DATAPATH_DC:inst1|Register4x8:inst2|Register4x4:inst1|RFC:inst3|inst3                                      ; |DC_FINAL|DATAPATH_DC:inst1|Register4x8:inst2|Register4x4:inst1|RFC:inst3|inst3                                      ; out0             ;
; |DC_FINAL|DATAPATH_DC:inst1|Register4x8:inst2|Register4x4:inst1|RFC:inst3|inst2                                      ; |DC_FINAL|DATAPATH_DC:inst1|Register4x8:inst2|Register4x4:inst1|RFC:inst3|inst2                                      ; out0             ;
+----------------------------------------------------------------------------------------------------------------------+----------------------------------------------------------------------------------------------------------------------+------------------+


The following table displays output ports that do not toggle to 0 during simulation.
+----------------------------------------------------------------------------------------------------------------------------------------------------------------------------------------------------------------------------------------------------------+
; Missing 0-Value Coverage                                                                                                                                                                                                                                 ;
+-------------------------------------------------------------------------------------------------------------------+-------------------------------------------------------------------------------------------------------------------+------------------+
; Node Name                                                                                                         ; Output Port Name                                                                                                  ; Output Port Type ;
+-------------------------------------------------------------------------------------------------------------------+-------------------------------------------------------------------------------------------------------------------+------------------+
; |DC_FINAL|A[7]                                                                                                    ; |DC_FINAL|A[7]                                                                                                    ; out              ;
; |DC_FINAL|A[6]                                                                                                    ; |DC_FINAL|A[6]                                                                                                    ; out              ;
; |DC_FINAL|A[5]                                                                                                    ; |DC_FINAL|A[5]                                                                                                    ; out              ;
; |DC_FINAL|A[3]                                                                                                    ; |DC_FINAL|A[3]                                                                                                    ; out              ;
; |DC_FINAL|A[2]                                                                                                    ; |DC_FINAL|A[2]                                                                                                    ; out              ;
; |DC_FINAL|B[7]                                                                                                    ; |DC_FINAL|B[7]                                                                                                    ; out              ;
; |DC_FINAL|B[6]                                                                                                    ; |DC_FINAL|B[6]                                                                                                    ; out              ;
; |DC_FINAL|B[5]                                                                                                    ; |DC_FINAL|B[5]                                                                                                    ; out              ;
; |DC_FINAL|B[1]                                                                                                    ; |DC_FINAL|B[1]                                                                                                    ; out              ;
; |DC_FINAL|B[0]                                                                                                    ; |DC_FINAL|B[0]                                                                                                    ; out              ;
; |DC_FINAL|DATAPATH_DC:inst1|Register4x8:inst4|Register4x4:inst|RFC:inst18|inst1                                   ; |DC_FINAL|DATAPATH_DC:inst1|Register4x8:inst4|Register4x4:inst|RFC:inst18|inst1                                   ; out              ;
; |DC_FINAL|DATAPATH_DC:inst1|Register4x8:inst4|Register4x4:inst|RFC:inst18|inst                                    ; |DC_FINAL|DATAPATH_DC:inst1|Register4x8:inst4|Register4x4:inst|RFC:inst18|inst                                    ; regout           ;
; |DC_FINAL|DATAPATH_DC:inst1|Register4x8:inst4|Register4x4:inst|RFC:inst14|inst1                                   ; |DC_FINAL|DATAPATH_DC:inst1|Register4x8:inst4|Register4x4:inst|RFC:inst14|inst1                                   ; out              ;
; |DC_FINAL|DATAPATH_DC:inst1|Register4x8:inst4|Register4x4:inst|RFC:inst14|inst                                    ; |DC_FINAL|DATAPATH_DC:inst1|Register4x8:inst4|Register4x4:inst|RFC:inst14|inst                                    ; regout           ;
; |DC_FINAL|DATAPATH_DC:inst1|Register4x8:inst4|Register4x4:inst|RFC:inst10|inst1                                   ; |DC_FINAL|DATAPATH_DC:inst1|Register4x8:inst4|Register4x4:inst|RFC:inst10|inst1                                   ; out              ;
; |DC_FINAL|DATAPATH_DC:inst1|Register4x8:inst4|Register4x4:inst|RFC:inst10|inst                                    ; |DC_FINAL|DATAPATH_DC:inst1|Register4x8:inst4|Register4x4:inst|RFC:inst10|inst                                    ; regout           ;
; |DC_FINAL|DATAPATH_DC:inst1|Register4x8:inst4|Register4x4:inst|RFC:inst6|inst                                     ; |DC_FINAL|DATAPATH_DC:inst1|Register4x8:inst4|Register4x4:inst|RFC:inst6|inst                                     ; regout           ;
; |DC_FINAL|DATAPATH_DC:inst1|Register4x8:inst4|Register4x4:inst|RFC:inst6|inst4                                    ; |DC_FINAL|DATAPATH_DC:inst1|Register4x8:inst4|Register4x4:inst|RFC:inst6|inst4                                    ; out0             ;
; |DC_FINAL|DATAPATH_DC:inst1|Register4x8:inst4|Register4x4:inst|RFC:inst6|inst3                                    ; |DC_FINAL|DATAPATH_DC:inst1|Register4x8:inst4|Register4x4:inst|RFC:inst6|inst3                                    ; out0             ;
; |DC_FINAL|DATAPATH_DC:inst1|Register4x8:inst4|Register4x4:inst|RFC:inst6|inst2                                    ; |DC_FINAL|DATAPATH_DC:inst1|Register4x8:inst4|Register4x4:inst|RFC:inst6|inst2                                    ; out0             ;
; |DC_FINAL|DATAPATH_DC:inst1|Register4x8:inst4|Register4x4:inst|RFC:inst17|inst1                                   ; |DC_FINAL|DATAPATH_DC:inst1|Register4x8:inst4|Register4x4:inst|RFC:inst17|inst1                                   ; out              ;
; |DC_FINAL|DATAPATH_DC:inst1|Register4x8:inst4|Register4x4:inst|RFC:inst17|inst                                    ; |DC_FINAL|DATAPATH_DC:inst1|Register4x8:inst4|Register4x4:inst|RFC:inst17|inst                                    ; regout           ;
; |DC_FINAL|DATAPATH_DC:inst1|Register4x8:inst4|Register4x4:inst|RFC:inst13|inst1                                   ; |DC_FINAL|DATAPATH_DC:inst1|Register4x8:inst4|Register4x4:inst|RFC:inst13|inst1                                   ; out              ;
; |DC_FINAL|DATAPATH_DC:inst1|Register4x8:inst4|Register4x4:inst|RFC:inst13|inst                                    ; |DC_FINAL|DATAPATH_DC:inst1|Register4x8:inst4|Register4x4:inst|RFC:inst13|inst                                    ; regout           ;
; |DC_FINAL|DATAPATH_DC:inst1|Register4x8:inst4|Register4x4:inst|RFC:inst9|inst1                                    ; |DC_FINAL|DATAPATH_DC:inst1|Register4x8:inst4|Register4x4:inst|RFC:inst9|inst1                                    ; out              ;
; |DC_FINAL|DATAPATH_DC:inst1|Register4x8:inst4|Register4x4:inst|RFC:inst9|inst                                     ; |DC_FINAL|DATAPATH_DC:inst1|Register4x8:inst4|Register4x4:inst|RFC:inst9|inst                                     ; regout           ;
; |DC_FINAL|DATAPATH_DC:inst1|Register4x8:inst4|Register4x4:inst|RFC:inst5|inst                                     ; |DC_FINAL|DATAPATH_DC:inst1|Register4x8:inst4|Register4x4:inst|RFC:inst5|inst                                     ; regout           ;
; |DC_FINAL|DATAPATH_DC:inst1|Register4x8:inst4|Register4x4:inst|RFC:inst5|inst4                                    ; |DC_FINAL|DATAPATH_DC:inst1|Register4x8:inst4|Register4x4:inst|RFC:inst5|inst4                                    ; out0             ;
; |DC_FINAL|DATAPATH_DC:inst1|Register4x8:inst4|Register4x4:inst|RFC:inst5|inst3                                    ; |DC_FINAL|DATAPATH_DC:inst1|Register4x8:inst4|Register4x4:inst|RFC:inst5|inst3                                    ; out0             ;
; |DC_FINAL|DATAPATH_DC:inst1|Register4x8:inst4|Register4x4:inst|RFC:inst5|inst2                                    ; |DC_FINAL|DATAPATH_DC:inst1|Register4x8:inst4|Register4x4:inst|RFC:inst5|inst2                                    ; out0             ;
; |DC_FINAL|DATAPATH_DC:inst1|Register4x8:inst4|Register4x4:inst|RFC:inst8|inst1                                    ; |DC_FINAL|DATAPATH_DC:inst1|Register4x8:inst4|Register4x4:inst|RFC:inst8|inst1                                    ; out              ;
; |DC_FINAL|DATAPATH_DC:inst1|Register4x8:inst4|Register4x4:inst|RFC:inst8|inst                                     ; |DC_FINAL|DATAPATH_DC:inst1|Register4x8:inst4|Register4x4:inst|RFC:inst8|inst                                     ; regout           ;
; |DC_FINAL|DATAPATH_DC:inst1|Register4x8:inst4|Register4x4:inst|RFC:inst12|inst1                                   ; |DC_FINAL|DATAPATH_DC:inst1|Register4x8:inst4|Register4x4:inst|RFC:inst12|inst1                                   ; out              ;
; |DC_FINAL|DATAPATH_DC:inst1|Register4x8:inst4|Register4x4:inst|RFC:inst12|inst                                    ; |DC_FINAL|DATAPATH_DC:inst1|Register4x8:inst4|Register4x4:inst|RFC:inst12|inst                                    ; regout           ;
; |DC_FINAL|DATAPATH_DC:inst1|Register4x8:inst4|Register4x4:inst|RFC:inst16|inst1                                   ; |DC_FINAL|DATAPATH_DC:inst1|Register4x8:inst4|Register4x4:inst|RFC:inst16|inst1                                   ; out              ;
; |DC_FINAL|DATAPATH_DC:inst1|Register4x8:inst4|Register4x4:inst|RFC:inst16|inst                                    ; |DC_FINAL|DATAPATH_DC:inst1|Register4x8:inst4|Register4x4:inst|RFC:inst16|inst                                    ; regout           ;
; |DC_FINAL|DATAPATH_DC:inst1|Register4x8:inst4|Register4x4:inst|RFC:inst4|inst                                     ; |DC_FINAL|DATAPATH_DC:inst1|Register4x8:inst4|Register4x4:inst|RFC:inst4|inst                                     ; regout           ;
; |DC_FINAL|DATAPATH_DC:inst1|Register4x8:inst4|Register4x4:inst|RFC:inst4|inst4                                    ; |DC_FINAL|DATAPATH_DC:inst1|Register4x8:inst4|Register4x4:inst|RFC:inst4|inst4                                    ; out0             ;
; |DC_FINAL|DATAPATH_DC:inst1|Register4x8:inst4|Register4x4:inst|RFC:inst4|inst3                                    ; |DC_FINAL|DATAPATH_DC:inst1|Register4x8:inst4|Register4x4:inst|RFC:inst4|inst3                                    ; out0             ;
; |DC_FINAL|DATAPATH_DC:inst1|Register4x8:inst4|Register4x4:inst|RFC:inst4|inst2                                    ; |DC_FINAL|DATAPATH_DC:inst1|Register4x8:inst4|Register4x4:inst|RFC:inst4|inst2                                    ; out0             ;
; |DC_FINAL|DATAPATH_DC:inst1|Register4x8:inst4|Register4x4:inst|RFC:inst15|inst1                                   ; |DC_FINAL|DATAPATH_DC:inst1|Register4x8:inst4|Register4x4:inst|RFC:inst15|inst1                                   ; out              ;
; |DC_FINAL|DATAPATH_DC:inst1|Register4x8:inst4|Register4x4:inst|RFC:inst15|inst                                    ; |DC_FINAL|DATAPATH_DC:inst1|Register4x8:inst4|Register4x4:inst|RFC:inst15|inst                                    ; regout           ;
; |DC_FINAL|DATAPATH_DC:inst1|Register4x8:inst4|Register4x4:inst|RFC:inst11|inst1                                   ; |DC_FINAL|DATAPATH_DC:inst1|Register4x8:inst4|Register4x4:inst|RFC:inst11|inst1                                   ; out              ;
; |DC_FINAL|DATAPATH_DC:inst1|Register4x8:inst4|Register4x4:inst|RFC:inst11|inst                                    ; |DC_FINAL|DATAPATH_DC:inst1|Register4x8:inst4|Register4x4:inst|RFC:inst11|inst                                    ; regout           ;
; |DC_FINAL|DATAPATH_DC:inst1|Register4x8:inst4|Register4x4:inst|RFC:inst7|inst1                                    ; |DC_FINAL|DATAPATH_DC:inst1|Register4x8:inst4|Register4x4:inst|RFC:inst7|inst1                                    ; out              ;
; |DC_FINAL|DATAPATH_DC:inst1|Register4x8:inst4|Register4x4:inst|RFC:inst7|inst                                     ; |DC_FINAL|DATAPATH_DC:inst1|Register4x8:inst4|Register4x4:inst|RFC:inst7|inst                                     ; regout           ;
; |DC_FINAL|DATAPATH_DC:inst1|Register4x8:inst4|Register4x4:inst|RFC:inst3|inst                                     ; |DC_FINAL|DATAPATH_DC:inst1|Register4x8:inst4|Register4x4:inst|RFC:inst3|inst                                     ; regout           ;
; |DC_FINAL|DATAPATH_DC:inst1|Register4x8:inst4|Register4x4:inst|RFC:inst3|inst2                                    ; |DC_FINAL|DATAPATH_DC:inst1|Register4x8:inst4|Register4x4:inst|RFC:inst3|inst2                                    ; out0             ;
; |DC_FINAL|DATAPATH_DC:inst1|Register4x8:inst4|Register4x4:inst1|RFC:inst18|inst1                                  ; |DC_FINAL|DATAPATH_DC:inst1|Register4x8:inst4|Register4x4:inst1|RFC:inst18|inst1                                  ; out              ;
; |DC_FINAL|DATAPATH_DC:inst1|Register4x8:inst4|Register4x4:inst1|RFC:inst18|inst                                   ; |DC_FINAL|DATAPATH_DC:inst1|Register4x8:inst4|Register4x4:inst1|RFC:inst18|inst                                   ; regout           ;
; |DC_FINAL|DATAPATH_DC:inst1|Register4x8:inst4|Register4x4:inst1|RFC:inst14|inst1                                  ; |DC_FINAL|DATAPATH_DC:inst1|Register4x8:inst4|Register4x4:inst1|RFC:inst14|inst1                                  ; out              ;
; |DC_FINAL|DATAPATH_DC:inst1|Register4x8:inst4|Register4x4:inst1|RFC:inst14|inst                                   ; |DC_FINAL|DATAPATH_DC:inst1|Register4x8:inst4|Register4x4:inst1|RFC:inst14|inst                                   ; regout           ;
; |DC_FINAL|DATAPATH_DC:inst1|Register4x8:inst4|Register4x4:inst1|RFC:inst10|inst1                                  ; |DC_FINAL|DATAPATH_DC:inst1|Register4x8:inst4|Register4x4:inst1|RFC:inst10|inst1                                  ; out              ;
; |DC_FINAL|DATAPATH_DC:inst1|Register4x8:inst4|Register4x4:inst1|RFC:inst10|inst                                   ; |DC_FINAL|DATAPATH_DC:inst1|Register4x8:inst4|Register4x4:inst1|RFC:inst10|inst                                   ; regout           ;
; |DC_FINAL|DATAPATH_DC:inst1|Register4x8:inst4|Register4x4:inst1|RFC:inst17|inst1                                  ; |DC_FINAL|DATAPATH_DC:inst1|Register4x8:inst4|Register4x4:inst1|RFC:inst17|inst1                                  ; out              ;
; |DC_FINAL|DATAPATH_DC:inst1|Register4x8:inst4|Register4x4:inst1|RFC:inst17|inst                                   ; |DC_FINAL|DATAPATH_DC:inst1|Register4x8:inst4|Register4x4:inst1|RFC:inst17|inst                                   ; regout           ;
; |DC_FINAL|DATAPATH_DC:inst1|Register4x8:inst4|Register4x4:inst1|RFC:inst13|inst1                                  ; |DC_FINAL|DATAPATH_DC:inst1|Register4x8:inst4|Register4x4:inst1|RFC:inst13|inst1                                  ; out              ;
; |DC_FINAL|DATAPATH_DC:inst1|Register4x8:inst4|Register4x4:inst1|RFC:inst13|inst                                   ; |DC_FINAL|DATAPATH_DC:inst1|Register4x8:inst4|Register4x4:inst1|RFC:inst13|inst                                   ; regout           ;
; |DC_FINAL|DATAPATH_DC:inst1|Register4x8:inst4|Register4x4:inst1|RFC:inst9|inst1                                   ; |DC_FINAL|DATAPATH_DC:inst1|Register4x8:inst4|Register4x4:inst1|RFC:inst9|inst1                                   ; out              ;
; |DC_FINAL|DATAPATH_DC:inst1|Register4x8:inst4|Register4x4:inst1|RFC:inst9|inst                                    ; |DC_FINAL|DATAPATH_DC:inst1|Register4x8:inst4|Register4x4:inst1|RFC:inst9|inst                                    ; regout           ;
; |DC_FINAL|DATAPATH_DC:inst1|Register4x8:inst4|Register4x4:inst1|RFC:inst5|inst                                    ; |DC_FINAL|DATAPATH_DC:inst1|Register4x8:inst4|Register4x4:inst1|RFC:inst5|inst                                    ; regout           ;
; |DC_FINAL|DATAPATH_DC:inst1|Register4x8:inst4|Register4x4:inst1|RFC:inst5|inst2                                   ; |DC_FINAL|DATAPATH_DC:inst1|Register4x8:inst4|Register4x4:inst1|RFC:inst5|inst2                                   ; out0             ;
; |DC_FINAL|DATAPATH_DC:inst1|Register4x8:inst4|Register4x4:inst1|RFC:inst8|inst1                                   ; |DC_FINAL|DATAPATH_DC:inst1|Register4x8:inst4|Register4x4:inst1|RFC:inst8|inst1                                   ; out              ;
; |DC_FINAL|DATAPATH_DC:inst1|Register4x8:inst4|Register4x4:inst1|RFC:inst8|inst                                    ; |DC_FINAL|DATAPATH_DC:inst1|Register4x8:inst4|Register4x4:inst1|RFC:inst8|inst                                    ; regout           ;
; |DC_FINAL|DATAPATH_DC:inst1|Register4x8:inst4|Register4x4:inst1|RFC:inst12|inst1                                  ; |DC_FINAL|DATAPATH_DC:inst1|Register4x8:inst4|Register4x4:inst1|RFC:inst12|inst1                                  ; out              ;
; |DC_FINAL|DATAPATH_DC:inst1|Register4x8:inst4|Register4x4:inst1|RFC:inst12|inst                                   ; |DC_FINAL|DATAPATH_DC:inst1|Register4x8:inst4|Register4x4:inst1|RFC:inst12|inst                                   ; regout           ;
; |DC_FINAL|DATAPATH_DC:inst1|Register4x8:inst4|Register4x4:inst1|RFC:inst16|inst1                                  ; |DC_FINAL|DATAPATH_DC:inst1|Register4x8:inst4|Register4x4:inst1|RFC:inst16|inst1                                  ; out              ;
; |DC_FINAL|DATAPATH_DC:inst1|Register4x8:inst4|Register4x4:inst1|RFC:inst16|inst                                   ; |DC_FINAL|DATAPATH_DC:inst1|Register4x8:inst4|Register4x4:inst1|RFC:inst16|inst                                   ; regout           ;
; |DC_FINAL|DATAPATH_DC:inst1|Register4x8:inst4|Register4x4:inst1|RFC:inst4|inst                                    ; |DC_FINAL|DATAPATH_DC:inst1|Register4x8:inst4|Register4x4:inst1|RFC:inst4|inst                                    ; regout           ;
; |DC_FINAL|DATAPATH_DC:inst1|Register4x8:inst4|Register4x4:inst1|RFC:inst4|inst2                                   ; |DC_FINAL|DATAPATH_DC:inst1|Register4x8:inst4|Register4x4:inst1|RFC:inst4|inst2                                   ; out0             ;
; |DC_FINAL|DATAPATH_DC:inst1|Register4x8:inst4|Register4x4:inst1|RFC:inst15|inst1                                  ; |DC_FINAL|DATAPATH_DC:inst1|Register4x8:inst4|Register4x4:inst1|RFC:inst15|inst1                                  ; out              ;
; |DC_FINAL|DATAPATH_DC:inst1|Register4x8:inst4|Register4x4:inst1|RFC:inst15|inst                                   ; |DC_FINAL|DATAPATH_DC:inst1|Register4x8:inst4|Register4x4:inst1|RFC:inst15|inst                                   ; regout           ;
; |DC_FINAL|DATAPATH_DC:inst1|Register4x8:inst4|Register4x4:inst1|RFC:inst11|inst1                                  ; |DC_FINAL|DATAPATH_DC:inst1|Register4x8:inst4|Register4x4:inst1|RFC:inst11|inst1                                  ; out              ;
; |DC_FINAL|DATAPATH_DC:inst1|Register4x8:inst4|Register4x4:inst1|RFC:inst11|inst                                   ; |DC_FINAL|DATAPATH_DC:inst1|Register4x8:inst4|Register4x4:inst1|RFC:inst11|inst                                   ; regout           ;
; |DC_FINAL|DATAPATH_DC:inst1|Register4x8:inst4|Register4x4:inst1|RFC:inst7|inst1                                   ; |DC_FINAL|DATAPATH_DC:inst1|Register4x8:inst4|Register4x4:inst1|RFC:inst7|inst1                                   ; out              ;
; |DC_FINAL|DATAPATH_DC:inst1|Register4x8:inst4|Register4x4:inst1|RFC:inst7|inst                                    ; |DC_FINAL|DATAPATH_DC:inst1|Register4x8:inst4|Register4x4:inst1|RFC:inst7|inst                                    ; regout           ;
; |DC_FINAL|DATAPATH_DC:inst1|Register4x8:inst4|Register4x4:inst1|RFC:inst3|inst                                    ; |DC_FINAL|DATAPATH_DC:inst1|Register4x8:inst4|Register4x4:inst1|RFC:inst3|inst                                    ; regout           ;
; |DC_FINAL|DATAPATH_DC:inst1|Register4x8:inst4|Register4x4:inst1|RFC:inst3|inst4                                   ; |DC_FINAL|DATAPATH_DC:inst1|Register4x8:inst4|Register4x4:inst1|RFC:inst3|inst4                                   ; out0             ;
; |DC_FINAL|DATAPATH_DC:inst1|Register4x8:inst4|Register4x4:inst1|RFC:inst3|inst2                                   ; |DC_FINAL|DATAPATH_DC:inst1|Register4x8:inst4|Register4x4:inst1|RFC:inst3|inst2                                   ; out0             ;
; |DC_FINAL|DATAPATH_DC:inst1|mux41_8bit:inst1|busmux:inst1|lpm_mux:$00000|mux_smc:auto_generated|result_node[7]~1  ; |DC_FINAL|DATAPATH_DC:inst1|mux41_8bit:inst1|busmux:inst1|lpm_mux:$00000|mux_smc:auto_generated|result_node[7]~1  ; out0             ;
; |DC_FINAL|DATAPATH_DC:inst1|mux41_8bit:inst1|busmux:inst1|lpm_mux:$00000|mux_smc:auto_generated|result_node[6]~3  ; |DC_FINAL|DATAPATH_DC:inst1|mux41_8bit:inst1|busmux:inst1|lpm_mux:$00000|mux_smc:auto_generated|result_node[6]~3  ; out0             ;
; |DC_FINAL|DATAPATH_DC:inst1|mux41_8bit:inst1|busmux:inst1|lpm_mux:$00000|mux_smc:auto_generated|result_node[5]~5  ; |DC_FINAL|DATAPATH_DC:inst1|mux41_8bit:inst1|busmux:inst1|lpm_mux:$00000|mux_smc:auto_generated|result_node[5]~5  ; out0             ;
; |DC_FINAL|DATAPATH_DC:inst1|mux41_8bit:inst1|busmux:inst1|lpm_mux:$00000|mux_smc:auto_generated|result_node[1]~13 ; |DC_FINAL|DATAPATH_DC:inst1|mux41_8bit:inst1|busmux:inst1|lpm_mux:$00000|mux_smc:auto_generated|result_node[1]~13 ; out0             ;
; |DC_FINAL|DATAPATH_DC:inst1|mux41_8bit:inst1|busmux:inst1|lpm_mux:$00000|mux_smc:auto_generated|result_node[0]~15 ; |DC_FINAL|DATAPATH_DC:inst1|mux41_8bit:inst1|busmux:inst1|lpm_mux:$00000|mux_smc:auto_generated|result_node[0]~15 ; out0             ;
; |DC_FINAL|DATAPATH_DC:inst1|mux41_8bit:inst1|busmux:inst2|lpm_mux:$00000|mux_smc:auto_generated|result_node[7]~0  ; |DC_FINAL|DATAPATH_DC:inst1|mux41_8bit:inst1|busmux:inst2|lpm_mux:$00000|mux_smc:auto_generated|result_node[7]~0  ; out0             ;
; |DC_FINAL|DATAPATH_DC:inst1|mux41_8bit:inst1|busmux:inst2|lpm_mux:$00000|mux_smc:auto_generated|result_node[6]~2  ; |DC_FINAL|DATAPATH_DC:inst1|mux41_8bit:inst1|busmux:inst2|lpm_mux:$00000|mux_smc:auto_generated|result_node[6]~2  ; out0             ;
; |DC_FINAL|DATAPATH_DC:inst1|mux41_8bit:inst1|busmux:inst2|lpm_mux:$00000|mux_smc:auto_generated|result_node[5]~4  ; |DC_FINAL|DATAPATH_DC:inst1|mux41_8bit:inst1|busmux:inst2|lpm_mux:$00000|mux_smc:auto_generated|result_node[5]~4  ; out0             ;
; |DC_FINAL|DATAPATH_DC:inst1|Register8x8:inst3|Register4x4:inst2|RFC:inst18|inst1                                  ; |DC_FINAL|DATAPATH_DC:inst1|Register8x8:inst3|Register4x4:inst2|RFC:inst18|inst1                                  ; out              ;
; |DC_FINAL|DATAPATH_DC:inst1|Register8x8:inst3|Register4x4:inst2|RFC:inst18|inst                                   ; |DC_FINAL|DATAPATH_DC:inst1|Register8x8:inst3|Register4x4:inst2|RFC:inst18|inst                                   ; regout           ;
; |DC_FINAL|DATAPATH_DC:inst1|Register8x8:inst3|Register4x4:inst2|RFC:inst18|inst4                                  ; |DC_FINAL|DATAPATH_DC:inst1|Register8x8:inst3|Register4x4:inst2|RFC:inst18|inst4                                  ; out0             ;
; |DC_FINAL|DATAPATH_DC:inst1|Register8x8:inst3|Register4x4:inst2|RFC:inst18|inst3                                  ; |DC_FINAL|DATAPATH_DC:inst1|Register8x8:inst3|Register4x4:inst2|RFC:inst18|inst3                                  ; out0             ;
; |DC_FINAL|DATAPATH_DC:inst1|Register8x8:inst3|Register4x4:inst2|RFC:inst18|inst2                                  ; |DC_FINAL|DATAPATH_DC:inst1|Register8x8:inst3|Register4x4:inst2|RFC:inst18|inst2                                  ; out0             ;
; |DC_FINAL|DATAPATH_DC:inst1|Register8x8:inst3|Register4x4:inst2|RFC:inst14|inst                                   ; |DC_FINAL|DATAPATH_DC:inst1|Register8x8:inst3|Register4x4:inst2|RFC:inst14|inst                                   ; regout           ;
; |DC_FINAL|DATAPATH_DC:inst1|Register8x8:inst3|Register4x4:inst2|RFC:inst14|inst4                                  ; |DC_FINAL|DATAPATH_DC:inst1|Register8x8:inst3|Register4x4:inst2|RFC:inst14|inst4                                  ; out0             ;
; |DC_FINAL|DATAPATH_DC:inst1|Register8x8:inst3|Register4x4:inst2|RFC:inst14|inst3                                  ; |DC_FINAL|DATAPATH_DC:inst1|Register8x8:inst3|Register4x4:inst2|RFC:inst14|inst3                                  ; out0             ;
; |DC_FINAL|DATAPATH_DC:inst1|Register8x8:inst3|Register4x4:inst2|RFC:inst14|inst2                                  ; |DC_FINAL|DATAPATH_DC:inst1|Register8x8:inst3|Register4x4:inst2|RFC:inst14|inst2                                  ; out0             ;
; |DC_FINAL|DATAPATH_DC:inst1|Register8x8:inst3|Register4x4:inst2|RFC:inst10|inst                                   ; |DC_FINAL|DATAPATH_DC:inst1|Register8x8:inst3|Register4x4:inst2|RFC:inst10|inst                                   ; regout           ;
; |DC_FINAL|DATAPATH_DC:inst1|Register8x8:inst3|Register4x4:inst2|RFC:inst10|inst2                                  ; |DC_FINAL|DATAPATH_DC:inst1|Register8x8:inst3|Register4x4:inst2|RFC:inst10|inst2                                  ; out0             ;
; |DC_FINAL|DATAPATH_DC:inst1|Register8x8:inst3|Register4x4:inst2|RFC:inst6|inst                                    ; |DC_FINAL|DATAPATH_DC:inst1|Register8x8:inst3|Register4x4:inst2|RFC:inst6|inst                                    ; regout           ;
; |DC_FINAL|DATAPATH_DC:inst1|Register8x8:inst3|Register4x4:inst2|RFC:inst6|inst2                                   ; |DC_FINAL|DATAPATH_DC:inst1|Register8x8:inst3|Register4x4:inst2|RFC:inst6|inst2                                   ; out0             ;
; |DC_FINAL|DATAPATH_DC:inst1|Register8x8:inst3|Register4x4:inst2|RFC:inst17|inst1                                  ; |DC_FINAL|DATAPATH_DC:inst1|Register8x8:inst3|Register4x4:inst2|RFC:inst17|inst1                                  ; out              ;
; |DC_FINAL|DATAPATH_DC:inst1|Register8x8:inst3|Register4x4:inst2|RFC:inst17|inst                                   ; |DC_FINAL|DATAPATH_DC:inst1|Register8x8:inst3|Register4x4:inst2|RFC:inst17|inst                                   ; regout           ;
; |DC_FINAL|DATAPATH_DC:inst1|Register8x8:inst3|Register4x4:inst2|RFC:inst17|inst4                                  ; |DC_FINAL|DATAPATH_DC:inst1|Register8x8:inst3|Register4x4:inst2|RFC:inst17|inst4                                  ; out0             ;
; |DC_FINAL|DATAPATH_DC:inst1|Register8x8:inst3|Register4x4:inst2|RFC:inst17|inst3                                  ; |DC_FINAL|DATAPATH_DC:inst1|Register8x8:inst3|Register4x4:inst2|RFC:inst17|inst3                                  ; out0             ;
; |DC_FINAL|DATAPATH_DC:inst1|Register8x8:inst3|Register4x4:inst2|RFC:inst17|inst2                                  ; |DC_FINAL|DATAPATH_DC:inst1|Register8x8:inst3|Register4x4:inst2|RFC:inst17|inst2                                  ; out0             ;
; |DC_FINAL|DATAPATH_DC:inst1|Register8x8:inst3|Register4x4:inst2|RFC:inst13|inst                                   ; |DC_FINAL|DATAPATH_DC:inst1|Register8x8:inst3|Register4x4:inst2|RFC:inst13|inst                                   ; regout           ;
; |DC_FINAL|DATAPATH_DC:inst1|Register8x8:inst3|Register4x4:inst2|RFC:inst13|inst2                                  ; |DC_FINAL|DATAPATH_DC:inst1|Register8x8:inst3|Register4x4:inst2|RFC:inst13|inst2                                  ; out0             ;
; |DC_FINAL|DATAPATH_DC:inst1|Register8x8:inst3|Register4x4:inst2|RFC:inst9|inst                                    ; |DC_FINAL|DATAPATH_DC:inst1|Register8x8:inst3|Register4x4:inst2|RFC:inst9|inst                                    ; regout           ;
; |DC_FINAL|DATAPATH_DC:inst1|Register8x8:inst3|Register4x4:inst2|RFC:inst9|inst2                                   ; |DC_FINAL|DATAPATH_DC:inst1|Register8x8:inst3|Register4x4:inst2|RFC:inst9|inst2                                   ; out0             ;
; |DC_FINAL|DATAPATH_DC:inst1|Register8x8:inst3|Register4x4:inst2|RFC:inst5|inst                                    ; |DC_FINAL|DATAPATH_DC:inst1|Register8x8:inst3|Register4x4:inst2|RFC:inst5|inst                                    ; regout           ;
; |DC_FINAL|DATAPATH_DC:inst1|Register8x8:inst3|Register4x4:inst2|RFC:inst5|inst2                                   ; |DC_FINAL|DATAPATH_DC:inst1|Register8x8:inst3|Register4x4:inst2|RFC:inst5|inst2                                   ; out0             ;
; |DC_FINAL|DATAPATH_DC:inst1|Register8x8:inst3|Register4x4:inst2|RFC:inst8|inst                                    ; |DC_FINAL|DATAPATH_DC:inst1|Register8x8:inst3|Register4x4:inst2|RFC:inst8|inst                                    ; regout           ;
; |DC_FINAL|DATAPATH_DC:inst1|Register8x8:inst3|Register4x4:inst2|RFC:inst8|inst2                                   ; |DC_FINAL|DATAPATH_DC:inst1|Register8x8:inst3|Register4x4:inst2|RFC:inst8|inst2                                   ; out0             ;
; |DC_FINAL|DATAPATH_DC:inst1|Register8x8:inst3|Register4x4:inst2|RFC:inst12|inst                                   ; |DC_FINAL|DATAPATH_DC:inst1|Register8x8:inst3|Register4x4:inst2|RFC:inst12|inst                                   ; regout           ;
; |DC_FINAL|DATAPATH_DC:inst1|Register8x8:inst3|Register4x4:inst2|RFC:inst12|inst4                                  ; |DC_FINAL|DATAPATH_DC:inst1|Register8x8:inst3|Register4x4:inst2|RFC:inst12|inst4                                  ; out0             ;
; |DC_FINAL|DATAPATH_DC:inst1|Register8x8:inst3|Register4x4:inst2|RFC:inst12|inst3                                  ; |DC_FINAL|DATAPATH_DC:inst1|Register8x8:inst3|Register4x4:inst2|RFC:inst12|inst3                                  ; out0             ;
; |DC_FINAL|DATAPATH_DC:inst1|Register8x8:inst3|Register4x4:inst2|RFC:inst12|inst2                                  ; |DC_FINAL|DATAPATH_DC:inst1|Register8x8:inst3|Register4x4:inst2|RFC:inst12|inst2                                  ; out0             ;
; |DC_FINAL|DATAPATH_DC:inst1|Register8x8:inst3|Register4x4:inst2|RFC:inst16|inst1                                  ; |DC_FINAL|DATAPATH_DC:inst1|Register8x8:inst3|Register4x4:inst2|RFC:inst16|inst1                                  ; out              ;
; |DC_FINAL|DATAPATH_DC:inst1|Register8x8:inst3|Register4x4:inst2|RFC:inst16|inst                                   ; |DC_FINAL|DATAPATH_DC:inst1|Register8x8:inst3|Register4x4:inst2|RFC:inst16|inst                                   ; regout           ;
; |DC_FINAL|DATAPATH_DC:inst1|Register8x8:inst3|Register4x4:inst2|RFC:inst16|inst4                                  ; |DC_FINAL|DATAPATH_DC:inst1|Register8x8:inst3|Register4x4:inst2|RFC:inst16|inst4                                  ; out0             ;
; |DC_FINAL|DATAPATH_DC:inst1|Register8x8:inst3|Register4x4:inst2|RFC:inst16|inst3                                  ; |DC_FINAL|DATAPATH_DC:inst1|Register8x8:inst3|Register4x4:inst2|RFC:inst16|inst3                                  ; out0             ;
; |DC_FINAL|DATAPATH_DC:inst1|Register8x8:inst3|Register4x4:inst2|RFC:inst16|inst2                                  ; |DC_FINAL|DATAPATH_DC:inst1|Register8x8:inst3|Register4x4:inst2|RFC:inst16|inst2                                  ; out0             ;
; |DC_FINAL|DATAPATH_DC:inst1|Register8x8:inst3|Register4x4:inst2|RFC:inst4|inst                                    ; |DC_FINAL|DATAPATH_DC:inst1|Register8x8:inst3|Register4x4:inst2|RFC:inst4|inst                                    ; regout           ;
; |DC_FINAL|DATAPATH_DC:inst1|Register8x8:inst3|Register4x4:inst2|RFC:inst4|inst2                                   ; |DC_FINAL|DATAPATH_DC:inst1|Register8x8:inst3|Register4x4:inst2|RFC:inst4|inst2                                   ; out0             ;
; |DC_FINAL|DATAPATH_DC:inst1|Register8x8:inst3|Register4x4:inst2|RFC:inst15|inst1                                  ; |DC_FINAL|DATAPATH_DC:inst1|Register8x8:inst3|Register4x4:inst2|RFC:inst15|inst1                                  ; out              ;
; |DC_FINAL|DATAPATH_DC:inst1|Register8x8:inst3|Register4x4:inst2|RFC:inst15|inst                                   ; |DC_FINAL|DATAPATH_DC:inst1|Register8x8:inst3|Register4x4:inst2|RFC:inst15|inst                                   ; regout           ;
; |DC_FINAL|DATAPATH_DC:inst1|Register8x8:inst3|Register4x4:inst2|RFC:inst15|inst4                                  ; |DC_FINAL|DATAPATH_DC:inst1|Register8x8:inst3|Register4x4:inst2|RFC:inst15|inst4                                  ; out0             ;
; |DC_FINAL|DATAPATH_DC:inst1|Register8x8:inst3|Register4x4:inst2|RFC:inst15|inst3                                  ; |DC_FINAL|DATAPATH_DC:inst1|Register8x8:inst3|Register4x4:inst2|RFC:inst15|inst3                                  ; out0             ;
; |DC_FINAL|DATAPATH_DC:inst1|Register8x8:inst3|Register4x4:inst2|RFC:inst15|inst2                                  ; |DC_FINAL|DATAPATH_DC:inst1|Register8x8:inst3|Register4x4:inst2|RFC:inst15|inst2                                  ; out0             ;
; |DC_FINAL|DATAPATH_DC:inst1|Register8x8:inst3|Register4x4:inst2|RFC:inst11|inst                                   ; |DC_FINAL|DATAPATH_DC:inst1|Register8x8:inst3|Register4x4:inst2|RFC:inst11|inst                                   ; regout           ;
; |DC_FINAL|DATAPATH_DC:inst1|Register8x8:inst3|Register4x4:inst2|RFC:inst11|inst4                                  ; |DC_FINAL|DATAPATH_DC:inst1|Register8x8:inst3|Register4x4:inst2|RFC:inst11|inst4                                  ; out0             ;
; |DC_FINAL|DATAPATH_DC:inst1|Register8x8:inst3|Register4x4:inst2|RFC:inst11|inst3                                  ; |DC_FINAL|DATAPATH_DC:inst1|Register8x8:inst3|Register4x4:inst2|RFC:inst11|inst3                                  ; out0             ;
; |DC_FINAL|DATAPATH_DC:inst1|Register8x8:inst3|Register4x4:inst2|RFC:inst11|inst2                                  ; |DC_FINAL|DATAPATH_DC:inst1|Register8x8:inst3|Register4x4:inst2|RFC:inst11|inst2                                  ; out0             ;
; |DC_FINAL|DATAPATH_DC:inst1|Register8x8:inst3|Register4x4:inst2|RFC:inst7|inst                                    ; |DC_FINAL|DATAPATH_DC:inst1|Register8x8:inst3|Register4x4:inst2|RFC:inst7|inst                                    ; regout           ;
; |DC_FINAL|DATAPATH_DC:inst1|Register8x8:inst3|Register4x4:inst2|RFC:inst7|inst2                                   ; |DC_FINAL|DATAPATH_DC:inst1|Register8x8:inst3|Register4x4:inst2|RFC:inst7|inst2                                   ; out0             ;
; |DC_FINAL|DATAPATH_DC:inst1|Register8x8:inst3|Register4x4:inst2|Decoder2_4:inst20|inst                            ; |DC_FINAL|DATAPATH_DC:inst1|Register8x8:inst3|Register4x4:inst2|Decoder2_4:inst20|inst                            ; out0             ;
; |DC_FINAL|DATAPATH_DC:inst1|Register8x8:inst3|Register4x4:inst2|Decoder2_4:inst|inst                              ; |DC_FINAL|DATAPATH_DC:inst1|Register8x8:inst3|Register4x4:inst2|Decoder2_4:inst|inst                              ; out0             ;
; |DC_FINAL|DATAPATH_DC:inst1|Register8x8:inst3|Register4x4:inst2|RFC:inst3|inst                                    ; |DC_FINAL|DATAPATH_DC:inst1|Register8x8:inst3|Register4x4:inst2|RFC:inst3|inst                                    ; regout           ;
; |DC_FINAL|DATAPATH_DC:inst1|Register8x8:inst3|Register4x4:inst2|RFC:inst3|inst2                                   ; |DC_FINAL|DATAPATH_DC:inst1|Register8x8:inst3|Register4x4:inst2|RFC:inst3|inst2                                   ; out0             ;
; |DC_FINAL|DATAPATH_DC:inst1|Register8x8:inst3|Register4x4:inst|RFC:inst18|inst                                    ; |DC_FINAL|DATAPATH_DC:inst1|Register8x8:inst3|Register4x4:inst|RFC:inst18|inst                                    ; regout           ;
; |DC_FINAL|DATAPATH_DC:inst1|Register8x8:inst3|Register4x4:inst|RFC:inst18|inst2                                   ; |DC_FINAL|DATAPATH_DC:inst1|Register8x8:inst3|Register4x4:inst|RFC:inst18|inst2                                   ; out0             ;
; |DC_FINAL|DATAPATH_DC:inst1|Register8x8:inst3|Register4x4:inst|RFC:inst14|inst                                    ; |DC_FINAL|DATAPATH_DC:inst1|Register8x8:inst3|Register4x4:inst|RFC:inst14|inst                                    ; regout           ;
; |DC_FINAL|DATAPATH_DC:inst1|Register8x8:inst3|Register4x4:inst|RFC:inst14|inst4                                   ; |DC_FINAL|DATAPATH_DC:inst1|Register8x8:inst3|Register4x4:inst|RFC:inst14|inst4                                   ; out0             ;
; |DC_FINAL|DATAPATH_DC:inst1|Register8x8:inst3|Register4x4:inst|RFC:inst14|inst2                                   ; |DC_FINAL|DATAPATH_DC:inst1|Register8x8:inst3|Register4x4:inst|RFC:inst14|inst2                                   ; out0             ;
; |DC_FINAL|DATAPATH_DC:inst1|Register8x8:inst3|Register4x4:inst|RFC:inst10|inst                                    ; |DC_FINAL|DATAPATH_DC:inst1|Register8x8:inst3|Register4x4:inst|RFC:inst10|inst                                    ; regout           ;
; |DC_FINAL|DATAPATH_DC:inst1|Register8x8:inst3|Register4x4:inst|RFC:inst17|inst                                    ; |DC_FINAL|DATAPATH_DC:inst1|Register8x8:inst3|Register4x4:inst|RFC:inst17|inst                                    ; regout           ;
; |DC_FINAL|DATAPATH_DC:inst1|Register8x8:inst3|Register4x4:inst|RFC:inst17|inst4                                   ; |DC_FINAL|DATAPATH_DC:inst1|Register8x8:inst3|Register4x4:inst|RFC:inst17|inst4                                   ; out0             ;
; |DC_FINAL|DATAPATH_DC:inst1|Register8x8:inst3|Register4x4:inst|RFC:inst17|inst3                                   ; |DC_FINAL|DATAPATH_DC:inst1|Register8x8:inst3|Register4x4:inst|RFC:inst17|inst3                                   ; out0             ;
; |DC_FINAL|DATAPATH_DC:inst1|Register8x8:inst3|Register4x4:inst|RFC:inst17|inst2                                   ; |DC_FINAL|DATAPATH_DC:inst1|Register8x8:inst3|Register4x4:inst|RFC:inst17|inst2                                   ; out0             ;
; |DC_FINAL|DATAPATH_DC:inst1|Register8x8:inst3|Register4x4:inst|RFC:inst13|inst                                    ; |DC_FINAL|DATAPATH_DC:inst1|Register8x8:inst3|Register4x4:inst|RFC:inst13|inst                                    ; regout           ;
; |DC_FINAL|DATAPATH_DC:inst1|Register8x8:inst3|Register4x4:inst|RFC:inst13|inst4                                   ; |DC_FINAL|DATAPATH_DC:inst1|Register8x8:inst3|Register4x4:inst|RFC:inst13|inst4                                   ; out0             ;
; |DC_FINAL|DATAPATH_DC:inst1|Register8x8:inst3|Register4x4:inst|RFC:inst13|inst3                                   ; |DC_FINAL|DATAPATH_DC:inst1|Register8x8:inst3|Register4x4:inst|RFC:inst13|inst3                                   ; out0             ;
; |DC_FINAL|DATAPATH_DC:inst1|Register8x8:inst3|Register4x4:inst|RFC:inst13|inst2                                   ; |DC_FINAL|DATAPATH_DC:inst1|Register8x8:inst3|Register4x4:inst|RFC:inst13|inst2                                   ; out0             ;
; |DC_FINAL|DATAPATH_DC:inst1|Register8x8:inst3|Register4x4:inst|RFC:inst9|inst                                     ; |DC_FINAL|DATAPATH_DC:inst1|Register8x8:inst3|Register4x4:inst|RFC:inst9|inst                                     ; regout           ;
; |DC_FINAL|DATAPATH_DC:inst1|Register8x8:inst3|Register4x4:inst|RFC:inst9|inst2                                    ; |DC_FINAL|DATAPATH_DC:inst1|Register8x8:inst3|Register4x4:inst|RFC:inst9|inst2                                    ; out0             ;
; |DC_FINAL|DATAPATH_DC:inst1|Register8x8:inst3|Register4x4:inst|RFC:inst5|inst                                     ; |DC_FINAL|DATAPATH_DC:inst1|Register8x8:inst3|Register4x4:inst|RFC:inst5|inst                                     ; regout           ;
; |DC_FINAL|DATAPATH_DC:inst1|Register8x8:inst3|Register4x4:inst|RFC:inst5|inst4                                    ; |DC_FINAL|DATAPATH_DC:inst1|Register8x8:inst3|Register4x4:inst|RFC:inst5|inst4                                    ; out0             ;
; |DC_FINAL|DATAPATH_DC:inst1|Register8x8:inst3|Register4x4:inst|RFC:inst5|inst3                                    ; |DC_FINAL|DATAPATH_DC:inst1|Register8x8:inst3|Register4x4:inst|RFC:inst5|inst3                                    ; out0             ;
; |DC_FINAL|DATAPATH_DC:inst1|Register8x8:inst3|Register4x4:inst|RFC:inst5|inst2                                    ; |DC_FINAL|DATAPATH_DC:inst1|Register8x8:inst3|Register4x4:inst|RFC:inst5|inst2                                    ; out0             ;
; |DC_FINAL|DATAPATH_DC:inst1|Register8x8:inst3|Register4x4:inst|RFC:inst8|inst                                     ; |DC_FINAL|DATAPATH_DC:inst1|Register8x8:inst3|Register4x4:inst|RFC:inst8|inst                                     ; regout           ;
; |DC_FINAL|DATAPATH_DC:inst1|Register8x8:inst3|Register4x4:inst|RFC:inst8|inst2                                    ; |DC_FINAL|DATAPATH_DC:inst1|Register8x8:inst3|Register4x4:inst|RFC:inst8|inst2                                    ; out0             ;
; |DC_FINAL|DATAPATH_DC:inst1|Register8x8:inst3|Register4x4:inst|RFC:inst12|inst                                    ; |DC_FINAL|DATAPATH_DC:inst1|Register8x8:inst3|Register4x4:inst|RFC:inst12|inst                                    ; regout           ;
; |DC_FINAL|DATAPATH_DC:inst1|Register8x8:inst3|Register4x4:inst|RFC:inst12|inst4                                   ; |DC_FINAL|DATAPATH_DC:inst1|Register8x8:inst3|Register4x4:inst|RFC:inst12|inst4                                   ; out0             ;
; |DC_FINAL|DATAPATH_DC:inst1|Register8x8:inst3|Register4x4:inst|RFC:inst12|inst3                                   ; |DC_FINAL|DATAPATH_DC:inst1|Register8x8:inst3|Register4x4:inst|RFC:inst12|inst3                                   ; out0             ;
; |DC_FINAL|DATAPATH_DC:inst1|Register8x8:inst3|Register4x4:inst|RFC:inst12|inst2                                   ; |DC_FINAL|DATAPATH_DC:inst1|Register8x8:inst3|Register4x4:inst|RFC:inst12|inst2                                   ; out0             ;
; |DC_FINAL|DATAPATH_DC:inst1|Register8x8:inst3|Register4x4:inst|RFC:inst16|inst                                    ; |DC_FINAL|DATAPATH_DC:inst1|Register8x8:inst3|Register4x4:inst|RFC:inst16|inst                                    ; regout           ;
; |DC_FINAL|DATAPATH_DC:inst1|Register8x8:inst3|Register4x4:inst|RFC:inst16|inst4                                   ; |DC_FINAL|DATAPATH_DC:inst1|Register8x8:inst3|Register4x4:inst|RFC:inst16|inst4                                   ; out0             ;
; |DC_FINAL|DATAPATH_DC:inst1|Register8x8:inst3|Register4x4:inst|RFC:inst16|inst3                                   ; |DC_FINAL|DATAPATH_DC:inst1|Register8x8:inst3|Register4x4:inst|RFC:inst16|inst3                                   ; out0             ;
; |DC_FINAL|DATAPATH_DC:inst1|Register8x8:inst3|Register4x4:inst|RFC:inst16|inst2                                   ; |DC_FINAL|DATAPATH_DC:inst1|Register8x8:inst3|Register4x4:inst|RFC:inst16|inst2                                   ; out0             ;
; |DC_FINAL|DATAPATH_DC:inst1|Register8x8:inst3|Register4x4:inst|RFC:inst4|inst                                     ; |DC_FINAL|DATAPATH_DC:inst1|Register8x8:inst3|Register4x4:inst|RFC:inst4|inst                                     ; regout           ;
; |DC_FINAL|DATAPATH_DC:inst1|Register8x8:inst3|Register4x4:inst|RFC:inst4|inst4                                    ; |DC_FINAL|DATAPATH_DC:inst1|Register8x8:inst3|Register4x4:inst|RFC:inst4|inst4                                    ; out0             ;
; |DC_FINAL|DATAPATH_DC:inst1|Register8x8:inst3|Register4x4:inst|RFC:inst4|inst3                                    ; |DC_FINAL|DATAPATH_DC:inst1|Register8x8:inst3|Register4x4:inst|RFC:inst4|inst3                                    ; out0             ;
; |DC_FINAL|DATAPATH_DC:inst1|Register8x8:inst3|Register4x4:inst|RFC:inst4|inst2                                    ; |DC_FINAL|DATAPATH_DC:inst1|Register8x8:inst3|Register4x4:inst|RFC:inst4|inst2                                    ; out0             ;
; |DC_FINAL|DATAPATH_DC:inst1|Register8x8:inst3|Register4x4:inst|RFC:inst15|inst                                    ; |DC_FINAL|DATAPATH_DC:inst1|Register8x8:inst3|Register4x4:inst|RFC:inst15|inst                                    ; regout           ;
; |DC_FINAL|DATAPATH_DC:inst1|Register8x8:inst3|Register4x4:inst|RFC:inst15|inst4                                   ; |DC_FINAL|DATAPATH_DC:inst1|Register8x8:inst3|Register4x4:inst|RFC:inst15|inst4                                   ; out0             ;
; |DC_FINAL|DATAPATH_DC:inst1|Register8x8:inst3|Register4x4:inst|RFC:inst15|inst3                                   ; |DC_FINAL|DATAPATH_DC:inst1|Register8x8:inst3|Register4x4:inst|RFC:inst15|inst3                                   ; out0             ;
; |DC_FINAL|DATAPATH_DC:inst1|Register8x8:inst3|Register4x4:inst|RFC:inst15|inst2                                   ; |DC_FINAL|DATAPATH_DC:inst1|Register8x8:inst3|Register4x4:inst|RFC:inst15|inst2                                   ; out0             ;
; |DC_FINAL|DATAPATH_DC:inst1|Register8x8:inst3|Register4x4:inst|RFC:inst11|inst                                    ; |DC_FINAL|DATAPATH_DC:inst1|Register8x8:inst3|Register4x4:inst|RFC:inst11|inst                                    ; regout           ;
; |DC_FINAL|DATAPATH_DC:inst1|Register8x8:inst3|Register4x4:inst|RFC:inst11|inst4                                   ; |DC_FINAL|DATAPATH_DC:inst1|Register8x8:inst3|Register4x4:inst|RFC:inst11|inst4                                   ; out0             ;
; |DC_FINAL|DATAPATH_DC:inst1|Register8x8:inst3|Register4x4:inst|RFC:inst11|inst3                                   ; |DC_FINAL|DATAPATH_DC:inst1|Register8x8:inst3|Register4x4:inst|RFC:inst11|inst3                                   ; out0             ;
; |DC_FINAL|DATAPATH_DC:inst1|Register8x8:inst3|Register4x4:inst|RFC:inst11|inst2                                   ; |DC_FINAL|DATAPATH_DC:inst1|Register8x8:inst3|Register4x4:inst|RFC:inst11|inst2                                   ; out0             ;
; |DC_FINAL|DATAPATH_DC:inst1|Register8x8:inst3|Register4x4:inst|RFC:inst7|inst                                     ; |DC_FINAL|DATAPATH_DC:inst1|Register8x8:inst3|Register4x4:inst|RFC:inst7|inst                                     ; regout           ;
; |DC_FINAL|DATAPATH_DC:inst1|Register8x8:inst3|Register4x4:inst|RFC:inst7|inst2                                    ; |DC_FINAL|DATAPATH_DC:inst1|Register8x8:inst3|Register4x4:inst|RFC:inst7|inst2                                    ; out0             ;
; |DC_FINAL|DATAPATH_DC:inst1|Register8x8:inst3|Register4x4:inst|RFC:inst3|inst                                     ; |DC_FINAL|DATAPATH_DC:inst1|Register8x8:inst3|Register4x4:inst|RFC:inst3|inst                                     ; regout           ;
; |DC_FINAL|DATAPATH_DC:inst1|Register8x8:inst3|Register4x4:inst|RFC:inst3|inst4                                    ; |DC_FINAL|DATAPATH_DC:inst1|Register8x8:inst3|Register4x4:inst|RFC:inst3|inst4                                    ; out0             ;
; |DC_FINAL|DATAPATH_DC:inst1|Register8x8:inst3|Register4x4:inst|RFC:inst3|inst3                                    ; |DC_FINAL|DATAPATH_DC:inst1|Register8x8:inst3|Register4x4:inst|RFC:inst3|inst3                                    ; out0             ;
; |DC_FINAL|DATAPATH_DC:inst1|Register8x8:inst3|Register4x4:inst|RFC:inst3|inst2                                    ; |DC_FINAL|DATAPATH_DC:inst1|Register8x8:inst3|Register4x4:inst|RFC:inst3|inst2                                    ; out0             ;
; |DC_FINAL|DATAPATH_DC:inst1|Register8x8:inst3|Register4x4:inst3|RFC:inst18|inst1                                  ; |DC_FINAL|DATAPATH_DC:inst1|Register8x8:inst3|Register4x4:inst3|RFC:inst18|inst1                                  ; out              ;
; |DC_FINAL|DATAPATH_DC:inst1|Register8x8:inst3|Register4x4:inst3|RFC:inst18|inst                                   ; |DC_FINAL|DATAPATH_DC:inst1|Register8x8:inst3|Register4x4:inst3|RFC:inst18|inst                                   ; regout           ;
; |DC_FINAL|DATAPATH_DC:inst1|Register8x8:inst3|Register4x4:inst3|RFC:inst18|inst4                                  ; |DC_FINAL|DATAPATH_DC:inst1|Register8x8:inst3|Register4x4:inst3|RFC:inst18|inst4                                  ; out0             ;
; |DC_FINAL|DATAPATH_DC:inst1|Register8x8:inst3|Register4x4:inst3|RFC:inst18|inst3                                  ; |DC_FINAL|DATAPATH_DC:inst1|Register8x8:inst3|Register4x4:inst3|RFC:inst18|inst3                                  ; out0             ;
; |DC_FINAL|DATAPATH_DC:inst1|Register8x8:inst3|Register4x4:inst3|RFC:inst18|inst2                                  ; |DC_FINAL|DATAPATH_DC:inst1|Register8x8:inst3|Register4x4:inst3|RFC:inst18|inst2                                  ; out0             ;
; |DC_FINAL|DATAPATH_DC:inst1|Register8x8:inst3|Register4x4:inst3|RFC:inst14|inst                                   ; |DC_FINAL|DATAPATH_DC:inst1|Register8x8:inst3|Register4x4:inst3|RFC:inst14|inst                                   ; regout           ;
; |DC_FINAL|DATAPATH_DC:inst1|Register8x8:inst3|Register4x4:inst3|RFC:inst14|inst2                                  ; |DC_FINAL|DATAPATH_DC:inst1|Register8x8:inst3|Register4x4:inst3|RFC:inst14|inst2                                  ; out0             ;
; |DC_FINAL|DATAPATH_DC:inst1|Register8x8:inst3|Register4x4:inst3|RFC:inst10|inst1                                  ; |DC_FINAL|DATAPATH_DC:inst1|Register8x8:inst3|Register4x4:inst3|RFC:inst10|inst1                                  ; out              ;
; |DC_FINAL|DATAPATH_DC:inst1|Register8x8:inst3|Register4x4:inst3|RFC:inst10|inst                                   ; |DC_FINAL|DATAPATH_DC:inst1|Register8x8:inst3|Register4x4:inst3|RFC:inst10|inst                                   ; regout           ;
; |DC_FINAL|DATAPATH_DC:inst1|Register8x8:inst3|Register4x4:inst3|RFC:inst6|inst                                    ; |DC_FINAL|DATAPATH_DC:inst1|Register8x8:inst3|Register4x4:inst3|RFC:inst6|inst                                    ; regout           ;
; |DC_FINAL|DATAPATH_DC:inst1|Register8x8:inst3|Register4x4:inst3|RFC:inst6|inst2                                   ; |DC_FINAL|DATAPATH_DC:inst1|Register8x8:inst3|Register4x4:inst3|RFC:inst6|inst2                                   ; out0             ;
; |DC_FINAL|DATAPATH_DC:inst1|Register8x8:inst3|Register4x4:inst3|RFC:inst17|inst1                                  ; |DC_FINAL|DATAPATH_DC:inst1|Register8x8:inst3|Register4x4:inst3|RFC:inst17|inst1                                  ; out              ;
; |DC_FINAL|DATAPATH_DC:inst1|Register8x8:inst3|Register4x4:inst3|RFC:inst17|inst                                   ; |DC_FINAL|DATAPATH_DC:inst1|Register8x8:inst3|Register4x4:inst3|RFC:inst17|inst                                   ; regout           ;
; |DC_FINAL|DATAPATH_DC:inst1|Register8x8:inst3|Register4x4:inst3|RFC:inst17|inst4                                  ; |DC_FINAL|DATAPATH_DC:inst1|Register8x8:inst3|Register4x4:inst3|RFC:inst17|inst4                                  ; out0             ;
; |DC_FINAL|DATAPATH_DC:inst1|Register8x8:inst3|Register4x4:inst3|RFC:inst17|inst3                                  ; |DC_FINAL|DATAPATH_DC:inst1|Register8x8:inst3|Register4x4:inst3|RFC:inst17|inst3                                  ; out0             ;
; |DC_FINAL|DATAPATH_DC:inst1|Register8x8:inst3|Register4x4:inst3|RFC:inst17|inst2                                  ; |DC_FINAL|DATAPATH_DC:inst1|Register8x8:inst3|Register4x4:inst3|RFC:inst17|inst2                                  ; out0             ;
; |DC_FINAL|DATAPATH_DC:inst1|Register8x8:inst3|Register4x4:inst3|RFC:inst13|inst                                   ; |DC_FINAL|DATAPATH_DC:inst1|Register8x8:inst3|Register4x4:inst3|RFC:inst13|inst                                   ; regout           ;
; |DC_FINAL|DATAPATH_DC:inst1|Register8x8:inst3|Register4x4:inst3|RFC:inst13|inst4                                  ; |DC_FINAL|DATAPATH_DC:inst1|Register8x8:inst3|Register4x4:inst3|RFC:inst13|inst4                                  ; out0             ;
; |DC_FINAL|DATAPATH_DC:inst1|Register8x8:inst3|Register4x4:inst3|RFC:inst13|inst3                                  ; |DC_FINAL|DATAPATH_DC:inst1|Register8x8:inst3|Register4x4:inst3|RFC:inst13|inst3                                  ; out0             ;
; |DC_FINAL|DATAPATH_DC:inst1|Register8x8:inst3|Register4x4:inst3|RFC:inst13|inst2                                  ; |DC_FINAL|DATAPATH_DC:inst1|Register8x8:inst3|Register4x4:inst3|RFC:inst13|inst2                                  ; out0             ;
; |DC_FINAL|DATAPATH_DC:inst1|Register8x8:inst3|Register4x4:inst3|RFC:inst9|inst                                    ; |DC_FINAL|DATAPATH_DC:inst1|Register8x8:inst3|Register4x4:inst3|RFC:inst9|inst                                    ; regout           ;
; |DC_FINAL|DATAPATH_DC:inst1|Register8x8:inst3|Register4x4:inst3|RFC:inst9|inst2                                   ; |DC_FINAL|DATAPATH_DC:inst1|Register8x8:inst3|Register4x4:inst3|RFC:inst9|inst2                                   ; out0             ;
; |DC_FINAL|DATAPATH_DC:inst1|Register8x8:inst3|Register4x4:inst3|RFC:inst5|inst                                    ; |DC_FINAL|DATAPATH_DC:inst1|Register8x8:inst3|Register4x4:inst3|RFC:inst5|inst                                    ; regout           ;
; |DC_FINAL|DATAPATH_DC:inst1|Register8x8:inst3|Register4x4:inst3|RFC:inst5|inst2                                   ; |DC_FINAL|DATAPATH_DC:inst1|Register8x8:inst3|Register4x4:inst3|RFC:inst5|inst2                                   ; out0             ;
; |DC_FINAL|DATAPATH_DC:inst1|Register8x8:inst3|Register4x4:inst3|RFC:inst12|inst                                   ; |DC_FINAL|DATAPATH_DC:inst1|Register8x8:inst3|Register4x4:inst3|RFC:inst12|inst                                   ; regout           ;
; |DC_FINAL|DATAPATH_DC:inst1|Register8x8:inst3|Register4x4:inst3|RFC:inst12|inst2                                  ; |DC_FINAL|DATAPATH_DC:inst1|Register8x8:inst3|Register4x4:inst3|RFC:inst12|inst2                                  ; out0             ;
; |DC_FINAL|DATAPATH_DC:inst1|Register8x8:inst3|Register4x4:inst3|RFC:inst16|inst1                                  ; |DC_FINAL|DATAPATH_DC:inst1|Register8x8:inst3|Register4x4:inst3|RFC:inst16|inst1                                  ; out              ;
; |DC_FINAL|DATAPATH_DC:inst1|Register8x8:inst3|Register4x4:inst3|RFC:inst16|inst                                   ; |DC_FINAL|DATAPATH_DC:inst1|Register8x8:inst3|Register4x4:inst3|RFC:inst16|inst                                   ; regout           ;
; |DC_FINAL|DATAPATH_DC:inst1|Register8x8:inst3|Register4x4:inst3|RFC:inst16|inst4                                  ; |DC_FINAL|DATAPATH_DC:inst1|Register8x8:inst3|Register4x4:inst3|RFC:inst16|inst4                                  ; out0             ;
; |DC_FINAL|DATAPATH_DC:inst1|Register8x8:inst3|Register4x4:inst3|RFC:inst16|inst3                                  ; |DC_FINAL|DATAPATH_DC:inst1|Register8x8:inst3|Register4x4:inst3|RFC:inst16|inst3                                  ; out0             ;
; |DC_FINAL|DATAPATH_DC:inst1|Register8x8:inst3|Register4x4:inst3|RFC:inst16|inst2                                  ; |DC_FINAL|DATAPATH_DC:inst1|Register8x8:inst3|Register4x4:inst3|RFC:inst16|inst2                                  ; out0             ;
; |DC_FINAL|DATAPATH_DC:inst1|Register8x8:inst3|Register4x4:inst3|RFC:inst15|inst1                                  ; |DC_FINAL|DATAPATH_DC:inst1|Register8x8:inst3|Register4x4:inst3|RFC:inst15|inst1                                  ; out              ;
; |DC_FINAL|DATAPATH_DC:inst1|Register8x8:inst3|Register4x4:inst3|RFC:inst15|inst                                   ; |DC_FINAL|DATAPATH_DC:inst1|Register8x8:inst3|Register4x4:inst3|RFC:inst15|inst                                   ; regout           ;
; |DC_FINAL|DATAPATH_DC:inst1|Register8x8:inst3|Register4x4:inst3|RFC:inst15|inst4                                  ; |DC_FINAL|DATAPATH_DC:inst1|Register8x8:inst3|Register4x4:inst3|RFC:inst15|inst4                                  ; out0             ;
; |DC_FINAL|DATAPATH_DC:inst1|Register8x8:inst3|Register4x4:inst3|RFC:inst15|inst3                                  ; |DC_FINAL|DATAPATH_DC:inst1|Register8x8:inst3|Register4x4:inst3|RFC:inst15|inst3                                  ; out0             ;
; |DC_FINAL|DATAPATH_DC:inst1|Register8x8:inst3|Register4x4:inst3|RFC:inst15|inst2                                  ; |DC_FINAL|DATAPATH_DC:inst1|Register8x8:inst3|Register4x4:inst3|RFC:inst15|inst2                                  ; out0             ;
; |DC_FINAL|DATAPATH_DC:inst1|Register8x8:inst3|Register4x4:inst3|RFC:inst11|inst                                   ; |DC_FINAL|DATAPATH_DC:inst1|Register8x8:inst3|Register4x4:inst3|RFC:inst11|inst                                   ; regout           ;
; |DC_FINAL|DATAPATH_DC:inst1|Register8x8:inst3|Register4x4:inst3|RFC:inst11|inst4                                  ; |DC_FINAL|DATAPATH_DC:inst1|Register8x8:inst3|Register4x4:inst3|RFC:inst11|inst4                                  ; out0             ;
; |DC_FINAL|DATAPATH_DC:inst1|Register8x8:inst3|Register4x4:inst3|RFC:inst11|inst3                                  ; |DC_FINAL|DATAPATH_DC:inst1|Register8x8:inst3|Register4x4:inst3|RFC:inst11|inst3                                  ; out0             ;
; |DC_FINAL|DATAPATH_DC:inst1|Register8x8:inst3|Register4x4:inst3|RFC:inst11|inst2                                  ; |DC_FINAL|DATAPATH_DC:inst1|Register8x8:inst3|Register4x4:inst3|RFC:inst11|inst2                                  ; out0             ;
; |DC_FINAL|DATAPATH_DC:inst1|Register8x8:inst3|Register4x4:inst3|RFC:inst7|inst                                    ; |DC_FINAL|DATAPATH_DC:inst1|Register8x8:inst3|Register4x4:inst3|RFC:inst7|inst                                    ; regout           ;
; |DC_FINAL|DATAPATH_DC:inst1|Register8x8:inst3|Register4x4:inst3|RFC:inst7|inst2                                   ; |DC_FINAL|DATAPATH_DC:inst1|Register8x8:inst3|Register4x4:inst3|RFC:inst7|inst2                                   ; out0             ;
; |DC_FINAL|DATAPATH_DC:inst1|Register8x8:inst3|Register4x4:inst3|Decoder2_4:inst20|inst                            ; |DC_FINAL|DATAPATH_DC:inst1|Register8x8:inst3|Register4x4:inst3|Decoder2_4:inst20|inst                            ; out0             ;
; |DC_FINAL|DATAPATH_DC:inst1|Register8x8:inst3|Register4x4:inst3|Decoder2_4:inst|inst                              ; |DC_FINAL|DATAPATH_DC:inst1|Register8x8:inst3|Register4x4:inst3|Decoder2_4:inst|inst                              ; out0             ;
; |DC_FINAL|DATAPATH_DC:inst1|Register8x8:inst3|Register4x4:inst3|RFC:inst3|inst                                    ; |DC_FINAL|DATAPATH_DC:inst1|Register8x8:inst3|Register4x4:inst3|RFC:inst3|inst                                    ; regout           ;
; |DC_FINAL|DATAPATH_DC:inst1|Register8x8:inst3|Register4x4:inst3|RFC:inst3|inst2                                   ; |DC_FINAL|DATAPATH_DC:inst1|Register8x8:inst3|Register4x4:inst3|RFC:inst3|inst2                                   ; out0             ;
; |DC_FINAL|DATAPATH_DC:inst1|Register8x8:inst3|Register4x4:inst1|RFC:inst18|inst                                   ; |DC_FINAL|DATAPATH_DC:inst1|Register8x8:inst3|Register4x4:inst1|RFC:inst18|inst                                   ; regout           ;
; |DC_FINAL|DATAPATH_DC:inst1|Register8x8:inst3|Register4x4:inst1|RFC:inst18|inst2                                  ; |DC_FINAL|DATAPATH_DC:inst1|Register8x8:inst3|Register4x4:inst1|RFC:inst18|inst2                                  ; out0             ;
; |DC_FINAL|DATAPATH_DC:inst1|Register8x8:inst3|Register4x4:inst1|RFC:inst10|inst                                   ; |DC_FINAL|DATAPATH_DC:inst1|Register8x8:inst3|Register4x4:inst1|RFC:inst10|inst                                   ; regout           ;
; |DC_FINAL|DATAPATH_DC:inst1|Register8x8:inst3|Register4x4:inst1|RFC:inst10|inst2                                  ; |DC_FINAL|DATAPATH_DC:inst1|Register8x8:inst3|Register4x4:inst1|RFC:inst10|inst2                                  ; out0             ;
; |DC_FINAL|DATAPATH_DC:inst1|Register8x8:inst3|Register4x4:inst1|RFC:inst6|inst                                    ; |DC_FINAL|DATAPATH_DC:inst1|Register8x8:inst3|Register4x4:inst1|RFC:inst6|inst                                    ; regout           ;
; |DC_FINAL|DATAPATH_DC:inst1|Register8x8:inst3|Register4x4:inst1|RFC:inst6|inst4                                   ; |DC_FINAL|DATAPATH_DC:inst1|Register8x8:inst3|Register4x4:inst1|RFC:inst6|inst4                                   ; out0             ;
; |DC_FINAL|DATAPATH_DC:inst1|Register8x8:inst3|Register4x4:inst1|RFC:inst6|inst3                                   ; |DC_FINAL|DATAPATH_DC:inst1|Register8x8:inst3|Register4x4:inst1|RFC:inst6|inst3                                   ; out0             ;
; |DC_FINAL|DATAPATH_DC:inst1|Register8x8:inst3|Register4x4:inst1|RFC:inst6|inst2                                   ; |DC_FINAL|DATAPATH_DC:inst1|Register8x8:inst3|Register4x4:inst1|RFC:inst6|inst2                                   ; out0             ;
; |DC_FINAL|DATAPATH_DC:inst1|Register8x8:inst3|Register4x4:inst1|RFC:inst17|inst                                   ; |DC_FINAL|DATAPATH_DC:inst1|Register8x8:inst3|Register4x4:inst1|RFC:inst17|inst                                   ; regout           ;
; |DC_FINAL|DATAPATH_DC:inst1|Register8x8:inst3|Register4x4:inst1|RFC:inst17|inst2                                  ; |DC_FINAL|DATAPATH_DC:inst1|Register8x8:inst3|Register4x4:inst1|RFC:inst17|inst2                                  ; out0             ;
; |DC_FINAL|DATAPATH_DC:inst1|Register8x8:inst3|Register4x4:inst1|RFC:inst9|inst                                    ; |DC_FINAL|DATAPATH_DC:inst1|Register8x8:inst3|Register4x4:inst1|RFC:inst9|inst                                    ; regout           ;
; |DC_FINAL|DATAPATH_DC:inst1|Register8x8:inst3|Register4x4:inst1|RFC:inst9|inst2                                   ; |DC_FINAL|DATAPATH_DC:inst1|Register8x8:inst3|Register4x4:inst1|RFC:inst9|inst2                                   ; out0             ;
; |DC_FINAL|DATAPATH_DC:inst1|Register8x8:inst3|Register4x4:inst1|RFC:inst5|inst                                    ; |DC_FINAL|DATAPATH_DC:inst1|Register8x8:inst3|Register4x4:inst1|RFC:inst5|inst                                    ; regout           ;
; |DC_FINAL|DATAPATH_DC:inst1|Register8x8:inst3|Register4x4:inst1|RFC:inst5|inst4                                   ; |DC_FINAL|DATAPATH_DC:inst1|Register8x8:inst3|Register4x4:inst1|RFC:inst5|inst4                                   ; out0             ;
; |DC_FINAL|DATAPATH_DC:inst1|Register8x8:inst3|Register4x4:inst1|RFC:inst5|inst3                                   ; |DC_FINAL|DATAPATH_DC:inst1|Register8x8:inst3|Register4x4:inst1|RFC:inst5|inst3                                   ; out0             ;
; |DC_FINAL|DATAPATH_DC:inst1|Register8x8:inst3|Register4x4:inst1|RFC:inst5|inst2                                   ; |DC_FINAL|DATAPATH_DC:inst1|Register8x8:inst3|Register4x4:inst1|RFC:inst5|inst2                                   ; out0             ;
; |DC_FINAL|DATAPATH_DC:inst1|Register8x8:inst3|Register4x4:inst1|RFC:inst12|inst                                   ; |DC_FINAL|DATAPATH_DC:inst1|Register8x8:inst3|Register4x4:inst1|RFC:inst12|inst                                   ; regout           ;
; |DC_FINAL|DATAPATH_DC:inst1|Register8x8:inst3|Register4x4:inst1|RFC:inst12|inst2                                  ; |DC_FINAL|DATAPATH_DC:inst1|Register8x8:inst3|Register4x4:inst1|RFC:inst12|inst2                                  ; out0             ;
; |DC_FINAL|DATAPATH_DC:inst1|Register8x8:inst3|Register4x4:inst1|RFC:inst16|inst                                   ; |DC_FINAL|DATAPATH_DC:inst1|Register8x8:inst3|Register4x4:inst1|RFC:inst16|inst                                   ; regout           ;
; |DC_FINAL|DATAPATH_DC:inst1|Register8x8:inst3|Register4x4:inst1|RFC:inst16|inst4                                  ; |DC_FINAL|DATAPATH_DC:inst1|Register8x8:inst3|Register4x4:inst1|RFC:inst16|inst4                                  ; out0             ;
; |DC_FINAL|DATAPATH_DC:inst1|Register8x8:inst3|Register4x4:inst1|RFC:inst16|inst3                                  ; |DC_FINAL|DATAPATH_DC:inst1|Register8x8:inst3|Register4x4:inst1|RFC:inst16|inst3                                  ; out0             ;
; |DC_FINAL|DATAPATH_DC:inst1|Register8x8:inst3|Register4x4:inst1|RFC:inst16|inst2                                  ; |DC_FINAL|DATAPATH_DC:inst1|Register8x8:inst3|Register4x4:inst1|RFC:inst16|inst2                                  ; out0             ;
; |DC_FINAL|DATAPATH_DC:inst1|Register8x8:inst3|Register4x4:inst1|RFC:inst15|inst                                   ; |DC_FINAL|DATAPATH_DC:inst1|Register8x8:inst3|Register4x4:inst1|RFC:inst15|inst                                   ; regout           ;
; |DC_FINAL|DATAPATH_DC:inst1|Register8x8:inst3|Register4x4:inst1|RFC:inst15|inst4                                  ; |DC_FINAL|DATAPATH_DC:inst1|Register8x8:inst3|Register4x4:inst1|RFC:inst15|inst4                                  ; out0             ;
; |DC_FINAL|DATAPATH_DC:inst1|Register8x8:inst3|Register4x4:inst1|RFC:inst15|inst3                                  ; |DC_FINAL|DATAPATH_DC:inst1|Register8x8:inst3|Register4x4:inst1|RFC:inst15|inst3                                  ; out0             ;
; |DC_FINAL|DATAPATH_DC:inst1|Register8x8:inst3|Register4x4:inst1|RFC:inst15|inst2                                  ; |DC_FINAL|DATAPATH_DC:inst1|Register8x8:inst3|Register4x4:inst1|RFC:inst15|inst2                                  ; out0             ;
; |DC_FINAL|DATAPATH_DC:inst1|Register8x8:inst3|Register4x4:inst1|RFC:inst11|inst                                   ; |DC_FINAL|DATAPATH_DC:inst1|Register8x8:inst3|Register4x4:inst1|RFC:inst11|inst                                   ; regout           ;
; |DC_FINAL|DATAPATH_DC:inst1|Register8x8:inst3|Register4x4:inst1|RFC:inst11|inst2                                  ; |DC_FINAL|DATAPATH_DC:inst1|Register8x8:inst3|Register4x4:inst1|RFC:inst11|inst2                                  ; out0             ;
; |DC_FINAL|DATAPATH_DC:inst1|Register8x8:inst3|Register4x4:inst1|RFC:inst7|inst                                    ; |DC_FINAL|DATAPATH_DC:inst1|Register8x8:inst3|Register4x4:inst1|RFC:inst7|inst                                    ; regout           ;
; |DC_FINAL|DATAPATH_DC:inst1|AbsMin:inst5|Adder8bit:inst|FullAdder:inst1|inst                                      ; |DC_FINAL|DATAPATH_DC:inst1|AbsMin:inst5|Adder8bit:inst|FullAdder:inst1|inst                                      ; out0             ;
; |DC_FINAL|DATAPATH_DC:inst1|AbsMin:inst5|Adder8bit:inst|FullAdder:inst|inst                                       ; |DC_FINAL|DATAPATH_DC:inst1|AbsMin:inst5|Adder8bit:inst|FullAdder:inst|inst                                       ; out0             ;
; |DC_FINAL|DATAPATH_DC:inst1|mux41_8bit:inst|busmux:inst|lpm_mux:$00000|mux_smc:auto_generated|result_node[7]~0    ; |DC_FINAL|DATAPATH_DC:inst1|mux41_8bit:inst|busmux:inst|lpm_mux:$00000|mux_smc:auto_generated|result_node[7]~0    ; out0             ;
; |DC_FINAL|DATAPATH_DC:inst1|mux41_8bit:inst|busmux:inst|lpm_mux:$00000|mux_smc:auto_generated|result_node[6]~2    ; |DC_FINAL|DATAPATH_DC:inst1|mux41_8bit:inst|busmux:inst|lpm_mux:$00000|mux_smc:auto_generated|result_node[6]~2    ; out0             ;
; |DC_FINAL|DATAPATH_DC:inst1|mux41_8bit:inst|busmux:inst|lpm_mux:$00000|mux_smc:auto_generated|result_node[5]~4    ; |DC_FINAL|DATAPATH_DC:inst1|mux41_8bit:inst|busmux:inst|lpm_mux:$00000|mux_smc:auto_generated|result_node[5]~4    ; out0             ;
; |DC_FINAL|DATAPATH_DC:inst1|mux41_8bit:inst|busmux:inst|lpm_mux:$00000|mux_smc:auto_generated|result_node[3]~8    ; |DC_FINAL|DATAPATH_DC:inst1|mux41_8bit:inst|busmux:inst|lpm_mux:$00000|mux_smc:auto_generated|result_node[3]~8    ; out0             ;
; |DC_FINAL|DATAPATH_DC:inst1|mux41_8bit:inst|busmux:inst|lpm_mux:$00000|mux_smc:auto_generated|result_node[2]~10   ; |DC_FINAL|DATAPATH_DC:inst1|mux41_8bit:inst|busmux:inst|lpm_mux:$00000|mux_smc:auto_generated|result_node[2]~10   ; out0             ;
; |DC_FINAL|DATAPATH_DC:inst1|Register4x8:inst2|Register4x4:inst|RFC:inst18|inst                                    ; |DC_FINAL|DATAPATH_DC:inst1|Register4x8:inst2|Register4x4:inst|RFC:inst18|inst                                    ; regout           ;
; |DC_FINAL|DATAPATH_DC:inst1|Register4x8:inst2|Register4x4:inst|RFC:inst18|inst2                                   ; |DC_FINAL|DATAPATH_DC:inst1|Register4x8:inst2|Register4x4:inst|RFC:inst18|inst2                                   ; out0             ;
; |DC_FINAL|DATAPATH_DC:inst1|Register4x8:inst2|Register4x4:inst|RFC:inst14|inst                                    ; |DC_FINAL|DATAPATH_DC:inst1|Register4x8:inst2|Register4x4:inst|RFC:inst14|inst                                    ; regout           ;
; |DC_FINAL|DATAPATH_DC:inst1|Register4x8:inst2|Register4x4:inst|RFC:inst14|inst4                                   ; |DC_FINAL|DATAPATH_DC:inst1|Register4x8:inst2|Register4x4:inst|RFC:inst14|inst4                                   ; out0             ;
; |DC_FINAL|DATAPATH_DC:inst1|Register4x8:inst2|Register4x4:inst|RFC:inst14|inst2                                   ; |DC_FINAL|DATAPATH_DC:inst1|Register4x8:inst2|Register4x4:inst|RFC:inst14|inst2                                   ; out0             ;
; |DC_FINAL|DATAPATH_DC:inst1|Register4x8:inst2|Register4x4:inst|RFC:inst10|inst                                    ; |DC_FINAL|DATAPATH_DC:inst1|Register4x8:inst2|Register4x4:inst|RFC:inst10|inst                                    ; regout           ;
; |DC_FINAL|DATAPATH_DC:inst1|Register4x8:inst2|Register4x4:inst|RFC:inst17|inst                                    ; |DC_FINAL|DATAPATH_DC:inst1|Register4x8:inst2|Register4x4:inst|RFC:inst17|inst                                    ; regout           ;
; |DC_FINAL|DATAPATH_DC:inst1|Register4x8:inst2|Register4x4:inst|RFC:inst17|inst2                                   ; |DC_FINAL|DATAPATH_DC:inst1|Register4x8:inst2|Register4x4:inst|RFC:inst17|inst2                                   ; out0             ;
; |DC_FINAL|DATAPATH_DC:inst1|Register4x8:inst2|Register4x4:inst|RFC:inst13|inst                                    ; |DC_FINAL|DATAPATH_DC:inst1|Register4x8:inst2|Register4x4:inst|RFC:inst13|inst                                    ; regout           ;
; |DC_FINAL|DATAPATH_DC:inst1|Register4x8:inst2|Register4x4:inst|RFC:inst13|inst4                                   ; |DC_FINAL|DATAPATH_DC:inst1|Register4x8:inst2|Register4x4:inst|RFC:inst13|inst4                                   ; out0             ;
; |DC_FINAL|DATAPATH_DC:inst1|Register4x8:inst2|Register4x4:inst|RFC:inst13|inst3                                   ; |DC_FINAL|DATAPATH_DC:inst1|Register4x8:inst2|Register4x4:inst|RFC:inst13|inst3                                   ; out0             ;
; |DC_FINAL|DATAPATH_DC:inst1|Register4x8:inst2|Register4x4:inst|RFC:inst13|inst2                                   ; |DC_FINAL|DATAPATH_DC:inst1|Register4x8:inst2|Register4x4:inst|RFC:inst13|inst2                                   ; out0             ;
; |DC_FINAL|DATAPATH_DC:inst1|Register4x8:inst2|Register4x4:inst|RFC:inst9|inst                                     ; |DC_FINAL|DATAPATH_DC:inst1|Register4x8:inst2|Register4x4:inst|RFC:inst9|inst                                     ; regout           ;
; |DC_FINAL|DATAPATH_DC:inst1|Register4x8:inst2|Register4x4:inst|RFC:inst9|inst2                                    ; |DC_FINAL|DATAPATH_DC:inst1|Register4x8:inst2|Register4x4:inst|RFC:inst9|inst2                                    ; out0             ;
; |DC_FINAL|DATAPATH_DC:inst1|Register4x8:inst2|Register4x4:inst|RFC:inst5|inst                                     ; |DC_FINAL|DATAPATH_DC:inst1|Register4x8:inst2|Register4x4:inst|RFC:inst5|inst                                     ; regout           ;
; |DC_FINAL|DATAPATH_DC:inst1|Register4x8:inst2|Register4x4:inst|RFC:inst5|inst2                                    ; |DC_FINAL|DATAPATH_DC:inst1|Register4x8:inst2|Register4x4:inst|RFC:inst5|inst2                                    ; out0             ;
; |DC_FINAL|DATAPATH_DC:inst1|Register4x8:inst2|Register4x4:inst|RFC:inst8|inst                                     ; |DC_FINAL|DATAPATH_DC:inst1|Register4x8:inst2|Register4x4:inst|RFC:inst8|inst                                     ; regout           ;
; |DC_FINAL|DATAPATH_DC:inst1|Register4x8:inst2|Register4x4:inst|RFC:inst8|inst2                                    ; |DC_FINAL|DATAPATH_DC:inst1|Register4x8:inst2|Register4x4:inst|RFC:inst8|inst2                                    ; out0             ;
; |DC_FINAL|DATAPATH_DC:inst1|Register4x8:inst2|Register4x4:inst|RFC:inst12|inst                                    ; |DC_FINAL|DATAPATH_DC:inst1|Register4x8:inst2|Register4x4:inst|RFC:inst12|inst                                    ; regout           ;
; |DC_FINAL|DATAPATH_DC:inst1|Register4x8:inst2|Register4x4:inst|RFC:inst12|inst4                                   ; |DC_FINAL|DATAPATH_DC:inst1|Register4x8:inst2|Register4x4:inst|RFC:inst12|inst4                                   ; out0             ;
; |DC_FINAL|DATAPATH_DC:inst1|Register4x8:inst2|Register4x4:inst|RFC:inst12|inst3                                   ; |DC_FINAL|DATAPATH_DC:inst1|Register4x8:inst2|Register4x4:inst|RFC:inst12|inst3                                   ; out0             ;
; |DC_FINAL|DATAPATH_DC:inst1|Register4x8:inst2|Register4x4:inst|RFC:inst12|inst2                                   ; |DC_FINAL|DATAPATH_DC:inst1|Register4x8:inst2|Register4x4:inst|RFC:inst12|inst2                                   ; out0             ;
; |DC_FINAL|DATAPATH_DC:inst1|Register4x8:inst2|Register4x4:inst|RFC:inst16|inst                                    ; |DC_FINAL|DATAPATH_DC:inst1|Register4x8:inst2|Register4x4:inst|RFC:inst16|inst                                    ; regout           ;
; |DC_FINAL|DATAPATH_DC:inst1|Register4x8:inst2|Register4x4:inst|RFC:inst16|inst4                                   ; |DC_FINAL|DATAPATH_DC:inst1|Register4x8:inst2|Register4x4:inst|RFC:inst16|inst4                                   ; out0             ;
; |DC_FINAL|DATAPATH_DC:inst1|Register4x8:inst2|Register4x4:inst|RFC:inst16|inst3                                   ; |DC_FINAL|DATAPATH_DC:inst1|Register4x8:inst2|Register4x4:inst|RFC:inst16|inst3                                   ; out0             ;
; |DC_FINAL|DATAPATH_DC:inst1|Register4x8:inst2|Register4x4:inst|RFC:inst16|inst2                                   ; |DC_FINAL|DATAPATH_DC:inst1|Register4x8:inst2|Register4x4:inst|RFC:inst16|inst2                                   ; out0             ;
; |DC_FINAL|DATAPATH_DC:inst1|Register4x8:inst2|Register4x4:inst|RFC:inst4|inst                                     ; |DC_FINAL|DATAPATH_DC:inst1|Register4x8:inst2|Register4x4:inst|RFC:inst4|inst                                     ; regout           ;
; |DC_FINAL|DATAPATH_DC:inst1|Register4x8:inst2|Register4x4:inst|RFC:inst4|inst4                                    ; |DC_FINAL|DATAPATH_DC:inst1|Register4x8:inst2|Register4x4:inst|RFC:inst4|inst4                                    ; out0             ;
; |DC_FINAL|DATAPATH_DC:inst1|Register4x8:inst2|Register4x4:inst|RFC:inst4|inst3                                    ; |DC_FINAL|DATAPATH_DC:inst1|Register4x8:inst2|Register4x4:inst|RFC:inst4|inst3                                    ; out0             ;
; |DC_FINAL|DATAPATH_DC:inst1|Register4x8:inst2|Register4x4:inst|RFC:inst4|inst2                                    ; |DC_FINAL|DATAPATH_DC:inst1|Register4x8:inst2|Register4x4:inst|RFC:inst4|inst2                                    ; out0             ;
; |DC_FINAL|DATAPATH_DC:inst1|Register4x8:inst2|Register4x4:inst|RFC:inst15|inst                                    ; |DC_FINAL|DATAPATH_DC:inst1|Register4x8:inst2|Register4x4:inst|RFC:inst15|inst                                    ; regout           ;
; |DC_FINAL|DATAPATH_DC:inst1|Register4x8:inst2|Register4x4:inst|RFC:inst15|inst4                                   ; |DC_FINAL|DATAPATH_DC:inst1|Register4x8:inst2|Register4x4:inst|RFC:inst15|inst4                                   ; out0             ;
; |DC_FINAL|DATAPATH_DC:inst1|Register4x8:inst2|Register4x4:inst|RFC:inst15|inst3                                   ; |DC_FINAL|DATAPATH_DC:inst1|Register4x8:inst2|Register4x4:inst|RFC:inst15|inst3                                   ; out0             ;
; |DC_FINAL|DATAPATH_DC:inst1|Register4x8:inst2|Register4x4:inst|RFC:inst15|inst2                                   ; |DC_FINAL|DATAPATH_DC:inst1|Register4x8:inst2|Register4x4:inst|RFC:inst15|inst2                                   ; out0             ;
; |DC_FINAL|DATAPATH_DC:inst1|Register4x8:inst2|Register4x4:inst|RFC:inst11|inst                                    ; |DC_FINAL|DATAPATH_DC:inst1|Register4x8:inst2|Register4x4:inst|RFC:inst11|inst                                    ; regout           ;
; |DC_FINAL|DATAPATH_DC:inst1|Register4x8:inst2|Register4x4:inst|RFC:inst11|inst4                                   ; |DC_FINAL|DATAPATH_DC:inst1|Register4x8:inst2|Register4x4:inst|RFC:inst11|inst4                                   ; out0             ;
; |DC_FINAL|DATAPATH_DC:inst1|Register4x8:inst2|Register4x4:inst|RFC:inst11|inst3                                   ; |DC_FINAL|DATAPATH_DC:inst1|Register4x8:inst2|Register4x4:inst|RFC:inst11|inst3                                   ; out0             ;
; |DC_FINAL|DATAPATH_DC:inst1|Register4x8:inst2|Register4x4:inst|RFC:inst11|inst2                                   ; |DC_FINAL|DATAPATH_DC:inst1|Register4x8:inst2|Register4x4:inst|RFC:inst11|inst2                                   ; out0             ;
; |DC_FINAL|DATAPATH_DC:inst1|Register4x8:inst2|Register4x4:inst|RFC:inst7|inst                                     ; |DC_FINAL|DATAPATH_DC:inst1|Register4x8:inst2|Register4x4:inst|RFC:inst7|inst                                     ; regout           ;
; |DC_FINAL|DATAPATH_DC:inst1|Register4x8:inst2|Register4x4:inst|RFC:inst7|inst2                                    ; |DC_FINAL|DATAPATH_DC:inst1|Register4x8:inst2|Register4x4:inst|RFC:inst7|inst2                                    ; out0             ;
; |DC_FINAL|DATAPATH_DC:inst1|Register4x8:inst2|Register4x4:inst|RFC:inst3|inst                                     ; |DC_FINAL|DATAPATH_DC:inst1|Register4x8:inst2|Register4x4:inst|RFC:inst3|inst                                     ; regout           ;
; |DC_FINAL|DATAPATH_DC:inst1|Register4x8:inst2|Register4x4:inst|RFC:inst3|inst4                                    ; |DC_FINAL|DATAPATH_DC:inst1|Register4x8:inst2|Register4x4:inst|RFC:inst3|inst4                                    ; out0             ;
; |DC_FINAL|DATAPATH_DC:inst1|Register4x8:inst2|Register4x4:inst|RFC:inst3|inst3                                    ; |DC_FINAL|DATAPATH_DC:inst1|Register4x8:inst2|Register4x4:inst|RFC:inst3|inst3                                    ; out0             ;
; |DC_FINAL|DATAPATH_DC:inst1|Register4x8:inst2|Register4x4:inst|RFC:inst3|inst2                                    ; |DC_FINAL|DATAPATH_DC:inst1|Register4x8:inst2|Register4x4:inst|RFC:inst3|inst2                                    ; out0             ;
; |DC_FINAL|DATAPATH_DC:inst1|Register4x8:inst2|Register4x4:inst1|RFC:inst18|inst1                                  ; |DC_FINAL|DATAPATH_DC:inst1|Register4x8:inst2|Register4x4:inst1|RFC:inst18|inst1                                  ; out              ;
; |DC_FINAL|DATAPATH_DC:inst1|Register4x8:inst2|Register4x4:inst1|RFC:inst18|inst                                   ; |DC_FINAL|DATAPATH_DC:inst1|Register4x8:inst2|Register4x4:inst1|RFC:inst18|inst                                   ; regout           ;
; |DC_FINAL|DATAPATH_DC:inst1|Register4x8:inst2|Register4x4:inst1|RFC:inst14|inst                                   ; |DC_FINAL|DATAPATH_DC:inst1|Register4x8:inst2|Register4x4:inst1|RFC:inst14|inst                                   ; regout           ;
; |DC_FINAL|DATAPATH_DC:inst1|Register4x8:inst2|Register4x4:inst1|RFC:inst14|inst4                                  ; |DC_FINAL|DATAPATH_DC:inst1|Register4x8:inst2|Register4x4:inst1|RFC:inst14|inst4                                  ; out0             ;
; |DC_FINAL|DATAPATH_DC:inst1|Register4x8:inst2|Register4x4:inst1|RFC:inst14|inst3                                  ; |DC_FINAL|DATAPATH_DC:inst1|Register4x8:inst2|Register4x4:inst1|RFC:inst14|inst3                                  ; out0             ;
; |DC_FINAL|DATAPATH_DC:inst1|Register4x8:inst2|Register4x4:inst1|RFC:inst14|inst2                                  ; |DC_FINAL|DATAPATH_DC:inst1|Register4x8:inst2|Register4x4:inst1|RFC:inst14|inst2                                  ; out0             ;
; |DC_FINAL|DATAPATH_DC:inst1|Register4x8:inst2|Register4x4:inst1|RFC:inst17|inst                                   ; |DC_FINAL|DATAPATH_DC:inst1|Register4x8:inst2|Register4x4:inst1|RFC:inst17|inst                                   ; regout           ;
; |DC_FINAL|DATAPATH_DC:inst1|Register4x8:inst2|Register4x4:inst1|RFC:inst17|inst4                                  ; |DC_FINAL|DATAPATH_DC:inst1|Register4x8:inst2|Register4x4:inst1|RFC:inst17|inst4                                  ; out0             ;
; |DC_FINAL|DATAPATH_DC:inst1|Register4x8:inst2|Register4x4:inst1|RFC:inst17|inst3                                  ; |DC_FINAL|DATAPATH_DC:inst1|Register4x8:inst2|Register4x4:inst1|RFC:inst17|inst3                                  ; out0             ;
; |DC_FINAL|DATAPATH_DC:inst1|Register4x8:inst2|Register4x4:inst1|RFC:inst17|inst2                                  ; |DC_FINAL|DATAPATH_DC:inst1|Register4x8:inst2|Register4x4:inst1|RFC:inst17|inst2                                  ; out0             ;
; |DC_FINAL|DATAPATH_DC:inst1|Register4x8:inst2|Register4x4:inst1|RFC:inst13|inst                                   ; |DC_FINAL|DATAPATH_DC:inst1|Register4x8:inst2|Register4x4:inst1|RFC:inst13|inst                                   ; regout           ;
; |DC_FINAL|DATAPATH_DC:inst1|Register4x8:inst2|Register4x4:inst1|RFC:inst13|inst4                                  ; |DC_FINAL|DATAPATH_DC:inst1|Register4x8:inst2|Register4x4:inst1|RFC:inst13|inst4                                  ; out0             ;
; |DC_FINAL|DATAPATH_DC:inst1|Register4x8:inst2|Register4x4:inst1|RFC:inst13|inst3                                  ; |DC_FINAL|DATAPATH_DC:inst1|Register4x8:inst2|Register4x4:inst1|RFC:inst13|inst3                                  ; out0             ;
; |DC_FINAL|DATAPATH_DC:inst1|Register4x8:inst2|Register4x4:inst1|RFC:inst13|inst2                                  ; |DC_FINAL|DATAPATH_DC:inst1|Register4x8:inst2|Register4x4:inst1|RFC:inst13|inst2                                  ; out0             ;
; |DC_FINAL|DATAPATH_DC:inst1|Register4x8:inst2|Register4x4:inst1|RFC:inst8|inst                                    ; |DC_FINAL|DATAPATH_DC:inst1|Register4x8:inst2|Register4x4:inst1|RFC:inst8|inst                                    ; regout           ;
; |DC_FINAL|DATAPATH_DC:inst1|Register4x8:inst2|Register4x4:inst1|RFC:inst8|inst2                                   ; |DC_FINAL|DATAPATH_DC:inst1|Register4x8:inst2|Register4x4:inst1|RFC:inst8|inst2                                   ; out0             ;
; |DC_FINAL|DATAPATH_DC:inst1|Register4x8:inst2|Register4x4:inst1|RFC:inst4|inst                                    ; |DC_FINAL|DATAPATH_DC:inst1|Register4x8:inst2|Register4x4:inst1|RFC:inst4|inst                                    ; regout           ;
; |DC_FINAL|DATAPATH_DC:inst1|Register4x8:inst2|Register4x4:inst1|RFC:inst4|inst2                                   ; |DC_FINAL|DATAPATH_DC:inst1|Register4x8:inst2|Register4x4:inst1|RFC:inst4|inst2                                   ; out0             ;
; |DC_FINAL|DATAPATH_DC:inst1|Register4x8:inst2|Register4x4:inst1|RFC:inst15|inst                                   ; |DC_FINAL|DATAPATH_DC:inst1|Register4x8:inst2|Register4x4:inst1|RFC:inst15|inst                                   ; regout           ;
; |DC_FINAL|DATAPATH_DC:inst1|Register4x8:inst2|Register4x4:inst1|RFC:inst15|inst2                                  ; |DC_FINAL|DATAPATH_DC:inst1|Register4x8:inst2|Register4x4:inst1|RFC:inst15|inst2                                  ; out0             ;
; |DC_FINAL|DATAPATH_DC:inst1|Register4x8:inst2|Register4x4:inst1|RFC:inst11|inst                                   ; |DC_FINAL|DATAPATH_DC:inst1|Register4x8:inst2|Register4x4:inst1|RFC:inst11|inst                                   ; regout           ;
; |DC_FINAL|DATAPATH_DC:inst1|Register4x8:inst2|Register4x4:inst1|RFC:inst11|inst4                                  ; |DC_FINAL|DATAPATH_DC:inst1|Register4x8:inst2|Register4x4:inst1|RFC:inst11|inst4                                  ; out0             ;
; |DC_FINAL|DATAPATH_DC:inst1|Register4x8:inst2|Register4x4:inst1|RFC:inst11|inst2                                  ; |DC_FINAL|DATAPATH_DC:inst1|Register4x8:inst2|Register4x4:inst1|RFC:inst11|inst2                                  ; out0             ;
; |DC_FINAL|DATAPATH_DC:inst1|Register4x8:inst2|Register4x4:inst1|RFC:inst7|inst                                    ; |DC_FINAL|DATAPATH_DC:inst1|Register4x8:inst2|Register4x4:inst1|RFC:inst7|inst                                    ; regout           ;
; |DC_FINAL|DATAPATH_DC:inst1|Register4x8:inst2|Register4x4:inst1|RFC:inst7|inst2                                   ; |DC_FINAL|DATAPATH_DC:inst1|Register4x8:inst2|Register4x4:inst1|RFC:inst7|inst2                                   ; out0             ;
; |DC_FINAL|DATAPATH_DC:inst1|Register4x8:inst2|Register4x4:inst1|RFC:inst3|inst                                    ; |DC_FINAL|DATAPATH_DC:inst1|Register4x8:inst2|Register4x4:inst1|RFC:inst3|inst                                    ; regout           ;
; |DC_FINAL|DATAPATH_DC:inst1|Register4x8:inst2|Register4x4:inst1|RFC:inst3|inst4                                   ; |DC_FINAL|DATAPATH_DC:inst1|Register4x8:inst2|Register4x4:inst1|RFC:inst3|inst4                                   ; out0             ;
; |DC_FINAL|DATAPATH_DC:inst1|Register4x8:inst2|Register4x4:inst1|RFC:inst3|inst3                                   ; |DC_FINAL|DATAPATH_DC:inst1|Register4x8:inst2|Register4x4:inst1|RFC:inst3|inst3                                   ; out0             ;
; |DC_FINAL|DATAPATH_DC:inst1|Register4x8:inst2|Register4x4:inst1|RFC:inst3|inst2                                   ; |DC_FINAL|DATAPATH_DC:inst1|Register4x8:inst2|Register4x4:inst1|RFC:inst3|inst2                                   ; out0             ;
+-------------------------------------------------------------------------------------------------------------------+-------------------------------------------------------------------------------------------------------------------+------------------+


+---------------------+
; Simulator INI Usage ;
+--------+------------+
; Option ; Usage      ;
+--------+------------+


+--------------------+
; Simulator Messages ;
+--------------------+
Info: *******************************************************************
Info: Running Quartus II 64-Bit Simulator
    Info: Version 13.0.1 Build 232 06/12/2013 Service Pack 1 SJ Web Edition
    Info: Processing started: Tue Nov 19 03:43:46 2024
Info: Command: quartus_sim --simulation_results_format=VWF square_root_SRA -c square_root_SRA
Info (324025): Using vector source file "D:/Documents/HK5/Thiet_Ke_Luan_Ly_So/Mo_Phong_Ly_Thuyet/square_root_SRA/Waveform15.vwf"
Info (310003): Option to preserve fewer signal transitions to reduce memory requirements is enabled
    Info (310004): Simulation has been partitioned into sub-simulations according to the maximum transition count determined by the engine. Transitions from memory will be flushed out to disk at the end of each sub-simulation to reduce memory requirements.
Info (310002): Simulation partitioned into 1 sub-simulations
Info (328053): Simulation coverage is      52.15 %
Info (328052): Number of transitions in simulation is 8607
Info (324045): Vector file square_root_SRA.sim.vwf is saved in VWF text format. You can compress it into CVWF format in order to reduce file size. For more details please refer to the Quartus II Help.
Info: Quartus II 64-Bit Simulator was successful. 0 errors, 0 warnings
    Info: Peak virtual memory: 4452 megabytes
    Info: Processing ended: Tue Nov 19 03:43:46 2024
    Info: Elapsed time: 00:00:00
    Info: Total CPU time (on all processors): 00:00:00


