Simulator report for BaiTap
Mon Dec 02 01:15:24 2024
Quartus II 64-Bit Version 13.0.1 Build 232 06/12/2013 Service Pack 1 SJ Web Edition


---------------------
; Table of Contents ;
---------------------
  1. Legal Notice
  2. Simulator Summary
  3. Simulator Settings
  4. Simulation Waveforms
  5. Coverage Summary
  6. Complete 1/0-Value Coverage
  7. Missing 1-Value Coverage
  8. Missing 0-Value Coverage
  9. Simulator INI Usage
 10. Simulator Messages



----------------
; Legal Notice ;
----------------
Copyright (C) 1991-2013 Altera Corporation
Your use of Altera Corporation's design tools, logic functions 
and other software and tools, and its AMPP partner logic 
functions, and any output files from any of the foregoing 
(including device programming or simulation files), and any 
associated documentation or information are expressly subject 
to the terms and conditions of the Altera Program License 
Subscription Agreement, Altera MegaCore Function License 
Agreement, or other applicable license agreement, including, 
without limitation, that your use is for the sole purpose of 
programming logic devices manufactured by Altera and sold by 
Altera or its authorized distributors.  Please refer to the 
applicable agreement for further details.



+--------------------------------------------+
; Simulator Summary                          ;
+-----------------------------+--------------+
; Type                        ; Value        ;
+-----------------------------+--------------+
; Simulation Start Time       ; 0 ps         ;
; Simulation End Time         ; 1.0 us       ;
; Simulation Netlist Size     ; 691 nodes    ;
; Simulation Coverage         ;      72.21 % ;
; Total Number of Transitions ; 11519        ;
; Simulation Breakpoints      ; 0            ;
; Family                      ; Cyclone II   ;
+-----------------------------+--------------+


+-------------------------------------------------------------------------------------------------------------------------------------------------------------------------------------+
; Simulator Settings                                                                                                                                                                  ;
+--------------------------------------------------------------------------------------------+------------------------------------------------------------------------+---------------+
; Option                                                                                     ; Setting                                                                ; Default Value ;
+--------------------------------------------------------------------------------------------+------------------------------------------------------------------------+---------------+
; Simulation mode                                                                            ; Functional                                                             ; Timing        ;
; Start time                                                                                 ; 0 ns                                                                   ; 0 ns          ;
; Simulation results format                                                                  ; VWF                                                                    ;               ;
; Vector input source                                                                        ; C:/Users/MinzHung/Downloads/Final/DPPipline_FuncPipeline/Waveform2.vwf ;               ;
; Add pins automatically to simulation output waveforms                                      ; On                                                                     ; On            ;
; Check outputs                                                                              ; Off                                                                    ; Off           ;
; Report simulation coverage                                                                 ; On                                                                     ; On            ;
; Display complete 1/0 value coverage report                                                 ; On                                                                     ; On            ;
; Display missing 1-value coverage report                                                    ; On                                                                     ; On            ;
; Display missing 0-value coverage report                                                    ; On                                                                     ; On            ;
; Detect setup and hold time violations                                                      ; Off                                                                    ; Off           ;
; Detect glitches                                                                            ; Off                                                                    ; Off           ;
; Disable timing delays in Timing Simulation                                                 ; Off                                                                    ; Off           ;
; Generate Signal Activity File                                                              ; Off                                                                    ; Off           ;
; Generate VCD File for PowerPlay Power Analyzer                                             ; Off                                                                    ; Off           ;
; Group bus channels in simulation results                                                   ; Off                                                                    ; Off           ;
; Preserve fewer signal transitions to reduce memory requirements                            ; On                                                                     ; On            ;
; Trigger vector comparison with the specified mode                                          ; INPUT_EDGE                                                             ; INPUT_EDGE    ;
; Disable setup and hold time violations detection in input registers of bi-directional pins ; Off                                                                    ; Off           ;
; Overwrite Waveform Inputs With Simulation Outputs                                          ; Off                                                                    ;               ;
; Perform Glitch Filtering in Timing Simulation                                              ; Auto                                                                   ; Auto          ;
+--------------------------------------------------------------------------------------------+------------------------------------------------------------------------+---------------+


+----------------------+
; Simulation Waveforms ;
+----------------------+
Waveform report data cannot be output to ASCII.
Please use Quartus II 64-Bit to view the waveform report data.


+--------------------------------------------------------------------+
; Coverage Summary                                                   ;
+-----------------------------------------------------+--------------+
; Type                                                ; Value        ;
+-----------------------------------------------------+--------------+
; Total coverage as a percentage                      ;      72.21 % ;
; Total nodes checked                                 ; 691          ;
; Total output ports checked                          ; 691          ;
; Total output ports with complete 1/0-value coverage ; 499          ;
; Total output ports with no 1/0-value coverage       ; 156          ;
; Total output ports with no 1-value coverage         ; 190          ;
; Total output ports with no 0-value coverage         ; 158          ;
+-----------------------------------------------------+--------------+


The following table displays output ports that toggle between 1 and 0 during simulation.
+------------------------------------------------------------------------------------------------------------------------------------------------------------------------------------------------------------------------------------+
; Complete 1/0-Value Coverage                                                                                                                                                                                                        ;
+--------------------------------------------------------------------------------------------------------+--------------------------------------------------------------------------------------------------------+------------------+
; Node Name                                                                                              ; Output Port Name                                                                                       ; Output Port Type ;
+--------------------------------------------------------------------------------------------------------+--------------------------------------------------------------------------------------------------------+------------------+
; |BaiTap|Done                                                                                           ; |BaiTap|Done                                                                                           ; pin_out          ;
; |BaiTap|CLK                                                                                            ; |BaiTap|CLK                                                                                            ; out              ;
; |BaiTap|Start                                                                                          ; |BaiTap|Start                                                                                          ; out              ;
; |BaiTap|Y[4]                                                                                           ; |BaiTap|Y[4]                                                                                           ; pin_out          ;
; |BaiTap|Y[3]                                                                                           ; |BaiTap|Y[3]                                                                                           ; pin_out          ;
; |BaiTap|Y[2]                                                                                           ; |BaiTap|Y[2]                                                                                           ; pin_out          ;
; |BaiTap|Y[1]                                                                                           ; |BaiTap|Y[1]                                                                                           ; pin_out          ;
; |BaiTap|Y[0]                                                                                           ; |BaiTap|Y[0]                                                                                           ; pin_out          ;
; |BaiTap|In1[7]                                                                                         ; |BaiTap|In1[7]                                                                                         ; out              ;
; |BaiTap|In1[6]                                                                                         ; |BaiTap|In1[6]                                                                                         ; out              ;
; |BaiTap|In1[5]                                                                                         ; |BaiTap|In1[5]                                                                                         ; out              ;
; |BaiTap|In1[4]                                                                                         ; |BaiTap|In1[4]                                                                                         ; out              ;
; |BaiTap|In1[3]                                                                                         ; |BaiTap|In1[3]                                                                                         ; out              ;
; |BaiTap|In1[2]                                                                                         ; |BaiTap|In1[2]                                                                                         ; out              ;
; |BaiTap|In2[7]                                                                                         ; |BaiTap|In2[7]                                                                                         ; out              ;
; |BaiTap|In2[6]                                                                                         ; |BaiTap|In2[6]                                                                                         ; out              ;
; |BaiTap|In2[5]                                                                                         ; |BaiTap|In2[5]                                                                                         ; out              ;
; |BaiTap|In2[4]                                                                                         ; |BaiTap|In2[4]                                                                                         ; out              ;
; |BaiTap|In2[2]                                                                                         ; |BaiTap|In2[2]                                                                                         ; out              ;
; |BaiTap|In2[1]                                                                                         ; |BaiTap|In2[1]                                                                                         ; out              ;
; |BaiTap|Datapath2:inst1|inst21[4]                                                                      ; |BaiTap|Datapath2:inst1|inst21[4]                                                                      ; out              ;
; |BaiTap|Datapath2:inst1|inst21[3]                                                                      ; |BaiTap|Datapath2:inst1|inst21[3]                                                                      ; out              ;
; |BaiTap|Datapath2:inst1|inst21[2]                                                                      ; |BaiTap|Datapath2:inst1|inst21[2]                                                                      ; out              ;
; |BaiTap|Datapath2:inst1|inst21[1]                                                                      ; |BaiTap|Datapath2:inst1|inst21[1]                                                                      ; out              ;
; |BaiTap|Datapath2:inst1|inst21[0]                                                                      ; |BaiTap|Datapath2:inst1|inst21[0]                                                                      ; out              ;
; |BaiTap|Datapath2:inst1|I~3                                                                            ; |BaiTap|Datapath2:inst1|I~3                                                                            ; out0             ;
; |BaiTap|Datapath2:inst1|I~4                                                                            ; |BaiTap|Datapath2:inst1|I~4                                                                            ; out0             ;
; |BaiTap|Datapath2:inst1|I~5                                                                            ; |BaiTap|Datapath2:inst1|I~5                                                                            ; out0             ;
; |BaiTap|Datapath2:inst1|I~6                                                                            ; |BaiTap|Datapath2:inst1|I~6                                                                            ; out0             ;
; |BaiTap|Datapath2:inst1|I~7                                                                            ; |BaiTap|Datapath2:inst1|I~7                                                                            ; out0             ;
; |BaiTap|Datapath2:inst1|inst17[4]                                                                      ; |BaiTap|Datapath2:inst1|inst17[4]                                                                      ; out              ;
; |BaiTap|Datapath2:inst1|inst17[3]                                                                      ; |BaiTap|Datapath2:inst1|inst17[3]                                                                      ; out              ;
; |BaiTap|Datapath2:inst1|inst17[2]                                                                      ; |BaiTap|Datapath2:inst1|inst17[2]                                                                      ; out              ;
; |BaiTap|Datapath2:inst1|inst17[1]                                                                      ; |BaiTap|Datapath2:inst1|inst17[1]                                                                      ; out              ;
; |BaiTap|Datapath2:inst1|inst17[0]                                                                      ; |BaiTap|Datapath2:inst1|inst17[0]                                                                      ; out              ;
; |BaiTap|Datapath2:inst1|I~8                                                                            ; |BaiTap|Datapath2:inst1|I~8                                                                            ; out0             ;
; |BaiTap|Datapath2:inst1|I~9                                                                            ; |BaiTap|Datapath2:inst1|I~9                                                                            ; out0             ;
; |BaiTap|Datapath2:inst1|I~10                                                                           ; |BaiTap|Datapath2:inst1|I~10                                                                           ; out0             ;
; |BaiTap|Datapath2:inst1|I~11                                                                           ; |BaiTap|Datapath2:inst1|I~11                                                                           ; out0             ;
; |BaiTap|Datapath2:inst1|I~12                                                                           ; |BaiTap|Datapath2:inst1|I~12                                                                           ; out0             ;
; |BaiTap|Datapath2:inst1|I~13                                                                           ; |BaiTap|Datapath2:inst1|I~13                                                                           ; out0             ;
; |BaiTap|Datapath2:inst1|I~14                                                                           ; |BaiTap|Datapath2:inst1|I~14                                                                           ; out0             ;
; |BaiTap|Datapath2:inst1|inst10[7]                                                                      ; |BaiTap|Datapath2:inst1|inst10[7]                                                                      ; out              ;
; |BaiTap|Datapath2:inst1|inst10[6]                                                                      ; |BaiTap|Datapath2:inst1|inst10[6]                                                                      ; out              ;
; |BaiTap|Datapath2:inst1|inst10[5]                                                                      ; |BaiTap|Datapath2:inst1|inst10[5]                                                                      ; out              ;
; |BaiTap|Datapath2:inst1|inst10[4]                                                                      ; |BaiTap|Datapath2:inst1|inst10[4]                                                                      ; out              ;
; |BaiTap|Datapath2:inst1|inst10[3]                                                                      ; |BaiTap|Datapath2:inst1|inst10[3]                                                                      ; out              ;
; |BaiTap|Datapath2:inst1|inst10[2]                                                                      ; |BaiTap|Datapath2:inst1|inst10[2]                                                                      ; out              ;
; |BaiTap|Datapath2:inst1|inst11[7]                                                                      ; |BaiTap|Datapath2:inst1|inst11[7]                                                                      ; out              ;
; |BaiTap|Datapath2:inst1|inst11[6]                                                                      ; |BaiTap|Datapath2:inst1|inst11[6]                                                                      ; out              ;
; |BaiTap|Datapath2:inst1|inst11[5]                                                                      ; |BaiTap|Datapath2:inst1|inst11[5]                                                                      ; out              ;
; |BaiTap|Datapath2:inst1|inst11[4]                                                                      ; |BaiTap|Datapath2:inst1|inst11[4]                                                                      ; out              ;
; |BaiTap|Datapath2:inst1|inst11[3]                                                                      ; |BaiTap|Datapath2:inst1|inst11[3]                                                                      ; out              ;
; |BaiTap|Datapath2:inst1|inst11[2]                                                                      ; |BaiTap|Datapath2:inst1|inst11[2]                                                                      ; out              ;
; |BaiTap|Datapath2:inst1|inst11[1]                                                                      ; |BaiTap|Datapath2:inst1|inst11[1]                                                                      ; out              ;
; |BaiTap|Datapath2:inst1|B~0                                                                            ; |BaiTap|Datapath2:inst1|B~0                                                                            ; out0             ;
; |BaiTap|Datapath2:inst1|B~1                                                                            ; |BaiTap|Datapath2:inst1|B~1                                                                            ; out0             ;
; |BaiTap|Datapath2:inst1|B~2                                                                            ; |BaiTap|Datapath2:inst1|B~2                                                                            ; out0             ;
; |BaiTap|Datapath2:inst1|B~3                                                                            ; |BaiTap|Datapath2:inst1|B~3                                                                            ; out0             ;
; |BaiTap|Datapath2:inst1|B~4                                                                            ; |BaiTap|Datapath2:inst1|B~4                                                                            ; out0             ;
; |BaiTap|Datapath2:inst1|B~5                                                                            ; |BaiTap|Datapath2:inst1|B~5                                                                            ; out0             ;
; |BaiTap|Datapath2:inst1|B~6                                                                            ; |BaiTap|Datapath2:inst1|B~6                                                                            ; out0             ;
; |BaiTap|Datapath2:inst1|inst9[7]                                                                       ; |BaiTap|Datapath2:inst1|inst9[7]                                                                       ; out              ;
; |BaiTap|Datapath2:inst1|inst9[6]                                                                       ; |BaiTap|Datapath2:inst1|inst9[6]                                                                       ; out              ;
; |BaiTap|Datapath2:inst1|inst9[5]                                                                       ; |BaiTap|Datapath2:inst1|inst9[5]                                                                       ; out              ;
; |BaiTap|Datapath2:inst1|inst9[4]                                                                       ; |BaiTap|Datapath2:inst1|inst9[4]                                                                       ; out              ;
; |BaiTap|Datapath2:inst1|inst9[2]                                                                       ; |BaiTap|Datapath2:inst1|inst9[2]                                                                       ; out              ;
; |BaiTap|Datapath2:inst1|inst9[1]                                                                       ; |BaiTap|Datapath2:inst1|inst9[1]                                                                       ; out              ;
; |BaiTap|Datapath2:inst1|I~16                                                                           ; |BaiTap|Datapath2:inst1|I~16                                                                           ; out0             ;
; |BaiTap|Datapath2:inst1|I~17                                                                           ; |BaiTap|Datapath2:inst1|I~17                                                                           ; out0             ;
; |BaiTap|Datapath2:inst1|I~18                                                                           ; |BaiTap|Datapath2:inst1|I~18                                                                           ; out0             ;
; |BaiTap|Datapath2:inst1|I~19                                                                           ; |BaiTap|Datapath2:inst1|I~19                                                                           ; out0             ;
; |BaiTap|Datapath2:inst1|I~20                                                                           ; |BaiTap|Datapath2:inst1|I~20                                                                           ; out0             ;
; |BaiTap|Datapath2:inst1|I~21                                                                           ; |BaiTap|Datapath2:inst1|I~21                                                                           ; out0             ;
; |BaiTap|Datapath2:inst1|I~22                                                                           ; |BaiTap|Datapath2:inst1|I~22                                                                           ; out0             ;
; |BaiTap|Datapath2:inst1|inst12[7]                                                                      ; |BaiTap|Datapath2:inst1|inst12[7]                                                                      ; out              ;
; |BaiTap|Datapath2:inst1|inst12[6]                                                                      ; |BaiTap|Datapath2:inst1|inst12[6]                                                                      ; out              ;
; |BaiTap|Datapath2:inst1|inst12[5]                                                                      ; |BaiTap|Datapath2:inst1|inst12[5]                                                                      ; out              ;
; |BaiTap|Datapath2:inst1|inst12[4]                                                                      ; |BaiTap|Datapath2:inst1|inst12[4]                                                                      ; out              ;
; |BaiTap|Datapath2:inst1|inst12[3]                                                                      ; |BaiTap|Datapath2:inst1|inst12[3]                                                                      ; out              ;
; |BaiTap|Datapath2:inst1|inst12[2]                                                                      ; |BaiTap|Datapath2:inst1|inst12[2]                                                                      ; out              ;
; |BaiTap|Datapath2:inst1|inst12[1]                                                                      ; |BaiTap|Datapath2:inst1|inst12[1]                                                                      ; out              ;
; |BaiTap|Datapath2:inst1|inst13[7]                                                                      ; |BaiTap|Datapath2:inst1|inst13[7]                                                                      ; out              ;
; |BaiTap|Datapath2:inst1|inst13[6]                                                                      ; |BaiTap|Datapath2:inst1|inst13[6]                                                                      ; out              ;
; |BaiTap|Datapath2:inst1|inst13[5]                                                                      ; |BaiTap|Datapath2:inst1|inst13[5]                                                                      ; out              ;
; |BaiTap|Datapath2:inst1|inst13[4]                                                                      ; |BaiTap|Datapath2:inst1|inst13[4]                                                                      ; out              ;
; |BaiTap|Datapath2:inst1|inst13[2]                                                                      ; |BaiTap|Datapath2:inst1|inst13[2]                                                                      ; out              ;
; |BaiTap|Datapath2:inst1|inst13[1]                                                                      ; |BaiTap|Datapath2:inst1|inst13[1]                                                                      ; out              ;
; |BaiTap|Datapath2:inst1|inst8[7]                                                                       ; |BaiTap|Datapath2:inst1|inst8[7]                                                                       ; out              ;
; |BaiTap|Datapath2:inst1|inst8[6]                                                                       ; |BaiTap|Datapath2:inst1|inst8[6]                                                                       ; out              ;
; |BaiTap|Datapath2:inst1|inst8[5]                                                                       ; |BaiTap|Datapath2:inst1|inst8[5]                                                                       ; out              ;
; |BaiTap|Datapath2:inst1|inst8[4]                                                                       ; |BaiTap|Datapath2:inst1|inst8[4]                                                                       ; out              ;
; |BaiTap|Datapath2:inst1|inst8[3]                                                                       ; |BaiTap|Datapath2:inst1|inst8[3]                                                                       ; out              ;
; |BaiTap|Datapath2:inst1|inst8[2]                                                                       ; |BaiTap|Datapath2:inst1|inst8[2]                                                                       ; out              ;
; |BaiTap|Datapath2:inst1|inst18[4]                                                                      ; |BaiTap|Datapath2:inst1|inst18[4]                                                                      ; out              ;
; |BaiTap|Datapath2:inst1|inst18[3]                                                                      ; |BaiTap|Datapath2:inst1|inst18[3]                                                                      ; out              ;
; |BaiTap|Datapath2:inst1|inst18[2]                                                                      ; |BaiTap|Datapath2:inst1|inst18[2]                                                                      ; out              ;
; |BaiTap|Datapath2:inst1|inst18[1]                                                                      ; |BaiTap|Datapath2:inst1|inst18[1]                                                                      ; out              ;
; |BaiTap|Datapath2:inst1|inst18[0]                                                                      ; |BaiTap|Datapath2:inst1|inst18[0]                                                                      ; out              ;
; |BaiTap|Datapath2:inst1|A~3                                                                            ; |BaiTap|Datapath2:inst1|A~3                                                                            ; out0             ;
; |BaiTap|Datapath2:inst1|A~4                                                                            ; |BaiTap|Datapath2:inst1|A~4                                                                            ; out0             ;
; |BaiTap|Datapath2:inst1|A~5                                                                            ; |BaiTap|Datapath2:inst1|A~5                                                                            ; out0             ;
; |BaiTap|Datapath2:inst1|A~6                                                                            ; |BaiTap|Datapath2:inst1|A~6                                                                            ; out0             ;
; |BaiTap|Datapath2:inst1|A~7                                                                            ; |BaiTap|Datapath2:inst1|A~7                                                                            ; out0             ;
; |BaiTap|Datapath2:inst1|inst19[4]                                                                      ; |BaiTap|Datapath2:inst1|inst19[4]                                                                      ; out              ;
; |BaiTap|Datapath2:inst1|inst19[3]                                                                      ; |BaiTap|Datapath2:inst1|inst19[3]                                                                      ; out              ;
; |BaiTap|Datapath2:inst1|inst20[2]                                                                      ; |BaiTap|Datapath2:inst1|inst20[2]                                                                      ; out              ;
; |BaiTap|Datapath2:inst1|inst20[1]                                                                      ; |BaiTap|Datapath2:inst1|inst20[1]                                                                      ; out              ;
; |BaiTap|Datapath2:inst1|inst20[0]                                                                      ; |BaiTap|Datapath2:inst1|inst20[0]                                                                      ; out              ;
; |BaiTap|Datapath2:inst1|Register1x8:inst24|RFC:inst10|inst1                                            ; |BaiTap|Datapath2:inst1|Register1x8:inst24|RFC:inst10|inst1                                            ; out              ;
; |BaiTap|Datapath2:inst1|Register1x8:inst24|RFC:inst10|inst                                             ; |BaiTap|Datapath2:inst1|Register1x8:inst24|RFC:inst10|inst                                             ; regout           ;
; |BaiTap|Datapath2:inst1|Register1x8:inst24|RFC:inst10|inst4                                            ; |BaiTap|Datapath2:inst1|Register1x8:inst24|RFC:inst10|inst4                                            ; out0             ;
; |BaiTap|Datapath2:inst1|Register1x8:inst24|RFC:inst10|inst3                                            ; |BaiTap|Datapath2:inst1|Register1x8:inst24|RFC:inst10|inst3                                            ; out0             ;
; |BaiTap|Datapath2:inst1|Register1x8:inst24|RFC:inst10|inst2                                            ; |BaiTap|Datapath2:inst1|Register1x8:inst24|RFC:inst10|inst2                                            ; out0             ;
; |BaiTap|Datapath2:inst1|Register1x8:inst24|RFC:inst11|inst1                                            ; |BaiTap|Datapath2:inst1|Register1x8:inst24|RFC:inst11|inst1                                            ; out              ;
; |BaiTap|Datapath2:inst1|Register1x8:inst24|RFC:inst11|inst                                             ; |BaiTap|Datapath2:inst1|Register1x8:inst24|RFC:inst11|inst                                             ; regout           ;
; |BaiTap|Datapath2:inst1|Register1x8:inst24|RFC:inst11|inst4                                            ; |BaiTap|Datapath2:inst1|Register1x8:inst24|RFC:inst11|inst4                                            ; out0             ;
; |BaiTap|Datapath2:inst1|Register1x8:inst24|RFC:inst11|inst3                                            ; |BaiTap|Datapath2:inst1|Register1x8:inst24|RFC:inst11|inst3                                            ; out0             ;
; |BaiTap|Datapath2:inst1|Register1x8:inst24|RFC:inst11|inst2                                            ; |BaiTap|Datapath2:inst1|Register1x8:inst24|RFC:inst11|inst2                                            ; out0             ;
; |BaiTap|Datapath2:inst1|Register1x8:inst24|RFC:inst12|inst1                                            ; |BaiTap|Datapath2:inst1|Register1x8:inst24|RFC:inst12|inst1                                            ; out              ;
; |BaiTap|Datapath2:inst1|Register1x8:inst24|RFC:inst12|inst                                             ; |BaiTap|Datapath2:inst1|Register1x8:inst24|RFC:inst12|inst                                             ; regout           ;
; |BaiTap|Datapath2:inst1|Register1x8:inst24|RFC:inst12|inst4                                            ; |BaiTap|Datapath2:inst1|Register1x8:inst24|RFC:inst12|inst4                                            ; out0             ;
; |BaiTap|Datapath2:inst1|Register1x8:inst24|RFC:inst12|inst3                                            ; |BaiTap|Datapath2:inst1|Register1x8:inst24|RFC:inst12|inst3                                            ; out0             ;
; |BaiTap|Datapath2:inst1|Register1x8:inst24|RFC:inst12|inst2                                            ; |BaiTap|Datapath2:inst1|Register1x8:inst24|RFC:inst12|inst2                                            ; out0             ;
; |BaiTap|Datapath2:inst1|Register1x8:inst25|RFC:inst10|inst4                                            ; |BaiTap|Datapath2:inst1|Register1x8:inst25|RFC:inst10|inst4                                            ; out0             ;
; |BaiTap|Datapath2:inst1|Register1x8:inst25|RFC:inst10|inst3                                            ; |BaiTap|Datapath2:inst1|Register1x8:inst25|RFC:inst10|inst3                                            ; out0             ;
; |BaiTap|Datapath2:inst1|Register1x8:inst25|RFC:inst9|inst1                                             ; |BaiTap|Datapath2:inst1|Register1x8:inst25|RFC:inst9|inst1                                             ; out              ;
; |BaiTap|Datapath2:inst1|Register1x8:inst25|RFC:inst9|inst                                              ; |BaiTap|Datapath2:inst1|Register1x8:inst25|RFC:inst9|inst                                              ; regout           ;
; |BaiTap|Datapath2:inst1|Register1x8:inst25|RFC:inst9|inst4                                             ; |BaiTap|Datapath2:inst1|Register1x8:inst25|RFC:inst9|inst4                                             ; out0             ;
; |BaiTap|Datapath2:inst1|Register1x8:inst25|RFC:inst9|inst3                                             ; |BaiTap|Datapath2:inst1|Register1x8:inst25|RFC:inst9|inst3                                             ; out0             ;
; |BaiTap|Datapath2:inst1|Register1x8:inst25|RFC:inst9|inst2                                             ; |BaiTap|Datapath2:inst1|Register1x8:inst25|RFC:inst9|inst2                                             ; out0             ;
; |BaiTap|Datapath2:inst1|Register1x8:inst25|RFC:inst8|inst1                                             ; |BaiTap|Datapath2:inst1|Register1x8:inst25|RFC:inst8|inst1                                             ; out              ;
; |BaiTap|Datapath2:inst1|Register1x8:inst25|RFC:inst8|inst                                              ; |BaiTap|Datapath2:inst1|Register1x8:inst25|RFC:inst8|inst                                              ; regout           ;
; |BaiTap|Datapath2:inst1|Register1x8:inst25|RFC:inst8|inst4                                             ; |BaiTap|Datapath2:inst1|Register1x8:inst25|RFC:inst8|inst4                                             ; out0             ;
; |BaiTap|Datapath2:inst1|Register1x8:inst25|RFC:inst8|inst3                                             ; |BaiTap|Datapath2:inst1|Register1x8:inst25|RFC:inst8|inst3                                             ; out0             ;
; |BaiTap|Datapath2:inst1|Register1x8:inst25|RFC:inst8|inst2                                             ; |BaiTap|Datapath2:inst1|Register1x8:inst25|RFC:inst8|inst2                                             ; out0             ;
; |BaiTap|Datapath2:inst1|AU2:inst1|inst9                                                                ; |BaiTap|Datapath2:inst1|AU2:inst1|inst9                                                                ; regout           ;
; |BaiTap|Datapath2:inst1|AU2:inst1|inst6[7]                                                             ; |BaiTap|Datapath2:inst1|AU2:inst1|inst6[7]                                                             ; regout           ;
; |BaiTap|Datapath2:inst1|AU2:inst1|inst6[6]                                                             ; |BaiTap|Datapath2:inst1|AU2:inst1|inst6[6]                                                             ; regout           ;
; |BaiTap|Datapath2:inst1|AU2:inst1|inst6[5]                                                             ; |BaiTap|Datapath2:inst1|AU2:inst1|inst6[5]                                                             ; regout           ;
; |BaiTap|Datapath2:inst1|AU2:inst1|inst6[4]                                                             ; |BaiTap|Datapath2:inst1|AU2:inst1|inst6[4]                                                             ; regout           ;
; |BaiTap|Datapath2:inst1|AU2:inst1|inst6[3]                                                             ; |BaiTap|Datapath2:inst1|AU2:inst1|inst6[3]                                                             ; regout           ;
; |BaiTap|Datapath2:inst1|AU2:inst1|inst6[2]                                                             ; |BaiTap|Datapath2:inst1|AU2:inst1|inst6[2]                                                             ; regout           ;
; |BaiTap|Datapath2:inst1|AU2:inst1|inst6[1]                                                             ; |BaiTap|Datapath2:inst1|AU2:inst1|inst6[1]                                                             ; regout           ;
; |BaiTap|Datapath2:inst1|AU2:inst1|inst6[0]                                                             ; |BaiTap|Datapath2:inst1|AU2:inst1|inst6[0]                                                             ; regout           ;
; |BaiTap|Datapath2:inst1|AU2:inst1|inst1[7]                                                             ; |BaiTap|Datapath2:inst1|AU2:inst1|inst1[7]                                                             ; out0             ;
; |BaiTap|Datapath2:inst1|AU2:inst1|inst1[6]                                                             ; |BaiTap|Datapath2:inst1|AU2:inst1|inst1[6]                                                             ; out0             ;
; |BaiTap|Datapath2:inst1|AU2:inst1|inst1[5]                                                             ; |BaiTap|Datapath2:inst1|AU2:inst1|inst1[5]                                                             ; out0             ;
; |BaiTap|Datapath2:inst1|AU2:inst1|inst1[4]                                                             ; |BaiTap|Datapath2:inst1|AU2:inst1|inst1[4]                                                             ; out0             ;
; |BaiTap|Datapath2:inst1|AU2:inst1|inst1[3]                                                             ; |BaiTap|Datapath2:inst1|AU2:inst1|inst1[3]                                                             ; out0             ;
; |BaiTap|Datapath2:inst1|AU2:inst1|inst1[2]                                                             ; |BaiTap|Datapath2:inst1|AU2:inst1|inst1[2]                                                             ; out0             ;
; |BaiTap|Datapath2:inst1|AU2:inst1|inst1[1]                                                             ; |BaiTap|Datapath2:inst1|AU2:inst1|inst1[1]                                                             ; out0             ;
; |BaiTap|Datapath2:inst1|AU2:inst1|inst1[0]                                                             ; |BaiTap|Datapath2:inst1|AU2:inst1|inst1[0]                                                             ; out0             ;
; |BaiTap|Datapath2:inst1|AU2:inst1|inst4[4]                                                             ; |BaiTap|Datapath2:inst1|AU2:inst1|inst4[4]                                                             ; regout           ;
; |BaiTap|Datapath2:inst1|AU2:inst1|inst4[3]                                                             ; |BaiTap|Datapath2:inst1|AU2:inst1|inst4[3]                                                             ; regout           ;
; |BaiTap|Datapath2:inst1|AU2:inst1|inst4[2]                                                             ; |BaiTap|Datapath2:inst1|AU2:inst1|inst4[2]                                                             ; regout           ;
; |BaiTap|Datapath2:inst1|AU2:inst1|inst4[1]                                                             ; |BaiTap|Datapath2:inst1|AU2:inst1|inst4[1]                                                             ; regout           ;
; |BaiTap|Datapath2:inst1|AU2:inst1|inst4[0]                                                             ; |BaiTap|Datapath2:inst1|AU2:inst1|inst4[0]                                                             ; regout           ;
; |BaiTap|Datapath2:inst1|AU2:inst1|inst5[4]                                                             ; |BaiTap|Datapath2:inst1|AU2:inst1|inst5[4]                                                             ; regout           ;
; |BaiTap|Datapath2:inst1|AU2:inst1|inst5[3]                                                             ; |BaiTap|Datapath2:inst1|AU2:inst1|inst5[3]                                                             ; regout           ;
; |BaiTap|Datapath2:inst1|AU2:inst1|inst5[2]                                                             ; |BaiTap|Datapath2:inst1|AU2:inst1|inst5[2]                                                             ; regout           ;
; |BaiTap|Datapath2:inst1|AU2:inst1|inst5[1]                                                             ; |BaiTap|Datapath2:inst1|AU2:inst1|inst5[1]                                                             ; regout           ;
; |BaiTap|Datapath2:inst1|AU2:inst1|inst5[0]                                                             ; |BaiTap|Datapath2:inst1|AU2:inst1|inst5[0]                                                             ; regout           ;
; |BaiTap|Datapath2:inst1|AU2:inst1|Sum8Bit:inst|Sum:inst6|inst1                                         ; |BaiTap|Datapath2:inst1|AU2:inst1|Sum8Bit:inst|Sum:inst6|inst1                                         ; out0             ;
; |BaiTap|Datapath2:inst1|AU2:inst1|Sum8Bit:inst|Sum:inst6|inst                                          ; |BaiTap|Datapath2:inst1|AU2:inst1|Sum8Bit:inst|Sum:inst6|inst                                          ; out0             ;
; |BaiTap|Datapath2:inst1|AU2:inst1|Sum8Bit:inst|Sum:inst6|inst2                                         ; |BaiTap|Datapath2:inst1|AU2:inst1|Sum8Bit:inst|Sum:inst6|inst2                                         ; out0             ;
; |BaiTap|Datapath2:inst1|AU2:inst1|Sum8Bit:inst|Sum:inst6|inst4                                         ; |BaiTap|Datapath2:inst1|AU2:inst1|Sum8Bit:inst|Sum:inst6|inst4                                         ; out0             ;
; |BaiTap|Datapath2:inst1|AU2:inst1|Sum8Bit:inst|Sum:inst6|inst5                                         ; |BaiTap|Datapath2:inst1|AU2:inst1|Sum8Bit:inst|Sum:inst6|inst5                                         ; out0             ;
; |BaiTap|Datapath2:inst1|AU2:inst1|Sum8Bit:inst|Sum:inst6|inst3                                         ; |BaiTap|Datapath2:inst1|AU2:inst1|Sum8Bit:inst|Sum:inst6|inst3                                         ; out0             ;
; |BaiTap|Datapath2:inst1|AU2:inst1|Sum8Bit:inst|Sum:inst7|inst1                                         ; |BaiTap|Datapath2:inst1|AU2:inst1|Sum8Bit:inst|Sum:inst7|inst1                                         ; out0             ;
; |BaiTap|Datapath2:inst1|AU2:inst1|Sum8Bit:inst|Sum:inst7|inst                                          ; |BaiTap|Datapath2:inst1|AU2:inst1|Sum8Bit:inst|Sum:inst7|inst                                          ; out0             ;
; |BaiTap|Datapath2:inst1|AU2:inst1|Sum8Bit:inst|Sum:inst7|inst2                                         ; |BaiTap|Datapath2:inst1|AU2:inst1|Sum8Bit:inst|Sum:inst7|inst2                                         ; out0             ;
; |BaiTap|Datapath2:inst1|AU2:inst1|Sum8Bit:inst|Sum:inst7|inst4                                         ; |BaiTap|Datapath2:inst1|AU2:inst1|Sum8Bit:inst|Sum:inst7|inst4                                         ; out0             ;
; |BaiTap|Datapath2:inst1|AU2:inst1|Sum8Bit:inst|Sum:inst7|inst5                                         ; |BaiTap|Datapath2:inst1|AU2:inst1|Sum8Bit:inst|Sum:inst7|inst5                                         ; out0             ;
; |BaiTap|Datapath2:inst1|AU2:inst1|Sum8Bit:inst|Sum:inst7|inst3                                         ; |BaiTap|Datapath2:inst1|AU2:inst1|Sum8Bit:inst|Sum:inst7|inst3                                         ; out0             ;
; |BaiTap|Datapath2:inst1|AU2:inst1|Sum8Bit:inst|Sum:inst3|inst1                                         ; |BaiTap|Datapath2:inst1|AU2:inst1|Sum8Bit:inst|Sum:inst3|inst1                                         ; out0             ;
; |BaiTap|Datapath2:inst1|AU2:inst1|Sum8Bit:inst|Sum:inst3|inst                                          ; |BaiTap|Datapath2:inst1|AU2:inst1|Sum8Bit:inst|Sum:inst3|inst                                          ; out0             ;
; |BaiTap|Datapath2:inst1|AU2:inst1|Sum8Bit:inst|Sum:inst3|inst2                                         ; |BaiTap|Datapath2:inst1|AU2:inst1|Sum8Bit:inst|Sum:inst3|inst2                                         ; out0             ;
; |BaiTap|Datapath2:inst1|AU2:inst1|Sum8Bit:inst|Sum:inst3|inst4                                         ; |BaiTap|Datapath2:inst1|AU2:inst1|Sum8Bit:inst|Sum:inst3|inst4                                         ; out0             ;
; |BaiTap|Datapath2:inst1|AU2:inst1|Sum8Bit:inst|Sum:inst3|inst5                                         ; |BaiTap|Datapath2:inst1|AU2:inst1|Sum8Bit:inst|Sum:inst3|inst5                                         ; out0             ;
; |BaiTap|Datapath2:inst1|AU2:inst1|Sum8Bit:inst|Sum:inst3|inst3                                         ; |BaiTap|Datapath2:inst1|AU2:inst1|Sum8Bit:inst|Sum:inst3|inst3                                         ; out0             ;
; |BaiTap|Datapath2:inst1|AU2:inst1|Sum8Bit:inst|Sum:inst5|inst1                                         ; |BaiTap|Datapath2:inst1|AU2:inst1|Sum8Bit:inst|Sum:inst5|inst1                                         ; out0             ;
; |BaiTap|Datapath2:inst1|AU2:inst1|Sum8Bit:inst|Sum:inst5|inst                                          ; |BaiTap|Datapath2:inst1|AU2:inst1|Sum8Bit:inst|Sum:inst5|inst                                          ; out0             ;
; |BaiTap|Datapath2:inst1|AU2:inst1|Sum8Bit:inst|Sum:inst5|inst2                                         ; |BaiTap|Datapath2:inst1|AU2:inst1|Sum8Bit:inst|Sum:inst5|inst2                                         ; out0             ;
; |BaiTap|Datapath2:inst1|AU2:inst1|Sum8Bit:inst|Sum:inst5|inst4                                         ; |BaiTap|Datapath2:inst1|AU2:inst1|Sum8Bit:inst|Sum:inst5|inst4                                         ; out0             ;
; |BaiTap|Datapath2:inst1|AU2:inst1|Sum8Bit:inst|Sum:inst5|inst5                                         ; |BaiTap|Datapath2:inst1|AU2:inst1|Sum8Bit:inst|Sum:inst5|inst5                                         ; out0             ;
; |BaiTap|Datapath2:inst1|AU2:inst1|Sum8Bit:inst|Sum:inst5|inst3                                         ; |BaiTap|Datapath2:inst1|AU2:inst1|Sum8Bit:inst|Sum:inst5|inst3                                         ; out0             ;
; |BaiTap|Datapath2:inst1|AU2:inst1|Sum8Bit:inst|Sum:inst4|inst1                                         ; |BaiTap|Datapath2:inst1|AU2:inst1|Sum8Bit:inst|Sum:inst4|inst1                                         ; out0             ;
; |BaiTap|Datapath2:inst1|AU2:inst1|Sum8Bit:inst|Sum:inst4|inst                                          ; |BaiTap|Datapath2:inst1|AU2:inst1|Sum8Bit:inst|Sum:inst4|inst                                          ; out0             ;
; |BaiTap|Datapath2:inst1|AU2:inst1|Sum8Bit:inst|Sum:inst4|inst2                                         ; |BaiTap|Datapath2:inst1|AU2:inst1|Sum8Bit:inst|Sum:inst4|inst2                                         ; out0             ;
; |BaiTap|Datapath2:inst1|AU2:inst1|Sum8Bit:inst|Sum:inst4|inst4                                         ; |BaiTap|Datapath2:inst1|AU2:inst1|Sum8Bit:inst|Sum:inst4|inst4                                         ; out0             ;
; |BaiTap|Datapath2:inst1|AU2:inst1|Sum8Bit:inst|Sum:inst4|inst5                                         ; |BaiTap|Datapath2:inst1|AU2:inst1|Sum8Bit:inst|Sum:inst4|inst5                                         ; out0             ;
; |BaiTap|Datapath2:inst1|AU2:inst1|Sum8Bit:inst|Sum:inst4|inst3                                         ; |BaiTap|Datapath2:inst1|AU2:inst1|Sum8Bit:inst|Sum:inst4|inst3                                         ; out0             ;
; |BaiTap|Datapath2:inst1|AU2:inst1|Sum8Bit:inst|Sum:inst2|inst1                                         ; |BaiTap|Datapath2:inst1|AU2:inst1|Sum8Bit:inst|Sum:inst2|inst1                                         ; out0             ;
; |BaiTap|Datapath2:inst1|AU2:inst1|Sum8Bit:inst|Sum:inst2|inst                                          ; |BaiTap|Datapath2:inst1|AU2:inst1|Sum8Bit:inst|Sum:inst2|inst                                          ; out0             ;
; |BaiTap|Datapath2:inst1|AU2:inst1|Sum8Bit:inst|Sum:inst2|inst2                                         ; |BaiTap|Datapath2:inst1|AU2:inst1|Sum8Bit:inst|Sum:inst2|inst2                                         ; out0             ;
; |BaiTap|Datapath2:inst1|AU2:inst1|Sum8Bit:inst|Sum:inst2|inst4                                         ; |BaiTap|Datapath2:inst1|AU2:inst1|Sum8Bit:inst|Sum:inst2|inst4                                         ; out0             ;
; |BaiTap|Datapath2:inst1|AU2:inst1|Sum8Bit:inst|Sum:inst1|inst1                                         ; |BaiTap|Datapath2:inst1|AU2:inst1|Sum8Bit:inst|Sum:inst1|inst1                                         ; out0             ;
; |BaiTap|Datapath2:inst1|AU2:inst1|Sum8Bit:inst|Sum:inst1|inst                                          ; |BaiTap|Datapath2:inst1|AU2:inst1|Sum8Bit:inst|Sum:inst1|inst                                          ; out0             ;
; |BaiTap|Datapath2:inst1|AU2:inst1|Sum8Bit:inst|Sum:inst1|inst2                                         ; |BaiTap|Datapath2:inst1|AU2:inst1|Sum8Bit:inst|Sum:inst1|inst2                                         ; out0             ;
; |BaiTap|Datapath2:inst1|AU2:inst1|Sum8Bit:inst|Sum:inst1|inst4                                         ; |BaiTap|Datapath2:inst1|AU2:inst1|Sum8Bit:inst|Sum:inst1|inst4                                         ; out0             ;
; |BaiTap|Datapath2:inst1|AU2:inst1|Sum8Bit:inst|Sum:inst|inst1                                          ; |BaiTap|Datapath2:inst1|AU2:inst1|Sum8Bit:inst|Sum:inst|inst1                                          ; out0             ;
; |BaiTap|Datapath2:inst1|AU2:inst1|Sum8Bit:inst|Sum:inst|inst                                           ; |BaiTap|Datapath2:inst1|AU2:inst1|Sum8Bit:inst|Sum:inst|inst                                           ; out0             ;
; |BaiTap|Datapath2:inst1|AU2:inst1|busmux:inst3|lpm_mux:$00000|mux_smc:auto_generated|result_node[4]~6  ; |BaiTap|Datapath2:inst1|AU2:inst1|busmux:inst3|lpm_mux:$00000|mux_smc:auto_generated|result_node[4]~6  ; out0             ;
; |BaiTap|Datapath2:inst1|AU2:inst1|busmux:inst3|lpm_mux:$00000|mux_smc:auto_generated|result_node[4]~7  ; |BaiTap|Datapath2:inst1|AU2:inst1|busmux:inst3|lpm_mux:$00000|mux_smc:auto_generated|result_node[4]~7  ; out0             ;
; |BaiTap|Datapath2:inst1|AU2:inst1|busmux:inst3|lpm_mux:$00000|mux_smc:auto_generated|result_node[4]    ; |BaiTap|Datapath2:inst1|AU2:inst1|busmux:inst3|lpm_mux:$00000|mux_smc:auto_generated|result_node[4]    ; out0             ;
; |BaiTap|Datapath2:inst1|AU2:inst1|busmux:inst3|lpm_mux:$00000|mux_smc:auto_generated|result_node[3]~8  ; |BaiTap|Datapath2:inst1|AU2:inst1|busmux:inst3|lpm_mux:$00000|mux_smc:auto_generated|result_node[3]~8  ; out0             ;
; |BaiTap|Datapath2:inst1|AU2:inst1|busmux:inst3|lpm_mux:$00000|mux_smc:auto_generated|result_node[3]~9  ; |BaiTap|Datapath2:inst1|AU2:inst1|busmux:inst3|lpm_mux:$00000|mux_smc:auto_generated|result_node[3]~9  ; out0             ;
; |BaiTap|Datapath2:inst1|AU2:inst1|busmux:inst3|lpm_mux:$00000|mux_smc:auto_generated|result_node[3]    ; |BaiTap|Datapath2:inst1|AU2:inst1|busmux:inst3|lpm_mux:$00000|mux_smc:auto_generated|result_node[3]    ; out0             ;
; |BaiTap|Datapath2:inst1|AU2:inst1|busmux:inst3|lpm_mux:$00000|mux_smc:auto_generated|result_node[2]~10 ; |BaiTap|Datapath2:inst1|AU2:inst1|busmux:inst3|lpm_mux:$00000|mux_smc:auto_generated|result_node[2]~10 ; out0             ;
; |BaiTap|Datapath2:inst1|AU2:inst1|busmux:inst3|lpm_mux:$00000|mux_smc:auto_generated|result_node[2]~11 ; |BaiTap|Datapath2:inst1|AU2:inst1|busmux:inst3|lpm_mux:$00000|mux_smc:auto_generated|result_node[2]~11 ; out0             ;
; |BaiTap|Datapath2:inst1|AU2:inst1|busmux:inst3|lpm_mux:$00000|mux_smc:auto_generated|result_node[2]    ; |BaiTap|Datapath2:inst1|AU2:inst1|busmux:inst3|lpm_mux:$00000|mux_smc:auto_generated|result_node[2]    ; out0             ;
; |BaiTap|Datapath2:inst1|AU2:inst1|busmux:inst3|lpm_mux:$00000|mux_smc:auto_generated|result_node[1]~12 ; |BaiTap|Datapath2:inst1|AU2:inst1|busmux:inst3|lpm_mux:$00000|mux_smc:auto_generated|result_node[1]~12 ; out0             ;
; |BaiTap|Datapath2:inst1|AU2:inst1|busmux:inst3|lpm_mux:$00000|mux_smc:auto_generated|result_node[1]~13 ; |BaiTap|Datapath2:inst1|AU2:inst1|busmux:inst3|lpm_mux:$00000|mux_smc:auto_generated|result_node[1]~13 ; out0             ;
; |BaiTap|Datapath2:inst1|AU2:inst1|busmux:inst3|lpm_mux:$00000|mux_smc:auto_generated|result_node[1]    ; |BaiTap|Datapath2:inst1|AU2:inst1|busmux:inst3|lpm_mux:$00000|mux_smc:auto_generated|result_node[1]    ; out0             ;
; |BaiTap|Datapath2:inst1|AU2:inst1|busmux:inst3|lpm_mux:$00000|mux_smc:auto_generated|result_node[0]~15 ; |BaiTap|Datapath2:inst1|AU2:inst1|busmux:inst3|lpm_mux:$00000|mux_smc:auto_generated|result_node[0]~15 ; out0             ;
; |BaiTap|Datapath2:inst1|AU2:inst1|busmux:inst3|lpm_mux:$00000|mux_smc:auto_generated|result_node[0]    ; |BaiTap|Datapath2:inst1|AU2:inst1|busmux:inst3|lpm_mux:$00000|mux_smc:auto_generated|result_node[0]    ; out0             ;
; |BaiTap|Datapath2:inst1|AU2:inst1|busmux:inst2|lpm_mux:$00000|mux_smc:auto_generated|result_node[7]~0  ; |BaiTap|Datapath2:inst1|AU2:inst1|busmux:inst2|lpm_mux:$00000|mux_smc:auto_generated|result_node[7]~0  ; out0             ;
; |BaiTap|Datapath2:inst1|AU2:inst1|busmux:inst2|lpm_mux:$00000|mux_smc:auto_generated|result_node[7]    ; |BaiTap|Datapath2:inst1|AU2:inst1|busmux:inst2|lpm_mux:$00000|mux_smc:auto_generated|result_node[7]    ; out0             ;
; |BaiTap|Datapath2:inst1|AU2:inst1|busmux:inst2|lpm_mux:$00000|mux_smc:auto_generated|result_node[6]~2  ; |BaiTap|Datapath2:inst1|AU2:inst1|busmux:inst2|lpm_mux:$00000|mux_smc:auto_generated|result_node[6]~2  ; out0             ;
; |BaiTap|Datapath2:inst1|AU2:inst1|busmux:inst2|lpm_mux:$00000|mux_smc:auto_generated|result_node[6]    ; |BaiTap|Datapath2:inst1|AU2:inst1|busmux:inst2|lpm_mux:$00000|mux_smc:auto_generated|result_node[6]    ; out0             ;
; |BaiTap|Datapath2:inst1|AU2:inst1|busmux:inst2|lpm_mux:$00000|mux_smc:auto_generated|result_node[5]~4  ; |BaiTap|Datapath2:inst1|AU2:inst1|busmux:inst2|lpm_mux:$00000|mux_smc:auto_generated|result_node[5]~4  ; out0             ;
; |BaiTap|Datapath2:inst1|AU2:inst1|busmux:inst2|lpm_mux:$00000|mux_smc:auto_generated|result_node[5]    ; |BaiTap|Datapath2:inst1|AU2:inst1|busmux:inst2|lpm_mux:$00000|mux_smc:auto_generated|result_node[5]    ; out0             ;
; |BaiTap|Datapath2:inst1|AU2:inst1|busmux:inst2|lpm_mux:$00000|mux_smc:auto_generated|result_node[4]~6  ; |BaiTap|Datapath2:inst1|AU2:inst1|busmux:inst2|lpm_mux:$00000|mux_smc:auto_generated|result_node[4]~6  ; out0             ;
; |BaiTap|Datapath2:inst1|AU2:inst1|busmux:inst2|lpm_mux:$00000|mux_smc:auto_generated|result_node[4]~7  ; |BaiTap|Datapath2:inst1|AU2:inst1|busmux:inst2|lpm_mux:$00000|mux_smc:auto_generated|result_node[4]~7  ; out0             ;
; |BaiTap|Datapath2:inst1|AU2:inst1|busmux:inst2|lpm_mux:$00000|mux_smc:auto_generated|result_node[4]    ; |BaiTap|Datapath2:inst1|AU2:inst1|busmux:inst2|lpm_mux:$00000|mux_smc:auto_generated|result_node[4]    ; out0             ;
; |BaiTap|Datapath2:inst1|AU2:inst1|busmux:inst2|lpm_mux:$00000|mux_smc:auto_generated|result_node[3]~8  ; |BaiTap|Datapath2:inst1|AU2:inst1|busmux:inst2|lpm_mux:$00000|mux_smc:auto_generated|result_node[3]~8  ; out0             ;
; |BaiTap|Datapath2:inst1|AU2:inst1|busmux:inst2|lpm_mux:$00000|mux_smc:auto_generated|result_node[3]~9  ; |BaiTap|Datapath2:inst1|AU2:inst1|busmux:inst2|lpm_mux:$00000|mux_smc:auto_generated|result_node[3]~9  ; out0             ;
; |BaiTap|Datapath2:inst1|AU2:inst1|busmux:inst2|lpm_mux:$00000|mux_smc:auto_generated|result_node[3]    ; |BaiTap|Datapath2:inst1|AU2:inst1|busmux:inst2|lpm_mux:$00000|mux_smc:auto_generated|result_node[3]    ; out0             ;
; |BaiTap|Datapath2:inst1|AU2:inst1|busmux:inst2|lpm_mux:$00000|mux_smc:auto_generated|result_node[2]~10 ; |BaiTap|Datapath2:inst1|AU2:inst1|busmux:inst2|lpm_mux:$00000|mux_smc:auto_generated|result_node[2]~10 ; out0             ;
; |BaiTap|Datapath2:inst1|AU2:inst1|busmux:inst2|lpm_mux:$00000|mux_smc:auto_generated|result_node[2]~11 ; |BaiTap|Datapath2:inst1|AU2:inst1|busmux:inst2|lpm_mux:$00000|mux_smc:auto_generated|result_node[2]~11 ; out0             ;
; |BaiTap|Datapath2:inst1|AU2:inst1|busmux:inst2|lpm_mux:$00000|mux_smc:auto_generated|result_node[2]    ; |BaiTap|Datapath2:inst1|AU2:inst1|busmux:inst2|lpm_mux:$00000|mux_smc:auto_generated|result_node[2]    ; out0             ;
; |BaiTap|Datapath2:inst1|AU2:inst1|busmux:inst2|lpm_mux:$00000|mux_smc:auto_generated|result_node[1]~12 ; |BaiTap|Datapath2:inst1|AU2:inst1|busmux:inst2|lpm_mux:$00000|mux_smc:auto_generated|result_node[1]~12 ; out0             ;
; |BaiTap|Datapath2:inst1|AU2:inst1|busmux:inst2|lpm_mux:$00000|mux_smc:auto_generated|result_node[1]~13 ; |BaiTap|Datapath2:inst1|AU2:inst1|busmux:inst2|lpm_mux:$00000|mux_smc:auto_generated|result_node[1]~13 ; out0             ;
; |BaiTap|Datapath2:inst1|AU2:inst1|busmux:inst2|lpm_mux:$00000|mux_smc:auto_generated|result_node[1]    ; |BaiTap|Datapath2:inst1|AU2:inst1|busmux:inst2|lpm_mux:$00000|mux_smc:auto_generated|result_node[1]    ; out0             ;
; |BaiTap|Datapath2:inst1|AU2:inst1|busmux:inst2|lpm_mux:$00000|mux_smc:auto_generated|result_node[0]~14 ; |BaiTap|Datapath2:inst1|AU2:inst1|busmux:inst2|lpm_mux:$00000|mux_smc:auto_generated|result_node[0]~14 ; out0             ;
; |BaiTap|Datapath2:inst1|AU2:inst1|busmux:inst2|lpm_mux:$00000|mux_smc:auto_generated|result_node[0]    ; |BaiTap|Datapath2:inst1|AU2:inst1|busmux:inst2|lpm_mux:$00000|mux_smc:auto_generated|result_node[0]    ; out0             ;
; |BaiTap|Datapath2:inst1|Register1x8:inst30|RFC:inst10|inst1                                            ; |BaiTap|Datapath2:inst1|Register1x8:inst30|RFC:inst10|inst1                                            ; out              ;
; |BaiTap|Datapath2:inst1|Register1x8:inst30|RFC:inst10|inst                                             ; |BaiTap|Datapath2:inst1|Register1x8:inst30|RFC:inst10|inst                                             ; regout           ;
; |BaiTap|Datapath2:inst1|Register1x8:inst30|RFC:inst10|inst4                                            ; |BaiTap|Datapath2:inst1|Register1x8:inst30|RFC:inst10|inst4                                            ; out0             ;
; |BaiTap|Datapath2:inst1|Register1x8:inst30|RFC:inst10|inst3                                            ; |BaiTap|Datapath2:inst1|Register1x8:inst30|RFC:inst10|inst3                                            ; out0             ;
; |BaiTap|Datapath2:inst1|Register1x8:inst30|RFC:inst10|inst2                                            ; |BaiTap|Datapath2:inst1|Register1x8:inst30|RFC:inst10|inst2                                            ; out0             ;
; |BaiTap|Datapath2:inst1|Register1x8:inst30|RFC:inst11|inst1                                            ; |BaiTap|Datapath2:inst1|Register1x8:inst30|RFC:inst11|inst1                                            ; out              ;
; |BaiTap|Datapath2:inst1|Register1x8:inst30|RFC:inst11|inst                                             ; |BaiTap|Datapath2:inst1|Register1x8:inst30|RFC:inst11|inst                                             ; regout           ;
; |BaiTap|Datapath2:inst1|Register1x8:inst30|RFC:inst11|inst4                                            ; |BaiTap|Datapath2:inst1|Register1x8:inst30|RFC:inst11|inst4                                            ; out0             ;
; |BaiTap|Datapath2:inst1|Register1x8:inst30|RFC:inst11|inst3                                            ; |BaiTap|Datapath2:inst1|Register1x8:inst30|RFC:inst11|inst3                                            ; out0             ;
; |BaiTap|Datapath2:inst1|Register1x8:inst30|RFC:inst11|inst2                                            ; |BaiTap|Datapath2:inst1|Register1x8:inst30|RFC:inst11|inst2                                            ; out0             ;
; |BaiTap|Datapath2:inst1|Register1x8:inst30|RFC:inst9|inst4                                             ; |BaiTap|Datapath2:inst1|Register1x8:inst30|RFC:inst9|inst4                                             ; out0             ;
; |BaiTap|Datapath2:inst1|Register1x8:inst30|RFC:inst9|inst3                                             ; |BaiTap|Datapath2:inst1|Register1x8:inst30|RFC:inst9|inst3                                             ; out0             ;
; |BaiTap|Datapath2:inst1|Register1x8:inst30|RFC:inst4|inst1                                             ; |BaiTap|Datapath2:inst1|Register1x8:inst30|RFC:inst4|inst1                                             ; out              ;
; |BaiTap|Datapath2:inst1|Register1x8:inst30|RFC:inst4|inst                                              ; |BaiTap|Datapath2:inst1|Register1x8:inst30|RFC:inst4|inst                                              ; regout           ;
; |BaiTap|Datapath2:inst1|Register1x8:inst30|RFC:inst4|inst4                                             ; |BaiTap|Datapath2:inst1|Register1x8:inst30|RFC:inst4|inst4                                             ; out0             ;
; |BaiTap|Datapath2:inst1|Register1x8:inst30|RFC:inst4|inst3                                             ; |BaiTap|Datapath2:inst1|Register1x8:inst30|RFC:inst4|inst3                                             ; out0             ;
; |BaiTap|Datapath2:inst1|Register1x8:inst30|RFC:inst4|inst2                                             ; |BaiTap|Datapath2:inst1|Register1x8:inst30|RFC:inst4|inst2                                             ; out0             ;
; |BaiTap|Datapath2:inst1|Register1x8:inst30|RFC:inst8|inst1                                             ; |BaiTap|Datapath2:inst1|Register1x8:inst30|RFC:inst8|inst1                                             ; out              ;
; |BaiTap|Datapath2:inst1|Register1x8:inst30|RFC:inst8|inst                                              ; |BaiTap|Datapath2:inst1|Register1x8:inst30|RFC:inst8|inst                                              ; regout           ;
; |BaiTap|Datapath2:inst1|Register1x8:inst30|RFC:inst8|inst4                                             ; |BaiTap|Datapath2:inst1|Register1x8:inst30|RFC:inst8|inst4                                             ; out0             ;
; |BaiTap|Datapath2:inst1|Register1x8:inst30|RFC:inst8|inst3                                             ; |BaiTap|Datapath2:inst1|Register1x8:inst30|RFC:inst8|inst3                                             ; out0             ;
; |BaiTap|Datapath2:inst1|Register1x8:inst30|RFC:inst8|inst2                                             ; |BaiTap|Datapath2:inst1|Register1x8:inst30|RFC:inst8|inst2                                             ; out0             ;
; |BaiTap|Datapath2:inst1|Register1x8:inst30|RFC:inst7|inst1                                             ; |BaiTap|Datapath2:inst1|Register1x8:inst30|RFC:inst7|inst1                                             ; out              ;
; |BaiTap|Datapath2:inst1|Register1x8:inst30|RFC:inst7|inst                                              ; |BaiTap|Datapath2:inst1|Register1x8:inst30|RFC:inst7|inst                                              ; regout           ;
; |BaiTap|Datapath2:inst1|Register1x8:inst30|RFC:inst7|inst4                                             ; |BaiTap|Datapath2:inst1|Register1x8:inst30|RFC:inst7|inst4                                             ; out0             ;
; |BaiTap|Datapath2:inst1|Register1x8:inst30|RFC:inst7|inst3                                             ; |BaiTap|Datapath2:inst1|Register1x8:inst30|RFC:inst7|inst3                                             ; out0             ;
; |BaiTap|Datapath2:inst1|Register1x8:inst30|RFC:inst7|inst2                                             ; |BaiTap|Datapath2:inst1|Register1x8:inst30|RFC:inst7|inst2                                             ; out0             ;
; |BaiTap|Datapath2:inst1|Register1x8:inst30|RFC:inst3|inst1                                             ; |BaiTap|Datapath2:inst1|Register1x8:inst30|RFC:inst3|inst1                                             ; out              ;
; |BaiTap|Datapath2:inst1|Register1x8:inst30|RFC:inst3|inst                                              ; |BaiTap|Datapath2:inst1|Register1x8:inst30|RFC:inst3|inst                                              ; regout           ;
; |BaiTap|Datapath2:inst1|Register1x8:inst30|RFC:inst3|inst4                                             ; |BaiTap|Datapath2:inst1|Register1x8:inst30|RFC:inst3|inst4                                             ; out0             ;
; |BaiTap|Datapath2:inst1|Register1x8:inst30|RFC:inst3|inst3                                             ; |BaiTap|Datapath2:inst1|Register1x8:inst30|RFC:inst3|inst3                                             ; out0             ;
; |BaiTap|Datapath2:inst1|Register1x8:inst30|RFC:inst3|inst2                                             ; |BaiTap|Datapath2:inst1|Register1x8:inst30|RFC:inst3|inst2                                             ; out0             ;
; |BaiTap|Datapath2:inst1|Register1x8:inst2|RFC:inst10|inst1                                             ; |BaiTap|Datapath2:inst1|Register1x8:inst2|RFC:inst10|inst1                                             ; out              ;
; |BaiTap|Datapath2:inst1|Register1x8:inst2|RFC:inst10|inst                                              ; |BaiTap|Datapath2:inst1|Register1x8:inst2|RFC:inst10|inst                                              ; regout           ;
; |BaiTap|Datapath2:inst1|Register1x8:inst2|RFC:inst10|inst4                                             ; |BaiTap|Datapath2:inst1|Register1x8:inst2|RFC:inst10|inst4                                             ; out0             ;
; |BaiTap|Datapath2:inst1|Register1x8:inst2|RFC:inst10|inst3                                             ; |BaiTap|Datapath2:inst1|Register1x8:inst2|RFC:inst10|inst3                                             ; out0             ;
; |BaiTap|Datapath2:inst1|Register1x8:inst2|RFC:inst10|inst2                                             ; |BaiTap|Datapath2:inst1|Register1x8:inst2|RFC:inst10|inst2                                             ; out0             ;
; |BaiTap|Datapath2:inst1|Register1x8:inst2|RFC:inst11|inst4                                             ; |BaiTap|Datapath2:inst1|Register1x8:inst2|RFC:inst11|inst4                                             ; out0             ;
; |BaiTap|Datapath2:inst1|Register1x8:inst2|RFC:inst11|inst3                                             ; |BaiTap|Datapath2:inst1|Register1x8:inst2|RFC:inst11|inst3                                             ; out0             ;
; |BaiTap|Datapath2:inst1|Register1x8:inst2|RFC:inst9|inst1                                              ; |BaiTap|Datapath2:inst1|Register1x8:inst2|RFC:inst9|inst1                                              ; out              ;
; |BaiTap|Datapath2:inst1|Register1x8:inst2|RFC:inst9|inst                                               ; |BaiTap|Datapath2:inst1|Register1x8:inst2|RFC:inst9|inst                                               ; regout           ;
; |BaiTap|Datapath2:inst1|Register1x8:inst2|RFC:inst9|inst4                                              ; |BaiTap|Datapath2:inst1|Register1x8:inst2|RFC:inst9|inst4                                              ; out0             ;
; |BaiTap|Datapath2:inst1|Register1x8:inst2|RFC:inst9|inst3                                              ; |BaiTap|Datapath2:inst1|Register1x8:inst2|RFC:inst9|inst3                                              ; out0             ;
; |BaiTap|Datapath2:inst1|Register1x8:inst2|RFC:inst9|inst2                                              ; |BaiTap|Datapath2:inst1|Register1x8:inst2|RFC:inst9|inst2                                              ; out0             ;
; |BaiTap|Datapath2:inst1|Register1x8:inst2|RFC:inst4|inst1                                              ; |BaiTap|Datapath2:inst1|Register1x8:inst2|RFC:inst4|inst1                                              ; out              ;
; |BaiTap|Datapath2:inst1|Register1x8:inst2|RFC:inst4|inst                                               ; |BaiTap|Datapath2:inst1|Register1x8:inst2|RFC:inst4|inst                                               ; regout           ;
; |BaiTap|Datapath2:inst1|Register1x8:inst2|RFC:inst4|inst4                                              ; |BaiTap|Datapath2:inst1|Register1x8:inst2|RFC:inst4|inst4                                              ; out0             ;
; |BaiTap|Datapath2:inst1|Register1x8:inst2|RFC:inst4|inst3                                              ; |BaiTap|Datapath2:inst1|Register1x8:inst2|RFC:inst4|inst3                                              ; out0             ;
; |BaiTap|Datapath2:inst1|Register1x8:inst2|RFC:inst4|inst2                                              ; |BaiTap|Datapath2:inst1|Register1x8:inst2|RFC:inst4|inst2                                              ; out0             ;
; |BaiTap|Datapath2:inst1|Register1x8:inst2|RFC:inst8|inst1                                              ; |BaiTap|Datapath2:inst1|Register1x8:inst2|RFC:inst8|inst1                                              ; out              ;
; |BaiTap|Datapath2:inst1|Register1x8:inst2|RFC:inst8|inst                                               ; |BaiTap|Datapath2:inst1|Register1x8:inst2|RFC:inst8|inst                                               ; regout           ;
; |BaiTap|Datapath2:inst1|Register1x8:inst2|RFC:inst8|inst4                                              ; |BaiTap|Datapath2:inst1|Register1x8:inst2|RFC:inst8|inst4                                              ; out0             ;
; |BaiTap|Datapath2:inst1|Register1x8:inst2|RFC:inst8|inst3                                              ; |BaiTap|Datapath2:inst1|Register1x8:inst2|RFC:inst8|inst3                                              ; out0             ;
; |BaiTap|Datapath2:inst1|Register1x8:inst2|RFC:inst8|inst2                                              ; |BaiTap|Datapath2:inst1|Register1x8:inst2|RFC:inst8|inst2                                              ; out0             ;
; |BaiTap|Datapath2:inst1|Register1x8:inst2|RFC:inst7|inst1                                              ; |BaiTap|Datapath2:inst1|Register1x8:inst2|RFC:inst7|inst1                                              ; out              ;
; |BaiTap|Datapath2:inst1|Register1x8:inst2|RFC:inst7|inst                                               ; |BaiTap|Datapath2:inst1|Register1x8:inst2|RFC:inst7|inst                                               ; regout           ;
; |BaiTap|Datapath2:inst1|Register1x8:inst2|RFC:inst7|inst4                                              ; |BaiTap|Datapath2:inst1|Register1x8:inst2|RFC:inst7|inst4                                              ; out0             ;
; |BaiTap|Datapath2:inst1|Register1x8:inst2|RFC:inst7|inst3                                              ; |BaiTap|Datapath2:inst1|Register1x8:inst2|RFC:inst7|inst3                                              ; out0             ;
; |BaiTap|Datapath2:inst1|Register1x8:inst2|RFC:inst7|inst2                                              ; |BaiTap|Datapath2:inst1|Register1x8:inst2|RFC:inst7|inst2                                              ; out0             ;
; |BaiTap|Datapath2:inst1|Register1x8:inst2|RFC:inst3|inst1                                              ; |BaiTap|Datapath2:inst1|Register1x8:inst2|RFC:inst3|inst1                                              ; out              ;
; |BaiTap|Datapath2:inst1|Register1x8:inst2|RFC:inst3|inst                                               ; |BaiTap|Datapath2:inst1|Register1x8:inst2|RFC:inst3|inst                                               ; regout           ;
; |BaiTap|Datapath2:inst1|Register1x8:inst2|RFC:inst3|inst4                                              ; |BaiTap|Datapath2:inst1|Register1x8:inst2|RFC:inst3|inst4                                              ; out0             ;
; |BaiTap|Datapath2:inst1|Register1x8:inst2|RFC:inst3|inst3                                              ; |BaiTap|Datapath2:inst1|Register1x8:inst2|RFC:inst3|inst3                                              ; out0             ;
; |BaiTap|Datapath2:inst1|Register1x8:inst2|RFC:inst3|inst2                                              ; |BaiTap|Datapath2:inst1|Register1x8:inst2|RFC:inst3|inst2                                              ; out0             ;
; |BaiTap|Datapath2:inst1|AU1:inst|inst9                                                                 ; |BaiTap|Datapath2:inst1|AU1:inst|inst9                                                                 ; out0             ;
; |BaiTap|Datapath2:inst1|AU1:inst|inst12                                                                ; |BaiTap|Datapath2:inst1|AU1:inst|inst12                                                                ; regout           ;
; |BaiTap|Datapath2:inst1|AU1:inst|inst4[7]                                                              ; |BaiTap|Datapath2:inst1|AU1:inst|inst4[7]                                                              ; regout           ;
; |BaiTap|Datapath2:inst1|AU1:inst|inst4[6]                                                              ; |BaiTap|Datapath2:inst1|AU1:inst|inst4[6]                                                              ; regout           ;
; |BaiTap|Datapath2:inst1|AU1:inst|inst4[5]                                                              ; |BaiTap|Datapath2:inst1|AU1:inst|inst4[5]                                                              ; regout           ;
; |BaiTap|Datapath2:inst1|AU1:inst|inst4[4]                                                              ; |BaiTap|Datapath2:inst1|AU1:inst|inst4[4]                                                              ; regout           ;
; |BaiTap|Datapath2:inst1|AU1:inst|inst4[3]                                                              ; |BaiTap|Datapath2:inst1|AU1:inst|inst4[3]                                                              ; regout           ;
; |BaiTap|Datapath2:inst1|AU1:inst|inst4[2]                                                              ; |BaiTap|Datapath2:inst1|AU1:inst|inst4[2]                                                              ; regout           ;
; |BaiTap|Datapath2:inst1|AU1:inst|inst4[1]                                                              ; |BaiTap|Datapath2:inst1|AU1:inst|inst4[1]                                                              ; regout           ;
; |BaiTap|Datapath2:inst1|AU1:inst|inst6[3]                                                              ; |BaiTap|Datapath2:inst1|AU1:inst|inst6[3]                                                              ; out0             ;
; |BaiTap|Datapath2:inst1|AU1:inst|inst6[2]                                                              ; |BaiTap|Datapath2:inst1|AU1:inst|inst6[2]                                                              ; out0             ;
; |BaiTap|Datapath2:inst1|AU1:inst|inst3[7]                                                              ; |BaiTap|Datapath2:inst1|AU1:inst|inst3[7]                                                              ; regout           ;
; |BaiTap|Datapath2:inst1|AU1:inst|inst3[6]                                                              ; |BaiTap|Datapath2:inst1|AU1:inst|inst3[6]                                                              ; regout           ;
; |BaiTap|Datapath2:inst1|AU1:inst|inst3[5]                                                              ; |BaiTap|Datapath2:inst1|AU1:inst|inst3[5]                                                              ; regout           ;
; |BaiTap|Datapath2:inst1|AU1:inst|inst3[4]                                                              ; |BaiTap|Datapath2:inst1|AU1:inst|inst3[4]                                                              ; regout           ;
; |BaiTap|Datapath2:inst1|AU1:inst|inst3[3]                                                              ; |BaiTap|Datapath2:inst1|AU1:inst|inst3[3]                                                              ; regout           ;
; |BaiTap|Datapath2:inst1|AU1:inst|inst3[2]                                                              ; |BaiTap|Datapath2:inst1|AU1:inst|inst3[2]                                                              ; regout           ;
; |BaiTap|Datapath2:inst1|AU1:inst|inst3[1]                                                              ; |BaiTap|Datapath2:inst1|AU1:inst|inst3[1]                                                              ; regout           ;
; |BaiTap|Datapath2:inst1|AU1:inst|inst11                                                                ; |BaiTap|Datapath2:inst1|AU1:inst|inst11                                                                ; regout           ;
; |BaiTap|Datapath2:inst1|AU1:inst|inst10[7]                                                             ; |BaiTap|Datapath2:inst1|AU1:inst|inst10[7]                                                             ; regout           ;
; |BaiTap|Datapath2:inst1|AU1:inst|inst10[6]                                                             ; |BaiTap|Datapath2:inst1|AU1:inst|inst10[6]                                                             ; regout           ;
; |BaiTap|Datapath2:inst1|AU1:inst|inst10[5]                                                             ; |BaiTap|Datapath2:inst1|AU1:inst|inst10[5]                                                             ; regout           ;
; |BaiTap|Datapath2:inst1|AU1:inst|inst10[4]                                                             ; |BaiTap|Datapath2:inst1|AU1:inst|inst10[4]                                                             ; regout           ;
; |BaiTap|Datapath2:inst1|AU1:inst|inst10[3]                                                             ; |BaiTap|Datapath2:inst1|AU1:inst|inst10[3]                                                             ; regout           ;
; |BaiTap|Datapath2:inst1|AU1:inst|inst10[2]                                                             ; |BaiTap|Datapath2:inst1|AU1:inst|inst10[2]                                                             ; regout           ;
; |BaiTap|Datapath2:inst1|AU1:inst|busmux:inst7|lpm_mux:$00000|mux_smc:auto_generated|result_node[7]~1   ; |BaiTap|Datapath2:inst1|AU1:inst|busmux:inst7|lpm_mux:$00000|mux_smc:auto_generated|result_node[7]~1   ; out0             ;
; |BaiTap|Datapath2:inst1|AU1:inst|busmux:inst7|lpm_mux:$00000|mux_smc:auto_generated|result_node[7]     ; |BaiTap|Datapath2:inst1|AU1:inst|busmux:inst7|lpm_mux:$00000|mux_smc:auto_generated|result_node[7]     ; out0             ;
; |BaiTap|Datapath2:inst1|AU1:inst|busmux:inst7|lpm_mux:$00000|mux_smc:auto_generated|result_node[6]~3   ; |BaiTap|Datapath2:inst1|AU1:inst|busmux:inst7|lpm_mux:$00000|mux_smc:auto_generated|result_node[6]~3   ; out0             ;
; |BaiTap|Datapath2:inst1|AU1:inst|busmux:inst7|lpm_mux:$00000|mux_smc:auto_generated|result_node[6]     ; |BaiTap|Datapath2:inst1|AU1:inst|busmux:inst7|lpm_mux:$00000|mux_smc:auto_generated|result_node[6]     ; out0             ;
; |BaiTap|Datapath2:inst1|AU1:inst|busmux:inst7|lpm_mux:$00000|mux_smc:auto_generated|result_node[5]~5   ; |BaiTap|Datapath2:inst1|AU1:inst|busmux:inst7|lpm_mux:$00000|mux_smc:auto_generated|result_node[5]~5   ; out0             ;
; |BaiTap|Datapath2:inst1|AU1:inst|busmux:inst7|lpm_mux:$00000|mux_smc:auto_generated|result_node[5]     ; |BaiTap|Datapath2:inst1|AU1:inst|busmux:inst7|lpm_mux:$00000|mux_smc:auto_generated|result_node[5]     ; out0             ;
; |BaiTap|Datapath2:inst1|AU1:inst|busmux:inst7|lpm_mux:$00000|mux_smc:auto_generated|result_node[4]~7   ; |BaiTap|Datapath2:inst1|AU1:inst|busmux:inst7|lpm_mux:$00000|mux_smc:auto_generated|result_node[4]~7   ; out0             ;
; |BaiTap|Datapath2:inst1|AU1:inst|busmux:inst7|lpm_mux:$00000|mux_smc:auto_generated|result_node[4]     ; |BaiTap|Datapath2:inst1|AU1:inst|busmux:inst7|lpm_mux:$00000|mux_smc:auto_generated|result_node[4]     ; out0             ;
; |BaiTap|Datapath2:inst1|AU1:inst|busmux:inst7|lpm_mux:$00000|mux_smc:auto_generated|result_node[3]~8   ; |BaiTap|Datapath2:inst1|AU1:inst|busmux:inst7|lpm_mux:$00000|mux_smc:auto_generated|result_node[3]~8   ; out0             ;
; |BaiTap|Datapath2:inst1|AU1:inst|busmux:inst7|lpm_mux:$00000|mux_smc:auto_generated|result_node[3]~9   ; |BaiTap|Datapath2:inst1|AU1:inst|busmux:inst7|lpm_mux:$00000|mux_smc:auto_generated|result_node[3]~9   ; out0             ;
; |BaiTap|Datapath2:inst1|AU1:inst|busmux:inst7|lpm_mux:$00000|mux_smc:auto_generated|result_node[3]     ; |BaiTap|Datapath2:inst1|AU1:inst|busmux:inst7|lpm_mux:$00000|mux_smc:auto_generated|result_node[3]     ; out0             ;
; |BaiTap|Datapath2:inst1|AU1:inst|busmux:inst7|lpm_mux:$00000|mux_smc:auto_generated|result_node[2]~10  ; |BaiTap|Datapath2:inst1|AU1:inst|busmux:inst7|lpm_mux:$00000|mux_smc:auto_generated|result_node[2]~10  ; out0             ;
; |BaiTap|Datapath2:inst1|AU1:inst|busmux:inst7|lpm_mux:$00000|mux_smc:auto_generated|result_node[2]~11  ; |BaiTap|Datapath2:inst1|AU1:inst|busmux:inst7|lpm_mux:$00000|mux_smc:auto_generated|result_node[2]~11  ; out0             ;
; |BaiTap|Datapath2:inst1|AU1:inst|busmux:inst7|lpm_mux:$00000|mux_smc:auto_generated|result_node[2]     ; |BaiTap|Datapath2:inst1|AU1:inst|busmux:inst7|lpm_mux:$00000|mux_smc:auto_generated|result_node[2]     ; out0             ;
; |BaiTap|Datapath2:inst1|AU1:inst|busmux:inst7|lpm_mux:$00000|mux_smc:auto_generated|result_node[1]~13  ; |BaiTap|Datapath2:inst1|AU1:inst|busmux:inst7|lpm_mux:$00000|mux_smc:auto_generated|result_node[1]~13  ; out0             ;
; |BaiTap|Datapath2:inst1|AU1:inst|busmux:inst7|lpm_mux:$00000|mux_smc:auto_generated|result_node[1]     ; |BaiTap|Datapath2:inst1|AU1:inst|busmux:inst7|lpm_mux:$00000|mux_smc:auto_generated|result_node[1]     ; out0             ;
; |BaiTap|Datapath2:inst1|AU1:inst|Sum8Bit:inst|Sum:inst7|inst1                                          ; |BaiTap|Datapath2:inst1|AU1:inst|Sum8Bit:inst|Sum:inst7|inst1                                          ; out0             ;
; |BaiTap|Datapath2:inst1|AU1:inst|Sum8Bit:inst|Sum:inst7|inst                                           ; |BaiTap|Datapath2:inst1|AU1:inst|Sum8Bit:inst|Sum:inst7|inst                                           ; out0             ;
; |BaiTap|Datapath2:inst1|AU1:inst|Sum8Bit:inst|Sum:inst7|inst2                                          ; |BaiTap|Datapath2:inst1|AU1:inst|Sum8Bit:inst|Sum:inst7|inst2                                          ; out0             ;
; |BaiTap|Datapath2:inst1|AU1:inst|Sum8Bit:inst|Sum:inst7|inst4                                          ; |BaiTap|Datapath2:inst1|AU1:inst|Sum8Bit:inst|Sum:inst7|inst4                                          ; out0             ;
; |BaiTap|Datapath2:inst1|AU1:inst|Sum8Bit:inst|Sum:inst3|inst1                                          ; |BaiTap|Datapath2:inst1|AU1:inst|Sum8Bit:inst|Sum:inst3|inst1                                          ; out0             ;
; |BaiTap|Datapath2:inst1|AU1:inst|Sum8Bit:inst|Sum:inst3|inst                                           ; |BaiTap|Datapath2:inst1|AU1:inst|Sum8Bit:inst|Sum:inst3|inst                                           ; out0             ;
; |BaiTap|Datapath2:inst1|AU1:inst|Sum8Bit:inst|Sum:inst3|inst2                                          ; |BaiTap|Datapath2:inst1|AU1:inst|Sum8Bit:inst|Sum:inst3|inst2                                          ; out0             ;
; |BaiTap|Datapath2:inst1|AU1:inst|Sum8Bit:inst|Sum:inst3|inst4                                          ; |BaiTap|Datapath2:inst1|AU1:inst|Sum8Bit:inst|Sum:inst3|inst4                                          ; out0             ;
; |BaiTap|Datapath2:inst1|AU1:inst|Sum8Bit:inst|Sum:inst3|inst5                                          ; |BaiTap|Datapath2:inst1|AU1:inst|Sum8Bit:inst|Sum:inst3|inst5                                          ; out0             ;
; |BaiTap|Datapath2:inst1|AU1:inst|Sum8Bit:inst|Sum:inst3|inst3                                          ; |BaiTap|Datapath2:inst1|AU1:inst|Sum8Bit:inst|Sum:inst3|inst3                                          ; out0             ;
; |BaiTap|Datapath2:inst1|AU1:inst|Sum8Bit:inst|Sum:inst5|inst1                                          ; |BaiTap|Datapath2:inst1|AU1:inst|Sum8Bit:inst|Sum:inst5|inst1                                          ; out0             ;
; |BaiTap|Datapath2:inst1|AU1:inst|Sum8Bit:inst|Sum:inst5|inst                                           ; |BaiTap|Datapath2:inst1|AU1:inst|Sum8Bit:inst|Sum:inst5|inst                                           ; out0             ;
; |BaiTap|Datapath2:inst1|AU1:inst|Sum8Bit:inst|Sum:inst5|inst2                                          ; |BaiTap|Datapath2:inst1|AU1:inst|Sum8Bit:inst|Sum:inst5|inst2                                          ; out0             ;
; |BaiTap|Datapath2:inst1|AU1:inst|Sum8Bit:inst|Sum:inst5|inst4                                          ; |BaiTap|Datapath2:inst1|AU1:inst|Sum8Bit:inst|Sum:inst5|inst4                                          ; out0             ;
; |BaiTap|Datapath2:inst1|AU1:inst|Sum8Bit:inst|Sum:inst5|inst5                                          ; |BaiTap|Datapath2:inst1|AU1:inst|Sum8Bit:inst|Sum:inst5|inst5                                          ; out0             ;
; |BaiTap|Datapath2:inst1|AU1:inst|Sum8Bit:inst|Sum:inst5|inst3                                          ; |BaiTap|Datapath2:inst1|AU1:inst|Sum8Bit:inst|Sum:inst5|inst3                                          ; out0             ;
; |BaiTap|Datapath2:inst1|AU1:inst|Sum8Bit:inst|Sum:inst4|inst1                                          ; |BaiTap|Datapath2:inst1|AU1:inst|Sum8Bit:inst|Sum:inst4|inst1                                          ; out0             ;
; |BaiTap|Datapath2:inst1|AU1:inst|Sum8Bit:inst|Sum:inst4|inst                                           ; |BaiTap|Datapath2:inst1|AU1:inst|Sum8Bit:inst|Sum:inst4|inst                                           ; out0             ;
; |BaiTap|Datapath2:inst1|AU1:inst|Sum8Bit:inst|Sum:inst4|inst2                                          ; |BaiTap|Datapath2:inst1|AU1:inst|Sum8Bit:inst|Sum:inst4|inst2                                          ; out0             ;
; |BaiTap|Datapath2:inst1|AU1:inst|Sum8Bit:inst|Sum:inst4|inst4                                          ; |BaiTap|Datapath2:inst1|AU1:inst|Sum8Bit:inst|Sum:inst4|inst4                                          ; out0             ;
; |BaiTap|Datapath2:inst1|AU1:inst|Sum8Bit:inst|Sum:inst2|inst1                                          ; |BaiTap|Datapath2:inst1|AU1:inst|Sum8Bit:inst|Sum:inst2|inst1                                          ; out0             ;
; |BaiTap|Datapath2:inst1|AU1:inst|Sum8Bit:inst|Sum:inst2|inst                                           ; |BaiTap|Datapath2:inst1|AU1:inst|Sum8Bit:inst|Sum:inst2|inst                                           ; out0             ;
; |BaiTap|Datapath2:inst1|AU1:inst|Sum8Bit:inst|Sum:inst2|inst2                                          ; |BaiTap|Datapath2:inst1|AU1:inst|Sum8Bit:inst|Sum:inst2|inst2                                          ; out0             ;
; |BaiTap|Datapath2:inst1|AU1:inst|Sum8Bit:inst|Sum:inst2|inst4                                          ; |BaiTap|Datapath2:inst1|AU1:inst|Sum8Bit:inst|Sum:inst2|inst4                                          ; out0             ;
; |BaiTap|Datapath2:inst1|AU1:inst|Sum8Bit:inst|Sum:inst1|inst1                                          ; |BaiTap|Datapath2:inst1|AU1:inst|Sum8Bit:inst|Sum:inst1|inst1                                          ; out0             ;
; |BaiTap|Datapath2:inst1|AU1:inst|Sum8Bit:inst|Sum:inst1|inst                                           ; |BaiTap|Datapath2:inst1|AU1:inst|Sum8Bit:inst|Sum:inst1|inst                                           ; out0             ;
; |BaiTap|Datapath2:inst1|AU1:inst|Sum8Bit:inst|Sum:inst1|inst2                                          ; |BaiTap|Datapath2:inst1|AU1:inst|Sum8Bit:inst|Sum:inst1|inst2                                          ; out0             ;
; |BaiTap|Datapath2:inst1|AU1:inst|Sum8Bit:inst|Sum:inst1|inst4                                          ; |BaiTap|Datapath2:inst1|AU1:inst|Sum8Bit:inst|Sum:inst1|inst4                                          ; out0             ;
; |BaiTap|Datapath2:inst1|AU1:inst|Sum8Bit:inst|Sum:inst|inst1                                           ; |BaiTap|Datapath2:inst1|AU1:inst|Sum8Bit:inst|Sum:inst|inst1                                           ; out0             ;
; |BaiTap|Datapath2:inst1|AU1:inst|Sum8Bit:inst|Sum:inst|inst                                            ; |BaiTap|Datapath2:inst1|AU1:inst|Sum8Bit:inst|Sum:inst|inst                                            ; out0             ;
; |BaiTap|Datapath2:inst1|AU1:inst|busmux:inst8|lpm_mux:$00000|mux_smc:auto_generated|result_node[7]~0   ; |BaiTap|Datapath2:inst1|AU1:inst|busmux:inst8|lpm_mux:$00000|mux_smc:auto_generated|result_node[7]~0   ; out0             ;
; |BaiTap|Datapath2:inst1|AU1:inst|busmux:inst8|lpm_mux:$00000|mux_smc:auto_generated|result_node[7]     ; |BaiTap|Datapath2:inst1|AU1:inst|busmux:inst8|lpm_mux:$00000|mux_smc:auto_generated|result_node[7]     ; out0             ;
; |BaiTap|Datapath2:inst1|AU1:inst|busmux:inst8|lpm_mux:$00000|mux_smc:auto_generated|result_node[6]~2   ; |BaiTap|Datapath2:inst1|AU1:inst|busmux:inst8|lpm_mux:$00000|mux_smc:auto_generated|result_node[6]~2   ; out0             ;
; |BaiTap|Datapath2:inst1|AU1:inst|busmux:inst8|lpm_mux:$00000|mux_smc:auto_generated|result_node[6]     ; |BaiTap|Datapath2:inst1|AU1:inst|busmux:inst8|lpm_mux:$00000|mux_smc:auto_generated|result_node[6]     ; out0             ;
; |BaiTap|Datapath2:inst1|AU1:inst|busmux:inst8|lpm_mux:$00000|mux_smc:auto_generated|result_node[5]~4   ; |BaiTap|Datapath2:inst1|AU1:inst|busmux:inst8|lpm_mux:$00000|mux_smc:auto_generated|result_node[5]~4   ; out0             ;
; |BaiTap|Datapath2:inst1|AU1:inst|busmux:inst8|lpm_mux:$00000|mux_smc:auto_generated|result_node[5]     ; |BaiTap|Datapath2:inst1|AU1:inst|busmux:inst8|lpm_mux:$00000|mux_smc:auto_generated|result_node[5]     ; out0             ;
; |BaiTap|Datapath2:inst1|AU1:inst|busmux:inst8|lpm_mux:$00000|mux_smc:auto_generated|result_node[4]~6   ; |BaiTap|Datapath2:inst1|AU1:inst|busmux:inst8|lpm_mux:$00000|mux_smc:auto_generated|result_node[4]~6   ; out0             ;
; |BaiTap|Datapath2:inst1|AU1:inst|busmux:inst8|lpm_mux:$00000|mux_smc:auto_generated|result_node[4]~7   ; |BaiTap|Datapath2:inst1|AU1:inst|busmux:inst8|lpm_mux:$00000|mux_smc:auto_generated|result_node[4]~7   ; out0             ;
; |BaiTap|Datapath2:inst1|AU1:inst|busmux:inst8|lpm_mux:$00000|mux_smc:auto_generated|result_node[4]     ; |BaiTap|Datapath2:inst1|AU1:inst|busmux:inst8|lpm_mux:$00000|mux_smc:auto_generated|result_node[4]     ; out0             ;
; |BaiTap|Datapath2:inst1|AU1:inst|busmux:inst8|lpm_mux:$00000|mux_smc:auto_generated|result_node[3]~8   ; |BaiTap|Datapath2:inst1|AU1:inst|busmux:inst8|lpm_mux:$00000|mux_smc:auto_generated|result_node[3]~8   ; out0             ;
; |BaiTap|Datapath2:inst1|AU1:inst|busmux:inst8|lpm_mux:$00000|mux_smc:auto_generated|result_node[3]     ; |BaiTap|Datapath2:inst1|AU1:inst|busmux:inst8|lpm_mux:$00000|mux_smc:auto_generated|result_node[3]     ; out0             ;
; |BaiTap|Datapath2:inst1|AU1:inst|busmux:inst8|lpm_mux:$00000|mux_smc:auto_generated|result_node[2]~10  ; |BaiTap|Datapath2:inst1|AU1:inst|busmux:inst8|lpm_mux:$00000|mux_smc:auto_generated|result_node[2]~10  ; out0             ;
; |BaiTap|Datapath2:inst1|AU1:inst|busmux:inst8|lpm_mux:$00000|mux_smc:auto_generated|result_node[2]~11  ; |BaiTap|Datapath2:inst1|AU1:inst|busmux:inst8|lpm_mux:$00000|mux_smc:auto_generated|result_node[2]~11  ; out0             ;
; |BaiTap|Datapath2:inst1|AU1:inst|busmux:inst8|lpm_mux:$00000|mux_smc:auto_generated|result_node[2]     ; |BaiTap|Datapath2:inst1|AU1:inst|busmux:inst8|lpm_mux:$00000|mux_smc:auto_generated|result_node[2]     ; out0             ;
; |BaiTap|Datapath2:inst1|AU1:inst|busmux:inst8|lpm_mux:$00000|mux_smc:auto_generated|result_node[1]~12  ; |BaiTap|Datapath2:inst1|AU1:inst|busmux:inst8|lpm_mux:$00000|mux_smc:auto_generated|result_node[1]~12  ; out0             ;
; |BaiTap|Datapath2:inst1|AU1:inst|busmux:inst8|lpm_mux:$00000|mux_smc:auto_generated|result_node[1]~13  ; |BaiTap|Datapath2:inst1|AU1:inst|busmux:inst8|lpm_mux:$00000|mux_smc:auto_generated|result_node[1]~13  ; out0             ;
; |BaiTap|Datapath2:inst1|AU1:inst|busmux:inst8|lpm_mux:$00000|mux_smc:auto_generated|result_node[1]     ; |BaiTap|Datapath2:inst1|AU1:inst|busmux:inst8|lpm_mux:$00000|mux_smc:auto_generated|result_node[1]     ; out0             ;
; |BaiTap|Datapath2:inst1|Register1x8:inst32|RFC:inst10|inst1                                            ; |BaiTap|Datapath2:inst1|Register1x8:inst32|RFC:inst10|inst1                                            ; out              ;
; |BaiTap|Datapath2:inst1|Register1x8:inst32|RFC:inst10|inst                                             ; |BaiTap|Datapath2:inst1|Register1x8:inst32|RFC:inst10|inst                                             ; regout           ;
; |BaiTap|Datapath2:inst1|Register1x8:inst32|RFC:inst10|inst4                                            ; |BaiTap|Datapath2:inst1|Register1x8:inst32|RFC:inst10|inst4                                            ; out0             ;
; |BaiTap|Datapath2:inst1|Register1x8:inst32|RFC:inst10|inst3                                            ; |BaiTap|Datapath2:inst1|Register1x8:inst32|RFC:inst10|inst3                                            ; out0             ;
; |BaiTap|Datapath2:inst1|Register1x8:inst32|RFC:inst10|inst2                                            ; |BaiTap|Datapath2:inst1|Register1x8:inst32|RFC:inst10|inst2                                            ; out0             ;
; |BaiTap|Datapath2:inst1|Register1x8:inst32|RFC:inst11|inst1                                            ; |BaiTap|Datapath2:inst1|Register1x8:inst32|RFC:inst11|inst1                                            ; out              ;
; |BaiTap|Datapath2:inst1|Register1x8:inst32|RFC:inst11|inst                                             ; |BaiTap|Datapath2:inst1|Register1x8:inst32|RFC:inst11|inst                                             ; regout           ;
; |BaiTap|Datapath2:inst1|Register1x8:inst32|RFC:inst11|inst4                                            ; |BaiTap|Datapath2:inst1|Register1x8:inst32|RFC:inst11|inst4                                            ; out0             ;
; |BaiTap|Datapath2:inst1|Register1x8:inst32|RFC:inst11|inst3                                            ; |BaiTap|Datapath2:inst1|Register1x8:inst32|RFC:inst11|inst3                                            ; out0             ;
; |BaiTap|Datapath2:inst1|Register1x8:inst32|RFC:inst11|inst2                                            ; |BaiTap|Datapath2:inst1|Register1x8:inst32|RFC:inst11|inst2                                            ; out0             ;
; |BaiTap|Datapath2:inst1|Register1x8:inst32|RFC:inst9|inst1                                             ; |BaiTap|Datapath2:inst1|Register1x8:inst32|RFC:inst9|inst1                                             ; out              ;
; |BaiTap|Datapath2:inst1|Register1x8:inst32|RFC:inst9|inst                                              ; |BaiTap|Datapath2:inst1|Register1x8:inst32|RFC:inst9|inst                                              ; regout           ;
; |BaiTap|Datapath2:inst1|Register1x8:inst32|RFC:inst9|inst4                                             ; |BaiTap|Datapath2:inst1|Register1x8:inst32|RFC:inst9|inst4                                             ; out0             ;
; |BaiTap|Datapath2:inst1|Register1x8:inst32|RFC:inst9|inst3                                             ; |BaiTap|Datapath2:inst1|Register1x8:inst32|RFC:inst9|inst3                                             ; out0             ;
; |BaiTap|Datapath2:inst1|Register1x8:inst32|RFC:inst9|inst2                                             ; |BaiTap|Datapath2:inst1|Register1x8:inst32|RFC:inst9|inst2                                             ; out0             ;
; |BaiTap|Datapath2:inst1|Register1x8:inst32|RFC:inst12|inst1                                            ; |BaiTap|Datapath2:inst1|Register1x8:inst32|RFC:inst12|inst1                                            ; out              ;
; |BaiTap|Datapath2:inst1|Register1x8:inst32|RFC:inst12|inst                                             ; |BaiTap|Datapath2:inst1|Register1x8:inst32|RFC:inst12|inst                                             ; regout           ;
; |BaiTap|Datapath2:inst1|Register1x8:inst32|RFC:inst12|inst4                                            ; |BaiTap|Datapath2:inst1|Register1x8:inst32|RFC:inst12|inst4                                            ; out0             ;
; |BaiTap|Datapath2:inst1|Register1x8:inst32|RFC:inst12|inst3                                            ; |BaiTap|Datapath2:inst1|Register1x8:inst32|RFC:inst12|inst3                                            ; out0             ;
; |BaiTap|Datapath2:inst1|Register1x8:inst32|RFC:inst12|inst2                                            ; |BaiTap|Datapath2:inst1|Register1x8:inst32|RFC:inst12|inst2                                            ; out0             ;
; |BaiTap|Datapath2:inst1|Register1x8:inst32|RFC:inst8|inst1                                             ; |BaiTap|Datapath2:inst1|Register1x8:inst32|RFC:inst8|inst1                                             ; out              ;
; |BaiTap|Datapath2:inst1|Register1x8:inst32|RFC:inst8|inst                                              ; |BaiTap|Datapath2:inst1|Register1x8:inst32|RFC:inst8|inst                                              ; regout           ;
; |BaiTap|Datapath2:inst1|Register1x8:inst32|RFC:inst8|inst4                                             ; |BaiTap|Datapath2:inst1|Register1x8:inst32|RFC:inst8|inst4                                             ; out0             ;
; |BaiTap|Datapath2:inst1|Register1x8:inst32|RFC:inst8|inst3                                             ; |BaiTap|Datapath2:inst1|Register1x8:inst32|RFC:inst8|inst3                                             ; out0             ;
; |BaiTap|Datapath2:inst1|Register1x8:inst32|RFC:inst8|inst2                                             ; |BaiTap|Datapath2:inst1|Register1x8:inst32|RFC:inst8|inst2                                             ; out0             ;
; |BaiTap|Control2:inst|inst5[14]                                                                        ; |BaiTap|Control2:inst|inst5[14]                                                                        ; out0             ;
; |BaiTap|Control2:inst|inst5[13]                                                                        ; |BaiTap|Control2:inst|inst5[13]                                                                        ; out0             ;
; |BaiTap|Control2:inst|inst5[12]                                                                        ; |BaiTap|Control2:inst|inst5[12]                                                                        ; out0             ;
; |BaiTap|Control2:inst|inst5[11]                                                                        ; |BaiTap|Control2:inst|inst5[11]                                                                        ; out0             ;
; |BaiTap|Control2:inst|inst5[10]                                                                        ; |BaiTap|Control2:inst|inst5[10]                                                                        ; out0             ;
; |BaiTap|Control2:inst|inst5[9]                                                                         ; |BaiTap|Control2:inst|inst5[9]                                                                         ; out0             ;
; |BaiTap|Control2:inst|inst5[8]                                                                         ; |BaiTap|Control2:inst|inst5[8]                                                                         ; out0             ;
; |BaiTap|Control2:inst|inst5[7]                                                                         ; |BaiTap|Control2:inst|inst5[7]                                                                         ; out0             ;
; |BaiTap|Control2:inst|inst5[6]                                                                         ; |BaiTap|Control2:inst|inst5[6]                                                                         ; out0             ;
; |BaiTap|Control2:inst|inst5[5]                                                                         ; |BaiTap|Control2:inst|inst5[5]                                                                         ; out0             ;
; |BaiTap|Control2:inst|inst5[4]                                                                         ; |BaiTap|Control2:inst|inst5[4]                                                                         ; out0             ;
; |BaiTap|Control2:inst|inst5[3]                                                                         ; |BaiTap|Control2:inst|inst5[3]                                                                         ; out0             ;
; |BaiTap|Control2:inst|inst5[2]                                                                         ; |BaiTap|Control2:inst|inst5[2]                                                                         ; out0             ;
; |BaiTap|Control2:inst|inst5[1]                                                                         ; |BaiTap|Control2:inst|inst5[1]                                                                         ; out0             ;
; |BaiTap|Control2:inst|inst5[0]                                                                         ; |BaiTap|Control2:inst|inst5[0]                                                                         ; out0             ;
; |BaiTap|Control2:inst|inst11                                                                           ; |BaiTap|Control2:inst|inst11                                                                           ; out0             ;
; |BaiTap|Control2:inst|inst9                                                                            ; |BaiTap|Control2:inst|inst9                                                                            ; out0             ;
; |BaiTap|Control2:inst|NextState:inst|inst15                                                            ; |BaiTap|Control2:inst|NextState:inst|inst15                                                            ; out0             ;
; |BaiTap|Control2:inst|NextState:inst|inst13                                                            ; |BaiTap|Control2:inst|NextState:inst|inst13                                                            ; out0             ;
; |BaiTap|Control2:inst|NextState:inst|inst14                                                            ; |BaiTap|Control2:inst|NextState:inst|inst14                                                            ; out0             ;
; |BaiTap|Control2:inst|NextState:inst|inst7                                                             ; |BaiTap|Control2:inst|NextState:inst|inst7                                                             ; out0             ;
; |BaiTap|Control2:inst|NextState:inst|inst2                                                             ; |BaiTap|Control2:inst|NextState:inst|inst2                                                             ; out0             ;
; |BaiTap|Control2:inst|NextState:inst|inst5                                                             ; |BaiTap|Control2:inst|NextState:inst|inst5                                                             ; out0             ;
; |BaiTap|Control2:inst|NextState:inst|inst1                                                             ; |BaiTap|Control2:inst|NextState:inst|inst1                                                             ; out0             ;
; |BaiTap|Control2:inst|NextState:inst|inst17                                                            ; |BaiTap|Control2:inst|NextState:inst|inst17                                                            ; out0             ;
; |BaiTap|Control2:inst|NextState:inst|inst10                                                            ; |BaiTap|Control2:inst|NextState:inst|inst10                                                            ; out0             ;
; |BaiTap|Control2:inst|NextState:inst|inst3                                                             ; |BaiTap|Control2:inst|NextState:inst|inst3                                                             ; out0             ;
; |BaiTap|Control2:inst|NextState:inst|inst12                                                            ; |BaiTap|Control2:inst|NextState:inst|inst12                                                            ; out0             ;
; |BaiTap|Control2:inst|NextState:inst|inst4                                                             ; |BaiTap|Control2:inst|NextState:inst|inst4                                                             ; out0             ;
; |BaiTap|Control2:inst|NextState:inst|inst11                                                            ; |BaiTap|Control2:inst|NextState:inst|inst11                                                            ; out0             ;
; |BaiTap|Control2:inst|CurrentState:inst2|inst3                                                         ; |BaiTap|Control2:inst|CurrentState:inst2|inst3                                                         ; regout           ;
; |BaiTap|Control2:inst|CurrentState:inst2|inst                                                          ; |BaiTap|Control2:inst|CurrentState:inst2|inst                                                          ; regout           ;
; |BaiTap|Control2:inst|CurrentState:inst2|inst1                                                         ; |BaiTap|Control2:inst|CurrentState:inst2|inst1                                                         ; regout           ;
; |BaiTap|Control2:inst|CurrentState:inst2|inst2                                                         ; |BaiTap|Control2:inst|CurrentState:inst2|inst2                                                         ; regout           ;
; |BaiTap|Control2:inst|OutputBlock2:inst1|inst38                                                        ; |BaiTap|Control2:inst|OutputBlock2:inst1|inst38                                                        ; out0             ;
; |BaiTap|Control2:inst|OutputBlock2:inst1|inst37                                                        ; |BaiTap|Control2:inst|OutputBlock2:inst1|inst37                                                        ; out0             ;
; |BaiTap|Control2:inst|OutputBlock2:inst1|inst21                                                        ; |BaiTap|Control2:inst|OutputBlock2:inst1|inst21                                                        ; out0             ;
; |BaiTap|Control2:inst|OutputBlock2:inst1|inst24                                                        ; |BaiTap|Control2:inst|OutputBlock2:inst1|inst24                                                        ; out0             ;
; |BaiTap|Control2:inst|OutputBlock2:inst1|inst57                                                        ; |BaiTap|Control2:inst|OutputBlock2:inst1|inst57                                                        ; out0             ;
; |BaiTap|Control2:inst|OutputBlock2:inst1|inst36                                                        ; |BaiTap|Control2:inst|OutputBlock2:inst1|inst36                                                        ; out0             ;
; |BaiTap|Control2:inst|OutputBlock2:inst1|inst29                                                        ; |BaiTap|Control2:inst|OutputBlock2:inst1|inst29                                                        ; out0             ;
; |BaiTap|Control2:inst|OutputBlock2:inst1|inst51                                                        ; |BaiTap|Control2:inst|OutputBlock2:inst1|inst51                                                        ; out0             ;
; |BaiTap|Control2:inst|OutputBlock2:inst1|inst50                                                        ; |BaiTap|Control2:inst|OutputBlock2:inst1|inst50                                                        ; out0             ;
; |BaiTap|Control2:inst|OutputBlock2:inst1|inst49                                                        ; |BaiTap|Control2:inst|OutputBlock2:inst1|inst49                                                        ; out0             ;
; |BaiTap|Control2:inst|OutputBlock2:inst1|inst48                                                        ; |BaiTap|Control2:inst|OutputBlock2:inst1|inst48                                                        ; out0             ;
; |BaiTap|Control2:inst|OutputBlock2:inst1|inst47                                                        ; |BaiTap|Control2:inst|OutputBlock2:inst1|inst47                                                        ; out0             ;
; |BaiTap|Control2:inst|OutputBlock2:inst1|inst68                                                        ; |BaiTap|Control2:inst|OutputBlock2:inst1|inst68                                                        ; out0             ;
; |BaiTap|Control2:inst|OutputBlock2:inst1|inst22                                                        ; |BaiTap|Control2:inst|OutputBlock2:inst1|inst22                                                        ; out0             ;
; |BaiTap|Control2:inst|OutputBlock2:inst1|inst70                                                        ; |BaiTap|Control2:inst|OutputBlock2:inst1|inst70                                                        ; out0             ;
; |BaiTap|Control2:inst|OutputBlock2:inst1|inst69                                                        ; |BaiTap|Control2:inst|OutputBlock2:inst1|inst69                                                        ; out0             ;
; |BaiTap|Control2:inst|OutputBlock2:inst1|inst30                                                        ; |BaiTap|Control2:inst|OutputBlock2:inst1|inst30                                                        ; out0             ;
; |BaiTap|Control2:inst|OutputBlock2:inst1|inst31                                                        ; |BaiTap|Control2:inst|OutputBlock2:inst1|inst31                                                        ; out0             ;
; |BaiTap|Control2:inst|OutputBlock2:inst1|inst72                                                        ; |BaiTap|Control2:inst|OutputBlock2:inst1|inst72                                                        ; out0             ;
; |BaiTap|Control2:inst|OutputBlock2:inst1|inst23                                                        ; |BaiTap|Control2:inst|OutputBlock2:inst1|inst23                                                        ; out0             ;
; |BaiTap|Control2:inst|OutputBlock2:inst1|inst71                                                        ; |BaiTap|Control2:inst|OutputBlock2:inst1|inst71                                                        ; out0             ;
; |BaiTap|Control2:inst|OutputBlock2:inst1|inst80                                                        ; |BaiTap|Control2:inst|OutputBlock2:inst1|inst80                                                        ; out0             ;
; |BaiTap|Control2:inst|OutputBlock2:inst1|inst79                                                        ; |BaiTap|Control2:inst|OutputBlock2:inst1|inst79                                                        ; out0             ;
; |BaiTap|Control2:inst|OutputBlock2:inst1|inst27                                                        ; |BaiTap|Control2:inst|OutputBlock2:inst1|inst27                                                        ; out0             ;
; |BaiTap|Control2:inst|OutputBlock2:inst1|inst78                                                        ; |BaiTap|Control2:inst|OutputBlock2:inst1|inst78                                                        ; out0             ;
; |BaiTap|Control2:inst|OutputBlock2:inst1|inst84                                                        ; |BaiTap|Control2:inst|OutputBlock2:inst1|inst84                                                        ; out0             ;
; |BaiTap|Control2:inst|OutputBlock2:inst1|inst85                                                        ; |BaiTap|Control2:inst|OutputBlock2:inst1|inst85                                                        ; out0             ;
; |BaiTap|Control2:inst|OutputBlock2:inst1|inst130                                                       ; |BaiTap|Control2:inst|OutputBlock2:inst1|inst130                                                       ; out0             ;
; |BaiTap|Control2:inst|OutputBlock2:inst1|inst129                                                       ; |BaiTap|Control2:inst|OutputBlock2:inst1|inst129                                                       ; out0             ;
; |BaiTap|Control2:inst|OutputBlock2:inst1|inst28                                                        ; |BaiTap|Control2:inst|OutputBlock2:inst1|inst28                                                        ; out0             ;
; |BaiTap|Control2:inst|OutputBlock2:inst1|inst128                                                       ; |BaiTap|Control2:inst|OutputBlock2:inst1|inst128                                                       ; out0             ;
; |BaiTap|Control2:inst|OutputBlock2:inst1|inst137                                                       ; |BaiTap|Control2:inst|OutputBlock2:inst1|inst137                                                       ; out0             ;
; |BaiTap|Control2:inst|OutputBlock2:inst1|inst136                                                       ; |BaiTap|Control2:inst|OutputBlock2:inst1|inst136                                                       ; out0             ;
; |BaiTap|Control2:inst|OutputBlock2:inst1|inst151                                                       ; |BaiTap|Control2:inst|OutputBlock2:inst1|inst151                                                       ; out0             ;
; |BaiTap|Control2:inst|OutputBlock2:inst1|inst150                                                       ; |BaiTap|Control2:inst|OutputBlock2:inst1|inst150                                                       ; out0             ;
; |BaiTap|Control2:inst|OutputBlock2:inst1|inst149                                                       ; |BaiTap|Control2:inst|OutputBlock2:inst1|inst149                                                       ; out0             ;
; |BaiTap|Control2:inst|OutputBlock2:inst1|inst20                                                        ; |BaiTap|Control2:inst|OutputBlock2:inst1|inst20                                                        ; out0             ;
; |BaiTap|Control2:inst|OutputBlock2:inst1|inst156                                                       ; |BaiTap|Control2:inst|OutputBlock2:inst1|inst156                                                       ; out0             ;
; |BaiTap|Control2:inst|OutputBlock2:inst1|inst155                                                       ; |BaiTap|Control2:inst|OutputBlock2:inst1|inst155                                                       ; out0             ;
; |BaiTap|Control2:inst|OutputBlock2:inst1|inst157                                                       ; |BaiTap|Control2:inst|OutputBlock2:inst1|inst157                                                       ; out0             ;
; |BaiTap|Control2:inst|OutputBlock2:inst1|inst92                                                        ; |BaiTap|Control2:inst|OutputBlock2:inst1|inst92                                                        ; out0             ;
; |BaiTap|Control2:inst|OutputBlock2:inst1|inst91                                                        ; |BaiTap|Control2:inst|OutputBlock2:inst1|inst91                                                        ; out0             ;
; |BaiTap|Control2:inst|OutputBlock2:inst1|inst90                                                        ; |BaiTap|Control2:inst|OutputBlock2:inst1|inst90                                                        ; out0             ;
; |BaiTap|Control2:inst|OutputBlock2:inst1|inst89                                                        ; |BaiTap|Control2:inst|OutputBlock2:inst1|inst89                                                        ; out0             ;
; |BaiTap|Control2:inst|OutputBlock2:inst1|inst113                                                       ; |BaiTap|Control2:inst|OutputBlock2:inst1|inst113                                                       ; out0             ;
; |BaiTap|Control2:inst|OutputBlock2:inst1|inst112                                                       ; |BaiTap|Control2:inst|OutputBlock2:inst1|inst112                                                       ; out0             ;
; |BaiTap|Control2:inst|OutputBlock2:inst1|inst111                                                       ; |BaiTap|Control2:inst|OutputBlock2:inst1|inst111                                                       ; out0             ;
; |BaiTap|Control2:inst|OutputBlock2:inst1|inst116                                                       ; |BaiTap|Control2:inst|OutputBlock2:inst1|inst116                                                       ; out0             ;
; |BaiTap|Control2:inst|OutputBlock2:inst1|inst115                                                       ; |BaiTap|Control2:inst|OutputBlock2:inst1|inst115                                                       ; out0             ;
; |BaiTap|Control2:inst|OutputBlock2:inst1|inst114                                                       ; |BaiTap|Control2:inst|OutputBlock2:inst1|inst114                                                       ; out0             ;
; |BaiTap|Control2:inst|OutputBlock2:inst1|inst73                                                        ; |BaiTap|Control2:inst|OutputBlock2:inst1|inst73                                                        ; out0             ;
+--------------------------------------------------------------------------------------------------------+--------------------------------------------------------------------------------------------------------+------------------+


The following table displays output ports that do not toggle to 1 during simulation.
+------------------------------------------------------------------------------------------------------------------------------------------------------------------------------------------------------------------------------------+
; Missing 1-Value Coverage                                                                                                                                                                                                           ;
+--------------------------------------------------------------------------------------------------------+--------------------------------------------------------------------------------------------------------+------------------+
; Node Name                                                                                              ; Output Port Name                                                                                       ; Output Port Type ;
+--------------------------------------------------------------------------------------------------------+--------------------------------------------------------------------------------------------------------+------------------+
; |BaiTap|CLR                                                                                            ; |BaiTap|CLR                                                                                            ; out              ;
; |BaiTap|Y[7]                                                                                           ; |BaiTap|Y[7]                                                                                           ; pin_out          ;
; |BaiTap|Y[6]                                                                                           ; |BaiTap|Y[6]                                                                                           ; pin_out          ;
; |BaiTap|Y[5]                                                                                           ; |BaiTap|Y[5]                                                                                           ; pin_out          ;
; |BaiTap|In1[1]                                                                                         ; |BaiTap|In1[1]                                                                                         ; out              ;
; |BaiTap|In1[0]                                                                                         ; |BaiTap|In1[0]                                                                                         ; out              ;
; |BaiTap|In2[3]                                                                                         ; |BaiTap|In2[3]                                                                                         ; out              ;
; |BaiTap|In2[0]                                                                                         ; |BaiTap|In2[0]                                                                                         ; out              ;
; |BaiTap|Datapath2:inst1|inst21[7]                                                                      ; |BaiTap|Datapath2:inst1|inst21[7]                                                                      ; out              ;
; |BaiTap|Datapath2:inst1|inst21[6]                                                                      ; |BaiTap|Datapath2:inst1|inst21[6]                                                                      ; out              ;
; |BaiTap|Datapath2:inst1|inst21[5]                                                                      ; |BaiTap|Datapath2:inst1|inst21[5]                                                                      ; out              ;
; |BaiTap|Datapath2:inst1|I~0                                                                            ; |BaiTap|Datapath2:inst1|I~0                                                                            ; out0             ;
; |BaiTap|Datapath2:inst1|I~1                                                                            ; |BaiTap|Datapath2:inst1|I~1                                                                            ; out0             ;
; |BaiTap|Datapath2:inst1|I~2                                                                            ; |BaiTap|Datapath2:inst1|I~2                                                                            ; out0             ;
; |BaiTap|Datapath2:inst1|inst17[7]                                                                      ; |BaiTap|Datapath2:inst1|inst17[7]                                                                      ; out              ;
; |BaiTap|Datapath2:inst1|inst17[6]                                                                      ; |BaiTap|Datapath2:inst1|inst17[6]                                                                      ; out              ;
; |BaiTap|Datapath2:inst1|inst17[5]                                                                      ; |BaiTap|Datapath2:inst1|inst17[5]                                                                      ; out              ;
; |BaiTap|Datapath2:inst1|I~15                                                                           ; |BaiTap|Datapath2:inst1|I~15                                                                           ; out0             ;
; |BaiTap|Datapath2:inst1|inst10[1]                                                                      ; |BaiTap|Datapath2:inst1|inst10[1]                                                                      ; out              ;
; |BaiTap|Datapath2:inst1|inst10[0]                                                                      ; |BaiTap|Datapath2:inst1|inst10[0]                                                                      ; out              ;
; |BaiTap|Datapath2:inst1|inst11[0]                                                                      ; |BaiTap|Datapath2:inst1|inst11[0]                                                                      ; out              ;
; |BaiTap|Datapath2:inst1|B~7                                                                            ; |BaiTap|Datapath2:inst1|B~7                                                                            ; out0             ;
; |BaiTap|Datapath2:inst1|inst9[3]                                                                       ; |BaiTap|Datapath2:inst1|inst9[3]                                                                       ; out              ;
; |BaiTap|Datapath2:inst1|inst9[0]                                                                       ; |BaiTap|Datapath2:inst1|inst9[0]                                                                       ; out              ;
; |BaiTap|Datapath2:inst1|I~23                                                                           ; |BaiTap|Datapath2:inst1|I~23                                                                           ; out0             ;
; |BaiTap|Datapath2:inst1|inst12[0]                                                                      ; |BaiTap|Datapath2:inst1|inst12[0]                                                                      ; out              ;
; |BaiTap|Datapath2:inst1|inst13[3]                                                                      ; |BaiTap|Datapath2:inst1|inst13[3]                                                                      ; out              ;
; |BaiTap|Datapath2:inst1|inst13[0]                                                                      ; |BaiTap|Datapath2:inst1|inst13[0]                                                                      ; out              ;
; |BaiTap|Datapath2:inst1|inst8[1]                                                                       ; |BaiTap|Datapath2:inst1|inst8[1]                                                                       ; out              ;
; |BaiTap|Datapath2:inst1|inst8[0]                                                                       ; |BaiTap|Datapath2:inst1|inst8[0]                                                                       ; out              ;
; |BaiTap|Datapath2:inst1|inst18[7]                                                                      ; |BaiTap|Datapath2:inst1|inst18[7]                                                                      ; out              ;
; |BaiTap|Datapath2:inst1|inst18[6]                                                                      ; |BaiTap|Datapath2:inst1|inst18[6]                                                                      ; out              ;
; |BaiTap|Datapath2:inst1|inst18[5]                                                                      ; |BaiTap|Datapath2:inst1|inst18[5]                                                                      ; out              ;
; |BaiTap|Datapath2:inst1|A~0                                                                            ; |BaiTap|Datapath2:inst1|A~0                                                                            ; out0             ;
; |BaiTap|Datapath2:inst1|A~1                                                                            ; |BaiTap|Datapath2:inst1|A~1                                                                            ; out0             ;
; |BaiTap|Datapath2:inst1|A~2                                                                            ; |BaiTap|Datapath2:inst1|A~2                                                                            ; out0             ;
; |BaiTap|Datapath2:inst1|inst19[7]                                                                      ; |BaiTap|Datapath2:inst1|inst19[7]                                                                      ; out              ;
; |BaiTap|Datapath2:inst1|inst19[6]                                                                      ; |BaiTap|Datapath2:inst1|inst19[6]                                                                      ; out              ;
; |BaiTap|Datapath2:inst1|inst19[5]                                                                      ; |BaiTap|Datapath2:inst1|inst19[5]                                                                      ; out              ;
; |BaiTap|Datapath2:inst1|inst19[2]                                                                      ; |BaiTap|Datapath2:inst1|inst19[2]                                                                      ; out              ;
; |BaiTap|Datapath2:inst1|inst19[1]                                                                      ; |BaiTap|Datapath2:inst1|inst19[1]                                                                      ; out              ;
; |BaiTap|Datapath2:inst1|inst19[0]                                                                      ; |BaiTap|Datapath2:inst1|inst19[0]                                                                      ; out              ;
; |BaiTap|Datapath2:inst1|inst20[7]                                                                      ; |BaiTap|Datapath2:inst1|inst20[7]                                                                      ; out              ;
; |BaiTap|Datapath2:inst1|inst20[6]                                                                      ; |BaiTap|Datapath2:inst1|inst20[6]                                                                      ; out              ;
; |BaiTap|Datapath2:inst1|inst20[5]                                                                      ; |BaiTap|Datapath2:inst1|inst20[5]                                                                      ; out              ;
; |BaiTap|Datapath2:inst1|inst20[4]                                                                      ; |BaiTap|Datapath2:inst1|inst20[4]                                                                      ; out              ;
; |BaiTap|Datapath2:inst1|inst20[3]                                                                      ; |BaiTap|Datapath2:inst1|inst20[3]                                                                      ; out              ;
; |BaiTap|Datapath2:inst1|Register1x8:inst24|RFC:inst9|inst1                                             ; |BaiTap|Datapath2:inst1|Register1x8:inst24|RFC:inst9|inst1                                             ; out              ;
; |BaiTap|Datapath2:inst1|Register1x8:inst24|RFC:inst9|inst                                              ; |BaiTap|Datapath2:inst1|Register1x8:inst24|RFC:inst9|inst                                              ; regout           ;
; |BaiTap|Datapath2:inst1|Register1x8:inst24|RFC:inst9|inst4                                             ; |BaiTap|Datapath2:inst1|Register1x8:inst24|RFC:inst9|inst4                                             ; out0             ;
; |BaiTap|Datapath2:inst1|Register1x8:inst24|RFC:inst9|inst3                                             ; |BaiTap|Datapath2:inst1|Register1x8:inst24|RFC:inst9|inst3                                             ; out0             ;
; |BaiTap|Datapath2:inst1|Register1x8:inst24|RFC:inst9|inst2                                             ; |BaiTap|Datapath2:inst1|Register1x8:inst24|RFC:inst9|inst2                                             ; out0             ;
; |BaiTap|Datapath2:inst1|Register1x8:inst24|RFC:inst4|inst1                                             ; |BaiTap|Datapath2:inst1|Register1x8:inst24|RFC:inst4|inst1                                             ; out              ;
; |BaiTap|Datapath2:inst1|Register1x8:inst24|RFC:inst4|inst                                              ; |BaiTap|Datapath2:inst1|Register1x8:inst24|RFC:inst4|inst                                              ; regout           ;
; |BaiTap|Datapath2:inst1|Register1x8:inst24|RFC:inst4|inst4                                             ; |BaiTap|Datapath2:inst1|Register1x8:inst24|RFC:inst4|inst4                                             ; out0             ;
; |BaiTap|Datapath2:inst1|Register1x8:inst24|RFC:inst4|inst3                                             ; |BaiTap|Datapath2:inst1|Register1x8:inst24|RFC:inst4|inst3                                             ; out0             ;
; |BaiTap|Datapath2:inst1|Register1x8:inst24|RFC:inst4|inst2                                             ; |BaiTap|Datapath2:inst1|Register1x8:inst24|RFC:inst4|inst2                                             ; out0             ;
; |BaiTap|Datapath2:inst1|Register1x8:inst24|RFC:inst8|inst1                                             ; |BaiTap|Datapath2:inst1|Register1x8:inst24|RFC:inst8|inst1                                             ; out              ;
; |BaiTap|Datapath2:inst1|Register1x8:inst24|RFC:inst8|inst                                              ; |BaiTap|Datapath2:inst1|Register1x8:inst24|RFC:inst8|inst                                              ; regout           ;
; |BaiTap|Datapath2:inst1|Register1x8:inst24|RFC:inst8|inst4                                             ; |BaiTap|Datapath2:inst1|Register1x8:inst24|RFC:inst8|inst4                                             ; out0             ;
; |BaiTap|Datapath2:inst1|Register1x8:inst24|RFC:inst8|inst3                                             ; |BaiTap|Datapath2:inst1|Register1x8:inst24|RFC:inst8|inst3                                             ; out0             ;
; |BaiTap|Datapath2:inst1|Register1x8:inst24|RFC:inst8|inst2                                             ; |BaiTap|Datapath2:inst1|Register1x8:inst24|RFC:inst8|inst2                                             ; out0             ;
; |BaiTap|Datapath2:inst1|Register1x8:inst24|RFC:inst7|inst1                                             ; |BaiTap|Datapath2:inst1|Register1x8:inst24|RFC:inst7|inst1                                             ; out              ;
; |BaiTap|Datapath2:inst1|Register1x8:inst24|RFC:inst7|inst                                              ; |BaiTap|Datapath2:inst1|Register1x8:inst24|RFC:inst7|inst                                              ; regout           ;
; |BaiTap|Datapath2:inst1|Register1x8:inst24|RFC:inst7|inst4                                             ; |BaiTap|Datapath2:inst1|Register1x8:inst24|RFC:inst7|inst4                                             ; out0             ;
; |BaiTap|Datapath2:inst1|Register1x8:inst24|RFC:inst7|inst3                                             ; |BaiTap|Datapath2:inst1|Register1x8:inst24|RFC:inst7|inst3                                             ; out0             ;
; |BaiTap|Datapath2:inst1|Register1x8:inst24|RFC:inst7|inst2                                             ; |BaiTap|Datapath2:inst1|Register1x8:inst24|RFC:inst7|inst2                                             ; out0             ;
; |BaiTap|Datapath2:inst1|Register1x8:inst24|RFC:inst3|inst1                                             ; |BaiTap|Datapath2:inst1|Register1x8:inst24|RFC:inst3|inst1                                             ; out              ;
; |BaiTap|Datapath2:inst1|Register1x8:inst24|RFC:inst3|inst                                              ; |BaiTap|Datapath2:inst1|Register1x8:inst24|RFC:inst3|inst                                              ; regout           ;
; |BaiTap|Datapath2:inst1|Register1x8:inst24|RFC:inst3|inst2                                             ; |BaiTap|Datapath2:inst1|Register1x8:inst24|RFC:inst3|inst2                                             ; out0             ;
; |BaiTap|Datapath2:inst1|Register1x8:inst25|RFC:inst10|inst1                                            ; |BaiTap|Datapath2:inst1|Register1x8:inst25|RFC:inst10|inst1                                            ; out              ;
; |BaiTap|Datapath2:inst1|Register1x8:inst25|RFC:inst10|inst                                             ; |BaiTap|Datapath2:inst1|Register1x8:inst25|RFC:inst10|inst                                             ; regout           ;
; |BaiTap|Datapath2:inst1|Register1x8:inst25|RFC:inst10|inst2                                            ; |BaiTap|Datapath2:inst1|Register1x8:inst25|RFC:inst10|inst2                                            ; out0             ;
; |BaiTap|Datapath2:inst1|Register1x8:inst25|RFC:inst11|inst1                                            ; |BaiTap|Datapath2:inst1|Register1x8:inst25|RFC:inst11|inst1                                            ; out              ;
; |BaiTap|Datapath2:inst1|Register1x8:inst25|RFC:inst11|inst                                             ; |BaiTap|Datapath2:inst1|Register1x8:inst25|RFC:inst11|inst                                             ; regout           ;
; |BaiTap|Datapath2:inst1|Register1x8:inst25|RFC:inst11|inst4                                            ; |BaiTap|Datapath2:inst1|Register1x8:inst25|RFC:inst11|inst4                                            ; out0             ;
; |BaiTap|Datapath2:inst1|Register1x8:inst25|RFC:inst11|inst3                                            ; |BaiTap|Datapath2:inst1|Register1x8:inst25|RFC:inst11|inst3                                            ; out0             ;
; |BaiTap|Datapath2:inst1|Register1x8:inst25|RFC:inst11|inst2                                            ; |BaiTap|Datapath2:inst1|Register1x8:inst25|RFC:inst11|inst2                                            ; out0             ;
; |BaiTap|Datapath2:inst1|Register1x8:inst25|RFC:inst4|inst1                                             ; |BaiTap|Datapath2:inst1|Register1x8:inst25|RFC:inst4|inst1                                             ; out              ;
; |BaiTap|Datapath2:inst1|Register1x8:inst25|RFC:inst4|inst                                              ; |BaiTap|Datapath2:inst1|Register1x8:inst25|RFC:inst4|inst                                              ; regout           ;
; |BaiTap|Datapath2:inst1|Register1x8:inst25|RFC:inst4|inst4                                             ; |BaiTap|Datapath2:inst1|Register1x8:inst25|RFC:inst4|inst4                                             ; out0             ;
; |BaiTap|Datapath2:inst1|Register1x8:inst25|RFC:inst4|inst3                                             ; |BaiTap|Datapath2:inst1|Register1x8:inst25|RFC:inst4|inst3                                             ; out0             ;
; |BaiTap|Datapath2:inst1|Register1x8:inst25|RFC:inst4|inst2                                             ; |BaiTap|Datapath2:inst1|Register1x8:inst25|RFC:inst4|inst2                                             ; out0             ;
; |BaiTap|Datapath2:inst1|Register1x8:inst25|RFC:inst12|inst1                                            ; |BaiTap|Datapath2:inst1|Register1x8:inst25|RFC:inst12|inst1                                            ; out              ;
; |BaiTap|Datapath2:inst1|Register1x8:inst25|RFC:inst12|inst                                             ; |BaiTap|Datapath2:inst1|Register1x8:inst25|RFC:inst12|inst                                             ; regout           ;
; |BaiTap|Datapath2:inst1|Register1x8:inst25|RFC:inst12|inst4                                            ; |BaiTap|Datapath2:inst1|Register1x8:inst25|RFC:inst12|inst4                                            ; out0             ;
; |BaiTap|Datapath2:inst1|Register1x8:inst25|RFC:inst12|inst3                                            ; |BaiTap|Datapath2:inst1|Register1x8:inst25|RFC:inst12|inst3                                            ; out0             ;
; |BaiTap|Datapath2:inst1|Register1x8:inst25|RFC:inst12|inst2                                            ; |BaiTap|Datapath2:inst1|Register1x8:inst25|RFC:inst12|inst2                                            ; out0             ;
; |BaiTap|Datapath2:inst1|Register1x8:inst25|RFC:inst7|inst1                                             ; |BaiTap|Datapath2:inst1|Register1x8:inst25|RFC:inst7|inst1                                             ; out              ;
; |BaiTap|Datapath2:inst1|Register1x8:inst25|RFC:inst7|inst                                              ; |BaiTap|Datapath2:inst1|Register1x8:inst25|RFC:inst7|inst                                              ; regout           ;
; |BaiTap|Datapath2:inst1|Register1x8:inst25|RFC:inst7|inst4                                             ; |BaiTap|Datapath2:inst1|Register1x8:inst25|RFC:inst7|inst4                                             ; out0             ;
; |BaiTap|Datapath2:inst1|Register1x8:inst25|RFC:inst7|inst3                                             ; |BaiTap|Datapath2:inst1|Register1x8:inst25|RFC:inst7|inst3                                             ; out0             ;
; |BaiTap|Datapath2:inst1|Register1x8:inst25|RFC:inst7|inst2                                             ; |BaiTap|Datapath2:inst1|Register1x8:inst25|RFC:inst7|inst2                                             ; out0             ;
; |BaiTap|Datapath2:inst1|Register1x8:inst25|RFC:inst3|inst1                                             ; |BaiTap|Datapath2:inst1|Register1x8:inst25|RFC:inst3|inst1                                             ; out              ;
; |BaiTap|Datapath2:inst1|Register1x8:inst25|RFC:inst3|inst                                              ; |BaiTap|Datapath2:inst1|Register1x8:inst25|RFC:inst3|inst                                              ; regout           ;
; |BaiTap|Datapath2:inst1|Register1x8:inst25|RFC:inst3|inst4                                             ; |BaiTap|Datapath2:inst1|Register1x8:inst25|RFC:inst3|inst4                                             ; out0             ;
; |BaiTap|Datapath2:inst1|Register1x8:inst25|RFC:inst3|inst3                                             ; |BaiTap|Datapath2:inst1|Register1x8:inst25|RFC:inst3|inst3                                             ; out0             ;
; |BaiTap|Datapath2:inst1|Register1x8:inst25|RFC:inst3|inst2                                             ; |BaiTap|Datapath2:inst1|Register1x8:inst25|RFC:inst3|inst2                                             ; out0             ;
; |BaiTap|Datapath2:inst1|AU2:inst1|inst4[7]                                                             ; |BaiTap|Datapath2:inst1|AU2:inst1|inst4[7]                                                             ; regout           ;
; |BaiTap|Datapath2:inst1|AU2:inst1|inst4[6]                                                             ; |BaiTap|Datapath2:inst1|AU2:inst1|inst4[6]                                                             ; regout           ;
; |BaiTap|Datapath2:inst1|AU2:inst1|inst4[5]                                                             ; |BaiTap|Datapath2:inst1|AU2:inst1|inst4[5]                                                             ; regout           ;
; |BaiTap|Datapath2:inst1|AU2:inst1|inst5[7]                                                             ; |BaiTap|Datapath2:inst1|AU2:inst1|inst5[7]                                                             ; regout           ;
; |BaiTap|Datapath2:inst1|AU2:inst1|inst5[6]                                                             ; |BaiTap|Datapath2:inst1|AU2:inst1|inst5[6]                                                             ; regout           ;
; |BaiTap|Datapath2:inst1|AU2:inst1|inst5[5]                                                             ; |BaiTap|Datapath2:inst1|AU2:inst1|inst5[5]                                                             ; regout           ;
; |BaiTap|Datapath2:inst1|AU2:inst1|Sum8Bit:inst|Sum:inst2|inst5                                         ; |BaiTap|Datapath2:inst1|AU2:inst1|Sum8Bit:inst|Sum:inst2|inst5                                         ; out0             ;
; |BaiTap|Datapath2:inst1|AU2:inst1|Sum8Bit:inst|Sum:inst2|inst3                                         ; |BaiTap|Datapath2:inst1|AU2:inst1|Sum8Bit:inst|Sum:inst2|inst3                                         ; out0             ;
; |BaiTap|Datapath2:inst1|AU2:inst1|Sum8Bit:inst|Sum:inst1|inst5                                         ; |BaiTap|Datapath2:inst1|AU2:inst1|Sum8Bit:inst|Sum:inst1|inst5                                         ; out0             ;
; |BaiTap|Datapath2:inst1|AU2:inst1|Sum8Bit:inst|Sum:inst1|inst3                                         ; |BaiTap|Datapath2:inst1|AU2:inst1|Sum8Bit:inst|Sum:inst1|inst3                                         ; out0             ;
; |BaiTap|Datapath2:inst1|AU2:inst1|busmux:inst3|lpm_mux:$00000|mux_smc:auto_generated|result_node[7]~0  ; |BaiTap|Datapath2:inst1|AU2:inst1|busmux:inst3|lpm_mux:$00000|mux_smc:auto_generated|result_node[7]~0  ; out0             ;
; |BaiTap|Datapath2:inst1|AU2:inst1|busmux:inst3|lpm_mux:$00000|mux_smc:auto_generated|result_node[7]~1  ; |BaiTap|Datapath2:inst1|AU2:inst1|busmux:inst3|lpm_mux:$00000|mux_smc:auto_generated|result_node[7]~1  ; out0             ;
; |BaiTap|Datapath2:inst1|AU2:inst1|busmux:inst3|lpm_mux:$00000|mux_smc:auto_generated|result_node[7]    ; |BaiTap|Datapath2:inst1|AU2:inst1|busmux:inst3|lpm_mux:$00000|mux_smc:auto_generated|result_node[7]    ; out0             ;
; |BaiTap|Datapath2:inst1|AU2:inst1|busmux:inst3|lpm_mux:$00000|mux_smc:auto_generated|result_node[6]~2  ; |BaiTap|Datapath2:inst1|AU2:inst1|busmux:inst3|lpm_mux:$00000|mux_smc:auto_generated|result_node[6]~2  ; out0             ;
; |BaiTap|Datapath2:inst1|AU2:inst1|busmux:inst3|lpm_mux:$00000|mux_smc:auto_generated|result_node[6]~3  ; |BaiTap|Datapath2:inst1|AU2:inst1|busmux:inst3|lpm_mux:$00000|mux_smc:auto_generated|result_node[6]~3  ; out0             ;
; |BaiTap|Datapath2:inst1|AU2:inst1|busmux:inst3|lpm_mux:$00000|mux_smc:auto_generated|result_node[6]    ; |BaiTap|Datapath2:inst1|AU2:inst1|busmux:inst3|lpm_mux:$00000|mux_smc:auto_generated|result_node[6]    ; out0             ;
; |BaiTap|Datapath2:inst1|AU2:inst1|busmux:inst3|lpm_mux:$00000|mux_smc:auto_generated|result_node[5]~4  ; |BaiTap|Datapath2:inst1|AU2:inst1|busmux:inst3|lpm_mux:$00000|mux_smc:auto_generated|result_node[5]~4  ; out0             ;
; |BaiTap|Datapath2:inst1|AU2:inst1|busmux:inst3|lpm_mux:$00000|mux_smc:auto_generated|result_node[5]~5  ; |BaiTap|Datapath2:inst1|AU2:inst1|busmux:inst3|lpm_mux:$00000|mux_smc:auto_generated|result_node[5]~5  ; out0             ;
; |BaiTap|Datapath2:inst1|AU2:inst1|busmux:inst3|lpm_mux:$00000|mux_smc:auto_generated|result_node[5]    ; |BaiTap|Datapath2:inst1|AU2:inst1|busmux:inst3|lpm_mux:$00000|mux_smc:auto_generated|result_node[5]    ; out0             ;
; |BaiTap|Datapath2:inst1|AU2:inst1|busmux:inst3|lpm_mux:$00000|mux_smc:auto_generated|result_node[0]~14 ; |BaiTap|Datapath2:inst1|AU2:inst1|busmux:inst3|lpm_mux:$00000|mux_smc:auto_generated|result_node[0]~14 ; out0             ;
; |BaiTap|Datapath2:inst1|AU2:inst1|busmux:inst2|lpm_mux:$00000|mux_smc:auto_generated|result_node[7]~1  ; |BaiTap|Datapath2:inst1|AU2:inst1|busmux:inst2|lpm_mux:$00000|mux_smc:auto_generated|result_node[7]~1  ; out0             ;
; |BaiTap|Datapath2:inst1|AU2:inst1|busmux:inst2|lpm_mux:$00000|mux_smc:auto_generated|result_node[6]~3  ; |BaiTap|Datapath2:inst1|AU2:inst1|busmux:inst2|lpm_mux:$00000|mux_smc:auto_generated|result_node[6]~3  ; out0             ;
; |BaiTap|Datapath2:inst1|AU2:inst1|busmux:inst2|lpm_mux:$00000|mux_smc:auto_generated|result_node[5]~5  ; |BaiTap|Datapath2:inst1|AU2:inst1|busmux:inst2|lpm_mux:$00000|mux_smc:auto_generated|result_node[5]~5  ; out0             ;
; |BaiTap|Datapath2:inst1|AU2:inst1|busmux:inst2|lpm_mux:$00000|mux_smc:auto_generated|result_node[0]~15 ; |BaiTap|Datapath2:inst1|AU2:inst1|busmux:inst2|lpm_mux:$00000|mux_smc:auto_generated|result_node[0]~15 ; out0             ;
; |BaiTap|Datapath2:inst1|Register1x8:inst30|RFC:inst9|inst1                                             ; |BaiTap|Datapath2:inst1|Register1x8:inst30|RFC:inst9|inst1                                             ; out              ;
; |BaiTap|Datapath2:inst1|Register1x8:inst30|RFC:inst9|inst                                              ; |BaiTap|Datapath2:inst1|Register1x8:inst30|RFC:inst9|inst                                              ; regout           ;
; |BaiTap|Datapath2:inst1|Register1x8:inst30|RFC:inst9|inst2                                             ; |BaiTap|Datapath2:inst1|Register1x8:inst30|RFC:inst9|inst2                                             ; out0             ;
; |BaiTap|Datapath2:inst1|Register1x8:inst30|RFC:inst12|inst1                                            ; |BaiTap|Datapath2:inst1|Register1x8:inst30|RFC:inst12|inst1                                            ; out              ;
; |BaiTap|Datapath2:inst1|Register1x8:inst30|RFC:inst12|inst                                             ; |BaiTap|Datapath2:inst1|Register1x8:inst30|RFC:inst12|inst                                             ; regout           ;
; |BaiTap|Datapath2:inst1|Register1x8:inst30|RFC:inst12|inst4                                            ; |BaiTap|Datapath2:inst1|Register1x8:inst30|RFC:inst12|inst4                                            ; out0             ;
; |BaiTap|Datapath2:inst1|Register1x8:inst30|RFC:inst12|inst3                                            ; |BaiTap|Datapath2:inst1|Register1x8:inst30|RFC:inst12|inst3                                            ; out0             ;
; |BaiTap|Datapath2:inst1|Register1x8:inst30|RFC:inst12|inst2                                            ; |BaiTap|Datapath2:inst1|Register1x8:inst30|RFC:inst12|inst2                                            ; out0             ;
; |BaiTap|Datapath2:inst1|Register1x8:inst2|RFC:inst11|inst1                                             ; |BaiTap|Datapath2:inst1|Register1x8:inst2|RFC:inst11|inst1                                             ; out              ;
; |BaiTap|Datapath2:inst1|Register1x8:inst2|RFC:inst11|inst                                              ; |BaiTap|Datapath2:inst1|Register1x8:inst2|RFC:inst11|inst                                              ; regout           ;
; |BaiTap|Datapath2:inst1|Register1x8:inst2|RFC:inst11|inst2                                             ; |BaiTap|Datapath2:inst1|Register1x8:inst2|RFC:inst11|inst2                                             ; out0             ;
; |BaiTap|Datapath2:inst1|Register1x8:inst2|RFC:inst12|inst1                                             ; |BaiTap|Datapath2:inst1|Register1x8:inst2|RFC:inst12|inst1                                             ; out              ;
; |BaiTap|Datapath2:inst1|Register1x8:inst2|RFC:inst12|inst                                              ; |BaiTap|Datapath2:inst1|Register1x8:inst2|RFC:inst12|inst                                              ; regout           ;
; |BaiTap|Datapath2:inst1|Register1x8:inst2|RFC:inst12|inst4                                             ; |BaiTap|Datapath2:inst1|Register1x8:inst2|RFC:inst12|inst4                                             ; out0             ;
; |BaiTap|Datapath2:inst1|Register1x8:inst2|RFC:inst12|inst3                                             ; |BaiTap|Datapath2:inst1|Register1x8:inst2|RFC:inst12|inst3                                             ; out0             ;
; |BaiTap|Datapath2:inst1|Register1x8:inst2|RFC:inst12|inst2                                             ; |BaiTap|Datapath2:inst1|Register1x8:inst2|RFC:inst12|inst2                                             ; out0             ;
; |BaiTap|Datapath2:inst1|AU1:inst|inst4[0]                                                              ; |BaiTap|Datapath2:inst1|AU1:inst|inst4[0]                                                              ; regout           ;
; |BaiTap|Datapath2:inst1|AU1:inst|inst6[7]                                                              ; |BaiTap|Datapath2:inst1|AU1:inst|inst6[7]                                                              ; out0             ;
; |BaiTap|Datapath2:inst1|AU1:inst|inst6[6]                                                              ; |BaiTap|Datapath2:inst1|AU1:inst|inst6[6]                                                              ; out0             ;
; |BaiTap|Datapath2:inst1|AU1:inst|inst6[5]                                                              ; |BaiTap|Datapath2:inst1|AU1:inst|inst6[5]                                                              ; out0             ;
; |BaiTap|Datapath2:inst1|AU1:inst|inst6[4]                                                              ; |BaiTap|Datapath2:inst1|AU1:inst|inst6[4]                                                              ; out0             ;
; |BaiTap|Datapath2:inst1|AU1:inst|inst6[1]                                                              ; |BaiTap|Datapath2:inst1|AU1:inst|inst6[1]                                                              ; out0             ;
; |BaiTap|Datapath2:inst1|AU1:inst|inst6[0]                                                              ; |BaiTap|Datapath2:inst1|AU1:inst|inst6[0]                                                              ; out0             ;
; |BaiTap|Datapath2:inst1|AU1:inst|inst3[0]                                                              ; |BaiTap|Datapath2:inst1|AU1:inst|inst3[0]                                                              ; regout           ;
; |BaiTap|Datapath2:inst1|AU1:inst|inst10[1]                                                             ; |BaiTap|Datapath2:inst1|AU1:inst|inst10[1]                                                             ; regout           ;
; |BaiTap|Datapath2:inst1|AU1:inst|inst10[0]                                                             ; |BaiTap|Datapath2:inst1|AU1:inst|inst10[0]                                                             ; regout           ;
; |BaiTap|Datapath2:inst1|AU1:inst|busmux:inst7|lpm_mux:$00000|mux_smc:auto_generated|result_node[7]~0   ; |BaiTap|Datapath2:inst1|AU1:inst|busmux:inst7|lpm_mux:$00000|mux_smc:auto_generated|result_node[7]~0   ; out0             ;
; |BaiTap|Datapath2:inst1|AU1:inst|busmux:inst7|lpm_mux:$00000|mux_smc:auto_generated|result_node[6]~2   ; |BaiTap|Datapath2:inst1|AU1:inst|busmux:inst7|lpm_mux:$00000|mux_smc:auto_generated|result_node[6]~2   ; out0             ;
; |BaiTap|Datapath2:inst1|AU1:inst|busmux:inst7|lpm_mux:$00000|mux_smc:auto_generated|result_node[5]~4   ; |BaiTap|Datapath2:inst1|AU1:inst|busmux:inst7|lpm_mux:$00000|mux_smc:auto_generated|result_node[5]~4   ; out0             ;
; |BaiTap|Datapath2:inst1|AU1:inst|busmux:inst7|lpm_mux:$00000|mux_smc:auto_generated|result_node[4]~6   ; |BaiTap|Datapath2:inst1|AU1:inst|busmux:inst7|lpm_mux:$00000|mux_smc:auto_generated|result_node[4]~6   ; out0             ;
; |BaiTap|Datapath2:inst1|AU1:inst|busmux:inst7|lpm_mux:$00000|mux_smc:auto_generated|result_node[1]~12  ; |BaiTap|Datapath2:inst1|AU1:inst|busmux:inst7|lpm_mux:$00000|mux_smc:auto_generated|result_node[1]~12  ; out0             ;
; |BaiTap|Datapath2:inst1|AU1:inst|busmux:inst7|lpm_mux:$00000|mux_smc:auto_generated|result_node[0]~14  ; |BaiTap|Datapath2:inst1|AU1:inst|busmux:inst7|lpm_mux:$00000|mux_smc:auto_generated|result_node[0]~14  ; out0             ;
; |BaiTap|Datapath2:inst1|AU1:inst|busmux:inst7|lpm_mux:$00000|mux_smc:auto_generated|result_node[0]~15  ; |BaiTap|Datapath2:inst1|AU1:inst|busmux:inst7|lpm_mux:$00000|mux_smc:auto_generated|result_node[0]~15  ; out0             ;
; |BaiTap|Datapath2:inst1|AU1:inst|busmux:inst7|lpm_mux:$00000|mux_smc:auto_generated|result_node[0]     ; |BaiTap|Datapath2:inst1|AU1:inst|busmux:inst7|lpm_mux:$00000|mux_smc:auto_generated|result_node[0]     ; out0             ;
; |BaiTap|Datapath2:inst1|AU1:inst|Sum8Bit:inst|Sum:inst6|inst                                           ; |BaiTap|Datapath2:inst1|AU1:inst|Sum8Bit:inst|Sum:inst6|inst                                           ; out0             ;
; |BaiTap|Datapath2:inst1|AU1:inst|Sum8Bit:inst|Sum:inst6|inst2                                          ; |BaiTap|Datapath2:inst1|AU1:inst|Sum8Bit:inst|Sum:inst6|inst2                                          ; out0             ;
; |BaiTap|Datapath2:inst1|AU1:inst|Sum8Bit:inst|Sum:inst6|inst3                                          ; |BaiTap|Datapath2:inst1|AU1:inst|Sum8Bit:inst|Sum:inst6|inst3                                          ; out0             ;
; |BaiTap|Datapath2:inst1|AU1:inst|Sum8Bit:inst|Sum:inst7|inst5                                          ; |BaiTap|Datapath2:inst1|AU1:inst|Sum8Bit:inst|Sum:inst7|inst5                                          ; out0             ;
; |BaiTap|Datapath2:inst1|AU1:inst|Sum8Bit:inst|Sum:inst7|inst3                                          ; |BaiTap|Datapath2:inst1|AU1:inst|Sum8Bit:inst|Sum:inst7|inst3                                          ; out0             ;
; |BaiTap|Datapath2:inst1|AU1:inst|Sum8Bit:inst|Sum:inst4|inst5                                          ; |BaiTap|Datapath2:inst1|AU1:inst|Sum8Bit:inst|Sum:inst4|inst5                                          ; out0             ;
; |BaiTap|Datapath2:inst1|AU1:inst|Sum8Bit:inst|Sum:inst4|inst3                                          ; |BaiTap|Datapath2:inst1|AU1:inst|Sum8Bit:inst|Sum:inst4|inst3                                          ; out0             ;
; |BaiTap|Datapath2:inst1|AU1:inst|Sum8Bit:inst|Sum:inst2|inst5                                          ; |BaiTap|Datapath2:inst1|AU1:inst|Sum8Bit:inst|Sum:inst2|inst5                                          ; out0             ;
; |BaiTap|Datapath2:inst1|AU1:inst|Sum8Bit:inst|Sum:inst2|inst3                                          ; |BaiTap|Datapath2:inst1|AU1:inst|Sum8Bit:inst|Sum:inst2|inst3                                          ; out0             ;
; |BaiTap|Datapath2:inst1|AU1:inst|Sum8Bit:inst|Sum:inst1|inst5                                          ; |BaiTap|Datapath2:inst1|AU1:inst|Sum8Bit:inst|Sum:inst1|inst5                                          ; out0             ;
; |BaiTap|Datapath2:inst1|AU1:inst|Sum8Bit:inst|Sum:inst1|inst3                                          ; |BaiTap|Datapath2:inst1|AU1:inst|Sum8Bit:inst|Sum:inst1|inst3                                          ; out0             ;
; |BaiTap|Datapath2:inst1|AU1:inst|busmux:inst8|lpm_mux:$00000|mux_smc:auto_generated|result_node[7]~1   ; |BaiTap|Datapath2:inst1|AU1:inst|busmux:inst8|lpm_mux:$00000|mux_smc:auto_generated|result_node[7]~1   ; out0             ;
; |BaiTap|Datapath2:inst1|AU1:inst|busmux:inst8|lpm_mux:$00000|mux_smc:auto_generated|result_node[6]~3   ; |BaiTap|Datapath2:inst1|AU1:inst|busmux:inst8|lpm_mux:$00000|mux_smc:auto_generated|result_node[6]~3   ; out0             ;
; |BaiTap|Datapath2:inst1|AU1:inst|busmux:inst8|lpm_mux:$00000|mux_smc:auto_generated|result_node[5]~5   ; |BaiTap|Datapath2:inst1|AU1:inst|busmux:inst8|lpm_mux:$00000|mux_smc:auto_generated|result_node[5]~5   ; out0             ;
; |BaiTap|Datapath2:inst1|AU1:inst|busmux:inst8|lpm_mux:$00000|mux_smc:auto_generated|result_node[3]~9   ; |BaiTap|Datapath2:inst1|AU1:inst|busmux:inst8|lpm_mux:$00000|mux_smc:auto_generated|result_node[3]~9   ; out0             ;
; |BaiTap|Datapath2:inst1|AU1:inst|busmux:inst8|lpm_mux:$00000|mux_smc:auto_generated|result_node[0]~14  ; |BaiTap|Datapath2:inst1|AU1:inst|busmux:inst8|lpm_mux:$00000|mux_smc:auto_generated|result_node[0]~14  ; out0             ;
; |BaiTap|Datapath2:inst1|AU1:inst|busmux:inst8|lpm_mux:$00000|mux_smc:auto_generated|result_node[0]~15  ; |BaiTap|Datapath2:inst1|AU1:inst|busmux:inst8|lpm_mux:$00000|mux_smc:auto_generated|result_node[0]~15  ; out0             ;
; |BaiTap|Datapath2:inst1|AU1:inst|busmux:inst8|lpm_mux:$00000|mux_smc:auto_generated|result_node[0]     ; |BaiTap|Datapath2:inst1|AU1:inst|busmux:inst8|lpm_mux:$00000|mux_smc:auto_generated|result_node[0]     ; out0             ;
; |BaiTap|Datapath2:inst1|Register1x8:inst32|RFC:inst4|inst1                                             ; |BaiTap|Datapath2:inst1|Register1x8:inst32|RFC:inst4|inst1                                             ; out              ;
; |BaiTap|Datapath2:inst1|Register1x8:inst32|RFC:inst4|inst                                              ; |BaiTap|Datapath2:inst1|Register1x8:inst32|RFC:inst4|inst                                              ; regout           ;
; |BaiTap|Datapath2:inst1|Register1x8:inst32|RFC:inst4|inst4                                             ; |BaiTap|Datapath2:inst1|Register1x8:inst32|RFC:inst4|inst4                                             ; out0             ;
; |BaiTap|Datapath2:inst1|Register1x8:inst32|RFC:inst4|inst3                                             ; |BaiTap|Datapath2:inst1|Register1x8:inst32|RFC:inst4|inst3                                             ; out0             ;
; |BaiTap|Datapath2:inst1|Register1x8:inst32|RFC:inst4|inst2                                             ; |BaiTap|Datapath2:inst1|Register1x8:inst32|RFC:inst4|inst2                                             ; out0             ;
; |BaiTap|Datapath2:inst1|Register1x8:inst32|RFC:inst7|inst1                                             ; |BaiTap|Datapath2:inst1|Register1x8:inst32|RFC:inst7|inst1                                             ; out              ;
; |BaiTap|Datapath2:inst1|Register1x8:inst32|RFC:inst7|inst                                              ; |BaiTap|Datapath2:inst1|Register1x8:inst32|RFC:inst7|inst                                              ; regout           ;
; |BaiTap|Datapath2:inst1|Register1x8:inst32|RFC:inst7|inst4                                             ; |BaiTap|Datapath2:inst1|Register1x8:inst32|RFC:inst7|inst4                                             ; out0             ;
; |BaiTap|Datapath2:inst1|Register1x8:inst32|RFC:inst7|inst3                                             ; |BaiTap|Datapath2:inst1|Register1x8:inst32|RFC:inst7|inst3                                             ; out0             ;
; |BaiTap|Datapath2:inst1|Register1x8:inst32|RFC:inst7|inst2                                             ; |BaiTap|Datapath2:inst1|Register1x8:inst32|RFC:inst7|inst2                                             ; out0             ;
; |BaiTap|Datapath2:inst1|Register1x8:inst32|RFC:inst3|inst1                                             ; |BaiTap|Datapath2:inst1|Register1x8:inst32|RFC:inst3|inst1                                             ; out              ;
; |BaiTap|Datapath2:inst1|Register1x8:inst32|RFC:inst3|inst                                              ; |BaiTap|Datapath2:inst1|Register1x8:inst32|RFC:inst3|inst                                              ; regout           ;
; |BaiTap|Datapath2:inst1|Register1x8:inst32|RFC:inst3|inst4                                             ; |BaiTap|Datapath2:inst1|Register1x8:inst32|RFC:inst3|inst4                                             ; out0             ;
; |BaiTap|Datapath2:inst1|Register1x8:inst32|RFC:inst3|inst3                                             ; |BaiTap|Datapath2:inst1|Register1x8:inst32|RFC:inst3|inst3                                             ; out0             ;
; |BaiTap|Datapath2:inst1|Register1x8:inst32|RFC:inst3|inst2                                             ; |BaiTap|Datapath2:inst1|Register1x8:inst32|RFC:inst3|inst2                                             ; out0             ;
; |BaiTap|Control2:inst|NextState:inst|inst16                                                            ; |BaiTap|Control2:inst|NextState:inst|inst16                                                            ; out0             ;
+--------------------------------------------------------------------------------------------------------+--------------------------------------------------------------------------------------------------------+------------------+


The following table displays output ports that do not toggle to 0 during simulation.
+------------------------------------------------------------------------------------------------------------------------------------------------------------------------------------------------------------------------------------+
; Missing 0-Value Coverage                                                                                                                                                                                                           ;
+--------------------------------------------------------------------------------------------------------+--------------------------------------------------------------------------------------------------------+------------------+
; Node Name                                                                                              ; Output Port Name                                                                                       ; Output Port Type ;
+--------------------------------------------------------------------------------------------------------+--------------------------------------------------------------------------------------------------------+------------------+
; |BaiTap|In1[1]                                                                                         ; |BaiTap|In1[1]                                                                                         ; out              ;
; |BaiTap|In1[0]                                                                                         ; |BaiTap|In1[0]                                                                                         ; out              ;
; |BaiTap|In2[3]                                                                                         ; |BaiTap|In2[3]                                                                                         ; out              ;
; |BaiTap|In2[0]                                                                                         ; |BaiTap|In2[0]                                                                                         ; out              ;
; |BaiTap|Datapath2:inst1|I~0                                                                            ; |BaiTap|Datapath2:inst1|I~0                                                                            ; out0             ;
; |BaiTap|Datapath2:inst1|I~1                                                                            ; |BaiTap|Datapath2:inst1|I~1                                                                            ; out0             ;
; |BaiTap|Datapath2:inst1|I~2                                                                            ; |BaiTap|Datapath2:inst1|I~2                                                                            ; out0             ;
; |BaiTap|Datapath2:inst1|I~15                                                                           ; |BaiTap|Datapath2:inst1|I~15                                                                           ; out0             ;
; |BaiTap|Datapath2:inst1|B~7                                                                            ; |BaiTap|Datapath2:inst1|B~7                                                                            ; out0             ;
; |BaiTap|Datapath2:inst1|I~23                                                                           ; |BaiTap|Datapath2:inst1|I~23                                                                           ; out0             ;
; |BaiTap|Datapath2:inst1|A~0                                                                            ; |BaiTap|Datapath2:inst1|A~0                                                                            ; out0             ;
; |BaiTap|Datapath2:inst1|A~1                                                                            ; |BaiTap|Datapath2:inst1|A~1                                                                            ; out0             ;
; |BaiTap|Datapath2:inst1|A~2                                                                            ; |BaiTap|Datapath2:inst1|A~2                                                                            ; out0             ;
; |BaiTap|Datapath2:inst1|Register1x8:inst24|RFC:inst9|inst1                                             ; |BaiTap|Datapath2:inst1|Register1x8:inst24|RFC:inst9|inst1                                             ; out              ;
; |BaiTap|Datapath2:inst1|Register1x8:inst24|RFC:inst9|inst                                              ; |BaiTap|Datapath2:inst1|Register1x8:inst24|RFC:inst9|inst                                              ; regout           ;
; |BaiTap|Datapath2:inst1|Register1x8:inst24|RFC:inst9|inst4                                             ; |BaiTap|Datapath2:inst1|Register1x8:inst24|RFC:inst9|inst4                                             ; out0             ;
; |BaiTap|Datapath2:inst1|Register1x8:inst24|RFC:inst9|inst3                                             ; |BaiTap|Datapath2:inst1|Register1x8:inst24|RFC:inst9|inst3                                             ; out0             ;
; |BaiTap|Datapath2:inst1|Register1x8:inst24|RFC:inst9|inst2                                             ; |BaiTap|Datapath2:inst1|Register1x8:inst24|RFC:inst9|inst2                                             ; out0             ;
; |BaiTap|Datapath2:inst1|Register1x8:inst24|RFC:inst4|inst1                                             ; |BaiTap|Datapath2:inst1|Register1x8:inst24|RFC:inst4|inst1                                             ; out              ;
; |BaiTap|Datapath2:inst1|Register1x8:inst24|RFC:inst4|inst                                              ; |BaiTap|Datapath2:inst1|Register1x8:inst24|RFC:inst4|inst                                              ; regout           ;
; |BaiTap|Datapath2:inst1|Register1x8:inst24|RFC:inst4|inst4                                             ; |BaiTap|Datapath2:inst1|Register1x8:inst24|RFC:inst4|inst4                                             ; out0             ;
; |BaiTap|Datapath2:inst1|Register1x8:inst24|RFC:inst4|inst3                                             ; |BaiTap|Datapath2:inst1|Register1x8:inst24|RFC:inst4|inst3                                             ; out0             ;
; |BaiTap|Datapath2:inst1|Register1x8:inst24|RFC:inst4|inst2                                             ; |BaiTap|Datapath2:inst1|Register1x8:inst24|RFC:inst4|inst2                                             ; out0             ;
; |BaiTap|Datapath2:inst1|Register1x8:inst24|RFC:inst8|inst1                                             ; |BaiTap|Datapath2:inst1|Register1x8:inst24|RFC:inst8|inst1                                             ; out              ;
; |BaiTap|Datapath2:inst1|Register1x8:inst24|RFC:inst8|inst                                              ; |BaiTap|Datapath2:inst1|Register1x8:inst24|RFC:inst8|inst                                              ; regout           ;
; |BaiTap|Datapath2:inst1|Register1x8:inst24|RFC:inst8|inst4                                             ; |BaiTap|Datapath2:inst1|Register1x8:inst24|RFC:inst8|inst4                                             ; out0             ;
; |BaiTap|Datapath2:inst1|Register1x8:inst24|RFC:inst8|inst3                                             ; |BaiTap|Datapath2:inst1|Register1x8:inst24|RFC:inst8|inst3                                             ; out0             ;
; |BaiTap|Datapath2:inst1|Register1x8:inst24|RFC:inst8|inst2                                             ; |BaiTap|Datapath2:inst1|Register1x8:inst24|RFC:inst8|inst2                                             ; out0             ;
; |BaiTap|Datapath2:inst1|Register1x8:inst24|RFC:inst7|inst1                                             ; |BaiTap|Datapath2:inst1|Register1x8:inst24|RFC:inst7|inst1                                             ; out              ;
; |BaiTap|Datapath2:inst1|Register1x8:inst24|RFC:inst7|inst                                              ; |BaiTap|Datapath2:inst1|Register1x8:inst24|RFC:inst7|inst                                              ; regout           ;
; |BaiTap|Datapath2:inst1|Register1x8:inst24|RFC:inst7|inst4                                             ; |BaiTap|Datapath2:inst1|Register1x8:inst24|RFC:inst7|inst4                                             ; out0             ;
; |BaiTap|Datapath2:inst1|Register1x8:inst24|RFC:inst7|inst3                                             ; |BaiTap|Datapath2:inst1|Register1x8:inst24|RFC:inst7|inst3                                             ; out0             ;
; |BaiTap|Datapath2:inst1|Register1x8:inst24|RFC:inst7|inst2                                             ; |BaiTap|Datapath2:inst1|Register1x8:inst24|RFC:inst7|inst2                                             ; out0             ;
; |BaiTap|Datapath2:inst1|Register1x8:inst24|RFC:inst3|inst1                                             ; |BaiTap|Datapath2:inst1|Register1x8:inst24|RFC:inst3|inst1                                             ; out              ;
; |BaiTap|Datapath2:inst1|Register1x8:inst24|RFC:inst3|inst                                              ; |BaiTap|Datapath2:inst1|Register1x8:inst24|RFC:inst3|inst                                              ; regout           ;
; |BaiTap|Datapath2:inst1|Register1x8:inst24|RFC:inst3|inst2                                             ; |BaiTap|Datapath2:inst1|Register1x8:inst24|RFC:inst3|inst2                                             ; out0             ;
; |BaiTap|Datapath2:inst1|Register1x8:inst25|RFC:inst10|inst1                                            ; |BaiTap|Datapath2:inst1|Register1x8:inst25|RFC:inst10|inst1                                            ; out              ;
; |BaiTap|Datapath2:inst1|Register1x8:inst25|RFC:inst10|inst                                             ; |BaiTap|Datapath2:inst1|Register1x8:inst25|RFC:inst10|inst                                             ; regout           ;
; |BaiTap|Datapath2:inst1|Register1x8:inst25|RFC:inst10|inst2                                            ; |BaiTap|Datapath2:inst1|Register1x8:inst25|RFC:inst10|inst2                                            ; out0             ;
; |BaiTap|Datapath2:inst1|Register1x8:inst25|RFC:inst11|inst1                                            ; |BaiTap|Datapath2:inst1|Register1x8:inst25|RFC:inst11|inst1                                            ; out              ;
; |BaiTap|Datapath2:inst1|Register1x8:inst25|RFC:inst11|inst                                             ; |BaiTap|Datapath2:inst1|Register1x8:inst25|RFC:inst11|inst                                             ; regout           ;
; |BaiTap|Datapath2:inst1|Register1x8:inst25|RFC:inst11|inst4                                            ; |BaiTap|Datapath2:inst1|Register1x8:inst25|RFC:inst11|inst4                                            ; out0             ;
; |BaiTap|Datapath2:inst1|Register1x8:inst25|RFC:inst11|inst3                                            ; |BaiTap|Datapath2:inst1|Register1x8:inst25|RFC:inst11|inst3                                            ; out0             ;
; |BaiTap|Datapath2:inst1|Register1x8:inst25|RFC:inst11|inst2                                            ; |BaiTap|Datapath2:inst1|Register1x8:inst25|RFC:inst11|inst2                                            ; out0             ;
; |BaiTap|Datapath2:inst1|Register1x8:inst25|RFC:inst4|inst1                                             ; |BaiTap|Datapath2:inst1|Register1x8:inst25|RFC:inst4|inst1                                             ; out              ;
; |BaiTap|Datapath2:inst1|Register1x8:inst25|RFC:inst4|inst                                              ; |BaiTap|Datapath2:inst1|Register1x8:inst25|RFC:inst4|inst                                              ; regout           ;
; |BaiTap|Datapath2:inst1|Register1x8:inst25|RFC:inst4|inst4                                             ; |BaiTap|Datapath2:inst1|Register1x8:inst25|RFC:inst4|inst4                                             ; out0             ;
; |BaiTap|Datapath2:inst1|Register1x8:inst25|RFC:inst4|inst3                                             ; |BaiTap|Datapath2:inst1|Register1x8:inst25|RFC:inst4|inst3                                             ; out0             ;
; |BaiTap|Datapath2:inst1|Register1x8:inst25|RFC:inst4|inst2                                             ; |BaiTap|Datapath2:inst1|Register1x8:inst25|RFC:inst4|inst2                                             ; out0             ;
; |BaiTap|Datapath2:inst1|Register1x8:inst25|RFC:inst12|inst1                                            ; |BaiTap|Datapath2:inst1|Register1x8:inst25|RFC:inst12|inst1                                            ; out              ;
; |BaiTap|Datapath2:inst1|Register1x8:inst25|RFC:inst12|inst                                             ; |BaiTap|Datapath2:inst1|Register1x8:inst25|RFC:inst12|inst                                             ; regout           ;
; |BaiTap|Datapath2:inst1|Register1x8:inst25|RFC:inst12|inst4                                            ; |BaiTap|Datapath2:inst1|Register1x8:inst25|RFC:inst12|inst4                                            ; out0             ;
; |BaiTap|Datapath2:inst1|Register1x8:inst25|RFC:inst12|inst3                                            ; |BaiTap|Datapath2:inst1|Register1x8:inst25|RFC:inst12|inst3                                            ; out0             ;
; |BaiTap|Datapath2:inst1|Register1x8:inst25|RFC:inst12|inst2                                            ; |BaiTap|Datapath2:inst1|Register1x8:inst25|RFC:inst12|inst2                                            ; out0             ;
; |BaiTap|Datapath2:inst1|Register1x8:inst25|RFC:inst7|inst1                                             ; |BaiTap|Datapath2:inst1|Register1x8:inst25|RFC:inst7|inst1                                             ; out              ;
; |BaiTap|Datapath2:inst1|Register1x8:inst25|RFC:inst7|inst                                              ; |BaiTap|Datapath2:inst1|Register1x8:inst25|RFC:inst7|inst                                              ; regout           ;
; |BaiTap|Datapath2:inst1|Register1x8:inst25|RFC:inst7|inst4                                             ; |BaiTap|Datapath2:inst1|Register1x8:inst25|RFC:inst7|inst4                                             ; out0             ;
; |BaiTap|Datapath2:inst1|Register1x8:inst25|RFC:inst7|inst3                                             ; |BaiTap|Datapath2:inst1|Register1x8:inst25|RFC:inst7|inst3                                             ; out0             ;
; |BaiTap|Datapath2:inst1|Register1x8:inst25|RFC:inst7|inst2                                             ; |BaiTap|Datapath2:inst1|Register1x8:inst25|RFC:inst7|inst2                                             ; out0             ;
; |BaiTap|Datapath2:inst1|Register1x8:inst25|RFC:inst3|inst1                                             ; |BaiTap|Datapath2:inst1|Register1x8:inst25|RFC:inst3|inst1                                             ; out              ;
; |BaiTap|Datapath2:inst1|Register1x8:inst25|RFC:inst3|inst                                              ; |BaiTap|Datapath2:inst1|Register1x8:inst25|RFC:inst3|inst                                              ; regout           ;
; |BaiTap|Datapath2:inst1|Register1x8:inst25|RFC:inst3|inst4                                             ; |BaiTap|Datapath2:inst1|Register1x8:inst25|RFC:inst3|inst4                                             ; out0             ;
; |BaiTap|Datapath2:inst1|Register1x8:inst25|RFC:inst3|inst3                                             ; |BaiTap|Datapath2:inst1|Register1x8:inst25|RFC:inst3|inst3                                             ; out0             ;
; |BaiTap|Datapath2:inst1|Register1x8:inst25|RFC:inst3|inst2                                             ; |BaiTap|Datapath2:inst1|Register1x8:inst25|RFC:inst3|inst2                                             ; out0             ;
; |BaiTap|Datapath2:inst1|AU2:inst1|inst4[7]                                                             ; |BaiTap|Datapath2:inst1|AU2:inst1|inst4[7]                                                             ; regout           ;
; |BaiTap|Datapath2:inst1|AU2:inst1|inst4[6]                                                             ; |BaiTap|Datapath2:inst1|AU2:inst1|inst4[6]                                                             ; regout           ;
; |BaiTap|Datapath2:inst1|AU2:inst1|inst4[5]                                                             ; |BaiTap|Datapath2:inst1|AU2:inst1|inst4[5]                                                             ; regout           ;
; |BaiTap|Datapath2:inst1|AU2:inst1|inst5[7]                                                             ; |BaiTap|Datapath2:inst1|AU2:inst1|inst5[7]                                                             ; regout           ;
; |BaiTap|Datapath2:inst1|AU2:inst1|inst5[6]                                                             ; |BaiTap|Datapath2:inst1|AU2:inst1|inst5[6]                                                             ; regout           ;
; |BaiTap|Datapath2:inst1|AU2:inst1|inst5[5]                                                             ; |BaiTap|Datapath2:inst1|AU2:inst1|inst5[5]                                                             ; regout           ;
; |BaiTap|Datapath2:inst1|AU2:inst1|Sum8Bit:inst|Sum:inst2|inst5                                         ; |BaiTap|Datapath2:inst1|AU2:inst1|Sum8Bit:inst|Sum:inst2|inst5                                         ; out0             ;
; |BaiTap|Datapath2:inst1|AU2:inst1|Sum8Bit:inst|Sum:inst2|inst3                                         ; |BaiTap|Datapath2:inst1|AU2:inst1|Sum8Bit:inst|Sum:inst2|inst3                                         ; out0             ;
; |BaiTap|Datapath2:inst1|AU2:inst1|Sum8Bit:inst|Sum:inst1|inst5                                         ; |BaiTap|Datapath2:inst1|AU2:inst1|Sum8Bit:inst|Sum:inst1|inst5                                         ; out0             ;
; |BaiTap|Datapath2:inst1|AU2:inst1|Sum8Bit:inst|Sum:inst1|inst3                                         ; |BaiTap|Datapath2:inst1|AU2:inst1|Sum8Bit:inst|Sum:inst1|inst3                                         ; out0             ;
; |BaiTap|Datapath2:inst1|AU2:inst1|busmux:inst3|lpm_mux:$00000|mux_smc:auto_generated|result_node[7]~0  ; |BaiTap|Datapath2:inst1|AU2:inst1|busmux:inst3|lpm_mux:$00000|mux_smc:auto_generated|result_node[7]~0  ; out0             ;
; |BaiTap|Datapath2:inst1|AU2:inst1|busmux:inst3|lpm_mux:$00000|mux_smc:auto_generated|result_node[7]~1  ; |BaiTap|Datapath2:inst1|AU2:inst1|busmux:inst3|lpm_mux:$00000|mux_smc:auto_generated|result_node[7]~1  ; out0             ;
; |BaiTap|Datapath2:inst1|AU2:inst1|busmux:inst3|lpm_mux:$00000|mux_smc:auto_generated|result_node[7]    ; |BaiTap|Datapath2:inst1|AU2:inst1|busmux:inst3|lpm_mux:$00000|mux_smc:auto_generated|result_node[7]    ; out0             ;
; |BaiTap|Datapath2:inst1|AU2:inst1|busmux:inst3|lpm_mux:$00000|mux_smc:auto_generated|result_node[6]~2  ; |BaiTap|Datapath2:inst1|AU2:inst1|busmux:inst3|lpm_mux:$00000|mux_smc:auto_generated|result_node[6]~2  ; out0             ;
; |BaiTap|Datapath2:inst1|AU2:inst1|busmux:inst3|lpm_mux:$00000|mux_smc:auto_generated|result_node[6]~3  ; |BaiTap|Datapath2:inst1|AU2:inst1|busmux:inst3|lpm_mux:$00000|mux_smc:auto_generated|result_node[6]~3  ; out0             ;
; |BaiTap|Datapath2:inst1|AU2:inst1|busmux:inst3|lpm_mux:$00000|mux_smc:auto_generated|result_node[6]    ; |BaiTap|Datapath2:inst1|AU2:inst1|busmux:inst3|lpm_mux:$00000|mux_smc:auto_generated|result_node[6]    ; out0             ;
; |BaiTap|Datapath2:inst1|AU2:inst1|busmux:inst3|lpm_mux:$00000|mux_smc:auto_generated|result_node[5]~4  ; |BaiTap|Datapath2:inst1|AU2:inst1|busmux:inst3|lpm_mux:$00000|mux_smc:auto_generated|result_node[5]~4  ; out0             ;
; |BaiTap|Datapath2:inst1|AU2:inst1|busmux:inst3|lpm_mux:$00000|mux_smc:auto_generated|result_node[5]~5  ; |BaiTap|Datapath2:inst1|AU2:inst1|busmux:inst3|lpm_mux:$00000|mux_smc:auto_generated|result_node[5]~5  ; out0             ;
; |BaiTap|Datapath2:inst1|AU2:inst1|busmux:inst3|lpm_mux:$00000|mux_smc:auto_generated|result_node[5]    ; |BaiTap|Datapath2:inst1|AU2:inst1|busmux:inst3|lpm_mux:$00000|mux_smc:auto_generated|result_node[5]    ; out0             ;
; |BaiTap|Datapath2:inst1|AU2:inst1|busmux:inst3|lpm_mux:$00000|mux_smc:auto_generated|result_node[0]~14 ; |BaiTap|Datapath2:inst1|AU2:inst1|busmux:inst3|lpm_mux:$00000|mux_smc:auto_generated|result_node[0]~14 ; out0             ;
; |BaiTap|Datapath2:inst1|AU2:inst1|busmux:inst2|lpm_mux:$00000|mux_smc:auto_generated|result_node[7]~1  ; |BaiTap|Datapath2:inst1|AU2:inst1|busmux:inst2|lpm_mux:$00000|mux_smc:auto_generated|result_node[7]~1  ; out0             ;
; |BaiTap|Datapath2:inst1|AU2:inst1|busmux:inst2|lpm_mux:$00000|mux_smc:auto_generated|result_node[6]~3  ; |BaiTap|Datapath2:inst1|AU2:inst1|busmux:inst2|lpm_mux:$00000|mux_smc:auto_generated|result_node[6]~3  ; out0             ;
; |BaiTap|Datapath2:inst1|AU2:inst1|busmux:inst2|lpm_mux:$00000|mux_smc:auto_generated|result_node[5]~5  ; |BaiTap|Datapath2:inst1|AU2:inst1|busmux:inst2|lpm_mux:$00000|mux_smc:auto_generated|result_node[5]~5  ; out0             ;
; |BaiTap|Datapath2:inst1|AU2:inst1|busmux:inst2|lpm_mux:$00000|mux_smc:auto_generated|result_node[0]~15 ; |BaiTap|Datapath2:inst1|AU2:inst1|busmux:inst2|lpm_mux:$00000|mux_smc:auto_generated|result_node[0]~15 ; out0             ;
; |BaiTap|Datapath2:inst1|Register1x8:inst30|RFC:inst9|inst1                                             ; |BaiTap|Datapath2:inst1|Register1x8:inst30|RFC:inst9|inst1                                             ; out              ;
; |BaiTap|Datapath2:inst1|Register1x8:inst30|RFC:inst9|inst                                              ; |BaiTap|Datapath2:inst1|Register1x8:inst30|RFC:inst9|inst                                              ; regout           ;
; |BaiTap|Datapath2:inst1|Register1x8:inst30|RFC:inst9|inst2                                             ; |BaiTap|Datapath2:inst1|Register1x8:inst30|RFC:inst9|inst2                                             ; out0             ;
; |BaiTap|Datapath2:inst1|Register1x8:inst30|RFC:inst12|inst1                                            ; |BaiTap|Datapath2:inst1|Register1x8:inst30|RFC:inst12|inst1                                            ; out              ;
; |BaiTap|Datapath2:inst1|Register1x8:inst30|RFC:inst12|inst                                             ; |BaiTap|Datapath2:inst1|Register1x8:inst30|RFC:inst12|inst                                             ; regout           ;
; |BaiTap|Datapath2:inst1|Register1x8:inst30|RFC:inst12|inst4                                            ; |BaiTap|Datapath2:inst1|Register1x8:inst30|RFC:inst12|inst4                                            ; out0             ;
; |BaiTap|Datapath2:inst1|Register1x8:inst30|RFC:inst12|inst3                                            ; |BaiTap|Datapath2:inst1|Register1x8:inst30|RFC:inst12|inst3                                            ; out0             ;
; |BaiTap|Datapath2:inst1|Register1x8:inst30|RFC:inst12|inst2                                            ; |BaiTap|Datapath2:inst1|Register1x8:inst30|RFC:inst12|inst2                                            ; out0             ;
; |BaiTap|Datapath2:inst1|Register1x8:inst2|RFC:inst11|inst1                                             ; |BaiTap|Datapath2:inst1|Register1x8:inst2|RFC:inst11|inst1                                             ; out              ;
; |BaiTap|Datapath2:inst1|Register1x8:inst2|RFC:inst11|inst                                              ; |BaiTap|Datapath2:inst1|Register1x8:inst2|RFC:inst11|inst                                              ; regout           ;
; |BaiTap|Datapath2:inst1|Register1x8:inst2|RFC:inst11|inst2                                             ; |BaiTap|Datapath2:inst1|Register1x8:inst2|RFC:inst11|inst2                                             ; out0             ;
; |BaiTap|Datapath2:inst1|Register1x8:inst2|RFC:inst12|inst1                                             ; |BaiTap|Datapath2:inst1|Register1x8:inst2|RFC:inst12|inst1                                             ; out              ;
; |BaiTap|Datapath2:inst1|Register1x8:inst2|RFC:inst12|inst                                              ; |BaiTap|Datapath2:inst1|Register1x8:inst2|RFC:inst12|inst                                              ; regout           ;
; |BaiTap|Datapath2:inst1|Register1x8:inst2|RFC:inst12|inst4                                             ; |BaiTap|Datapath2:inst1|Register1x8:inst2|RFC:inst12|inst4                                             ; out0             ;
; |BaiTap|Datapath2:inst1|Register1x8:inst2|RFC:inst12|inst3                                             ; |BaiTap|Datapath2:inst1|Register1x8:inst2|RFC:inst12|inst3                                             ; out0             ;
; |BaiTap|Datapath2:inst1|Register1x8:inst2|RFC:inst12|inst2                                             ; |BaiTap|Datapath2:inst1|Register1x8:inst2|RFC:inst12|inst2                                             ; out0             ;
; |BaiTap|Datapath2:inst1|AU1:inst|inst4[0]                                                              ; |BaiTap|Datapath2:inst1|AU1:inst|inst4[0]                                                              ; regout           ;
; |BaiTap|Datapath2:inst1|AU1:inst|inst6[7]                                                              ; |BaiTap|Datapath2:inst1|AU1:inst|inst6[7]                                                              ; out0             ;
; |BaiTap|Datapath2:inst1|AU1:inst|inst6[6]                                                              ; |BaiTap|Datapath2:inst1|AU1:inst|inst6[6]                                                              ; out0             ;
; |BaiTap|Datapath2:inst1|AU1:inst|inst6[5]                                                              ; |BaiTap|Datapath2:inst1|AU1:inst|inst6[5]                                                              ; out0             ;
; |BaiTap|Datapath2:inst1|AU1:inst|inst6[4]                                                              ; |BaiTap|Datapath2:inst1|AU1:inst|inst6[4]                                                              ; out0             ;
; |BaiTap|Datapath2:inst1|AU1:inst|inst6[1]                                                              ; |BaiTap|Datapath2:inst1|AU1:inst|inst6[1]                                                              ; out0             ;
; |BaiTap|Datapath2:inst1|AU1:inst|inst6[0]                                                              ; |BaiTap|Datapath2:inst1|AU1:inst|inst6[0]                                                              ; out0             ;
; |BaiTap|Datapath2:inst1|AU1:inst|inst3[0]                                                              ; |BaiTap|Datapath2:inst1|AU1:inst|inst3[0]                                                              ; regout           ;
; |BaiTap|Datapath2:inst1|AU1:inst|inst10[1]                                                             ; |BaiTap|Datapath2:inst1|AU1:inst|inst10[1]                                                             ; regout           ;
; |BaiTap|Datapath2:inst1|AU1:inst|inst10[0]                                                             ; |BaiTap|Datapath2:inst1|AU1:inst|inst10[0]                                                             ; regout           ;
; |BaiTap|Datapath2:inst1|AU1:inst|busmux:inst7|lpm_mux:$00000|mux_smc:auto_generated|result_node[7]~0   ; |BaiTap|Datapath2:inst1|AU1:inst|busmux:inst7|lpm_mux:$00000|mux_smc:auto_generated|result_node[7]~0   ; out0             ;
; |BaiTap|Datapath2:inst1|AU1:inst|busmux:inst7|lpm_mux:$00000|mux_smc:auto_generated|result_node[6]~2   ; |BaiTap|Datapath2:inst1|AU1:inst|busmux:inst7|lpm_mux:$00000|mux_smc:auto_generated|result_node[6]~2   ; out0             ;
; |BaiTap|Datapath2:inst1|AU1:inst|busmux:inst7|lpm_mux:$00000|mux_smc:auto_generated|result_node[5]~4   ; |BaiTap|Datapath2:inst1|AU1:inst|busmux:inst7|lpm_mux:$00000|mux_smc:auto_generated|result_node[5]~4   ; out0             ;
; |BaiTap|Datapath2:inst1|AU1:inst|busmux:inst7|lpm_mux:$00000|mux_smc:auto_generated|result_node[4]~6   ; |BaiTap|Datapath2:inst1|AU1:inst|busmux:inst7|lpm_mux:$00000|mux_smc:auto_generated|result_node[4]~6   ; out0             ;
; |BaiTap|Datapath2:inst1|AU1:inst|busmux:inst7|lpm_mux:$00000|mux_smc:auto_generated|result_node[1]~12  ; |BaiTap|Datapath2:inst1|AU1:inst|busmux:inst7|lpm_mux:$00000|mux_smc:auto_generated|result_node[1]~12  ; out0             ;
; |BaiTap|Datapath2:inst1|AU1:inst|busmux:inst7|lpm_mux:$00000|mux_smc:auto_generated|result_node[0]~14  ; |BaiTap|Datapath2:inst1|AU1:inst|busmux:inst7|lpm_mux:$00000|mux_smc:auto_generated|result_node[0]~14  ; out0             ;
; |BaiTap|Datapath2:inst1|AU1:inst|busmux:inst7|lpm_mux:$00000|mux_smc:auto_generated|result_node[0]~15  ; |BaiTap|Datapath2:inst1|AU1:inst|busmux:inst7|lpm_mux:$00000|mux_smc:auto_generated|result_node[0]~15  ; out0             ;
; |BaiTap|Datapath2:inst1|AU1:inst|busmux:inst7|lpm_mux:$00000|mux_smc:auto_generated|result_node[0]     ; |BaiTap|Datapath2:inst1|AU1:inst|busmux:inst7|lpm_mux:$00000|mux_smc:auto_generated|result_node[0]     ; out0             ;
; |BaiTap|Datapath2:inst1|AU1:inst|Sum8Bit:inst|Sum:inst6|inst                                           ; |BaiTap|Datapath2:inst1|AU1:inst|Sum8Bit:inst|Sum:inst6|inst                                           ; out0             ;
; |BaiTap|Datapath2:inst1|AU1:inst|Sum8Bit:inst|Sum:inst6|inst2                                          ; |BaiTap|Datapath2:inst1|AU1:inst|Sum8Bit:inst|Sum:inst6|inst2                                          ; out0             ;
; |BaiTap|Datapath2:inst1|AU1:inst|Sum8Bit:inst|Sum:inst6|inst3                                          ; |BaiTap|Datapath2:inst1|AU1:inst|Sum8Bit:inst|Sum:inst6|inst3                                          ; out0             ;
; |BaiTap|Datapath2:inst1|AU1:inst|Sum8Bit:inst|Sum:inst7|inst5                                          ; |BaiTap|Datapath2:inst1|AU1:inst|Sum8Bit:inst|Sum:inst7|inst5                                          ; out0             ;
; |BaiTap|Datapath2:inst1|AU1:inst|Sum8Bit:inst|Sum:inst7|inst3                                          ; |BaiTap|Datapath2:inst1|AU1:inst|Sum8Bit:inst|Sum:inst7|inst3                                          ; out0             ;
; |BaiTap|Datapath2:inst1|AU1:inst|Sum8Bit:inst|Sum:inst4|inst5                                          ; |BaiTap|Datapath2:inst1|AU1:inst|Sum8Bit:inst|Sum:inst4|inst5                                          ; out0             ;
; |BaiTap|Datapath2:inst1|AU1:inst|Sum8Bit:inst|Sum:inst4|inst3                                          ; |BaiTap|Datapath2:inst1|AU1:inst|Sum8Bit:inst|Sum:inst4|inst3                                          ; out0             ;
; |BaiTap|Datapath2:inst1|AU1:inst|Sum8Bit:inst|Sum:inst2|inst5                                          ; |BaiTap|Datapath2:inst1|AU1:inst|Sum8Bit:inst|Sum:inst2|inst5                                          ; out0             ;
; |BaiTap|Datapath2:inst1|AU1:inst|Sum8Bit:inst|Sum:inst2|inst3                                          ; |BaiTap|Datapath2:inst1|AU1:inst|Sum8Bit:inst|Sum:inst2|inst3                                          ; out0             ;
; |BaiTap|Datapath2:inst1|AU1:inst|Sum8Bit:inst|Sum:inst1|inst5                                          ; |BaiTap|Datapath2:inst1|AU1:inst|Sum8Bit:inst|Sum:inst1|inst5                                          ; out0             ;
; |BaiTap|Datapath2:inst1|AU1:inst|Sum8Bit:inst|Sum:inst1|inst3                                          ; |BaiTap|Datapath2:inst1|AU1:inst|Sum8Bit:inst|Sum:inst1|inst3                                          ; out0             ;
; |BaiTap|Datapath2:inst1|AU1:inst|busmux:inst8|lpm_mux:$00000|mux_smc:auto_generated|result_node[7]~1   ; |BaiTap|Datapath2:inst1|AU1:inst|busmux:inst8|lpm_mux:$00000|mux_smc:auto_generated|result_node[7]~1   ; out0             ;
; |BaiTap|Datapath2:inst1|AU1:inst|busmux:inst8|lpm_mux:$00000|mux_smc:auto_generated|result_node[6]~3   ; |BaiTap|Datapath2:inst1|AU1:inst|busmux:inst8|lpm_mux:$00000|mux_smc:auto_generated|result_node[6]~3   ; out0             ;
; |BaiTap|Datapath2:inst1|AU1:inst|busmux:inst8|lpm_mux:$00000|mux_smc:auto_generated|result_node[5]~5   ; |BaiTap|Datapath2:inst1|AU1:inst|busmux:inst8|lpm_mux:$00000|mux_smc:auto_generated|result_node[5]~5   ; out0             ;
; |BaiTap|Datapath2:inst1|AU1:inst|busmux:inst8|lpm_mux:$00000|mux_smc:auto_generated|result_node[3]~9   ; |BaiTap|Datapath2:inst1|AU1:inst|busmux:inst8|lpm_mux:$00000|mux_smc:auto_generated|result_node[3]~9   ; out0             ;
; |BaiTap|Datapath2:inst1|AU1:inst|busmux:inst8|lpm_mux:$00000|mux_smc:auto_generated|result_node[0]~14  ; |BaiTap|Datapath2:inst1|AU1:inst|busmux:inst8|lpm_mux:$00000|mux_smc:auto_generated|result_node[0]~14  ; out0             ;
; |BaiTap|Datapath2:inst1|AU1:inst|busmux:inst8|lpm_mux:$00000|mux_smc:auto_generated|result_node[0]~15  ; |BaiTap|Datapath2:inst1|AU1:inst|busmux:inst8|lpm_mux:$00000|mux_smc:auto_generated|result_node[0]~15  ; out0             ;
; |BaiTap|Datapath2:inst1|AU1:inst|busmux:inst8|lpm_mux:$00000|mux_smc:auto_generated|result_node[0]     ; |BaiTap|Datapath2:inst1|AU1:inst|busmux:inst8|lpm_mux:$00000|mux_smc:auto_generated|result_node[0]     ; out0             ;
; |BaiTap|Datapath2:inst1|Register1x8:inst32|RFC:inst4|inst1                                             ; |BaiTap|Datapath2:inst1|Register1x8:inst32|RFC:inst4|inst1                                             ; out              ;
; |BaiTap|Datapath2:inst1|Register1x8:inst32|RFC:inst4|inst                                              ; |BaiTap|Datapath2:inst1|Register1x8:inst32|RFC:inst4|inst                                              ; regout           ;
; |BaiTap|Datapath2:inst1|Register1x8:inst32|RFC:inst4|inst4                                             ; |BaiTap|Datapath2:inst1|Register1x8:inst32|RFC:inst4|inst4                                             ; out0             ;
; |BaiTap|Datapath2:inst1|Register1x8:inst32|RFC:inst4|inst3                                             ; |BaiTap|Datapath2:inst1|Register1x8:inst32|RFC:inst4|inst3                                             ; out0             ;
; |BaiTap|Datapath2:inst1|Register1x8:inst32|RFC:inst4|inst2                                             ; |BaiTap|Datapath2:inst1|Register1x8:inst32|RFC:inst4|inst2                                             ; out0             ;
; |BaiTap|Datapath2:inst1|Register1x8:inst32|RFC:inst7|inst1                                             ; |BaiTap|Datapath2:inst1|Register1x8:inst32|RFC:inst7|inst1                                             ; out              ;
; |BaiTap|Datapath2:inst1|Register1x8:inst32|RFC:inst7|inst                                              ; |BaiTap|Datapath2:inst1|Register1x8:inst32|RFC:inst7|inst                                              ; regout           ;
; |BaiTap|Datapath2:inst1|Register1x8:inst32|RFC:inst7|inst4                                             ; |BaiTap|Datapath2:inst1|Register1x8:inst32|RFC:inst7|inst4                                             ; out0             ;
; |BaiTap|Datapath2:inst1|Register1x8:inst32|RFC:inst7|inst3                                             ; |BaiTap|Datapath2:inst1|Register1x8:inst32|RFC:inst7|inst3                                             ; out0             ;
; |BaiTap|Datapath2:inst1|Register1x8:inst32|RFC:inst7|inst2                                             ; |BaiTap|Datapath2:inst1|Register1x8:inst32|RFC:inst7|inst2                                             ; out0             ;
; |BaiTap|Datapath2:inst1|Register1x8:inst32|RFC:inst3|inst1                                             ; |BaiTap|Datapath2:inst1|Register1x8:inst32|RFC:inst3|inst1                                             ; out              ;
; |BaiTap|Datapath2:inst1|Register1x8:inst32|RFC:inst3|inst                                              ; |BaiTap|Datapath2:inst1|Register1x8:inst32|RFC:inst3|inst                                              ; regout           ;
; |BaiTap|Datapath2:inst1|Register1x8:inst32|RFC:inst3|inst4                                             ; |BaiTap|Datapath2:inst1|Register1x8:inst32|RFC:inst3|inst4                                             ; out0             ;
; |BaiTap|Datapath2:inst1|Register1x8:inst32|RFC:inst3|inst3                                             ; |BaiTap|Datapath2:inst1|Register1x8:inst32|RFC:inst3|inst3                                             ; out0             ;
; |BaiTap|Datapath2:inst1|Register1x8:inst32|RFC:inst3|inst2                                             ; |BaiTap|Datapath2:inst1|Register1x8:inst32|RFC:inst3|inst2                                             ; out0             ;
; |BaiTap|Control2:inst|inst7                                                                            ; |BaiTap|Control2:inst|inst7                                                                            ; out              ;
; |BaiTap|Control2:inst|inst3                                                                            ; |BaiTap|Control2:inst|inst3                                                                            ; out              ;
; |BaiTap|Control2:inst|NextState:inst|inst16                                                            ; |BaiTap|Control2:inst|NextState:inst|inst16                                                            ; out0             ;
+--------------------------------------------------------------------------------------------------------+--------------------------------------------------------------------------------------------------------+------------------+


+---------------------+
; Simulator INI Usage ;
+--------+------------+
; Option ; Usage      ;
+--------+------------+


+--------------------+
; Simulator Messages ;
+--------------------+
Info: *******************************************************************
Info: Running Quartus II 64-Bit Simulator
    Info: Version 13.0.1 Build 232 06/12/2013 Service Pack 1 SJ Web Edition
    Info: Processing started: Mon Dec 02 01:15:24 2024
Info: Command: quartus_sim --simulation_results_format=VWF BaiTap -c BaiTap
Info (324025): Using vector source file "C:/Users/MinzHung/Downloads/Final/DPPipline_FuncPipeline/Waveform2.vwf"
Info (310003): Option to preserve fewer signal transitions to reduce memory requirements is enabled
    Info (310004): Simulation has been partitioned into sub-simulations according to the maximum transition count determined by the engine. Transitions from memory will be flushed out to disk at the end of each sub-simulation to reduce memory requirements.
Info (310002): Simulation partitioned into 1 sub-simulations
Info (328053): Simulation coverage is      72.21 %
Info (328052): Number of transitions in simulation is 11519
Info (324045): Vector file BaiTap.sim.vwf is saved in VWF text format. You can compress it into CVWF format in order to reduce file size. For more details please refer to the Quartus II Help.
Info: Quartus II 64-Bit Simulator was successful. 0 errors, 0 warnings
    Info: Peak virtual memory: 4460 megabytes
    Info: Processing ended: Mon Dec 02 01:15:24 2024
    Info: Elapsed time: 00:00:00
    Info: Total CPU time (on all processors): 00:00:00


