Simulator report for Bai1
Sat Nov 16 11:21:52 2024
Quartus II 64-Bit Version 13.0.1 Build 232 06/12/2013 Service Pack 1 SJ Web Edition


---------------------
; Table of Contents ;
---------------------
  1. Legal Notice
  2. Simulator Summary
  3. Simulator Settings
  4. Simulation Waveforms
  5. Coverage Summary
  6. Complete 1/0-Value Coverage
  7. Missing 1-Value Coverage
  8. Missing 0-Value Coverage
  9. Simulator INI Usage
 10. Simulator Messages



----------------
; Legal Notice ;
----------------
Copyright (C) 1991-2013 Altera Corporation
Your use of Altera Corporation's design tools, logic functions 
and other software and tools, and its AMPP partner logic 
functions, and any output files from any of the foregoing 
(including device programming or simulation files), and any 
associated documentation or information are expressly subject 
to the terms and conditions of the Altera Program License 
Subscription Agreement, Altera MegaCore Function License 
Agreement, or other applicable license agreement, including, 
without limitation, that your use is for the sole purpose of 
programming logic devices manufactured by Altera and sold by 
Altera or its authorized distributors.  Please refer to the 
applicable agreement for further details.



+--------------------------------------------+
; Simulator Summary                          ;
+-----------------------------+--------------+
; Type                        ; Value        ;
+-----------------------------+--------------+
; Simulation Start Time       ; 0 ps         ;
; Simulation End Time         ; 1.0 us       ;
; Simulation Netlist Size     ; 1138 nodes   ;
; Simulation Coverage         ;      41.48 % ;
; Total Number of Transitions ; 26966        ;
; Simulation Breakpoints      ; 0            ;
; Family                      ; Cyclone II   ;
+-----------------------------+--------------+


+-------------------------------------------------------------------------------------------------------------------------------------------------------------------------------+
; Simulator Settings                                                                                                                                                            ;
+--------------------------------------------------------------------------------------------+------------------------------------------------------------------+---------------+
; Option                                                                                     ; Setting                                                          ; Default Value ;
+--------------------------------------------------------------------------------------------+------------------------------------------------------------------+---------------+
; Simulation mode                                                                            ; Functional                                                       ; Timing        ;
; Start time                                                                                 ; 0 ns                                                             ; 0 ns          ;
; Simulation results format                                                                  ; VWF                                                              ;               ;
; Vector input source                                                                        ; D:/study/year3/TKLLS/CE118/DoAn/Graph-partitioning/Waveform3.vwf ;               ;
; Add pins automatically to simulation output waveforms                                      ; On                                                               ; On            ;
; Check outputs                                                                              ; Off                                                              ; Off           ;
; Report simulation coverage                                                                 ; On                                                               ; On            ;
; Display complete 1/0 value coverage report                                                 ; On                                                               ; On            ;
; Display missing 1-value coverage report                                                    ; On                                                               ; On            ;
; Display missing 0-value coverage report                                                    ; On                                                               ; On            ;
; Detect setup and hold time violations                                                      ; Off                                                              ; Off           ;
; Detect glitches                                                                            ; Off                                                              ; Off           ;
; Disable timing delays in Timing Simulation                                                 ; Off                                                              ; Off           ;
; Generate Signal Activity File                                                              ; Off                                                              ; Off           ;
; Generate VCD File for PowerPlay Power Analyzer                                             ; Off                                                              ; Off           ;
; Group bus channels in simulation results                                                   ; Off                                                              ; Off           ;
; Preserve fewer signal transitions to reduce memory requirements                            ; On                                                               ; On            ;
; Trigger vector comparison with the specified mode                                          ; INPUT_EDGE                                                       ; INPUT_EDGE    ;
; Disable setup and hold time violations detection in input registers of bi-directional pins ; Off                                                              ; Off           ;
; Overwrite Waveform Inputs With Simulation Outputs                                          ; Off                                                              ;               ;
; Perform Glitch Filtering in Timing Simulation                                              ; Auto                                                             ; Auto          ;
+--------------------------------------------------------------------------------------------+------------------------------------------------------------------+---------------+


+----------------------+
; Simulation Waveforms ;
+----------------------+
Waveform report data cannot be output to ASCII.
Please use Quartus II 64-Bit to view the waveform report data.


+--------------------------------------------------------------------+
; Coverage Summary                                                   ;
+-----------------------------------------------------+--------------+
; Type                                                ; Value        ;
+-----------------------------------------------------+--------------+
; Total coverage as a percentage                      ;      41.48 % ;
; Total nodes checked                                 ; 1138         ;
; Total output ports checked                          ; 1138         ;
; Total output ports with complete 1/0-value coverage ; 472          ;
; Total output ports with no 1/0-value coverage       ; 524          ;
; Total output ports with no 1-value coverage         ; 598          ;
; Total output ports with no 0-value coverage         ; 592          ;
+-----------------------------------------------------+--------------+


The following table displays output ports that toggle between 1 and 0 during simulation.
+--------------------------------------------------------------------------------------------------------------------------------------------------------------------------------------------------------------------------------------------------------+
; Complete 1/0-Value Coverage                                                                                                                                                                                                                            ;
+------------------------------------------------------------------------------------------------------------------+------------------------------------------------------------------------------------------------------------------+------------------+
; Node Name                                                                                                        ; Output Port Name                                                                                                 ; Output Port Type ;
+------------------------------------------------------------------------------------------------------------------+------------------------------------------------------------------------------------------------------------------+------------------+
; |Bai1|Done                                                                                                       ; |Bai1|Done                                                                                                       ; pin_out          ;
; |Bai1|CLK                                                                                                        ; |Bai1|CLK                                                                                                        ; out              ;
; |Bai1|Y[2]                                                                                                       ; |Bai1|Y[2]                                                                                                       ; pin_out          ;
; |Bai1|Y[0]                                                                                                       ; |Bai1|Y[0]                                                                                                       ; pin_out          ;
; |Bai1|Datapath:inst|inst18[2]                                                                                    ; |Bai1|Datapath:inst|inst18[2]                                                                                    ; out              ;
; |Bai1|Datapath:inst|inst18[0]                                                                                    ; |Bai1|Datapath:inst|inst18[0]                                                                                    ; out              ;
; |Bai1|Datapath:inst|TriTuyetDoi:inst5|SubnBit:inst1|Sub1Bit:inst5|inst                                           ; |Bai1|Datapath:inst|TriTuyetDoi:inst5|SubnBit:inst1|Sub1Bit:inst5|inst                                           ; out0             ;
; |Bai1|Datapath:inst|TriTuyetDoi:inst5|SubnBit:inst1|Sub1Bit:inst5|inst12                                         ; |Bai1|Datapath:inst|TriTuyetDoi:inst5|SubnBit:inst1|Sub1Bit:inst5|inst12                                         ; out0             ;
; |Bai1|Datapath:inst|TriTuyetDoi:inst5|SubnBit:inst1|Sub1Bit:inst6|inst                                           ; |Bai1|Datapath:inst|TriTuyetDoi:inst5|SubnBit:inst1|Sub1Bit:inst6|inst                                           ; out0             ;
; |Bai1|Datapath:inst|TriTuyetDoi:inst5|SubnBit:inst1|Sub1Bit:inst6|inst12                                         ; |Bai1|Datapath:inst|TriTuyetDoi:inst5|SubnBit:inst1|Sub1Bit:inst6|inst12                                         ; out0             ;
; |Bai1|Datapath:inst|TriTuyetDoi:inst5|SubnBit:inst1|Sub1Bit:inst6|inst11                                         ; |Bai1|Datapath:inst|TriTuyetDoi:inst5|SubnBit:inst1|Sub1Bit:inst6|inst11                                         ; out0             ;
; |Bai1|Datapath:inst|TriTuyetDoi:inst5|SubnBit:inst1|Sub1Bit:inst7|inst                                           ; |Bai1|Datapath:inst|TriTuyetDoi:inst5|SubnBit:inst1|Sub1Bit:inst7|inst                                           ; out0             ;
; |Bai1|Datapath:inst|TriTuyetDoi:inst5|SubnBit:inst1|Sub1Bit:inst7|inst12                                         ; |Bai1|Datapath:inst|TriTuyetDoi:inst5|SubnBit:inst1|Sub1Bit:inst7|inst12                                         ; out0             ;
; |Bai1|Datapath:inst|TriTuyetDoi:inst5|SubnBit:inst1|Sub1Bit:inst7|inst11                                         ; |Bai1|Datapath:inst|TriTuyetDoi:inst5|SubnBit:inst1|Sub1Bit:inst7|inst11                                         ; out0             ;
; |Bai1|Datapath:inst|TriTuyetDoi:inst5|SubnBit:inst1|Sub1Bit:inst3|inst                                           ; |Bai1|Datapath:inst|TriTuyetDoi:inst5|SubnBit:inst1|Sub1Bit:inst3|inst                                           ; out0             ;
; |Bai1|Datapath:inst|TriTuyetDoi:inst5|SubnBit:inst1|Sub1Bit:inst3|inst12                                         ; |Bai1|Datapath:inst|TriTuyetDoi:inst5|SubnBit:inst1|Sub1Bit:inst3|inst12                                         ; out0             ;
; |Bai1|Datapath:inst|TriTuyetDoi:inst5|SubnBit:inst1|Sub1Bit:inst3|inst11                                         ; |Bai1|Datapath:inst|TriTuyetDoi:inst5|SubnBit:inst1|Sub1Bit:inst3|inst11                                         ; out0             ;
; |Bai1|Datapath:inst|TriTuyetDoi:inst5|SubnBit:inst1|Sub1Bit:inst2|inst                                           ; |Bai1|Datapath:inst|TriTuyetDoi:inst5|SubnBit:inst1|Sub1Bit:inst2|inst                                           ; out0             ;
; |Bai1|Datapath:inst|TriTuyetDoi:inst5|SubnBit:inst1|Sub1Bit:inst2|inst12                                         ; |Bai1|Datapath:inst|TriTuyetDoi:inst5|SubnBit:inst1|Sub1Bit:inst2|inst12                                         ; out0             ;
; |Bai1|Datapath:inst|TriTuyetDoi:inst5|SubnBit:inst1|Sub1Bit:inst2|inst11                                         ; |Bai1|Datapath:inst|TriTuyetDoi:inst5|SubnBit:inst1|Sub1Bit:inst2|inst11                                         ; out0             ;
; |Bai1|Datapath:inst|TriTuyetDoi:inst5|SubnBit:inst1|Sub1Bit:inst1|inst                                           ; |Bai1|Datapath:inst|TriTuyetDoi:inst5|SubnBit:inst1|Sub1Bit:inst1|inst                                           ; out0             ;
; |Bai1|Datapath:inst|TriTuyetDoi:inst5|SubnBit:inst1|Sub1Bit:inst1|inst12                                         ; |Bai1|Datapath:inst|TriTuyetDoi:inst5|SubnBit:inst1|Sub1Bit:inst1|inst12                                         ; out0             ;
; |Bai1|Datapath:inst|TriTuyetDoi:inst5|SubnBit:inst1|Sub1Bit:inst1|inst11                                         ; |Bai1|Datapath:inst|TriTuyetDoi:inst5|SubnBit:inst1|Sub1Bit:inst1|inst11                                         ; out0             ;
; |Bai1|Datapath:inst|TriTuyetDoi:inst5|SubnBit:inst1|Sub1Bit:inst|inst                                            ; |Bai1|Datapath:inst|TriTuyetDoi:inst5|SubnBit:inst1|Sub1Bit:inst|inst                                            ; out0             ;
; |Bai1|Datapath:inst|TriTuyetDoi:inst5|busmux:inst|lpm_mux:$00000|mux_smc:auto_generated|result_node[4]~7         ; |Bai1|Datapath:inst|TriTuyetDoi:inst5|busmux:inst|lpm_mux:$00000|mux_smc:auto_generated|result_node[4]~7         ; out0             ;
; |Bai1|Datapath:inst|TriTuyetDoi:inst5|busmux:inst|lpm_mux:$00000|mux_smc:auto_generated|result_node[4]           ; |Bai1|Datapath:inst|TriTuyetDoi:inst5|busmux:inst|lpm_mux:$00000|mux_smc:auto_generated|result_node[4]           ; out0             ;
; |Bai1|Datapath:inst|TriTuyetDoi:inst5|busmux:inst|lpm_mux:$00000|mux_smc:auto_generated|result_node[3]~9         ; |Bai1|Datapath:inst|TriTuyetDoi:inst5|busmux:inst|lpm_mux:$00000|mux_smc:auto_generated|result_node[3]~9         ; out0             ;
; |Bai1|Datapath:inst|TriTuyetDoi:inst5|busmux:inst|lpm_mux:$00000|mux_smc:auto_generated|result_node[3]           ; |Bai1|Datapath:inst|TriTuyetDoi:inst5|busmux:inst|lpm_mux:$00000|mux_smc:auto_generated|result_node[3]           ; out0             ;
; |Bai1|Datapath:inst|TriTuyetDoi:inst5|busmux:inst|lpm_mux:$00000|mux_smc:auto_generated|result_node[2]~11        ; |Bai1|Datapath:inst|TriTuyetDoi:inst5|busmux:inst|lpm_mux:$00000|mux_smc:auto_generated|result_node[2]~11        ; out0             ;
; |Bai1|Datapath:inst|TriTuyetDoi:inst5|busmux:inst|lpm_mux:$00000|mux_smc:auto_generated|result_node[2]           ; |Bai1|Datapath:inst|TriTuyetDoi:inst5|busmux:inst|lpm_mux:$00000|mux_smc:auto_generated|result_node[2]           ; out0             ;
; |Bai1|Datapath:inst|TriTuyetDoi:inst5|busmux:inst|lpm_mux:$00000|mux_smc:auto_generated|result_node[1]~13        ; |Bai1|Datapath:inst|TriTuyetDoi:inst5|busmux:inst|lpm_mux:$00000|mux_smc:auto_generated|result_node[1]~13        ; out0             ;
; |Bai1|Datapath:inst|TriTuyetDoi:inst5|busmux:inst|lpm_mux:$00000|mux_smc:auto_generated|result_node[1]           ; |Bai1|Datapath:inst|TriTuyetDoi:inst5|busmux:inst|lpm_mux:$00000|mux_smc:auto_generated|result_node[1]           ; out0             ;
; |Bai1|Datapath:inst|TriTuyetDoi:inst5|busmux:inst|lpm_mux:$00000|mux_smc:auto_generated|result_node[0]~15        ; |Bai1|Datapath:inst|TriTuyetDoi:inst5|busmux:inst|lpm_mux:$00000|mux_smc:auto_generated|result_node[0]~15        ; out0             ;
; |Bai1|Datapath:inst|TriTuyetDoi:inst5|busmux:inst|lpm_mux:$00000|mux_smc:auto_generated|result_node[0]           ; |Bai1|Datapath:inst|TriTuyetDoi:inst5|busmux:inst|lpm_mux:$00000|mux_smc:auto_generated|result_node[0]           ; out0             ;
; |Bai1|Datapath:inst|SubnBit:inst11|Sub1Bit:inst4|inst7                                                           ; |Bai1|Datapath:inst|SubnBit:inst11|Sub1Bit:inst4|inst7                                                           ; out0             ;
; |Bai1|Datapath:inst|SubnBit:inst11|Sub1Bit:inst4|inst10                                                          ; |Bai1|Datapath:inst|SubnBit:inst11|Sub1Bit:inst4|inst10                                                          ; out0             ;
; |Bai1|Datapath:inst|SubnBit:inst11|Sub1Bit:inst5|inst                                                            ; |Bai1|Datapath:inst|SubnBit:inst11|Sub1Bit:inst5|inst                                                            ; out0             ;
; |Bai1|Datapath:inst|SubnBit:inst11|Sub1Bit:inst5|inst7                                                           ; |Bai1|Datapath:inst|SubnBit:inst11|Sub1Bit:inst5|inst7                                                           ; out0             ;
; |Bai1|Datapath:inst|SubnBit:inst11|Sub1Bit:inst5|inst12                                                          ; |Bai1|Datapath:inst|SubnBit:inst11|Sub1Bit:inst5|inst12                                                          ; out0             ;
; |Bai1|Datapath:inst|SubnBit:inst11|Sub1Bit:inst5|inst10                                                          ; |Bai1|Datapath:inst|SubnBit:inst11|Sub1Bit:inst5|inst10                                                          ; out0             ;
; |Bai1|Datapath:inst|SubnBit:inst11|Sub1Bit:inst5|inst11                                                          ; |Bai1|Datapath:inst|SubnBit:inst11|Sub1Bit:inst5|inst11                                                          ; out0             ;
; |Bai1|Datapath:inst|SubnBit:inst11|Sub1Bit:inst6|inst                                                            ; |Bai1|Datapath:inst|SubnBit:inst11|Sub1Bit:inst6|inst                                                            ; out0             ;
; |Bai1|Datapath:inst|SubnBit:inst11|Sub1Bit:inst6|inst7                                                           ; |Bai1|Datapath:inst|SubnBit:inst11|Sub1Bit:inst6|inst7                                                           ; out0             ;
; |Bai1|Datapath:inst|SubnBit:inst11|Sub1Bit:inst6|inst12                                                          ; |Bai1|Datapath:inst|SubnBit:inst11|Sub1Bit:inst6|inst12                                                          ; out0             ;
; |Bai1|Datapath:inst|SubnBit:inst11|Sub1Bit:inst6|inst10                                                          ; |Bai1|Datapath:inst|SubnBit:inst11|Sub1Bit:inst6|inst10                                                          ; out0             ;
; |Bai1|Datapath:inst|SubnBit:inst11|Sub1Bit:inst6|inst11                                                          ; |Bai1|Datapath:inst|SubnBit:inst11|Sub1Bit:inst6|inst11                                                          ; out0             ;
; |Bai1|Datapath:inst|SubnBit:inst11|Sub1Bit:inst7|inst                                                            ; |Bai1|Datapath:inst|SubnBit:inst11|Sub1Bit:inst7|inst                                                            ; out0             ;
; |Bai1|Datapath:inst|SubnBit:inst11|Sub1Bit:inst7|inst7                                                           ; |Bai1|Datapath:inst|SubnBit:inst11|Sub1Bit:inst7|inst7                                                           ; out0             ;
; |Bai1|Datapath:inst|SubnBit:inst11|Sub1Bit:inst7|inst12                                                          ; |Bai1|Datapath:inst|SubnBit:inst11|Sub1Bit:inst7|inst12                                                          ; out0             ;
; |Bai1|Datapath:inst|SubnBit:inst11|Sub1Bit:inst7|inst11                                                          ; |Bai1|Datapath:inst|SubnBit:inst11|Sub1Bit:inst7|inst11                                                          ; out0             ;
; |Bai1|Datapath:inst|SubnBit:inst11|Sub1Bit:inst3|inst                                                            ; |Bai1|Datapath:inst|SubnBit:inst11|Sub1Bit:inst3|inst                                                            ; out0             ;
; |Bai1|Datapath:inst|SubnBit:inst11|Sub1Bit:inst3|inst7                                                           ; |Bai1|Datapath:inst|SubnBit:inst11|Sub1Bit:inst3|inst7                                                           ; out0             ;
; |Bai1|Datapath:inst|SubnBit:inst11|Sub1Bit:inst3|inst12                                                          ; |Bai1|Datapath:inst|SubnBit:inst11|Sub1Bit:inst3|inst12                                                          ; out0             ;
; |Bai1|Datapath:inst|SubnBit:inst11|Sub1Bit:inst3|inst10                                                          ; |Bai1|Datapath:inst|SubnBit:inst11|Sub1Bit:inst3|inst10                                                          ; out0             ;
; |Bai1|Datapath:inst|SubnBit:inst11|Sub1Bit:inst3|inst11                                                          ; |Bai1|Datapath:inst|SubnBit:inst11|Sub1Bit:inst3|inst11                                                          ; out0             ;
; |Bai1|Datapath:inst|SubnBit:inst11|Sub1Bit:inst2|inst                                                            ; |Bai1|Datapath:inst|SubnBit:inst11|Sub1Bit:inst2|inst                                                            ; out0             ;
; |Bai1|Datapath:inst|SubnBit:inst11|Sub1Bit:inst2|inst12                                                          ; |Bai1|Datapath:inst|SubnBit:inst11|Sub1Bit:inst2|inst12                                                          ; out0             ;
; |Bai1|Datapath:inst|SubnBit:inst11|Sub1Bit:inst2|inst11                                                          ; |Bai1|Datapath:inst|SubnBit:inst11|Sub1Bit:inst2|inst11                                                          ; out0             ;
; |Bai1|Datapath:inst|SubnBit:inst11|Sub1Bit:inst1|inst                                                            ; |Bai1|Datapath:inst|SubnBit:inst11|Sub1Bit:inst1|inst                                                            ; out0             ;
; |Bai1|Datapath:inst|SubnBit:inst11|Sub1Bit:inst1|inst12                                                          ; |Bai1|Datapath:inst|SubnBit:inst11|Sub1Bit:inst1|inst12                                                          ; out0             ;
; |Bai1|Datapath:inst|SubnBit:inst11|Sub1Bit:inst1|inst11                                                          ; |Bai1|Datapath:inst|SubnBit:inst11|Sub1Bit:inst1|inst11                                                          ; out0             ;
; |Bai1|Datapath:inst|SubnBit:inst11|Sub1Bit:inst|inst                                                             ; |Bai1|Datapath:inst|SubnBit:inst11|Sub1Bit:inst|inst                                                             ; out0             ;
; |Bai1|Datapath:inst|Register4x8:inst2|register:inst1|RFC:inst3|inst3                                             ; |Bai1|Datapath:inst|Register4x8:inst2|register:inst1|RFC:inst3|inst3                                             ; out0             ;
; |Bai1|Datapath:inst|Register4x8:inst2|register:inst1|RFC:inst3|inst2                                             ; |Bai1|Datapath:inst|Register4x8:inst2|register:inst1|RFC:inst3|inst2                                             ; out0             ;
; |Bai1|Datapath:inst|Sum8Bit:inst10|Sum:inst6|inst                                                                ; |Bai1|Datapath:inst|Sum8Bit:inst10|Sum:inst6|inst                                                                ; out0             ;
; |Bai1|Datapath:inst|Sum8Bit:inst10|Sum:inst7|inst1                                                               ; |Bai1|Datapath:inst|Sum8Bit:inst10|Sum:inst7|inst1                                                               ; out0             ;
; |Bai1|Datapath:inst|Sum8Bit:inst10|Sum:inst7|inst                                                                ; |Bai1|Datapath:inst|Sum8Bit:inst10|Sum:inst7|inst                                                                ; out0             ;
; |Bai1|Datapath:inst|Sum8Bit:inst10|Sum:inst3|inst1                                                               ; |Bai1|Datapath:inst|Sum8Bit:inst10|Sum:inst3|inst1                                                               ; out0             ;
; |Bai1|Datapath:inst|Sum8Bit:inst10|Sum:inst3|inst                                                                ; |Bai1|Datapath:inst|Sum8Bit:inst10|Sum:inst3|inst                                                                ; out0             ;
; |Bai1|Datapath:inst|Sum8Bit:inst10|Sum:inst5|inst1                                                               ; |Bai1|Datapath:inst|Sum8Bit:inst10|Sum:inst5|inst1                                                               ; out0             ;
; |Bai1|Datapath:inst|Sum8Bit:inst10|Sum:inst5|inst                                                                ; |Bai1|Datapath:inst|Sum8Bit:inst10|Sum:inst5|inst                                                                ; out0             ;
; |Bai1|Datapath:inst|Sum8Bit:inst10|Sum:inst5|inst2                                                               ; |Bai1|Datapath:inst|Sum8Bit:inst10|Sum:inst5|inst2                                                               ; out0             ;
; |Bai1|Datapath:inst|Sum8Bit:inst10|Sum:inst5|inst3                                                               ; |Bai1|Datapath:inst|Sum8Bit:inst10|Sum:inst5|inst3                                                               ; out0             ;
; |Bai1|Datapath:inst|Sum8Bit:inst10|Sum:inst4|inst1                                                               ; |Bai1|Datapath:inst|Sum8Bit:inst10|Sum:inst4|inst1                                                               ; out0             ;
; |Bai1|Datapath:inst|Sum8Bit:inst10|Sum:inst4|inst                                                                ; |Bai1|Datapath:inst|Sum8Bit:inst10|Sum:inst4|inst                                                                ; out0             ;
; |Bai1|Datapath:inst|Sum8Bit:inst10|Sum:inst4|inst2                                                               ; |Bai1|Datapath:inst|Sum8Bit:inst10|Sum:inst4|inst2                                                               ; out0             ;
; |Bai1|Datapath:inst|Sum8Bit:inst10|Sum:inst4|inst4                                                               ; |Bai1|Datapath:inst|Sum8Bit:inst10|Sum:inst4|inst4                                                               ; out0             ;
; |Bai1|Datapath:inst|Sum8Bit:inst10|Sum:inst2|inst1                                                               ; |Bai1|Datapath:inst|Sum8Bit:inst10|Sum:inst2|inst1                                                               ; out0             ;
; |Bai1|Datapath:inst|MinMax:inst7|SubnBit:inst1|Sub1Bit:inst4|inst10                                              ; |Bai1|Datapath:inst|MinMax:inst7|SubnBit:inst1|Sub1Bit:inst4|inst10                                              ; out0             ;
; |Bai1|Datapath:inst|MinMax:inst7|SubnBit:inst1|Sub1Bit:inst5|inst7                                               ; |Bai1|Datapath:inst|MinMax:inst7|SubnBit:inst1|Sub1Bit:inst5|inst7                                               ; out0             ;
; |Bai1|Datapath:inst|MinMax:inst7|SubnBit:inst1|Sub1Bit:inst5|inst12                                              ; |Bai1|Datapath:inst|MinMax:inst7|SubnBit:inst1|Sub1Bit:inst5|inst12                                              ; out0             ;
; |Bai1|Datapath:inst|MinMax:inst7|SubnBit:inst1|Sub1Bit:inst5|inst10                                              ; |Bai1|Datapath:inst|MinMax:inst7|SubnBit:inst1|Sub1Bit:inst5|inst10                                              ; out0             ;
; |Bai1|Datapath:inst|MinMax:inst7|SubnBit:inst1|Sub1Bit:inst5|inst11                                              ; |Bai1|Datapath:inst|MinMax:inst7|SubnBit:inst1|Sub1Bit:inst5|inst11                                              ; out0             ;
; |Bai1|Datapath:inst|MinMax:inst7|SubnBit:inst1|Sub1Bit:inst6|inst7                                               ; |Bai1|Datapath:inst|MinMax:inst7|SubnBit:inst1|Sub1Bit:inst6|inst7                                               ; out0             ;
; |Bai1|Datapath:inst|MinMax:inst7|SubnBit:inst1|Sub1Bit:inst6|inst12                                              ; |Bai1|Datapath:inst|MinMax:inst7|SubnBit:inst1|Sub1Bit:inst6|inst12                                              ; out0             ;
; |Bai1|Datapath:inst|MinMax:inst7|SubnBit:inst1|Sub1Bit:inst6|inst10                                              ; |Bai1|Datapath:inst|MinMax:inst7|SubnBit:inst1|Sub1Bit:inst6|inst10                                              ; out0             ;
; |Bai1|Datapath:inst|MinMax:inst7|SubnBit:inst1|Sub1Bit:inst6|inst11                                              ; |Bai1|Datapath:inst|MinMax:inst7|SubnBit:inst1|Sub1Bit:inst6|inst11                                              ; out0             ;
; |Bai1|Datapath:inst|MinMax:inst7|SubnBit:inst1|Sub1Bit:inst7|inst7                                               ; |Bai1|Datapath:inst|MinMax:inst7|SubnBit:inst1|Sub1Bit:inst7|inst7                                               ; out0             ;
; |Bai1|Datapath:inst|MinMax:inst7|SubnBit:inst1|Sub1Bit:inst7|inst12                                              ; |Bai1|Datapath:inst|MinMax:inst7|SubnBit:inst1|Sub1Bit:inst7|inst12                                              ; out0             ;
; |Bai1|Datapath:inst|MinMax:inst7|SubnBit:inst1|Sub1Bit:inst7|inst11                                              ; |Bai1|Datapath:inst|MinMax:inst7|SubnBit:inst1|Sub1Bit:inst7|inst11                                              ; out0             ;
; |Bai1|Datapath:inst|MinMax:inst7|SubnBit:inst1|Sub1Bit:inst3|inst7                                               ; |Bai1|Datapath:inst|MinMax:inst7|SubnBit:inst1|Sub1Bit:inst3|inst7                                               ; out0             ;
; |Bai1|Datapath:inst|MinMax:inst7|SubnBit:inst1|Sub1Bit:inst3|inst12                                              ; |Bai1|Datapath:inst|MinMax:inst7|SubnBit:inst1|Sub1Bit:inst3|inst12                                              ; out0             ;
; |Bai1|Datapath:inst|MinMax:inst7|SubnBit:inst1|Sub1Bit:inst3|inst10                                              ; |Bai1|Datapath:inst|MinMax:inst7|SubnBit:inst1|Sub1Bit:inst3|inst10                                              ; out0             ;
; |Bai1|Datapath:inst|MinMax:inst7|SubnBit:inst1|Sub1Bit:inst3|inst11                                              ; |Bai1|Datapath:inst|MinMax:inst7|SubnBit:inst1|Sub1Bit:inst3|inst11                                              ; out0             ;
; |Bai1|Datapath:inst|MinMax:inst7|SubnBit:inst1|Sub1Bit:inst2|inst12                                              ; |Bai1|Datapath:inst|MinMax:inst7|SubnBit:inst1|Sub1Bit:inst2|inst12                                              ; out0             ;
; |Bai1|Datapath:inst|MinMax:inst7|SubnBit:inst1|Sub1Bit:inst2|inst11                                              ; |Bai1|Datapath:inst|MinMax:inst7|SubnBit:inst1|Sub1Bit:inst2|inst11                                              ; out0             ;
; |Bai1|Datapath:inst|MinMax:inst7|SubnBit:inst1|Sub1Bit:inst1|inst12                                              ; |Bai1|Datapath:inst|MinMax:inst7|SubnBit:inst1|Sub1Bit:inst1|inst12                                              ; out0             ;
; |Bai1|Datapath:inst|MinMax:inst7|SubnBit:inst1|Sub1Bit:inst1|inst11                                              ; |Bai1|Datapath:inst|MinMax:inst7|SubnBit:inst1|Sub1Bit:inst1|inst11                                              ; out0             ;
; |Bai1|Datapath:inst|MinMax:inst7|SubnBit:inst1|Sub1Bit:inst|inst                                                 ; |Bai1|Datapath:inst|MinMax:inst7|SubnBit:inst1|Sub1Bit:inst|inst                                                 ; out0             ;
; |Bai1|Datapath:inst|MinMax:inst7|busmux:inst|lpm_mux:$00000|mux_smc:auto_generated|result_node[4]~6              ; |Bai1|Datapath:inst|MinMax:inst7|busmux:inst|lpm_mux:$00000|mux_smc:auto_generated|result_node[4]~6              ; out0             ;
; |Bai1|Datapath:inst|MinMax:inst7|busmux:inst|lpm_mux:$00000|mux_smc:auto_generated|result_node[4]~7              ; |Bai1|Datapath:inst|MinMax:inst7|busmux:inst|lpm_mux:$00000|mux_smc:auto_generated|result_node[4]~7              ; out0             ;
; |Bai1|Datapath:inst|MinMax:inst7|busmux:inst|lpm_mux:$00000|mux_smc:auto_generated|result_node[4]                ; |Bai1|Datapath:inst|MinMax:inst7|busmux:inst|lpm_mux:$00000|mux_smc:auto_generated|result_node[4]                ; out0             ;
; |Bai1|Datapath:inst|MinMax:inst7|busmux:inst|lpm_mux:$00000|mux_smc:auto_generated|result_node[3]~8              ; |Bai1|Datapath:inst|MinMax:inst7|busmux:inst|lpm_mux:$00000|mux_smc:auto_generated|result_node[3]~8              ; out0             ;
; |Bai1|Datapath:inst|MinMax:inst7|busmux:inst|lpm_mux:$00000|mux_smc:auto_generated|result_node[3]~9              ; |Bai1|Datapath:inst|MinMax:inst7|busmux:inst|lpm_mux:$00000|mux_smc:auto_generated|result_node[3]~9              ; out0             ;
; |Bai1|Datapath:inst|MinMax:inst7|busmux:inst|lpm_mux:$00000|mux_smc:auto_generated|result_node[3]                ; |Bai1|Datapath:inst|MinMax:inst7|busmux:inst|lpm_mux:$00000|mux_smc:auto_generated|result_node[3]                ; out0             ;
; |Bai1|Datapath:inst|MinMax:inst7|busmux:inst|lpm_mux:$00000|mux_smc:auto_generated|result_node[2]~10             ; |Bai1|Datapath:inst|MinMax:inst7|busmux:inst|lpm_mux:$00000|mux_smc:auto_generated|result_node[2]~10             ; out0             ;
; |Bai1|Datapath:inst|MinMax:inst7|busmux:inst|lpm_mux:$00000|mux_smc:auto_generated|result_node[2]~11             ; |Bai1|Datapath:inst|MinMax:inst7|busmux:inst|lpm_mux:$00000|mux_smc:auto_generated|result_node[2]~11             ; out0             ;
; |Bai1|Datapath:inst|MinMax:inst7|busmux:inst|lpm_mux:$00000|mux_smc:auto_generated|result_node[2]                ; |Bai1|Datapath:inst|MinMax:inst7|busmux:inst|lpm_mux:$00000|mux_smc:auto_generated|result_node[2]                ; out0             ;
; |Bai1|Datapath:inst|MinMax:inst7|busmux:inst|lpm_mux:$00000|mux_smc:auto_generated|result_node[1]~12             ; |Bai1|Datapath:inst|MinMax:inst7|busmux:inst|lpm_mux:$00000|mux_smc:auto_generated|result_node[1]~12             ; out0             ;
; |Bai1|Datapath:inst|MinMax:inst7|busmux:inst|lpm_mux:$00000|mux_smc:auto_generated|result_node[1]~13             ; |Bai1|Datapath:inst|MinMax:inst7|busmux:inst|lpm_mux:$00000|mux_smc:auto_generated|result_node[1]~13             ; out0             ;
; |Bai1|Datapath:inst|MinMax:inst7|busmux:inst|lpm_mux:$00000|mux_smc:auto_generated|result_node[1]                ; |Bai1|Datapath:inst|MinMax:inst7|busmux:inst|lpm_mux:$00000|mux_smc:auto_generated|result_node[1]                ; out0             ;
; |Bai1|Datapath:inst|MinMax:inst7|busmux:inst|lpm_mux:$00000|mux_smc:auto_generated|result_node[0]~14             ; |Bai1|Datapath:inst|MinMax:inst7|busmux:inst|lpm_mux:$00000|mux_smc:auto_generated|result_node[0]~14             ; out0             ;
; |Bai1|Datapath:inst|MinMax:inst7|busmux:inst|lpm_mux:$00000|mux_smc:auto_generated|result_node[0]~15             ; |Bai1|Datapath:inst|MinMax:inst7|busmux:inst|lpm_mux:$00000|mux_smc:auto_generated|result_node[0]~15             ; out0             ;
; |Bai1|Datapath:inst|MinMax:inst7|busmux:inst|lpm_mux:$00000|mux_smc:auto_generated|result_node[0]                ; |Bai1|Datapath:inst|MinMax:inst7|busmux:inst|lpm_mux:$00000|mux_smc:auto_generated|result_node[0]                ; out0             ;
; |Bai1|Datapath:inst|TriTuyetDoi:inst6|SubnBit:inst1|Sub1Bit:inst5|inst12                                         ; |Bai1|Datapath:inst|TriTuyetDoi:inst6|SubnBit:inst1|Sub1Bit:inst5|inst12                                         ; out0             ;
; |Bai1|Datapath:inst|TriTuyetDoi:inst6|SubnBit:inst1|Sub1Bit:inst6|inst                                           ; |Bai1|Datapath:inst|TriTuyetDoi:inst6|SubnBit:inst1|Sub1Bit:inst6|inst                                           ; out0             ;
; |Bai1|Datapath:inst|TriTuyetDoi:inst6|SubnBit:inst1|Sub1Bit:inst6|inst12                                         ; |Bai1|Datapath:inst|TriTuyetDoi:inst6|SubnBit:inst1|Sub1Bit:inst6|inst12                                         ; out0             ;
; |Bai1|Datapath:inst|TriTuyetDoi:inst6|SubnBit:inst1|Sub1Bit:inst6|inst11                                         ; |Bai1|Datapath:inst|TriTuyetDoi:inst6|SubnBit:inst1|Sub1Bit:inst6|inst11                                         ; out0             ;
; |Bai1|Datapath:inst|TriTuyetDoi:inst6|SubnBit:inst1|Sub1Bit:inst7|inst                                           ; |Bai1|Datapath:inst|TriTuyetDoi:inst6|SubnBit:inst1|Sub1Bit:inst7|inst                                           ; out0             ;
; |Bai1|Datapath:inst|TriTuyetDoi:inst6|SubnBit:inst1|Sub1Bit:inst7|inst12                                         ; |Bai1|Datapath:inst|TriTuyetDoi:inst6|SubnBit:inst1|Sub1Bit:inst7|inst12                                         ; out0             ;
; |Bai1|Datapath:inst|TriTuyetDoi:inst6|SubnBit:inst1|Sub1Bit:inst7|inst11                                         ; |Bai1|Datapath:inst|TriTuyetDoi:inst6|SubnBit:inst1|Sub1Bit:inst7|inst11                                         ; out0             ;
; |Bai1|Datapath:inst|TriTuyetDoi:inst6|SubnBit:inst1|Sub1Bit:inst3|inst                                           ; |Bai1|Datapath:inst|TriTuyetDoi:inst6|SubnBit:inst1|Sub1Bit:inst3|inst                                           ; out0             ;
; |Bai1|Datapath:inst|TriTuyetDoi:inst6|SubnBit:inst1|Sub1Bit:inst3|inst12                                         ; |Bai1|Datapath:inst|TriTuyetDoi:inst6|SubnBit:inst1|Sub1Bit:inst3|inst12                                         ; out0             ;
; |Bai1|Datapath:inst|TriTuyetDoi:inst6|SubnBit:inst1|Sub1Bit:inst3|inst11                                         ; |Bai1|Datapath:inst|TriTuyetDoi:inst6|SubnBit:inst1|Sub1Bit:inst3|inst11                                         ; out0             ;
; |Bai1|Datapath:inst|TriTuyetDoi:inst6|SubnBit:inst1|Sub1Bit:inst2|inst                                           ; |Bai1|Datapath:inst|TriTuyetDoi:inst6|SubnBit:inst1|Sub1Bit:inst2|inst                                           ; out0             ;
; |Bai1|Datapath:inst|TriTuyetDoi:inst6|SubnBit:inst1|Sub1Bit:inst2|inst12                                         ; |Bai1|Datapath:inst|TriTuyetDoi:inst6|SubnBit:inst1|Sub1Bit:inst2|inst12                                         ; out0             ;
; |Bai1|Datapath:inst|TriTuyetDoi:inst6|SubnBit:inst1|Sub1Bit:inst2|inst11                                         ; |Bai1|Datapath:inst|TriTuyetDoi:inst6|SubnBit:inst1|Sub1Bit:inst2|inst11                                         ; out0             ;
; |Bai1|Datapath:inst|TriTuyetDoi:inst6|SubnBit:inst1|Sub1Bit:inst1|inst                                           ; |Bai1|Datapath:inst|TriTuyetDoi:inst6|SubnBit:inst1|Sub1Bit:inst1|inst                                           ; out0             ;
; |Bai1|Datapath:inst|TriTuyetDoi:inst6|SubnBit:inst1|Sub1Bit:inst1|inst12                                         ; |Bai1|Datapath:inst|TriTuyetDoi:inst6|SubnBit:inst1|Sub1Bit:inst1|inst12                                         ; out0             ;
; |Bai1|Datapath:inst|TriTuyetDoi:inst6|SubnBit:inst1|Sub1Bit:inst1|inst11                                         ; |Bai1|Datapath:inst|TriTuyetDoi:inst6|SubnBit:inst1|Sub1Bit:inst1|inst11                                         ; out0             ;
; |Bai1|Datapath:inst|TriTuyetDoi:inst6|SubnBit:inst1|Sub1Bit:inst|inst                                            ; |Bai1|Datapath:inst|TriTuyetDoi:inst6|SubnBit:inst1|Sub1Bit:inst|inst                                            ; out0             ;
; |Bai1|Datapath:inst|TriTuyetDoi:inst6|busmux:inst|lpm_mux:$00000|mux_smc:auto_generated|result_node[4]~7         ; |Bai1|Datapath:inst|TriTuyetDoi:inst6|busmux:inst|lpm_mux:$00000|mux_smc:auto_generated|result_node[4]~7         ; out0             ;
; |Bai1|Datapath:inst|TriTuyetDoi:inst6|busmux:inst|lpm_mux:$00000|mux_smc:auto_generated|result_node[4]           ; |Bai1|Datapath:inst|TriTuyetDoi:inst6|busmux:inst|lpm_mux:$00000|mux_smc:auto_generated|result_node[4]           ; out0             ;
; |Bai1|Datapath:inst|TriTuyetDoi:inst6|busmux:inst|lpm_mux:$00000|mux_smc:auto_generated|result_node[3]~9         ; |Bai1|Datapath:inst|TriTuyetDoi:inst6|busmux:inst|lpm_mux:$00000|mux_smc:auto_generated|result_node[3]~9         ; out0             ;
; |Bai1|Datapath:inst|TriTuyetDoi:inst6|busmux:inst|lpm_mux:$00000|mux_smc:auto_generated|result_node[3]           ; |Bai1|Datapath:inst|TriTuyetDoi:inst6|busmux:inst|lpm_mux:$00000|mux_smc:auto_generated|result_node[3]           ; out0             ;
; |Bai1|Datapath:inst|TriTuyetDoi:inst6|busmux:inst|lpm_mux:$00000|mux_smc:auto_generated|result_node[2]~11        ; |Bai1|Datapath:inst|TriTuyetDoi:inst6|busmux:inst|lpm_mux:$00000|mux_smc:auto_generated|result_node[2]~11        ; out0             ;
; |Bai1|Datapath:inst|TriTuyetDoi:inst6|busmux:inst|lpm_mux:$00000|mux_smc:auto_generated|result_node[2]           ; |Bai1|Datapath:inst|TriTuyetDoi:inst6|busmux:inst|lpm_mux:$00000|mux_smc:auto_generated|result_node[2]           ; out0             ;
; |Bai1|Datapath:inst|TriTuyetDoi:inst6|busmux:inst|lpm_mux:$00000|mux_smc:auto_generated|result_node[1]~13        ; |Bai1|Datapath:inst|TriTuyetDoi:inst6|busmux:inst|lpm_mux:$00000|mux_smc:auto_generated|result_node[1]~13        ; out0             ;
; |Bai1|Datapath:inst|TriTuyetDoi:inst6|busmux:inst|lpm_mux:$00000|mux_smc:auto_generated|result_node[1]           ; |Bai1|Datapath:inst|TriTuyetDoi:inst6|busmux:inst|lpm_mux:$00000|mux_smc:auto_generated|result_node[1]           ; out0             ;
; |Bai1|Datapath:inst|TriTuyetDoi:inst6|busmux:inst|lpm_mux:$00000|mux_smc:auto_generated|result_node[0]~15        ; |Bai1|Datapath:inst|TriTuyetDoi:inst6|busmux:inst|lpm_mux:$00000|mux_smc:auto_generated|result_node[0]~15        ; out0             ;
; |Bai1|Datapath:inst|TriTuyetDoi:inst6|busmux:inst|lpm_mux:$00000|mux_smc:auto_generated|result_node[0]           ; |Bai1|Datapath:inst|TriTuyetDoi:inst6|busmux:inst|lpm_mux:$00000|mux_smc:auto_generated|result_node[0]           ; out0             ;
; |Bai1|Datapath:inst|Mux81:inst4|Mux41:inst1|busmux:inst|lpm_mux:$00000|mux_smc:auto_generated|result_node[7]~1   ; |Bai1|Datapath:inst|Mux81:inst4|Mux41:inst1|busmux:inst|lpm_mux:$00000|mux_smc:auto_generated|result_node[7]~1   ; out0             ;
; |Bai1|Datapath:inst|Mux81:inst4|Mux41:inst1|busmux:inst|lpm_mux:$00000|mux_smc:auto_generated|result_node[6]~3   ; |Bai1|Datapath:inst|Mux81:inst4|Mux41:inst1|busmux:inst|lpm_mux:$00000|mux_smc:auto_generated|result_node[6]~3   ; out0             ;
; |Bai1|Datapath:inst|Mux81:inst4|Mux41:inst1|busmux:inst|lpm_mux:$00000|mux_smc:auto_generated|result_node[5]~5   ; |Bai1|Datapath:inst|Mux81:inst4|Mux41:inst1|busmux:inst|lpm_mux:$00000|mux_smc:auto_generated|result_node[5]~5   ; out0             ;
; |Bai1|Datapath:inst|Mux81:inst4|Mux41:inst1|busmux:inst|lpm_mux:$00000|mux_smc:auto_generated|result_node[4]~7   ; |Bai1|Datapath:inst|Mux81:inst4|Mux41:inst1|busmux:inst|lpm_mux:$00000|mux_smc:auto_generated|result_node[4]~7   ; out0             ;
; |Bai1|Datapath:inst|Mux81:inst4|Mux41:inst1|busmux:inst|lpm_mux:$00000|mux_smc:auto_generated|result_node[4]     ; |Bai1|Datapath:inst|Mux81:inst4|Mux41:inst1|busmux:inst|lpm_mux:$00000|mux_smc:auto_generated|result_node[4]     ; out0             ;
; |Bai1|Datapath:inst|Mux81:inst4|Mux41:inst1|busmux:inst|lpm_mux:$00000|mux_smc:auto_generated|result_node[3]~9   ; |Bai1|Datapath:inst|Mux81:inst4|Mux41:inst1|busmux:inst|lpm_mux:$00000|mux_smc:auto_generated|result_node[3]~9   ; out0             ;
; |Bai1|Datapath:inst|Mux81:inst4|Mux41:inst1|busmux:inst|lpm_mux:$00000|mux_smc:auto_generated|result_node[3]     ; |Bai1|Datapath:inst|Mux81:inst4|Mux41:inst1|busmux:inst|lpm_mux:$00000|mux_smc:auto_generated|result_node[3]     ; out0             ;
; |Bai1|Datapath:inst|Mux81:inst4|Mux41:inst1|busmux:inst|lpm_mux:$00000|mux_smc:auto_generated|result_node[2]~11  ; |Bai1|Datapath:inst|Mux81:inst4|Mux41:inst1|busmux:inst|lpm_mux:$00000|mux_smc:auto_generated|result_node[2]~11  ; out0             ;
; |Bai1|Datapath:inst|Mux81:inst4|Mux41:inst1|busmux:inst|lpm_mux:$00000|mux_smc:auto_generated|result_node[2]     ; |Bai1|Datapath:inst|Mux81:inst4|Mux41:inst1|busmux:inst|lpm_mux:$00000|mux_smc:auto_generated|result_node[2]     ; out0             ;
; |Bai1|Datapath:inst|Mux81:inst4|Mux41:inst1|busmux:inst|lpm_mux:$00000|mux_smc:auto_generated|result_node[1]~12  ; |Bai1|Datapath:inst|Mux81:inst4|Mux41:inst1|busmux:inst|lpm_mux:$00000|mux_smc:auto_generated|result_node[1]~12  ; out0             ;
; |Bai1|Datapath:inst|Mux81:inst4|Mux41:inst1|busmux:inst|lpm_mux:$00000|mux_smc:auto_generated|result_node[1]~13  ; |Bai1|Datapath:inst|Mux81:inst4|Mux41:inst1|busmux:inst|lpm_mux:$00000|mux_smc:auto_generated|result_node[1]~13  ; out0             ;
; |Bai1|Datapath:inst|Mux81:inst4|Mux41:inst1|busmux:inst|lpm_mux:$00000|mux_smc:auto_generated|result_node[1]     ; |Bai1|Datapath:inst|Mux81:inst4|Mux41:inst1|busmux:inst|lpm_mux:$00000|mux_smc:auto_generated|result_node[1]     ; out0             ;
; |Bai1|Datapath:inst|Mux81:inst4|Mux41:inst1|busmux:inst|lpm_mux:$00000|mux_smc:auto_generated|result_node[0]~14  ; |Bai1|Datapath:inst|Mux81:inst4|Mux41:inst1|busmux:inst|lpm_mux:$00000|mux_smc:auto_generated|result_node[0]~14  ; out0             ;
; |Bai1|Datapath:inst|Mux81:inst4|Mux41:inst1|busmux:inst|lpm_mux:$00000|mux_smc:auto_generated|result_node[0]~15  ; |Bai1|Datapath:inst|Mux81:inst4|Mux41:inst1|busmux:inst|lpm_mux:$00000|mux_smc:auto_generated|result_node[0]~15  ; out0             ;
; |Bai1|Datapath:inst|Mux81:inst4|Mux41:inst1|busmux:inst|lpm_mux:$00000|mux_smc:auto_generated|result_node[0]     ; |Bai1|Datapath:inst|Mux81:inst4|Mux41:inst1|busmux:inst|lpm_mux:$00000|mux_smc:auto_generated|result_node[0]     ; out0             ;
; |Bai1|Datapath:inst|Mux81:inst4|Mux41:inst1|busmux:inst2|lpm_mux:$00000|mux_smc:auto_generated|result_node[4]~7  ; |Bai1|Datapath:inst|Mux81:inst4|Mux41:inst1|busmux:inst2|lpm_mux:$00000|mux_smc:auto_generated|result_node[4]~7  ; out0             ;
; |Bai1|Datapath:inst|Mux81:inst4|Mux41:inst1|busmux:inst2|lpm_mux:$00000|mux_smc:auto_generated|result_node[3]~9  ; |Bai1|Datapath:inst|Mux81:inst4|Mux41:inst1|busmux:inst2|lpm_mux:$00000|mux_smc:auto_generated|result_node[3]~9  ; out0             ;
; |Bai1|Datapath:inst|Mux81:inst4|Mux41:inst1|busmux:inst2|lpm_mux:$00000|mux_smc:auto_generated|result_node[2]~11 ; |Bai1|Datapath:inst|Mux81:inst4|Mux41:inst1|busmux:inst2|lpm_mux:$00000|mux_smc:auto_generated|result_node[2]~11 ; out0             ;
; |Bai1|Datapath:inst|Mux81:inst4|Mux41:inst1|busmux:inst2|lpm_mux:$00000|mux_smc:auto_generated|result_node[1]~13 ; |Bai1|Datapath:inst|Mux81:inst4|Mux41:inst1|busmux:inst2|lpm_mux:$00000|mux_smc:auto_generated|result_node[1]~13 ; out0             ;
; |Bai1|Datapath:inst|Mux81:inst4|Mux41:inst1|busmux:inst2|lpm_mux:$00000|mux_smc:auto_generated|result_node[0]~15 ; |Bai1|Datapath:inst|Mux81:inst4|Mux41:inst1|busmux:inst2|lpm_mux:$00000|mux_smc:auto_generated|result_node[0]~15 ; out0             ;
; |Bai1|Datapath:inst|Mux81:inst4|Mux41:inst|busmux:inst1|lpm_mux:$00000|mux_smc:auto_generated|result_node[5]~4   ; |Bai1|Datapath:inst|Mux81:inst4|Mux41:inst|busmux:inst1|lpm_mux:$00000|mux_smc:auto_generated|result_node[5]~4   ; out0             ;
; |Bai1|Datapath:inst|Mux81:inst4|Mux41:inst|busmux:inst1|lpm_mux:$00000|mux_smc:auto_generated|result_node[5]     ; |Bai1|Datapath:inst|Mux81:inst4|Mux41:inst|busmux:inst1|lpm_mux:$00000|mux_smc:auto_generated|result_node[5]     ; out0             ;
; |Bai1|Datapath:inst|Mux81:inst4|Mux41:inst|busmux:inst1|lpm_mux:$00000|mux_smc:auto_generated|result_node[4]~6   ; |Bai1|Datapath:inst|Mux81:inst4|Mux41:inst|busmux:inst1|lpm_mux:$00000|mux_smc:auto_generated|result_node[4]~6   ; out0             ;
; |Bai1|Datapath:inst|Mux81:inst4|Mux41:inst|busmux:inst1|lpm_mux:$00000|mux_smc:auto_generated|result_node[4]~7   ; |Bai1|Datapath:inst|Mux81:inst4|Mux41:inst|busmux:inst1|lpm_mux:$00000|mux_smc:auto_generated|result_node[4]~7   ; out0             ;
; |Bai1|Datapath:inst|Mux81:inst4|Mux41:inst|busmux:inst1|lpm_mux:$00000|mux_smc:auto_generated|result_node[4]     ; |Bai1|Datapath:inst|Mux81:inst4|Mux41:inst|busmux:inst1|lpm_mux:$00000|mux_smc:auto_generated|result_node[4]     ; out0             ;
; |Bai1|Datapath:inst|Mux81:inst4|Mux41:inst|busmux:inst1|lpm_mux:$00000|mux_smc:auto_generated|result_node[3]~8   ; |Bai1|Datapath:inst|Mux81:inst4|Mux41:inst|busmux:inst1|lpm_mux:$00000|mux_smc:auto_generated|result_node[3]~8   ; out0             ;
; |Bai1|Datapath:inst|Mux81:inst4|Mux41:inst|busmux:inst1|lpm_mux:$00000|mux_smc:auto_generated|result_node[3]~9   ; |Bai1|Datapath:inst|Mux81:inst4|Mux41:inst|busmux:inst1|lpm_mux:$00000|mux_smc:auto_generated|result_node[3]~9   ; out0             ;
; |Bai1|Datapath:inst|Mux81:inst4|Mux41:inst|busmux:inst1|lpm_mux:$00000|mux_smc:auto_generated|result_node[3]     ; |Bai1|Datapath:inst|Mux81:inst4|Mux41:inst|busmux:inst1|lpm_mux:$00000|mux_smc:auto_generated|result_node[3]     ; out0             ;
; |Bai1|Datapath:inst|Mux81:inst4|Mux41:inst|busmux:inst1|lpm_mux:$00000|mux_smc:auto_generated|result_node[2]~10  ; |Bai1|Datapath:inst|Mux81:inst4|Mux41:inst|busmux:inst1|lpm_mux:$00000|mux_smc:auto_generated|result_node[2]~10  ; out0             ;
; |Bai1|Datapath:inst|Mux81:inst4|Mux41:inst|busmux:inst1|lpm_mux:$00000|mux_smc:auto_generated|result_node[2]~11  ; |Bai1|Datapath:inst|Mux81:inst4|Mux41:inst|busmux:inst1|lpm_mux:$00000|mux_smc:auto_generated|result_node[2]~11  ; out0             ;
; |Bai1|Datapath:inst|Mux81:inst4|Mux41:inst|busmux:inst1|lpm_mux:$00000|mux_smc:auto_generated|result_node[2]     ; |Bai1|Datapath:inst|Mux81:inst4|Mux41:inst|busmux:inst1|lpm_mux:$00000|mux_smc:auto_generated|result_node[2]     ; out0             ;
; |Bai1|Datapath:inst|Mux81:inst4|Mux41:inst|busmux:inst1|lpm_mux:$00000|mux_smc:auto_generated|result_node[1]~12  ; |Bai1|Datapath:inst|Mux81:inst4|Mux41:inst|busmux:inst1|lpm_mux:$00000|mux_smc:auto_generated|result_node[1]~12  ; out0             ;
; |Bai1|Datapath:inst|Mux81:inst4|Mux41:inst|busmux:inst1|lpm_mux:$00000|mux_smc:auto_generated|result_node[1]~13  ; |Bai1|Datapath:inst|Mux81:inst4|Mux41:inst|busmux:inst1|lpm_mux:$00000|mux_smc:auto_generated|result_node[1]~13  ; out0             ;
; |Bai1|Datapath:inst|Mux81:inst4|Mux41:inst|busmux:inst1|lpm_mux:$00000|mux_smc:auto_generated|result_node[1]     ; |Bai1|Datapath:inst|Mux81:inst4|Mux41:inst|busmux:inst1|lpm_mux:$00000|mux_smc:auto_generated|result_node[1]     ; out0             ;
; |Bai1|Datapath:inst|Mux81:inst4|Mux41:inst|busmux:inst1|lpm_mux:$00000|mux_smc:auto_generated|result_node[0]~14  ; |Bai1|Datapath:inst|Mux81:inst4|Mux41:inst|busmux:inst1|lpm_mux:$00000|mux_smc:auto_generated|result_node[0]~14  ; out0             ;
; |Bai1|Datapath:inst|Mux81:inst4|Mux41:inst|busmux:inst1|lpm_mux:$00000|mux_smc:auto_generated|result_node[0]~15  ; |Bai1|Datapath:inst|Mux81:inst4|Mux41:inst|busmux:inst1|lpm_mux:$00000|mux_smc:auto_generated|result_node[0]~15  ; out0             ;
; |Bai1|Datapath:inst|Mux81:inst4|Mux41:inst|busmux:inst1|lpm_mux:$00000|mux_smc:auto_generated|result_node[0]     ; |Bai1|Datapath:inst|Mux81:inst4|Mux41:inst|busmux:inst1|lpm_mux:$00000|mux_smc:auto_generated|result_node[0]     ; out0             ;
; |Bai1|Datapath:inst|Mux81:inst4|Mux41:inst|busmux:inst|lpm_mux:$00000|mux_smc:auto_generated|result_node[4]~6    ; |Bai1|Datapath:inst|Mux81:inst4|Mux41:inst|busmux:inst|lpm_mux:$00000|mux_smc:auto_generated|result_node[4]~6    ; out0             ;
; |Bai1|Datapath:inst|Mux81:inst4|Mux41:inst|busmux:inst|lpm_mux:$00000|mux_smc:auto_generated|result_node[4]~7    ; |Bai1|Datapath:inst|Mux81:inst4|Mux41:inst|busmux:inst|lpm_mux:$00000|mux_smc:auto_generated|result_node[4]~7    ; out0             ;
; |Bai1|Datapath:inst|Mux81:inst4|Mux41:inst|busmux:inst|lpm_mux:$00000|mux_smc:auto_generated|result_node[4]      ; |Bai1|Datapath:inst|Mux81:inst4|Mux41:inst|busmux:inst|lpm_mux:$00000|mux_smc:auto_generated|result_node[4]      ; out0             ;
; |Bai1|Datapath:inst|Mux81:inst4|Mux41:inst|busmux:inst|lpm_mux:$00000|mux_smc:auto_generated|result_node[3]~8    ; |Bai1|Datapath:inst|Mux81:inst4|Mux41:inst|busmux:inst|lpm_mux:$00000|mux_smc:auto_generated|result_node[3]~8    ; out0             ;
; |Bai1|Datapath:inst|Mux81:inst4|Mux41:inst|busmux:inst|lpm_mux:$00000|mux_smc:auto_generated|result_node[3]      ; |Bai1|Datapath:inst|Mux81:inst4|Mux41:inst|busmux:inst|lpm_mux:$00000|mux_smc:auto_generated|result_node[3]      ; out0             ;
; |Bai1|Datapath:inst|Mux81:inst4|Mux41:inst|busmux:inst|lpm_mux:$00000|mux_smc:auto_generated|result_node[2]~10   ; |Bai1|Datapath:inst|Mux81:inst4|Mux41:inst|busmux:inst|lpm_mux:$00000|mux_smc:auto_generated|result_node[2]~10   ; out0             ;
; |Bai1|Datapath:inst|Mux81:inst4|Mux41:inst|busmux:inst|lpm_mux:$00000|mux_smc:auto_generated|result_node[2]      ; |Bai1|Datapath:inst|Mux81:inst4|Mux41:inst|busmux:inst|lpm_mux:$00000|mux_smc:auto_generated|result_node[2]      ; out0             ;
; |Bai1|Datapath:inst|Mux81:inst4|Mux41:inst|busmux:inst|lpm_mux:$00000|mux_smc:auto_generated|result_node[1]~12   ; |Bai1|Datapath:inst|Mux81:inst4|Mux41:inst|busmux:inst|lpm_mux:$00000|mux_smc:auto_generated|result_node[1]~12   ; out0             ;
; |Bai1|Datapath:inst|Mux81:inst4|Mux41:inst|busmux:inst|lpm_mux:$00000|mux_smc:auto_generated|result_node[1]      ; |Bai1|Datapath:inst|Mux81:inst4|Mux41:inst|busmux:inst|lpm_mux:$00000|mux_smc:auto_generated|result_node[1]      ; out0             ;
; |Bai1|Datapath:inst|Mux81:inst4|Mux41:inst|busmux:inst|lpm_mux:$00000|mux_smc:auto_generated|result_node[0]~14   ; |Bai1|Datapath:inst|Mux81:inst4|Mux41:inst|busmux:inst|lpm_mux:$00000|mux_smc:auto_generated|result_node[0]~14   ; out0             ;
; |Bai1|Datapath:inst|Mux81:inst4|Mux41:inst|busmux:inst|lpm_mux:$00000|mux_smc:auto_generated|result_node[0]      ; |Bai1|Datapath:inst|Mux81:inst4|Mux41:inst|busmux:inst|lpm_mux:$00000|mux_smc:auto_generated|result_node[0]      ; out0             ;
; |Bai1|Datapath:inst|Mux81:inst4|Mux41:inst|busmux:inst2|lpm_mux:$00000|mux_smc:auto_generated|result_node[5]~4   ; |Bai1|Datapath:inst|Mux81:inst4|Mux41:inst|busmux:inst2|lpm_mux:$00000|mux_smc:auto_generated|result_node[5]~4   ; out0             ;
; |Bai1|Datapath:inst|Mux81:inst4|Mux41:inst|busmux:inst2|lpm_mux:$00000|mux_smc:auto_generated|result_node[5]     ; |Bai1|Datapath:inst|Mux81:inst4|Mux41:inst|busmux:inst2|lpm_mux:$00000|mux_smc:auto_generated|result_node[5]     ; out0             ;
; |Bai1|Datapath:inst|Mux81:inst4|Mux41:inst|busmux:inst2|lpm_mux:$00000|mux_smc:auto_generated|result_node[4]~6   ; |Bai1|Datapath:inst|Mux81:inst4|Mux41:inst|busmux:inst2|lpm_mux:$00000|mux_smc:auto_generated|result_node[4]~6   ; out0             ;
; |Bai1|Datapath:inst|Mux81:inst4|Mux41:inst|busmux:inst2|lpm_mux:$00000|mux_smc:auto_generated|result_node[4]~7   ; |Bai1|Datapath:inst|Mux81:inst4|Mux41:inst|busmux:inst2|lpm_mux:$00000|mux_smc:auto_generated|result_node[4]~7   ; out0             ;
; |Bai1|Datapath:inst|Mux81:inst4|Mux41:inst|busmux:inst2|lpm_mux:$00000|mux_smc:auto_generated|result_node[4]     ; |Bai1|Datapath:inst|Mux81:inst4|Mux41:inst|busmux:inst2|lpm_mux:$00000|mux_smc:auto_generated|result_node[4]     ; out0             ;
; |Bai1|Datapath:inst|Mux81:inst4|Mux41:inst|busmux:inst2|lpm_mux:$00000|mux_smc:auto_generated|result_node[3]~8   ; |Bai1|Datapath:inst|Mux81:inst4|Mux41:inst|busmux:inst2|lpm_mux:$00000|mux_smc:auto_generated|result_node[3]~8   ; out0             ;
; |Bai1|Datapath:inst|Mux81:inst4|Mux41:inst|busmux:inst2|lpm_mux:$00000|mux_smc:auto_generated|result_node[3]     ; |Bai1|Datapath:inst|Mux81:inst4|Mux41:inst|busmux:inst2|lpm_mux:$00000|mux_smc:auto_generated|result_node[3]     ; out0             ;
; |Bai1|Datapath:inst|Mux81:inst4|Mux41:inst|busmux:inst2|lpm_mux:$00000|mux_smc:auto_generated|result_node[2]~10  ; |Bai1|Datapath:inst|Mux81:inst4|Mux41:inst|busmux:inst2|lpm_mux:$00000|mux_smc:auto_generated|result_node[2]~10  ; out0             ;
; |Bai1|Datapath:inst|Mux81:inst4|Mux41:inst|busmux:inst2|lpm_mux:$00000|mux_smc:auto_generated|result_node[2]     ; |Bai1|Datapath:inst|Mux81:inst4|Mux41:inst|busmux:inst2|lpm_mux:$00000|mux_smc:auto_generated|result_node[2]     ; out0             ;
; |Bai1|Datapath:inst|Mux81:inst4|Mux41:inst|busmux:inst2|lpm_mux:$00000|mux_smc:auto_generated|result_node[1]~12  ; |Bai1|Datapath:inst|Mux81:inst4|Mux41:inst|busmux:inst2|lpm_mux:$00000|mux_smc:auto_generated|result_node[1]~12  ; out0             ;
; |Bai1|Datapath:inst|Mux81:inst4|Mux41:inst|busmux:inst2|lpm_mux:$00000|mux_smc:auto_generated|result_node[1]~13  ; |Bai1|Datapath:inst|Mux81:inst4|Mux41:inst|busmux:inst2|lpm_mux:$00000|mux_smc:auto_generated|result_node[1]~13  ; out0             ;
; |Bai1|Datapath:inst|Mux81:inst4|Mux41:inst|busmux:inst2|lpm_mux:$00000|mux_smc:auto_generated|result_node[1]     ; |Bai1|Datapath:inst|Mux81:inst4|Mux41:inst|busmux:inst2|lpm_mux:$00000|mux_smc:auto_generated|result_node[1]     ; out0             ;
; |Bai1|Datapath:inst|Mux81:inst4|Mux41:inst|busmux:inst2|lpm_mux:$00000|mux_smc:auto_generated|result_node[0]~14  ; |Bai1|Datapath:inst|Mux81:inst4|Mux41:inst|busmux:inst2|lpm_mux:$00000|mux_smc:auto_generated|result_node[0]~14  ; out0             ;
; |Bai1|Datapath:inst|Mux81:inst4|Mux41:inst|busmux:inst2|lpm_mux:$00000|mux_smc:auto_generated|result_node[0]~15  ; |Bai1|Datapath:inst|Mux81:inst4|Mux41:inst|busmux:inst2|lpm_mux:$00000|mux_smc:auto_generated|result_node[0]~15  ; out0             ;
; |Bai1|Datapath:inst|Mux81:inst4|Mux41:inst|busmux:inst2|lpm_mux:$00000|mux_smc:auto_generated|result_node[0]     ; |Bai1|Datapath:inst|Mux81:inst4|Mux41:inst|busmux:inst2|lpm_mux:$00000|mux_smc:auto_generated|result_node[0]     ; out0             ;
; |Bai1|Datapath:inst|Mux81:inst4|busmux:inst2|lpm_mux:$00000|mux_smc:auto_generated|result_node[4]~6              ; |Bai1|Datapath:inst|Mux81:inst4|busmux:inst2|lpm_mux:$00000|mux_smc:auto_generated|result_node[4]~6              ; out0             ;
; |Bai1|Datapath:inst|Mux81:inst4|busmux:inst2|lpm_mux:$00000|mux_smc:auto_generated|result_node[4]~7              ; |Bai1|Datapath:inst|Mux81:inst4|busmux:inst2|lpm_mux:$00000|mux_smc:auto_generated|result_node[4]~7              ; out0             ;
; |Bai1|Datapath:inst|Mux81:inst4|busmux:inst2|lpm_mux:$00000|mux_smc:auto_generated|result_node[4]                ; |Bai1|Datapath:inst|Mux81:inst4|busmux:inst2|lpm_mux:$00000|mux_smc:auto_generated|result_node[4]                ; out0             ;
; |Bai1|Datapath:inst|Mux81:inst4|busmux:inst2|lpm_mux:$00000|mux_smc:auto_generated|result_node[3]~8              ; |Bai1|Datapath:inst|Mux81:inst4|busmux:inst2|lpm_mux:$00000|mux_smc:auto_generated|result_node[3]~8              ; out0             ;
; |Bai1|Datapath:inst|Mux81:inst4|busmux:inst2|lpm_mux:$00000|mux_smc:auto_generated|result_node[3]~9              ; |Bai1|Datapath:inst|Mux81:inst4|busmux:inst2|lpm_mux:$00000|mux_smc:auto_generated|result_node[3]~9              ; out0             ;
; |Bai1|Datapath:inst|Mux81:inst4|busmux:inst2|lpm_mux:$00000|mux_smc:auto_generated|result_node[3]                ; |Bai1|Datapath:inst|Mux81:inst4|busmux:inst2|lpm_mux:$00000|mux_smc:auto_generated|result_node[3]                ; out0             ;
; |Bai1|Datapath:inst|Mux81:inst4|busmux:inst2|lpm_mux:$00000|mux_smc:auto_generated|result_node[2]~10             ; |Bai1|Datapath:inst|Mux81:inst4|busmux:inst2|lpm_mux:$00000|mux_smc:auto_generated|result_node[2]~10             ; out0             ;
; |Bai1|Datapath:inst|Mux81:inst4|busmux:inst2|lpm_mux:$00000|mux_smc:auto_generated|result_node[2]~11             ; |Bai1|Datapath:inst|Mux81:inst4|busmux:inst2|lpm_mux:$00000|mux_smc:auto_generated|result_node[2]~11             ; out0             ;
; |Bai1|Datapath:inst|Mux81:inst4|busmux:inst2|lpm_mux:$00000|mux_smc:auto_generated|result_node[2]                ; |Bai1|Datapath:inst|Mux81:inst4|busmux:inst2|lpm_mux:$00000|mux_smc:auto_generated|result_node[2]                ; out0             ;
; |Bai1|Datapath:inst|Mux81:inst4|busmux:inst2|lpm_mux:$00000|mux_smc:auto_generated|result_node[1]~12             ; |Bai1|Datapath:inst|Mux81:inst4|busmux:inst2|lpm_mux:$00000|mux_smc:auto_generated|result_node[1]~12             ; out0             ;
; |Bai1|Datapath:inst|Mux81:inst4|busmux:inst2|lpm_mux:$00000|mux_smc:auto_generated|result_node[1]~13             ; |Bai1|Datapath:inst|Mux81:inst4|busmux:inst2|lpm_mux:$00000|mux_smc:auto_generated|result_node[1]~13             ; out0             ;
; |Bai1|Datapath:inst|Mux81:inst4|busmux:inst2|lpm_mux:$00000|mux_smc:auto_generated|result_node[1]                ; |Bai1|Datapath:inst|Mux81:inst4|busmux:inst2|lpm_mux:$00000|mux_smc:auto_generated|result_node[1]                ; out0             ;
; |Bai1|Datapath:inst|Mux81:inst4|busmux:inst2|lpm_mux:$00000|mux_smc:auto_generated|result_node[0]~14             ; |Bai1|Datapath:inst|Mux81:inst4|busmux:inst2|lpm_mux:$00000|mux_smc:auto_generated|result_node[0]~14             ; out0             ;
; |Bai1|Datapath:inst|Mux81:inst4|busmux:inst2|lpm_mux:$00000|mux_smc:auto_generated|result_node[0]~15             ; |Bai1|Datapath:inst|Mux81:inst4|busmux:inst2|lpm_mux:$00000|mux_smc:auto_generated|result_node[0]~15             ; out0             ;
; |Bai1|Datapath:inst|Mux81:inst4|busmux:inst2|lpm_mux:$00000|mux_smc:auto_generated|result_node[0]                ; |Bai1|Datapath:inst|Mux81:inst4|busmux:inst2|lpm_mux:$00000|mux_smc:auto_generated|result_node[0]                ; out0             ;
; |Bai1|Datapath:inst|Register8x8:inst1|Y[3]                                                                       ; |Bai1|Datapath:inst|Register8x8:inst1|Y[3]                                                                       ; out0             ;
; |Bai1|Datapath:inst|Register8x8:inst1|Y[2]                                                                       ; |Bai1|Datapath:inst|Register8x8:inst1|Y[2]                                                                       ; out0             ;
; |Bai1|Datapath:inst|Register8x8:inst1|Y[1]                                                                       ; |Bai1|Datapath:inst|Register8x8:inst1|Y[1]                                                                       ; out0             ;
; |Bai1|Datapath:inst|Register8x8:inst1|Y[0]                                                                       ; |Bai1|Datapath:inst|Register8x8:inst1|Y[0]                                                                       ; out0             ;
; |Bai1|Datapath:inst|Register8x8:inst1|inst6                                                                      ; |Bai1|Datapath:inst|Register8x8:inst1|inst6                                                                      ; out0             ;
; |Bai1|Datapath:inst|Register8x8:inst1|inst7                                                                      ; |Bai1|Datapath:inst|Register8x8:inst1|inst7                                                                      ; out0             ;
; |Bai1|Datapath:inst|Register8x8:inst1|Y[4]                                                                       ; |Bai1|Datapath:inst|Register8x8:inst1|Y[4]                                                                       ; out0             ;
; |Bai1|Datapath:inst|Register8x8:inst1|register:inst2|RFC:inst14|inst4                                            ; |Bai1|Datapath:inst|Register8x8:inst1|register:inst2|RFC:inst14|inst4                                            ; out0             ;
; |Bai1|Datapath:inst|Register8x8:inst1|register:inst2|RFC:inst14|inst3                                            ; |Bai1|Datapath:inst|Register8x8:inst1|register:inst2|RFC:inst14|inst3                                            ; out0             ;
; |Bai1|Datapath:inst|Register8x8:inst1|register:inst2|RFC:inst10|inst4                                            ; |Bai1|Datapath:inst|Register8x8:inst1|register:inst2|RFC:inst10|inst4                                            ; out0             ;
; |Bai1|Datapath:inst|Register8x8:inst1|register:inst2|RFC:inst10|inst3                                            ; |Bai1|Datapath:inst|Register8x8:inst1|register:inst2|RFC:inst10|inst3                                            ; out0             ;
; |Bai1|Datapath:inst|Register8x8:inst1|register:inst2|RFC:inst10|inst2                                            ; |Bai1|Datapath:inst|Register8x8:inst1|register:inst2|RFC:inst10|inst2                                            ; out0             ;
; |Bai1|Datapath:inst|Register8x8:inst1|register:inst2|RFC:inst6|inst4                                             ; |Bai1|Datapath:inst|Register8x8:inst1|register:inst2|RFC:inst6|inst4                                             ; out0             ;
; |Bai1|Datapath:inst|Register8x8:inst1|register:inst2|RFC:inst6|inst3                                             ; |Bai1|Datapath:inst|Register8x8:inst1|register:inst2|RFC:inst6|inst3                                             ; out0             ;
; |Bai1|Datapath:inst|Register8x8:inst1|register:inst2|RFC:inst6|inst2                                             ; |Bai1|Datapath:inst|Register8x8:inst1|register:inst2|RFC:inst6|inst2                                             ; out0             ;
; |Bai1|Datapath:inst|Register8x8:inst1|register:inst2|Decoder2_4:inst20|inst1                                     ; |Bai1|Datapath:inst|Register8x8:inst1|register:inst2|Decoder2_4:inst20|inst1                                     ; out0             ;
; |Bai1|Datapath:inst|Register8x8:inst1|register:inst2|Decoder2_4:inst20|inst2                                     ; |Bai1|Datapath:inst|Register8x8:inst1|register:inst2|Decoder2_4:inst20|inst2                                     ; out0             ;
; |Bai1|Datapath:inst|Register8x8:inst1|register:inst2|Decoder2_4:inst20|inst3                                     ; |Bai1|Datapath:inst|Register8x8:inst1|register:inst2|Decoder2_4:inst20|inst3                                     ; out0             ;
; |Bai1|Datapath:inst|Register8x8:inst1|register:inst2|Decoder2_4:inst|inst                                        ; |Bai1|Datapath:inst|Register8x8:inst1|register:inst2|Decoder2_4:inst|inst                                        ; out0             ;
; |Bai1|Datapath:inst|Register8x8:inst1|register:inst2|Decoder2_4:inst|inst1                                       ; |Bai1|Datapath:inst|Register8x8:inst1|register:inst2|Decoder2_4:inst|inst1                                       ; out0             ;
; |Bai1|Datapath:inst|Register8x8:inst1|register:inst2|Decoder2_4:inst|inst2                                       ; |Bai1|Datapath:inst|Register8x8:inst1|register:inst2|Decoder2_4:inst|inst2                                       ; out0             ;
; |Bai1|Datapath:inst|Register8x8:inst1|register:inst2|Decoder2_4:inst|inst3                                       ; |Bai1|Datapath:inst|Register8x8:inst1|register:inst2|Decoder2_4:inst|inst3                                       ; out0             ;
; |Bai1|Datapath:inst|Register8x8:inst1|register:inst|RFC:inst18|inst4                                             ; |Bai1|Datapath:inst|Register8x8:inst1|register:inst|RFC:inst18|inst4                                             ; out0             ;
; |Bai1|Datapath:inst|Register8x8:inst1|register:inst|RFC:inst18|inst3                                             ; |Bai1|Datapath:inst|Register8x8:inst1|register:inst|RFC:inst18|inst3                                             ; out0             ;
; |Bai1|Datapath:inst|Register8x8:inst1|register:inst|RFC:inst14|inst1                                             ; |Bai1|Datapath:inst|Register8x8:inst1|register:inst|RFC:inst14|inst1                                             ; out              ;
; |Bai1|Datapath:inst|Register8x8:inst1|register:inst|RFC:inst14|inst3                                             ; |Bai1|Datapath:inst|Register8x8:inst1|register:inst|RFC:inst14|inst3                                             ; out0             ;
; |Bai1|Datapath:inst|Register8x8:inst1|register:inst|RFC:inst14|inst2                                             ; |Bai1|Datapath:inst|Register8x8:inst1|register:inst|RFC:inst14|inst2                                             ; out0             ;
; |Bai1|Datapath:inst|Register8x8:inst1|register:inst|RFC:inst10|inst4                                             ; |Bai1|Datapath:inst|Register8x8:inst1|register:inst|RFC:inst10|inst4                                             ; out0             ;
; |Bai1|Datapath:inst|Register8x8:inst1|register:inst|RFC:inst10|inst3                                             ; |Bai1|Datapath:inst|Register8x8:inst1|register:inst|RFC:inst10|inst3                                             ; out0             ;
; |Bai1|Datapath:inst|Register8x8:inst1|register:inst|RFC:inst10|inst2                                             ; |Bai1|Datapath:inst|Register8x8:inst1|register:inst|RFC:inst10|inst2                                             ; out0             ;
; |Bai1|Datapath:inst|Register8x8:inst1|register:inst|RFC:inst6|inst4                                              ; |Bai1|Datapath:inst|Register8x8:inst1|register:inst|RFC:inst6|inst4                                              ; out0             ;
; |Bai1|Datapath:inst|Register8x8:inst1|register:inst|RFC:inst6|inst3                                              ; |Bai1|Datapath:inst|Register8x8:inst1|register:inst|RFC:inst6|inst3                                              ; out0             ;
; |Bai1|Datapath:inst|Register8x8:inst1|register:inst|RFC:inst6|inst2                                              ; |Bai1|Datapath:inst|Register8x8:inst1|register:inst|RFC:inst6|inst2                                              ; out0             ;
; |Bai1|Datapath:inst|Register8x8:inst1|register:inst|Decoder2_4:inst20|inst                                       ; |Bai1|Datapath:inst|Register8x8:inst1|register:inst|Decoder2_4:inst20|inst                                       ; out0             ;
; |Bai1|Datapath:inst|Register8x8:inst1|register:inst|Decoder2_4:inst20|inst1                                      ; |Bai1|Datapath:inst|Register8x8:inst1|register:inst|Decoder2_4:inst20|inst1                                      ; out0             ;
; |Bai1|Datapath:inst|Register8x8:inst1|register:inst|Decoder2_4:inst20|inst2                                      ; |Bai1|Datapath:inst|Register8x8:inst1|register:inst|Decoder2_4:inst20|inst2                                      ; out0             ;
; |Bai1|Datapath:inst|Register8x8:inst1|register:inst|Decoder2_4:inst20|inst3                                      ; |Bai1|Datapath:inst|Register8x8:inst1|register:inst|Decoder2_4:inst20|inst3                                      ; out0             ;
; |Bai1|Datapath:inst|Register8x8:inst1|register:inst|Decoder2_4:inst|inst                                         ; |Bai1|Datapath:inst|Register8x8:inst1|register:inst|Decoder2_4:inst|inst                                         ; out0             ;
; |Bai1|Datapath:inst|Register8x8:inst1|register:inst|Decoder2_4:inst|inst1                                        ; |Bai1|Datapath:inst|Register8x8:inst1|register:inst|Decoder2_4:inst|inst1                                        ; out0             ;
; |Bai1|Datapath:inst|Register8x8:inst1|register:inst|Decoder2_4:inst|inst2                                        ; |Bai1|Datapath:inst|Register8x8:inst1|register:inst|Decoder2_4:inst|inst2                                        ; out0             ;
; |Bai1|Datapath:inst|Register8x8:inst1|register:inst|Decoder2_4:inst|inst3                                        ; |Bai1|Datapath:inst|Register8x8:inst1|register:inst|Decoder2_4:inst|inst3                                        ; out0             ;
; |Bai1|Datapath:inst|Register8x8:inst1|register:inst3|RFC:inst14|inst4                                            ; |Bai1|Datapath:inst|Register8x8:inst1|register:inst3|RFC:inst14|inst4                                            ; out0             ;
; |Bai1|Datapath:inst|Register8x8:inst1|register:inst3|RFC:inst14|inst3                                            ; |Bai1|Datapath:inst|Register8x8:inst1|register:inst3|RFC:inst14|inst3                                            ; out0             ;
; |Bai1|Datapath:inst|Register8x8:inst1|register:inst3|RFC:inst10|inst4                                            ; |Bai1|Datapath:inst|Register8x8:inst1|register:inst3|RFC:inst10|inst4                                            ; out0             ;
; |Bai1|Datapath:inst|Register8x8:inst1|register:inst3|RFC:inst10|inst3                                            ; |Bai1|Datapath:inst|Register8x8:inst1|register:inst3|RFC:inst10|inst3                                            ; out0             ;
; |Bai1|Datapath:inst|Register8x8:inst1|register:inst3|RFC:inst10|inst2                                            ; |Bai1|Datapath:inst|Register8x8:inst1|register:inst3|RFC:inst10|inst2                                            ; out0             ;
; |Bai1|Datapath:inst|Register8x8:inst1|register:inst3|RFC:inst6|inst4                                             ; |Bai1|Datapath:inst|Register8x8:inst1|register:inst3|RFC:inst6|inst4                                             ; out0             ;
; |Bai1|Datapath:inst|Register8x8:inst1|register:inst3|RFC:inst6|inst3                                             ; |Bai1|Datapath:inst|Register8x8:inst1|register:inst3|RFC:inst6|inst3                                             ; out0             ;
; |Bai1|Datapath:inst|Register8x8:inst1|register:inst3|RFC:inst6|inst2                                             ; |Bai1|Datapath:inst|Register8x8:inst1|register:inst3|RFC:inst6|inst2                                             ; out0             ;
; |Bai1|Datapath:inst|Register8x8:inst1|register:inst3|RFC:inst13|inst4                                            ; |Bai1|Datapath:inst|Register8x8:inst1|register:inst3|RFC:inst13|inst4                                            ; out0             ;
; |Bai1|Datapath:inst|Register8x8:inst1|register:inst3|RFC:inst13|inst3                                            ; |Bai1|Datapath:inst|Register8x8:inst1|register:inst3|RFC:inst13|inst3                                            ; out0             ;
; |Bai1|Datapath:inst|Register8x8:inst1|register:inst3|RFC:inst9|inst4                                             ; |Bai1|Datapath:inst|Register8x8:inst1|register:inst3|RFC:inst9|inst4                                             ; out0             ;
; |Bai1|Datapath:inst|Register8x8:inst1|register:inst3|RFC:inst9|inst3                                             ; |Bai1|Datapath:inst|Register8x8:inst1|register:inst3|RFC:inst9|inst3                                             ; out0             ;
; |Bai1|Datapath:inst|Register8x8:inst1|register:inst3|RFC:inst9|inst2                                             ; |Bai1|Datapath:inst|Register8x8:inst1|register:inst3|RFC:inst9|inst2                                             ; out0             ;
; |Bai1|Datapath:inst|Register8x8:inst1|register:inst3|RFC:inst5|inst3                                             ; |Bai1|Datapath:inst|Register8x8:inst1|register:inst3|RFC:inst5|inst3                                             ; out0             ;
; |Bai1|Datapath:inst|Register8x8:inst1|register:inst3|RFC:inst5|inst2                                             ; |Bai1|Datapath:inst|Register8x8:inst1|register:inst3|RFC:inst5|inst2                                             ; out0             ;
; |Bai1|Datapath:inst|Register8x8:inst1|register:inst3|RFC:inst8|inst4                                             ; |Bai1|Datapath:inst|Register8x8:inst1|register:inst3|RFC:inst8|inst4                                             ; out0             ;
; |Bai1|Datapath:inst|Register8x8:inst1|register:inst3|RFC:inst8|inst3                                             ; |Bai1|Datapath:inst|Register8x8:inst1|register:inst3|RFC:inst8|inst3                                             ; out0             ;
; |Bai1|Datapath:inst|Register8x8:inst1|register:inst3|RFC:inst8|inst2                                             ; |Bai1|Datapath:inst|Register8x8:inst1|register:inst3|RFC:inst8|inst2                                             ; out0             ;
; |Bai1|Datapath:inst|Register8x8:inst1|register:inst3|RFC:inst12|inst4                                            ; |Bai1|Datapath:inst|Register8x8:inst1|register:inst3|RFC:inst12|inst4                                            ; out0             ;
; |Bai1|Datapath:inst|Register8x8:inst1|register:inst3|RFC:inst12|inst3                                            ; |Bai1|Datapath:inst|Register8x8:inst1|register:inst3|RFC:inst12|inst3                                            ; out0             ;
; |Bai1|Datapath:inst|Register8x8:inst1|register:inst3|RFC:inst4|inst4                                             ; |Bai1|Datapath:inst|Register8x8:inst1|register:inst3|RFC:inst4|inst4                                             ; out0             ;
; |Bai1|Datapath:inst|Register8x8:inst1|register:inst3|RFC:inst4|inst3                                             ; |Bai1|Datapath:inst|Register8x8:inst1|register:inst3|RFC:inst4|inst3                                             ; out0             ;
; |Bai1|Datapath:inst|Register8x8:inst1|register:inst3|RFC:inst4|inst2                                             ; |Bai1|Datapath:inst|Register8x8:inst1|register:inst3|RFC:inst4|inst2                                             ; out0             ;
; |Bai1|Datapath:inst|Register8x8:inst1|register:inst3|RFC:inst11|inst4                                            ; |Bai1|Datapath:inst|Register8x8:inst1|register:inst3|RFC:inst11|inst4                                            ; out0             ;
; |Bai1|Datapath:inst|Register8x8:inst1|register:inst3|RFC:inst11|inst3                                            ; |Bai1|Datapath:inst|Register8x8:inst1|register:inst3|RFC:inst11|inst3                                            ; out0             ;
; |Bai1|Datapath:inst|Register8x8:inst1|register:inst3|RFC:inst7|inst4                                             ; |Bai1|Datapath:inst|Register8x8:inst1|register:inst3|RFC:inst7|inst4                                             ; out0             ;
; |Bai1|Datapath:inst|Register8x8:inst1|register:inst3|RFC:inst7|inst3                                             ; |Bai1|Datapath:inst|Register8x8:inst1|register:inst3|RFC:inst7|inst3                                             ; out0             ;
; |Bai1|Datapath:inst|Register8x8:inst1|register:inst3|RFC:inst7|inst2                                             ; |Bai1|Datapath:inst|Register8x8:inst1|register:inst3|RFC:inst7|inst2                                             ; out0             ;
; |Bai1|Datapath:inst|Register8x8:inst1|register:inst3|Decoder2_4:inst20|inst1                                     ; |Bai1|Datapath:inst|Register8x8:inst1|register:inst3|Decoder2_4:inst20|inst1                                     ; out0             ;
; |Bai1|Datapath:inst|Register8x8:inst1|register:inst3|Decoder2_4:inst20|inst2                                     ; |Bai1|Datapath:inst|Register8x8:inst1|register:inst3|Decoder2_4:inst20|inst2                                     ; out0             ;
; |Bai1|Datapath:inst|Register8x8:inst1|register:inst3|Decoder2_4:inst20|inst3                                     ; |Bai1|Datapath:inst|Register8x8:inst1|register:inst3|Decoder2_4:inst20|inst3                                     ; out0             ;
; |Bai1|Datapath:inst|Register8x8:inst1|register:inst3|Decoder2_4:inst|inst                                        ; |Bai1|Datapath:inst|Register8x8:inst1|register:inst3|Decoder2_4:inst|inst                                        ; out0             ;
; |Bai1|Datapath:inst|Register8x8:inst1|register:inst3|Decoder2_4:inst|inst1                                       ; |Bai1|Datapath:inst|Register8x8:inst1|register:inst3|Decoder2_4:inst|inst1                                       ; out0             ;
; |Bai1|Datapath:inst|Register8x8:inst1|register:inst3|Decoder2_4:inst|inst2                                       ; |Bai1|Datapath:inst|Register8x8:inst1|register:inst3|Decoder2_4:inst|inst2                                       ; out0             ;
; |Bai1|Datapath:inst|Register8x8:inst1|register:inst3|Decoder2_4:inst|inst3                                       ; |Bai1|Datapath:inst|Register8x8:inst1|register:inst3|Decoder2_4:inst|inst3                                       ; out0             ;
; |Bai1|Datapath:inst|Register8x8:inst1|register:inst3|RFC:inst3|inst4                                             ; |Bai1|Datapath:inst|Register8x8:inst1|register:inst3|RFC:inst3|inst4                                             ; out0             ;
; |Bai1|Datapath:inst|Register8x8:inst1|register:inst3|RFC:inst3|inst3                                             ; |Bai1|Datapath:inst|Register8x8:inst1|register:inst3|RFC:inst3|inst3                                             ; out0             ;
; |Bai1|Datapath:inst|Register8x8:inst1|register:inst1|RFC:inst18|inst4                                            ; |Bai1|Datapath:inst|Register8x8:inst1|register:inst1|RFC:inst18|inst4                                            ; out0             ;
; |Bai1|Datapath:inst|Register8x8:inst1|register:inst1|RFC:inst18|inst3                                            ; |Bai1|Datapath:inst|Register8x8:inst1|register:inst1|RFC:inst18|inst3                                            ; out0             ;
; |Bai1|Datapath:inst|Register8x8:inst1|register:inst1|RFC:inst18|inst2                                            ; |Bai1|Datapath:inst|Register8x8:inst1|register:inst1|RFC:inst18|inst2                                            ; out0             ;
; |Bai1|Datapath:inst|Register8x8:inst1|register:inst1|RFC:inst10|inst4                                            ; |Bai1|Datapath:inst|Register8x8:inst1|register:inst1|RFC:inst10|inst4                                            ; out0             ;
; |Bai1|Datapath:inst|Register8x8:inst1|register:inst1|RFC:inst10|inst3                                            ; |Bai1|Datapath:inst|Register8x8:inst1|register:inst1|RFC:inst10|inst3                                            ; out0             ;
; |Bai1|Datapath:inst|Register8x8:inst1|register:inst1|RFC:inst17|inst4                                            ; |Bai1|Datapath:inst|Register8x8:inst1|register:inst1|RFC:inst17|inst4                                            ; out0             ;
; |Bai1|Datapath:inst|Register8x8:inst1|register:inst1|RFC:inst17|inst3                                            ; |Bai1|Datapath:inst|Register8x8:inst1|register:inst1|RFC:inst17|inst3                                            ; out0             ;
; |Bai1|Datapath:inst|Register8x8:inst1|register:inst1|RFC:inst17|inst2                                            ; |Bai1|Datapath:inst|Register8x8:inst1|register:inst1|RFC:inst17|inst2                                            ; out0             ;
; |Bai1|Datapath:inst|Register8x8:inst1|register:inst1|RFC:inst9|inst4                                             ; |Bai1|Datapath:inst|Register8x8:inst1|register:inst1|RFC:inst9|inst4                                             ; out0             ;
; |Bai1|Datapath:inst|Register8x8:inst1|register:inst1|RFC:inst9|inst3                                             ; |Bai1|Datapath:inst|Register8x8:inst1|register:inst1|RFC:inst9|inst3                                             ; out0             ;
; |Bai1|Datapath:inst|Register8x8:inst1|register:inst1|Decoder2_4:inst20|inst                                      ; |Bai1|Datapath:inst|Register8x8:inst1|register:inst1|Decoder2_4:inst20|inst                                      ; out0             ;
; |Bai1|Datapath:inst|Register8x8:inst1|register:inst1|Decoder2_4:inst20|inst1                                     ; |Bai1|Datapath:inst|Register8x8:inst1|register:inst1|Decoder2_4:inst20|inst1                                     ; out0             ;
; |Bai1|Datapath:inst|Register8x8:inst1|register:inst1|Decoder2_4:inst20|inst2                                     ; |Bai1|Datapath:inst|Register8x8:inst1|register:inst1|Decoder2_4:inst20|inst2                                     ; out0             ;
; |Bai1|Datapath:inst|Register8x8:inst1|register:inst1|Decoder2_4:inst20|inst3                                     ; |Bai1|Datapath:inst|Register8x8:inst1|register:inst1|Decoder2_4:inst20|inst3                                     ; out0             ;
; |Bai1|Datapath:inst|Register8x8:inst1|register:inst1|Decoder2_4:inst|inst                                        ; |Bai1|Datapath:inst|Register8x8:inst1|register:inst1|Decoder2_4:inst|inst                                        ; out0             ;
; |Bai1|Datapath:inst|Register8x8:inst1|register:inst1|Decoder2_4:inst|inst1                                       ; |Bai1|Datapath:inst|Register8x8:inst1|register:inst1|Decoder2_4:inst|inst1                                       ; out0             ;
; |Bai1|Datapath:inst|Register8x8:inst1|register:inst1|Decoder2_4:inst|inst2                                       ; |Bai1|Datapath:inst|Register8x8:inst1|register:inst1|Decoder2_4:inst|inst2                                       ; out0             ;
; |Bai1|Datapath:inst|Register8x8:inst1|register:inst1|Decoder2_4:inst|inst3                                       ; |Bai1|Datapath:inst|Register8x8:inst1|register:inst1|Decoder2_4:inst|inst3                                       ; out0             ;
; |Bai1|Datapath:inst|Register8x8:inst1|register:inst1|RFC:inst3|inst4                                             ; |Bai1|Datapath:inst|Register8x8:inst1|register:inst1|RFC:inst3|inst4                                             ; out0             ;
; |Bai1|Datapath:inst|Register8x8:inst1|register:inst1|RFC:inst3|inst3                                             ; |Bai1|Datapath:inst|Register8x8:inst1|register:inst1|RFC:inst3|inst3                                             ; out0             ;
; |Bai1|Datapath:inst|MinMax:inst8|SubnBit:inst1|Sub1Bit:inst4|inst10                                              ; |Bai1|Datapath:inst|MinMax:inst8|SubnBit:inst1|Sub1Bit:inst4|inst10                                              ; out0             ;
; |Bai1|Datapath:inst|MinMax:inst8|SubnBit:inst1|Sub1Bit:inst5|inst7                                               ; |Bai1|Datapath:inst|MinMax:inst8|SubnBit:inst1|Sub1Bit:inst5|inst7                                               ; out0             ;
; |Bai1|Datapath:inst|MinMax:inst8|SubnBit:inst1|Sub1Bit:inst5|inst12                                              ; |Bai1|Datapath:inst|MinMax:inst8|SubnBit:inst1|Sub1Bit:inst5|inst12                                              ; out0             ;
; |Bai1|Datapath:inst|MinMax:inst8|SubnBit:inst1|Sub1Bit:inst5|inst10                                              ; |Bai1|Datapath:inst|MinMax:inst8|SubnBit:inst1|Sub1Bit:inst5|inst10                                              ; out0             ;
; |Bai1|Datapath:inst|MinMax:inst8|SubnBit:inst1|Sub1Bit:inst5|inst11                                              ; |Bai1|Datapath:inst|MinMax:inst8|SubnBit:inst1|Sub1Bit:inst5|inst11                                              ; out0             ;
; |Bai1|Datapath:inst|MinMax:inst8|SubnBit:inst1|Sub1Bit:inst6|inst7                                               ; |Bai1|Datapath:inst|MinMax:inst8|SubnBit:inst1|Sub1Bit:inst6|inst7                                               ; out0             ;
; |Bai1|Datapath:inst|MinMax:inst8|SubnBit:inst1|Sub1Bit:inst6|inst12                                              ; |Bai1|Datapath:inst|MinMax:inst8|SubnBit:inst1|Sub1Bit:inst6|inst12                                              ; out0             ;
; |Bai1|Datapath:inst|MinMax:inst8|SubnBit:inst1|Sub1Bit:inst6|inst10                                              ; |Bai1|Datapath:inst|MinMax:inst8|SubnBit:inst1|Sub1Bit:inst6|inst10                                              ; out0             ;
; |Bai1|Datapath:inst|MinMax:inst8|SubnBit:inst1|Sub1Bit:inst6|inst11                                              ; |Bai1|Datapath:inst|MinMax:inst8|SubnBit:inst1|Sub1Bit:inst6|inst11                                              ; out0             ;
; |Bai1|Datapath:inst|MinMax:inst8|SubnBit:inst1|Sub1Bit:inst7|inst7                                               ; |Bai1|Datapath:inst|MinMax:inst8|SubnBit:inst1|Sub1Bit:inst7|inst7                                               ; out0             ;
; |Bai1|Datapath:inst|MinMax:inst8|SubnBit:inst1|Sub1Bit:inst7|inst12                                              ; |Bai1|Datapath:inst|MinMax:inst8|SubnBit:inst1|Sub1Bit:inst7|inst12                                              ; out0             ;
; |Bai1|Datapath:inst|MinMax:inst8|SubnBit:inst1|Sub1Bit:inst7|inst11                                              ; |Bai1|Datapath:inst|MinMax:inst8|SubnBit:inst1|Sub1Bit:inst7|inst11                                              ; out0             ;
; |Bai1|Datapath:inst|MinMax:inst8|SubnBit:inst1|Sub1Bit:inst3|inst7                                               ; |Bai1|Datapath:inst|MinMax:inst8|SubnBit:inst1|Sub1Bit:inst3|inst7                                               ; out0             ;
; |Bai1|Datapath:inst|MinMax:inst8|SubnBit:inst1|Sub1Bit:inst3|inst12                                              ; |Bai1|Datapath:inst|MinMax:inst8|SubnBit:inst1|Sub1Bit:inst3|inst12                                              ; out0             ;
; |Bai1|Datapath:inst|MinMax:inst8|SubnBit:inst1|Sub1Bit:inst3|inst10                                              ; |Bai1|Datapath:inst|MinMax:inst8|SubnBit:inst1|Sub1Bit:inst3|inst10                                              ; out0             ;
; |Bai1|Datapath:inst|MinMax:inst8|SubnBit:inst1|Sub1Bit:inst3|inst11                                              ; |Bai1|Datapath:inst|MinMax:inst8|SubnBit:inst1|Sub1Bit:inst3|inst11                                              ; out0             ;
; |Bai1|Datapath:inst|MinMax:inst8|SubnBit:inst1|Sub1Bit:inst2|inst12                                              ; |Bai1|Datapath:inst|MinMax:inst8|SubnBit:inst1|Sub1Bit:inst2|inst12                                              ; out0             ;
; |Bai1|Datapath:inst|MinMax:inst8|SubnBit:inst1|Sub1Bit:inst2|inst11                                              ; |Bai1|Datapath:inst|MinMax:inst8|SubnBit:inst1|Sub1Bit:inst2|inst11                                              ; out0             ;
; |Bai1|Datapath:inst|MinMax:inst8|SubnBit:inst1|Sub1Bit:inst1|inst12                                              ; |Bai1|Datapath:inst|MinMax:inst8|SubnBit:inst1|Sub1Bit:inst1|inst12                                              ; out0             ;
; |Bai1|Datapath:inst|MinMax:inst8|SubnBit:inst1|Sub1Bit:inst1|inst11                                              ; |Bai1|Datapath:inst|MinMax:inst8|SubnBit:inst1|Sub1Bit:inst1|inst11                                              ; out0             ;
; |Bai1|Datapath:inst|MinMax:inst8|SubnBit:inst1|Sub1Bit:inst|inst                                                 ; |Bai1|Datapath:inst|MinMax:inst8|SubnBit:inst1|Sub1Bit:inst|inst                                                 ; out0             ;
; |Bai1|Datapath:inst|MinMax:inst8|busmux:inst|lpm_mux:$00000|mux_smc:auto_generated|result_node[4]~6              ; |Bai1|Datapath:inst|MinMax:inst8|busmux:inst|lpm_mux:$00000|mux_smc:auto_generated|result_node[4]~6              ; out0             ;
; |Bai1|Datapath:inst|MinMax:inst8|busmux:inst|lpm_mux:$00000|mux_smc:auto_generated|result_node[4]~7              ; |Bai1|Datapath:inst|MinMax:inst8|busmux:inst|lpm_mux:$00000|mux_smc:auto_generated|result_node[4]~7              ; out0             ;
; |Bai1|Datapath:inst|MinMax:inst8|busmux:inst|lpm_mux:$00000|mux_smc:auto_generated|result_node[4]                ; |Bai1|Datapath:inst|MinMax:inst8|busmux:inst|lpm_mux:$00000|mux_smc:auto_generated|result_node[4]                ; out0             ;
; |Bai1|Datapath:inst|MinMax:inst8|busmux:inst|lpm_mux:$00000|mux_smc:auto_generated|result_node[3]~8              ; |Bai1|Datapath:inst|MinMax:inst8|busmux:inst|lpm_mux:$00000|mux_smc:auto_generated|result_node[3]~8              ; out0             ;
; |Bai1|Datapath:inst|MinMax:inst8|busmux:inst|lpm_mux:$00000|mux_smc:auto_generated|result_node[3]~9              ; |Bai1|Datapath:inst|MinMax:inst8|busmux:inst|lpm_mux:$00000|mux_smc:auto_generated|result_node[3]~9              ; out0             ;
; |Bai1|Datapath:inst|MinMax:inst8|busmux:inst|lpm_mux:$00000|mux_smc:auto_generated|result_node[3]                ; |Bai1|Datapath:inst|MinMax:inst8|busmux:inst|lpm_mux:$00000|mux_smc:auto_generated|result_node[3]                ; out0             ;
; |Bai1|Datapath:inst|MinMax:inst8|busmux:inst|lpm_mux:$00000|mux_smc:auto_generated|result_node[2]~10             ; |Bai1|Datapath:inst|MinMax:inst8|busmux:inst|lpm_mux:$00000|mux_smc:auto_generated|result_node[2]~10             ; out0             ;
; |Bai1|Datapath:inst|MinMax:inst8|busmux:inst|lpm_mux:$00000|mux_smc:auto_generated|result_node[2]~11             ; |Bai1|Datapath:inst|MinMax:inst8|busmux:inst|lpm_mux:$00000|mux_smc:auto_generated|result_node[2]~11             ; out0             ;
; |Bai1|Datapath:inst|MinMax:inst8|busmux:inst|lpm_mux:$00000|mux_smc:auto_generated|result_node[2]                ; |Bai1|Datapath:inst|MinMax:inst8|busmux:inst|lpm_mux:$00000|mux_smc:auto_generated|result_node[2]                ; out0             ;
; |Bai1|Datapath:inst|MinMax:inst8|busmux:inst|lpm_mux:$00000|mux_smc:auto_generated|result_node[1]~12             ; |Bai1|Datapath:inst|MinMax:inst8|busmux:inst|lpm_mux:$00000|mux_smc:auto_generated|result_node[1]~12             ; out0             ;
; |Bai1|Datapath:inst|MinMax:inst8|busmux:inst|lpm_mux:$00000|mux_smc:auto_generated|result_node[1]~13             ; |Bai1|Datapath:inst|MinMax:inst8|busmux:inst|lpm_mux:$00000|mux_smc:auto_generated|result_node[1]~13             ; out0             ;
; |Bai1|Datapath:inst|MinMax:inst8|busmux:inst|lpm_mux:$00000|mux_smc:auto_generated|result_node[1]                ; |Bai1|Datapath:inst|MinMax:inst8|busmux:inst|lpm_mux:$00000|mux_smc:auto_generated|result_node[1]                ; out0             ;
; |Bai1|Datapath:inst|MinMax:inst8|busmux:inst|lpm_mux:$00000|mux_smc:auto_generated|result_node[0]~14             ; |Bai1|Datapath:inst|MinMax:inst8|busmux:inst|lpm_mux:$00000|mux_smc:auto_generated|result_node[0]~14             ; out0             ;
; |Bai1|Datapath:inst|MinMax:inst8|busmux:inst|lpm_mux:$00000|mux_smc:auto_generated|result_node[0]~15             ; |Bai1|Datapath:inst|MinMax:inst8|busmux:inst|lpm_mux:$00000|mux_smc:auto_generated|result_node[0]~15             ; out0             ;
; |Bai1|Datapath:inst|MinMax:inst8|busmux:inst|lpm_mux:$00000|mux_smc:auto_generated|result_node[0]                ; |Bai1|Datapath:inst|MinMax:inst8|busmux:inst|lpm_mux:$00000|mux_smc:auto_generated|result_node[0]                ; out0             ;
; |Bai1|Datapath:inst|Mux41:inst3|busmux:inst1|lpm_mux:$00000|mux_smc:auto_generated|result_node[4]~7              ; |Bai1|Datapath:inst|Mux41:inst3|busmux:inst1|lpm_mux:$00000|mux_smc:auto_generated|result_node[4]~7              ; out0             ;
; |Bai1|Datapath:inst|Mux41:inst3|busmux:inst1|lpm_mux:$00000|mux_smc:auto_generated|result_node[3]~9              ; |Bai1|Datapath:inst|Mux41:inst3|busmux:inst1|lpm_mux:$00000|mux_smc:auto_generated|result_node[3]~9              ; out0             ;
; |Bai1|Datapath:inst|Mux41:inst3|busmux:inst1|lpm_mux:$00000|mux_smc:auto_generated|result_node[2]~11             ; |Bai1|Datapath:inst|Mux41:inst3|busmux:inst1|lpm_mux:$00000|mux_smc:auto_generated|result_node[2]~11             ; out0             ;
; |Bai1|Datapath:inst|Mux41:inst3|busmux:inst1|lpm_mux:$00000|mux_smc:auto_generated|result_node[1]~13             ; |Bai1|Datapath:inst|Mux41:inst3|busmux:inst1|lpm_mux:$00000|mux_smc:auto_generated|result_node[1]~13             ; out0             ;
; |Bai1|Datapath:inst|Mux41:inst3|busmux:inst1|lpm_mux:$00000|mux_smc:auto_generated|result_node[0]~15             ; |Bai1|Datapath:inst|Mux41:inst3|busmux:inst1|lpm_mux:$00000|mux_smc:auto_generated|result_node[0]~15             ; out0             ;
; |Bai1|Datapath:inst|Mux41:inst3|busmux:inst|lpm_mux:$00000|mux_smc:auto_generated|result_node[4]~6               ; |Bai1|Datapath:inst|Mux41:inst3|busmux:inst|lpm_mux:$00000|mux_smc:auto_generated|result_node[4]~6               ; out0             ;
; |Bai1|Datapath:inst|Mux41:inst3|busmux:inst|lpm_mux:$00000|mux_smc:auto_generated|result_node[4]~7               ; |Bai1|Datapath:inst|Mux41:inst3|busmux:inst|lpm_mux:$00000|mux_smc:auto_generated|result_node[4]~7               ; out0             ;
; |Bai1|Datapath:inst|Mux41:inst3|busmux:inst|lpm_mux:$00000|mux_smc:auto_generated|result_node[4]                 ; |Bai1|Datapath:inst|Mux41:inst3|busmux:inst|lpm_mux:$00000|mux_smc:auto_generated|result_node[4]                 ; out0             ;
; |Bai1|Datapath:inst|Mux41:inst3|busmux:inst|lpm_mux:$00000|mux_smc:auto_generated|result_node[3]~8               ; |Bai1|Datapath:inst|Mux41:inst3|busmux:inst|lpm_mux:$00000|mux_smc:auto_generated|result_node[3]~8               ; out0             ;
; |Bai1|Datapath:inst|Mux41:inst3|busmux:inst|lpm_mux:$00000|mux_smc:auto_generated|result_node[3]~9               ; |Bai1|Datapath:inst|Mux41:inst3|busmux:inst|lpm_mux:$00000|mux_smc:auto_generated|result_node[3]~9               ; out0             ;
; |Bai1|Datapath:inst|Mux41:inst3|busmux:inst|lpm_mux:$00000|mux_smc:auto_generated|result_node[3]                 ; |Bai1|Datapath:inst|Mux41:inst3|busmux:inst|lpm_mux:$00000|mux_smc:auto_generated|result_node[3]                 ; out0             ;
; |Bai1|Datapath:inst|Mux41:inst3|busmux:inst|lpm_mux:$00000|mux_smc:auto_generated|result_node[2]~10              ; |Bai1|Datapath:inst|Mux41:inst3|busmux:inst|lpm_mux:$00000|mux_smc:auto_generated|result_node[2]~10              ; out0             ;
; |Bai1|Datapath:inst|Mux41:inst3|busmux:inst|lpm_mux:$00000|mux_smc:auto_generated|result_node[2]                 ; |Bai1|Datapath:inst|Mux41:inst3|busmux:inst|lpm_mux:$00000|mux_smc:auto_generated|result_node[2]                 ; out0             ;
; |Bai1|Datapath:inst|Mux41:inst3|busmux:inst|lpm_mux:$00000|mux_smc:auto_generated|result_node[1]~12              ; |Bai1|Datapath:inst|Mux41:inst3|busmux:inst|lpm_mux:$00000|mux_smc:auto_generated|result_node[1]~12              ; out0             ;
; |Bai1|Datapath:inst|Mux41:inst3|busmux:inst|lpm_mux:$00000|mux_smc:auto_generated|result_node[1]~13              ; |Bai1|Datapath:inst|Mux41:inst3|busmux:inst|lpm_mux:$00000|mux_smc:auto_generated|result_node[1]~13              ; out0             ;
; |Bai1|Datapath:inst|Mux41:inst3|busmux:inst|lpm_mux:$00000|mux_smc:auto_generated|result_node[1]                 ; |Bai1|Datapath:inst|Mux41:inst3|busmux:inst|lpm_mux:$00000|mux_smc:auto_generated|result_node[1]                 ; out0             ;
; |Bai1|Datapath:inst|Mux41:inst3|busmux:inst|lpm_mux:$00000|mux_smc:auto_generated|result_node[0]~14              ; |Bai1|Datapath:inst|Mux41:inst3|busmux:inst|lpm_mux:$00000|mux_smc:auto_generated|result_node[0]~14              ; out0             ;
; |Bai1|Datapath:inst|Mux41:inst3|busmux:inst|lpm_mux:$00000|mux_smc:auto_generated|result_node[0]                 ; |Bai1|Datapath:inst|Mux41:inst3|busmux:inst|lpm_mux:$00000|mux_smc:auto_generated|result_node[0]                 ; out0             ;
; |Bai1|Datapath:inst|Mux41:inst3|busmux:inst2|lpm_mux:$00000|mux_smc:auto_generated|result_node[4]~6              ; |Bai1|Datapath:inst|Mux41:inst3|busmux:inst2|lpm_mux:$00000|mux_smc:auto_generated|result_node[4]~6              ; out0             ;
; |Bai1|Datapath:inst|Mux41:inst3|busmux:inst2|lpm_mux:$00000|mux_smc:auto_generated|result_node[4]~7              ; |Bai1|Datapath:inst|Mux41:inst3|busmux:inst2|lpm_mux:$00000|mux_smc:auto_generated|result_node[4]~7              ; out0             ;
; |Bai1|Datapath:inst|Mux41:inst3|busmux:inst2|lpm_mux:$00000|mux_smc:auto_generated|result_node[4]                ; |Bai1|Datapath:inst|Mux41:inst3|busmux:inst2|lpm_mux:$00000|mux_smc:auto_generated|result_node[4]                ; out0             ;
; |Bai1|Datapath:inst|Mux41:inst3|busmux:inst2|lpm_mux:$00000|mux_smc:auto_generated|result_node[3]~8              ; |Bai1|Datapath:inst|Mux41:inst3|busmux:inst2|lpm_mux:$00000|mux_smc:auto_generated|result_node[3]~8              ; out0             ;
; |Bai1|Datapath:inst|Mux41:inst3|busmux:inst2|lpm_mux:$00000|mux_smc:auto_generated|result_node[3]~9              ; |Bai1|Datapath:inst|Mux41:inst3|busmux:inst2|lpm_mux:$00000|mux_smc:auto_generated|result_node[3]~9              ; out0             ;
; |Bai1|Datapath:inst|Mux41:inst3|busmux:inst2|lpm_mux:$00000|mux_smc:auto_generated|result_node[3]                ; |Bai1|Datapath:inst|Mux41:inst3|busmux:inst2|lpm_mux:$00000|mux_smc:auto_generated|result_node[3]                ; out0             ;
; |Bai1|Datapath:inst|Mux41:inst3|busmux:inst2|lpm_mux:$00000|mux_smc:auto_generated|result_node[2]~10             ; |Bai1|Datapath:inst|Mux41:inst3|busmux:inst2|lpm_mux:$00000|mux_smc:auto_generated|result_node[2]~10             ; out0             ;
; |Bai1|Datapath:inst|Mux41:inst3|busmux:inst2|lpm_mux:$00000|mux_smc:auto_generated|result_node[2]~11             ; |Bai1|Datapath:inst|Mux41:inst3|busmux:inst2|lpm_mux:$00000|mux_smc:auto_generated|result_node[2]~11             ; out0             ;
; |Bai1|Datapath:inst|Mux41:inst3|busmux:inst2|lpm_mux:$00000|mux_smc:auto_generated|result_node[2]                ; |Bai1|Datapath:inst|Mux41:inst3|busmux:inst2|lpm_mux:$00000|mux_smc:auto_generated|result_node[2]                ; out0             ;
; |Bai1|Datapath:inst|Mux41:inst3|busmux:inst2|lpm_mux:$00000|mux_smc:auto_generated|result_node[1]~12             ; |Bai1|Datapath:inst|Mux41:inst3|busmux:inst2|lpm_mux:$00000|mux_smc:auto_generated|result_node[1]~12             ; out0             ;
; |Bai1|Datapath:inst|Mux41:inst3|busmux:inst2|lpm_mux:$00000|mux_smc:auto_generated|result_node[1]~13             ; |Bai1|Datapath:inst|Mux41:inst3|busmux:inst2|lpm_mux:$00000|mux_smc:auto_generated|result_node[1]~13             ; out0             ;
; |Bai1|Datapath:inst|Mux41:inst3|busmux:inst2|lpm_mux:$00000|mux_smc:auto_generated|result_node[1]                ; |Bai1|Datapath:inst|Mux41:inst3|busmux:inst2|lpm_mux:$00000|mux_smc:auto_generated|result_node[1]                ; out0             ;
; |Bai1|Datapath:inst|Mux41:inst3|busmux:inst2|lpm_mux:$00000|mux_smc:auto_generated|result_node[0]~14             ; |Bai1|Datapath:inst|Mux41:inst3|busmux:inst2|lpm_mux:$00000|mux_smc:auto_generated|result_node[0]~14             ; out0             ;
; |Bai1|Datapath:inst|Mux41:inst3|busmux:inst2|lpm_mux:$00000|mux_smc:auto_generated|result_node[0]~15             ; |Bai1|Datapath:inst|Mux41:inst3|busmux:inst2|lpm_mux:$00000|mux_smc:auto_generated|result_node[0]~15             ; out0             ;
; |Bai1|Datapath:inst|Mux41:inst3|busmux:inst2|lpm_mux:$00000|mux_smc:auto_generated|result_node[0]                ; |Bai1|Datapath:inst|Mux41:inst3|busmux:inst2|lpm_mux:$00000|mux_smc:auto_generated|result_node[0]                ; out0             ;
; |Bai1|Datapath:inst|Register4x8:inst|register:inst1|A[3]                                                         ; |Bai1|Datapath:inst|Register4x8:inst|register:inst1|A[3]                                                         ; out0             ;
; |Bai1|Datapath:inst|Register4x8:inst|register:inst1|A[2]                                                         ; |Bai1|Datapath:inst|Register4x8:inst|register:inst1|A[2]                                                         ; out0             ;
; |Bai1|Datapath:inst|Register4x8:inst|register:inst1|A[1]                                                         ; |Bai1|Datapath:inst|Register4x8:inst|register:inst1|A[1]                                                         ; out0             ;
; |Bai1|Datapath:inst|Register4x8:inst|register:inst1|A[0]                                                         ; |Bai1|Datapath:inst|Register4x8:inst|register:inst1|A[0]                                                         ; out0             ;
; |Bai1|Datapath:inst|Register4x8:inst|register:inst1|RFC:inst18|inst1                                             ; |Bai1|Datapath:inst|Register4x8:inst|register:inst1|RFC:inst18|inst1                                             ; out              ;
; |Bai1|Datapath:inst|Register4x8:inst|register:inst1|RFC:inst18|inst4                                             ; |Bai1|Datapath:inst|Register4x8:inst|register:inst1|RFC:inst18|inst4                                             ; out0             ;
; |Bai1|Datapath:inst|Register4x8:inst|register:inst1|RFC:inst18|inst3                                             ; |Bai1|Datapath:inst|Register4x8:inst|register:inst1|RFC:inst18|inst3                                             ; out0             ;
; |Bai1|Datapath:inst|Register4x8:inst|register:inst1|RFC:inst18|inst2                                             ; |Bai1|Datapath:inst|Register4x8:inst|register:inst1|RFC:inst18|inst2                                             ; out0             ;
; |Bai1|Datapath:inst|Register4x8:inst|register:inst1|RFC:inst17|inst1                                             ; |Bai1|Datapath:inst|Register4x8:inst|register:inst1|RFC:inst17|inst1                                             ; out              ;
; |Bai1|Datapath:inst|Register4x8:inst|register:inst1|RFC:inst17|inst4                                             ; |Bai1|Datapath:inst|Register4x8:inst|register:inst1|RFC:inst17|inst4                                             ; out0             ;
; |Bai1|Datapath:inst|Register4x8:inst|register:inst1|RFC:inst17|inst3                                             ; |Bai1|Datapath:inst|Register4x8:inst|register:inst1|RFC:inst17|inst3                                             ; out0             ;
; |Bai1|Datapath:inst|Register4x8:inst|register:inst1|RFC:inst17|inst2                                             ; |Bai1|Datapath:inst|Register4x8:inst|register:inst1|RFC:inst17|inst2                                             ; out0             ;
; |Bai1|Datapath:inst|Register4x8:inst|register:inst1|RFC:inst13|inst3                                             ; |Bai1|Datapath:inst|Register4x8:inst|register:inst1|RFC:inst13|inst3                                             ; out0             ;
; |Bai1|Datapath:inst|Register4x8:inst|register:inst1|RFC:inst13|inst2                                             ; |Bai1|Datapath:inst|Register4x8:inst|register:inst1|RFC:inst13|inst2                                             ; out0             ;
; |Bai1|Datapath:inst|Register4x8:inst|register:inst1|RFC:inst9|inst3                                              ; |Bai1|Datapath:inst|Register4x8:inst|register:inst1|RFC:inst9|inst3                                              ; out0             ;
; |Bai1|Datapath:inst|Register4x8:inst|register:inst1|RFC:inst9|inst2                                              ; |Bai1|Datapath:inst|Register4x8:inst|register:inst1|RFC:inst9|inst2                                              ; out0             ;
; |Bai1|Datapath:inst|Register4x8:inst|register:inst1|RFC:inst5|inst3                                              ; |Bai1|Datapath:inst|Register4x8:inst|register:inst1|RFC:inst5|inst3                                              ; out0             ;
; |Bai1|Datapath:inst|Register4x8:inst|register:inst1|RFC:inst5|inst2                                              ; |Bai1|Datapath:inst|Register4x8:inst|register:inst1|RFC:inst5|inst2                                              ; out0             ;
; |Bai1|Datapath:inst|Register4x8:inst|register:inst1|RFC:inst16|inst1                                             ; |Bai1|Datapath:inst|Register4x8:inst|register:inst1|RFC:inst16|inst1                                             ; out              ;
; |Bai1|Datapath:inst|Register4x8:inst|register:inst1|RFC:inst16|inst4                                             ; |Bai1|Datapath:inst|Register4x8:inst|register:inst1|RFC:inst16|inst4                                             ; out0             ;
; |Bai1|Datapath:inst|Register4x8:inst|register:inst1|RFC:inst16|inst3                                             ; |Bai1|Datapath:inst|Register4x8:inst|register:inst1|RFC:inst16|inst3                                             ; out0             ;
; |Bai1|Datapath:inst|Register4x8:inst|register:inst1|RFC:inst16|inst2                                             ; |Bai1|Datapath:inst|Register4x8:inst|register:inst1|RFC:inst16|inst2                                             ; out0             ;
; |Bai1|Datapath:inst|Register4x8:inst|register:inst1|RFC:inst15|inst1                                             ; |Bai1|Datapath:inst|Register4x8:inst|register:inst1|RFC:inst15|inst1                                             ; out              ;
; |Bai1|Datapath:inst|Register4x8:inst|register:inst1|RFC:inst15|inst4                                             ; |Bai1|Datapath:inst|Register4x8:inst|register:inst1|RFC:inst15|inst4                                             ; out0             ;
; |Bai1|Datapath:inst|Register4x8:inst|register:inst1|RFC:inst15|inst3                                             ; |Bai1|Datapath:inst|Register4x8:inst|register:inst1|RFC:inst15|inst3                                             ; out0             ;
; |Bai1|Datapath:inst|Register4x8:inst|register:inst1|RFC:inst15|inst2                                             ; |Bai1|Datapath:inst|Register4x8:inst|register:inst1|RFC:inst15|inst2                                             ; out0             ;
; |Bai1|Datapath:inst|Register4x8:inst|register:inst1|RFC:inst11|inst3                                             ; |Bai1|Datapath:inst|Register4x8:inst|register:inst1|RFC:inst11|inst3                                             ; out0             ;
; |Bai1|Datapath:inst|Register4x8:inst|register:inst1|RFC:inst11|inst2                                             ; |Bai1|Datapath:inst|Register4x8:inst|register:inst1|RFC:inst11|inst2                                             ; out0             ;
; |Bai1|Datapath:inst|Register4x8:inst|register:inst1|RFC:inst7|inst3                                              ; |Bai1|Datapath:inst|Register4x8:inst|register:inst1|RFC:inst7|inst3                                              ; out0             ;
; |Bai1|Datapath:inst|Register4x8:inst|register:inst1|RFC:inst7|inst2                                              ; |Bai1|Datapath:inst|Register4x8:inst|register:inst1|RFC:inst7|inst2                                              ; out0             ;
; |Bai1|Datapath:inst|Register4x8:inst|register:inst1|Decoder2_4:inst20|inst                                       ; |Bai1|Datapath:inst|Register4x8:inst|register:inst1|Decoder2_4:inst20|inst                                       ; out0             ;
; |Bai1|Datapath:inst|Register4x8:inst|register:inst1|Decoder2_4:inst20|inst1                                      ; |Bai1|Datapath:inst|Register4x8:inst|register:inst1|Decoder2_4:inst20|inst1                                      ; out0             ;
; |Bai1|Datapath:inst|Register4x8:inst|register:inst1|Decoder2_4:inst20|inst2                                      ; |Bai1|Datapath:inst|Register4x8:inst|register:inst1|Decoder2_4:inst20|inst2                                      ; out0             ;
; |Bai1|Datapath:inst|Register4x8:inst|register:inst1|Decoder2_4:inst20|inst3                                      ; |Bai1|Datapath:inst|Register4x8:inst|register:inst1|Decoder2_4:inst20|inst3                                      ; out0             ;
; |Bai1|Datapath:inst|Register4x8:inst|register:inst1|Decoder2_4:inst|inst                                         ; |Bai1|Datapath:inst|Register4x8:inst|register:inst1|Decoder2_4:inst|inst                                         ; out0             ;
; |Bai1|Datapath:inst|Register4x8:inst|register:inst1|Decoder2_4:inst|inst1                                        ; |Bai1|Datapath:inst|Register4x8:inst|register:inst1|Decoder2_4:inst|inst1                                        ; out0             ;
; |Bai1|Datapath:inst|Register4x8:inst|register:inst1|Decoder2_4:inst|inst2                                        ; |Bai1|Datapath:inst|Register4x8:inst|register:inst1|Decoder2_4:inst|inst2                                        ; out0             ;
; |Bai1|Datapath:inst|Register4x8:inst|register:inst1|Decoder2_4:inst|inst3                                        ; |Bai1|Datapath:inst|Register4x8:inst|register:inst1|Decoder2_4:inst|inst3                                        ; out0             ;
; |Bai1|Datapath:inst|Register4x8:inst|register:inst1|RFC:inst3|inst3                                              ; |Bai1|Datapath:inst|Register4x8:inst|register:inst1|RFC:inst3|inst3                                              ; out0             ;
; |Bai1|Datapath:inst|Register4x8:inst|register:inst1|RFC:inst3|inst2                                              ; |Bai1|Datapath:inst|Register4x8:inst|register:inst1|RFC:inst3|inst2                                              ; out0             ;
; |Bai1|Datapath:inst|Register4x8:inst|register:inst|A[0]                                                          ; |Bai1|Datapath:inst|Register4x8:inst|register:inst|A[0]                                                          ; out0             ;
; |Bai1|Datapath:inst|Register4x8:inst|register:inst|RFC:inst18|inst1                                              ; |Bai1|Datapath:inst|Register4x8:inst|register:inst|RFC:inst18|inst1                                              ; out              ;
; |Bai1|Datapath:inst|Register4x8:inst|register:inst|RFC:inst18|inst4                                              ; |Bai1|Datapath:inst|Register4x8:inst|register:inst|RFC:inst18|inst4                                              ; out0             ;
; |Bai1|Datapath:inst|Register4x8:inst|register:inst|RFC:inst18|inst3                                              ; |Bai1|Datapath:inst|Register4x8:inst|register:inst|RFC:inst18|inst3                                              ; out0             ;
; |Bai1|Datapath:inst|Register4x8:inst|register:inst|RFC:inst18|inst2                                              ; |Bai1|Datapath:inst|Register4x8:inst|register:inst|RFC:inst18|inst2                                              ; out0             ;
; |Bai1|Datapath:inst|Register4x8:inst|register:inst|RFC:inst14|inst3                                              ; |Bai1|Datapath:inst|Register4x8:inst|register:inst|RFC:inst14|inst3                                              ; out0             ;
; |Bai1|Datapath:inst|Register4x8:inst|register:inst|RFC:inst14|inst2                                              ; |Bai1|Datapath:inst|Register4x8:inst|register:inst|RFC:inst14|inst2                                              ; out0             ;
; |Bai1|Datapath:inst|Register4x8:inst|register:inst|RFC:inst10|inst3                                              ; |Bai1|Datapath:inst|Register4x8:inst|register:inst|RFC:inst10|inst3                                              ; out0             ;
; |Bai1|Datapath:inst|Register4x8:inst|register:inst|RFC:inst10|inst2                                              ; |Bai1|Datapath:inst|Register4x8:inst|register:inst|RFC:inst10|inst2                                              ; out0             ;
; |Bai1|Datapath:inst|Register4x8:inst|register:inst|RFC:inst6|inst3                                               ; |Bai1|Datapath:inst|Register4x8:inst|register:inst|RFC:inst6|inst3                                               ; out0             ;
; |Bai1|Datapath:inst|Register4x8:inst|register:inst|RFC:inst6|inst2                                               ; |Bai1|Datapath:inst|Register4x8:inst|register:inst|RFC:inst6|inst2                                               ; out0             ;
; |Bai1|Datapath:inst|Register4x8:inst|register:inst|Decoder2_4:inst20|inst                                        ; |Bai1|Datapath:inst|Register4x8:inst|register:inst|Decoder2_4:inst20|inst                                        ; out0             ;
; |Bai1|Datapath:inst|Register4x8:inst|register:inst|Decoder2_4:inst20|inst1                                       ; |Bai1|Datapath:inst|Register4x8:inst|register:inst|Decoder2_4:inst20|inst1                                       ; out0             ;
; |Bai1|Datapath:inst|Register4x8:inst|register:inst|Decoder2_4:inst20|inst2                                       ; |Bai1|Datapath:inst|Register4x8:inst|register:inst|Decoder2_4:inst20|inst2                                       ; out0             ;
; |Bai1|Datapath:inst|Register4x8:inst|register:inst|Decoder2_4:inst20|inst3                                       ; |Bai1|Datapath:inst|Register4x8:inst|register:inst|Decoder2_4:inst20|inst3                                       ; out0             ;
; |Bai1|Datapath:inst|Register4x8:inst|register:inst|Decoder2_4:inst|inst                                          ; |Bai1|Datapath:inst|Register4x8:inst|register:inst|Decoder2_4:inst|inst                                          ; out0             ;
; |Bai1|Datapath:inst|Register4x8:inst|register:inst|Decoder2_4:inst|inst1                                         ; |Bai1|Datapath:inst|Register4x8:inst|register:inst|Decoder2_4:inst|inst1                                         ; out0             ;
; |Bai1|Datapath:inst|Register4x8:inst|register:inst|Decoder2_4:inst|inst2                                         ; |Bai1|Datapath:inst|Register4x8:inst|register:inst|Decoder2_4:inst|inst2                                         ; out0             ;
; |Bai1|Datapath:inst|Register4x8:inst|register:inst|Decoder2_4:inst|inst3                                         ; |Bai1|Datapath:inst|Register4x8:inst|register:inst|Decoder2_4:inst|inst3                                         ; out0             ;
; |Bai1|Control:inst1|inst18                                                                                       ; |Bai1|Control:inst1|inst18                                                                                       ; out0             ;
; |Bai1|Control:inst1|inst22                                                                                       ; |Bai1|Control:inst1|inst22                                                                                       ; out0             ;
; |Bai1|Control:inst1|inst21                                                                                       ; |Bai1|Control:inst1|inst21                                                                                       ; out0             ;
; |Bai1|Control:inst1|inst14                                                                                       ; |Bai1|Control:inst1|inst14                                                                                       ; out0             ;
; |Bai1|Control:inst1|inst16                                                                                       ; |Bai1|Control:inst1|inst16                                                                                       ; out0             ;
; |Bai1|Control:inst1|inst23                                                                                       ; |Bai1|Control:inst1|inst23                                                                                       ; out0             ;
; |Bai1|Control:inst1|inst25                                                                                       ; |Bai1|Control:inst1|inst25                                                                                       ; out0             ;
; |Bai1|Control:inst1|inst24                                                                                       ; |Bai1|Control:inst1|inst24                                                                                       ; out0             ;
; |Bai1|Control:inst1|inst26                                                                                       ; |Bai1|Control:inst1|inst26                                                                                       ; out0             ;
; |Bai1|Control:inst1|inst10                                                                                       ; |Bai1|Control:inst1|inst10                                                                                       ; out0             ;
; |Bai1|Control:inst1|inst11                                                                                       ; |Bai1|Control:inst1|inst11                                                                                       ; out0             ;
; |Bai1|Control:inst1|inst12                                                                                       ; |Bai1|Control:inst1|inst12                                                                                       ; out0             ;
; |Bai1|Control:inst1|inst7                                                                                        ; |Bai1|Control:inst1|inst7                                                                                        ; out0             ;
; |Bai1|Control:inst1|inst4                                                                                        ; |Bai1|Control:inst1|inst4                                                                                        ; out0             ;
; |Bai1|Control:inst1|inst17                                                                                       ; |Bai1|Control:inst1|inst17                                                                                       ; out0             ;
; |Bai1|Control:inst1|inst8                                                                                        ; |Bai1|Control:inst1|inst8                                                                                        ; out0             ;
; |Bai1|Control:inst1|inst6                                                                                        ; |Bai1|Control:inst1|inst6                                                                                        ; out0             ;
; |Bai1|Control:inst1|inst5                                                                                        ; |Bai1|Control:inst1|inst5                                                                                        ; out0             ;
; |Bai1|Control:inst1|inst19                                                                                       ; |Bai1|Control:inst1|inst19                                                                                       ; out0             ;
; |Bai1|Control:inst1|FSM:inst|NextState:inst|inst3                                                                ; |Bai1|Control:inst1|FSM:inst|NextState:inst|inst3                                                                ; out0             ;
; |Bai1|Control:inst1|FSM:inst|NextState:inst|inst1                                                                ; |Bai1|Control:inst1|FSM:inst|NextState:inst|inst1                                                                ; out0             ;
; |Bai1|Control:inst1|FSM:inst|NextState:inst|inst2                                                                ; |Bai1|Control:inst1|FSM:inst|NextState:inst|inst2                                                                ; out0             ;
; |Bai1|Control:inst1|FSM:inst|NextState:inst|inst                                                                 ; |Bai1|Control:inst1|FSM:inst|NextState:inst|inst                                                                 ; out0             ;
; |Bai1|Control:inst1|FSM:inst|NextState:inst|inst7                                                                ; |Bai1|Control:inst1|FSM:inst|NextState:inst|inst7                                                                ; out0             ;
; |Bai1|Control:inst1|FSM:inst|CurrentState:inst2|inst                                                             ; |Bai1|Control:inst1|FSM:inst|CurrentState:inst2|inst                                                             ; regout           ;
; |Bai1|Control:inst1|FSM:inst|CurrentState:inst2|inst1                                                            ; |Bai1|Control:inst1|FSM:inst|CurrentState:inst2|inst1                                                            ; regout           ;
; |Bai1|Control:inst1|FSM:inst|CurrentState:inst2|inst2                                                            ; |Bai1|Control:inst1|FSM:inst|CurrentState:inst2|inst2                                                            ; regout           ;
+------------------------------------------------------------------------------------------------------------------+------------------------------------------------------------------------------------------------------------------+------------------+


The following table displays output ports that do not toggle to 1 during simulation.
+------------------------------------------------------------------------------------------------------------------------------------------------------------------------------------------------------------------------------------------------------+
; Missing 1-Value Coverage                                                                                                                                                                                                                             ;
+-----------------------------------------------------------------------------------------------------------------+-----------------------------------------------------------------------------------------------------------------+------------------+
; Node Name                                                                                                       ; Output Port Name                                                                                                ; Output Port Type ;
+-----------------------------------------------------------------------------------------------------------------+-----------------------------------------------------------------------------------------------------------------+------------------+
; |Bai1|Start                                                                                                     ; |Bai1|Start                                                                                                     ; out              ;
; |Bai1|Y[7]                                                                                                      ; |Bai1|Y[7]                                                                                                      ; pin_out          ;
; |Bai1|Y[6]                                                                                                      ; |Bai1|Y[6]                                                                                                      ; pin_out          ;
; |Bai1|Y[5]                                                                                                      ; |Bai1|Y[5]                                                                                                      ; pin_out          ;
; |Bai1|In1[7]                                                                                                    ; |Bai1|In1[7]                                                                                                    ; out              ;
; |Bai1|In1[6]                                                                                                    ; |Bai1|In1[6]                                                                                                    ; out              ;
; |Bai1|In1[5]                                                                                                    ; |Bai1|In1[5]                                                                                                    ; out              ;
; |Bai1|In1[4]                                                                                                    ; |Bai1|In1[4]                                                                                                    ; out              ;
; |Bai1|In1[3]                                                                                                    ; |Bai1|In1[3]                                                                                                    ; out              ;
; |Bai1|In1[2]                                                                                                    ; |Bai1|In1[2]                                                                                                    ; out              ;
; |Bai1|In1[1]                                                                                                    ; |Bai1|In1[1]                                                                                                    ; out              ;
; |Bai1|In1[0]                                                                                                    ; |Bai1|In1[0]                                                                                                    ; out              ;
; |Bai1|In2[7]                                                                                                    ; |Bai1|In2[7]                                                                                                    ; out              ;
; |Bai1|In2[6]                                                                                                    ; |Bai1|In2[6]                                                                                                    ; out              ;
; |Bai1|In2[5]                                                                                                    ; |Bai1|In2[5]                                                                                                    ; out              ;
; |Bai1|In2[4]                                                                                                    ; |Bai1|In2[4]                                                                                                    ; out              ;
; |Bai1|In2[3]                                                                                                    ; |Bai1|In2[3]                                                                                                    ; out              ;
; |Bai1|In2[2]                                                                                                    ; |Bai1|In2[2]                                                                                                    ; out              ;
; |Bai1|In2[1]                                                                                                    ; |Bai1|In2[1]                                                                                                    ; out              ;
; |Bai1|In2[0]                                                                                                    ; |Bai1|In2[0]                                                                                                    ; out              ;
; |Bai1|Datapath:inst|inst18[7]                                                                                   ; |Bai1|Datapath:inst|inst18[7]                                                                                   ; out              ;
; |Bai1|Datapath:inst|inst18[6]                                                                                   ; |Bai1|Datapath:inst|inst18[6]                                                                                   ; out              ;
; |Bai1|Datapath:inst|inst18[5]                                                                                   ; |Bai1|Datapath:inst|inst18[5]                                                                                   ; out              ;
; |Bai1|Datapath:inst|TriTuyetDoi:inst5|SubnBit:inst1|Sub1Bit:inst5|inst11                                        ; |Bai1|Datapath:inst|TriTuyetDoi:inst5|SubnBit:inst1|Sub1Bit:inst5|inst11                                        ; out0             ;
; |Bai1|Datapath:inst|TriTuyetDoi:inst5|busmux:inst|lpm_mux:$00000|mux_smc:auto_generated|result_node[7]~0        ; |Bai1|Datapath:inst|TriTuyetDoi:inst5|busmux:inst|lpm_mux:$00000|mux_smc:auto_generated|result_node[7]~0        ; out0             ;
; |Bai1|Datapath:inst|TriTuyetDoi:inst5|busmux:inst|lpm_mux:$00000|mux_smc:auto_generated|result_node[6]~2        ; |Bai1|Datapath:inst|TriTuyetDoi:inst5|busmux:inst|lpm_mux:$00000|mux_smc:auto_generated|result_node[6]~2        ; out0             ;
; |Bai1|Datapath:inst|TriTuyetDoi:inst5|busmux:inst|lpm_mux:$00000|mux_smc:auto_generated|result_node[6]~3        ; |Bai1|Datapath:inst|TriTuyetDoi:inst5|busmux:inst|lpm_mux:$00000|mux_smc:auto_generated|result_node[6]~3        ; out0             ;
; |Bai1|Datapath:inst|TriTuyetDoi:inst5|busmux:inst|lpm_mux:$00000|mux_smc:auto_generated|result_node[6]          ; |Bai1|Datapath:inst|TriTuyetDoi:inst5|busmux:inst|lpm_mux:$00000|mux_smc:auto_generated|result_node[6]          ; out0             ;
; |Bai1|Datapath:inst|TriTuyetDoi:inst5|busmux:inst|lpm_mux:$00000|mux_smc:auto_generated|result_node[5]~4        ; |Bai1|Datapath:inst|TriTuyetDoi:inst5|busmux:inst|lpm_mux:$00000|mux_smc:auto_generated|result_node[5]~4        ; out0             ;
; |Bai1|Datapath:inst|TriTuyetDoi:inst5|busmux:inst|lpm_mux:$00000|mux_smc:auto_generated|result_node[5]~5        ; |Bai1|Datapath:inst|TriTuyetDoi:inst5|busmux:inst|lpm_mux:$00000|mux_smc:auto_generated|result_node[5]~5        ; out0             ;
; |Bai1|Datapath:inst|TriTuyetDoi:inst5|busmux:inst|lpm_mux:$00000|mux_smc:auto_generated|result_node[5]          ; |Bai1|Datapath:inst|TriTuyetDoi:inst5|busmux:inst|lpm_mux:$00000|mux_smc:auto_generated|result_node[5]          ; out0             ;
; |Bai1|Datapath:inst|TriTuyetDoi:inst5|busmux:inst|lpm_mux:$00000|mux_smc:auto_generated|result_node[4]~6        ; |Bai1|Datapath:inst|TriTuyetDoi:inst5|busmux:inst|lpm_mux:$00000|mux_smc:auto_generated|result_node[4]~6        ; out0             ;
; |Bai1|Datapath:inst|TriTuyetDoi:inst5|busmux:inst|lpm_mux:$00000|mux_smc:auto_generated|result_node[3]~8        ; |Bai1|Datapath:inst|TriTuyetDoi:inst5|busmux:inst|lpm_mux:$00000|mux_smc:auto_generated|result_node[3]~8        ; out0             ;
; |Bai1|Datapath:inst|TriTuyetDoi:inst5|busmux:inst|lpm_mux:$00000|mux_smc:auto_generated|result_node[2]~10       ; |Bai1|Datapath:inst|TriTuyetDoi:inst5|busmux:inst|lpm_mux:$00000|mux_smc:auto_generated|result_node[2]~10       ; out0             ;
; |Bai1|Datapath:inst|TriTuyetDoi:inst5|busmux:inst|lpm_mux:$00000|mux_smc:auto_generated|result_node[1]~12       ; |Bai1|Datapath:inst|TriTuyetDoi:inst5|busmux:inst|lpm_mux:$00000|mux_smc:auto_generated|result_node[1]~12       ; out0             ;
; |Bai1|Datapath:inst|TriTuyetDoi:inst5|busmux:inst|lpm_mux:$00000|mux_smc:auto_generated|result_node[0]~14       ; |Bai1|Datapath:inst|TriTuyetDoi:inst5|busmux:inst|lpm_mux:$00000|mux_smc:auto_generated|result_node[0]~14       ; out0             ;
; |Bai1|Datapath:inst|SubnBit:inst11|Sub1Bit:inst7|inst10                                                         ; |Bai1|Datapath:inst|SubnBit:inst11|Sub1Bit:inst7|inst10                                                         ; out0             ;
; |Bai1|Datapath:inst|SubnBit:inst11|Sub1Bit:inst2|inst7                                                          ; |Bai1|Datapath:inst|SubnBit:inst11|Sub1Bit:inst2|inst7                                                          ; out0             ;
; |Bai1|Datapath:inst|SubnBit:inst11|Sub1Bit:inst2|inst10                                                         ; |Bai1|Datapath:inst|SubnBit:inst11|Sub1Bit:inst2|inst10                                                         ; out0             ;
; |Bai1|Datapath:inst|SubnBit:inst11|Sub1Bit:inst1|inst7                                                          ; |Bai1|Datapath:inst|SubnBit:inst11|Sub1Bit:inst1|inst7                                                          ; out0             ;
; |Bai1|Datapath:inst|SubnBit:inst11|Sub1Bit:inst1|inst10                                                         ; |Bai1|Datapath:inst|SubnBit:inst11|Sub1Bit:inst1|inst10                                                         ; out0             ;
; |Bai1|Datapath:inst|SubnBit:inst11|Sub1Bit:inst|inst7                                                           ; |Bai1|Datapath:inst|SubnBit:inst11|Sub1Bit:inst|inst7                                                           ; out0             ;
; |Bai1|Datapath:inst|Register4x8:inst2|register:inst1|A[2]                                                       ; |Bai1|Datapath:inst|Register4x8:inst2|register:inst1|A[2]                                                       ; out0             ;
; |Bai1|Datapath:inst|Register4x8:inst2|register:inst1|A[1]                                                       ; |Bai1|Datapath:inst|Register4x8:inst2|register:inst1|A[1]                                                       ; out0             ;
; |Bai1|Datapath:inst|Register4x8:inst2|register:inst1|A[0]                                                       ; |Bai1|Datapath:inst|Register4x8:inst2|register:inst1|A[0]                                                       ; out0             ;
; |Bai1|Datapath:inst|Register4x8:inst2|register:inst1|RFC:inst18|inst1                                           ; |Bai1|Datapath:inst|Register4x8:inst2|register:inst1|RFC:inst18|inst1                                           ; out              ;
; |Bai1|Datapath:inst|Register4x8:inst2|register:inst1|RFC:inst18|inst                                            ; |Bai1|Datapath:inst|Register4x8:inst2|register:inst1|RFC:inst18|inst                                            ; regout           ;
; |Bai1|Datapath:inst|Register4x8:inst2|register:inst1|RFC:inst14|inst1                                           ; |Bai1|Datapath:inst|Register4x8:inst2|register:inst1|RFC:inst14|inst1                                           ; out              ;
; |Bai1|Datapath:inst|Register4x8:inst2|register:inst1|RFC:inst14|inst                                            ; |Bai1|Datapath:inst|Register4x8:inst2|register:inst1|RFC:inst14|inst                                            ; regout           ;
; |Bai1|Datapath:inst|Register4x8:inst2|register:inst1|RFC:inst10|inst1                                           ; |Bai1|Datapath:inst|Register4x8:inst2|register:inst1|RFC:inst10|inst1                                           ; out              ;
; |Bai1|Datapath:inst|Register4x8:inst2|register:inst1|RFC:inst10|inst                                            ; |Bai1|Datapath:inst|Register4x8:inst2|register:inst1|RFC:inst10|inst                                            ; regout           ;
; |Bai1|Datapath:inst|Register4x8:inst2|register:inst1|RFC:inst6|inst1                                            ; |Bai1|Datapath:inst|Register4x8:inst2|register:inst1|RFC:inst6|inst1                                            ; out              ;
; |Bai1|Datapath:inst|Register4x8:inst2|register:inst1|RFC:inst6|inst                                             ; |Bai1|Datapath:inst|Register4x8:inst2|register:inst1|RFC:inst6|inst                                             ; regout           ;
; |Bai1|Datapath:inst|Register4x8:inst2|register:inst1|RFC:inst6|inst4                                            ; |Bai1|Datapath:inst|Register4x8:inst2|register:inst1|RFC:inst6|inst4                                            ; out0             ;
; |Bai1|Datapath:inst|Register4x8:inst2|register:inst1|RFC:inst6|inst3                                            ; |Bai1|Datapath:inst|Register4x8:inst2|register:inst1|RFC:inst6|inst3                                            ; out0             ;
; |Bai1|Datapath:inst|Register4x8:inst2|register:inst1|RFC:inst6|inst2                                            ; |Bai1|Datapath:inst|Register4x8:inst2|register:inst1|RFC:inst6|inst2                                            ; out0             ;
; |Bai1|Datapath:inst|Register4x8:inst2|register:inst1|RFC:inst17|inst1                                           ; |Bai1|Datapath:inst|Register4x8:inst2|register:inst1|RFC:inst17|inst1                                           ; out              ;
; |Bai1|Datapath:inst|Register4x8:inst2|register:inst1|RFC:inst17|inst                                            ; |Bai1|Datapath:inst|Register4x8:inst2|register:inst1|RFC:inst17|inst                                            ; regout           ;
; |Bai1|Datapath:inst|Register4x8:inst2|register:inst1|RFC:inst13|inst1                                           ; |Bai1|Datapath:inst|Register4x8:inst2|register:inst1|RFC:inst13|inst1                                           ; out              ;
; |Bai1|Datapath:inst|Register4x8:inst2|register:inst1|RFC:inst13|inst                                            ; |Bai1|Datapath:inst|Register4x8:inst2|register:inst1|RFC:inst13|inst                                            ; regout           ;
; |Bai1|Datapath:inst|Register4x8:inst2|register:inst1|RFC:inst9|inst1                                            ; |Bai1|Datapath:inst|Register4x8:inst2|register:inst1|RFC:inst9|inst1                                            ; out              ;
; |Bai1|Datapath:inst|Register4x8:inst2|register:inst1|RFC:inst9|inst                                             ; |Bai1|Datapath:inst|Register4x8:inst2|register:inst1|RFC:inst9|inst                                             ; regout           ;
; |Bai1|Datapath:inst|Register4x8:inst2|register:inst1|RFC:inst5|inst1                                            ; |Bai1|Datapath:inst|Register4x8:inst2|register:inst1|RFC:inst5|inst1                                            ; out              ;
; |Bai1|Datapath:inst|Register4x8:inst2|register:inst1|RFC:inst5|inst                                             ; |Bai1|Datapath:inst|Register4x8:inst2|register:inst1|RFC:inst5|inst                                             ; regout           ;
; |Bai1|Datapath:inst|Register4x8:inst2|register:inst1|RFC:inst5|inst4                                            ; |Bai1|Datapath:inst|Register4x8:inst2|register:inst1|RFC:inst5|inst4                                            ; out0             ;
; |Bai1|Datapath:inst|Register4x8:inst2|register:inst1|RFC:inst5|inst3                                            ; |Bai1|Datapath:inst|Register4x8:inst2|register:inst1|RFC:inst5|inst3                                            ; out0             ;
; |Bai1|Datapath:inst|Register4x8:inst2|register:inst1|RFC:inst5|inst2                                            ; |Bai1|Datapath:inst|Register4x8:inst2|register:inst1|RFC:inst5|inst2                                            ; out0             ;
; |Bai1|Datapath:inst|Register4x8:inst2|register:inst1|RFC:inst8|inst1                                            ; |Bai1|Datapath:inst|Register4x8:inst2|register:inst1|RFC:inst8|inst1                                            ; out              ;
; |Bai1|Datapath:inst|Register4x8:inst2|register:inst1|RFC:inst8|inst                                             ; |Bai1|Datapath:inst|Register4x8:inst2|register:inst1|RFC:inst8|inst                                             ; regout           ;
; |Bai1|Datapath:inst|Register4x8:inst2|register:inst1|RFC:inst12|inst1                                           ; |Bai1|Datapath:inst|Register4x8:inst2|register:inst1|RFC:inst12|inst1                                           ; out              ;
; |Bai1|Datapath:inst|Register4x8:inst2|register:inst1|RFC:inst12|inst                                            ; |Bai1|Datapath:inst|Register4x8:inst2|register:inst1|RFC:inst12|inst                                            ; regout           ;
; |Bai1|Datapath:inst|Register4x8:inst2|register:inst1|RFC:inst16|inst1                                           ; |Bai1|Datapath:inst|Register4x8:inst2|register:inst1|RFC:inst16|inst1                                           ; out              ;
; |Bai1|Datapath:inst|Register4x8:inst2|register:inst1|RFC:inst16|inst                                            ; |Bai1|Datapath:inst|Register4x8:inst2|register:inst1|RFC:inst16|inst                                            ; regout           ;
; |Bai1|Datapath:inst|Register4x8:inst2|register:inst1|RFC:inst4|inst1                                            ; |Bai1|Datapath:inst|Register4x8:inst2|register:inst1|RFC:inst4|inst1                                            ; out              ;
; |Bai1|Datapath:inst|Register4x8:inst2|register:inst1|RFC:inst4|inst                                             ; |Bai1|Datapath:inst|Register4x8:inst2|register:inst1|RFC:inst4|inst                                             ; regout           ;
; |Bai1|Datapath:inst|Register4x8:inst2|register:inst1|RFC:inst4|inst4                                            ; |Bai1|Datapath:inst|Register4x8:inst2|register:inst1|RFC:inst4|inst4                                            ; out0             ;
; |Bai1|Datapath:inst|Register4x8:inst2|register:inst1|RFC:inst4|inst3                                            ; |Bai1|Datapath:inst|Register4x8:inst2|register:inst1|RFC:inst4|inst3                                            ; out0             ;
; |Bai1|Datapath:inst|Register4x8:inst2|register:inst1|RFC:inst4|inst2                                            ; |Bai1|Datapath:inst|Register4x8:inst2|register:inst1|RFC:inst4|inst2                                            ; out0             ;
; |Bai1|Datapath:inst|Register4x8:inst2|register:inst1|RFC:inst15|inst1                                           ; |Bai1|Datapath:inst|Register4x8:inst2|register:inst1|RFC:inst15|inst1                                           ; out              ;
; |Bai1|Datapath:inst|Register4x8:inst2|register:inst1|RFC:inst15|inst                                            ; |Bai1|Datapath:inst|Register4x8:inst2|register:inst1|RFC:inst15|inst                                            ; regout           ;
; |Bai1|Datapath:inst|Register4x8:inst2|register:inst1|RFC:inst11|inst1                                           ; |Bai1|Datapath:inst|Register4x8:inst2|register:inst1|RFC:inst11|inst1                                           ; out              ;
; |Bai1|Datapath:inst|Register4x8:inst2|register:inst1|RFC:inst11|inst                                            ; |Bai1|Datapath:inst|Register4x8:inst2|register:inst1|RFC:inst11|inst                                            ; regout           ;
; |Bai1|Datapath:inst|Register4x8:inst2|register:inst1|RFC:inst7|inst1                                            ; |Bai1|Datapath:inst|Register4x8:inst2|register:inst1|RFC:inst7|inst1                                            ; out              ;
; |Bai1|Datapath:inst|Register4x8:inst2|register:inst1|RFC:inst7|inst                                             ; |Bai1|Datapath:inst|Register4x8:inst2|register:inst1|RFC:inst7|inst                                             ; regout           ;
; |Bai1|Datapath:inst|Register4x8:inst2|register:inst|A[3]                                                        ; |Bai1|Datapath:inst|Register4x8:inst2|register:inst|A[3]                                                        ; out0             ;
; |Bai1|Datapath:inst|Register4x8:inst2|register:inst|A[2]                                                        ; |Bai1|Datapath:inst|Register4x8:inst2|register:inst|A[2]                                                        ; out0             ;
; |Bai1|Datapath:inst|Register4x8:inst2|register:inst|A[1]                                                        ; |Bai1|Datapath:inst|Register4x8:inst2|register:inst|A[1]                                                        ; out0             ;
; |Bai1|Datapath:inst|Register4x8:inst2|register:inst|A[0]                                                        ; |Bai1|Datapath:inst|Register4x8:inst2|register:inst|A[0]                                                        ; out0             ;
; |Bai1|Datapath:inst|Register4x8:inst2|register:inst|RFC:inst18|inst1                                            ; |Bai1|Datapath:inst|Register4x8:inst2|register:inst|RFC:inst18|inst1                                            ; out              ;
; |Bai1|Datapath:inst|Register4x8:inst2|register:inst|RFC:inst18|inst                                             ; |Bai1|Datapath:inst|Register4x8:inst2|register:inst|RFC:inst18|inst                                             ; regout           ;
; |Bai1|Datapath:inst|Register4x8:inst2|register:inst|RFC:inst14|inst1                                            ; |Bai1|Datapath:inst|Register4x8:inst2|register:inst|RFC:inst14|inst1                                            ; out              ;
; |Bai1|Datapath:inst|Register4x8:inst2|register:inst|RFC:inst14|inst                                             ; |Bai1|Datapath:inst|Register4x8:inst2|register:inst|RFC:inst14|inst                                             ; regout           ;
; |Bai1|Datapath:inst|Register4x8:inst2|register:inst|RFC:inst10|inst1                                            ; |Bai1|Datapath:inst|Register4x8:inst2|register:inst|RFC:inst10|inst1                                            ; out              ;
; |Bai1|Datapath:inst|Register4x8:inst2|register:inst|RFC:inst10|inst                                             ; |Bai1|Datapath:inst|Register4x8:inst2|register:inst|RFC:inst10|inst                                             ; regout           ;
; |Bai1|Datapath:inst|Register4x8:inst2|register:inst|RFC:inst6|inst1                                             ; |Bai1|Datapath:inst|Register4x8:inst2|register:inst|RFC:inst6|inst1                                             ; out              ;
; |Bai1|Datapath:inst|Register4x8:inst2|register:inst|RFC:inst6|inst                                              ; |Bai1|Datapath:inst|Register4x8:inst2|register:inst|RFC:inst6|inst                                              ; regout           ;
; |Bai1|Datapath:inst|Register4x8:inst2|register:inst|RFC:inst6|inst4                                             ; |Bai1|Datapath:inst|Register4x8:inst2|register:inst|RFC:inst6|inst4                                             ; out0             ;
; |Bai1|Datapath:inst|Register4x8:inst2|register:inst|RFC:inst6|inst3                                             ; |Bai1|Datapath:inst|Register4x8:inst2|register:inst|RFC:inst6|inst3                                             ; out0             ;
; |Bai1|Datapath:inst|Register4x8:inst2|register:inst|RFC:inst6|inst2                                             ; |Bai1|Datapath:inst|Register4x8:inst2|register:inst|RFC:inst6|inst2                                             ; out0             ;
; |Bai1|Datapath:inst|Register4x8:inst2|register:inst|RFC:inst17|inst1                                            ; |Bai1|Datapath:inst|Register4x8:inst2|register:inst|RFC:inst17|inst1                                            ; out              ;
; |Bai1|Datapath:inst|Register4x8:inst2|register:inst|RFC:inst17|inst                                             ; |Bai1|Datapath:inst|Register4x8:inst2|register:inst|RFC:inst17|inst                                             ; regout           ;
; |Bai1|Datapath:inst|Register4x8:inst2|register:inst|RFC:inst13|inst1                                            ; |Bai1|Datapath:inst|Register4x8:inst2|register:inst|RFC:inst13|inst1                                            ; out              ;
; |Bai1|Datapath:inst|Register4x8:inst2|register:inst|RFC:inst13|inst                                             ; |Bai1|Datapath:inst|Register4x8:inst2|register:inst|RFC:inst13|inst                                             ; regout           ;
; |Bai1|Datapath:inst|Register4x8:inst2|register:inst|RFC:inst9|inst1                                             ; |Bai1|Datapath:inst|Register4x8:inst2|register:inst|RFC:inst9|inst1                                             ; out              ;
; |Bai1|Datapath:inst|Register4x8:inst2|register:inst|RFC:inst9|inst                                              ; |Bai1|Datapath:inst|Register4x8:inst2|register:inst|RFC:inst9|inst                                              ; regout           ;
; |Bai1|Datapath:inst|Register4x8:inst2|register:inst|RFC:inst5|inst1                                             ; |Bai1|Datapath:inst|Register4x8:inst2|register:inst|RFC:inst5|inst1                                             ; out              ;
; |Bai1|Datapath:inst|Register4x8:inst2|register:inst|RFC:inst5|inst                                              ; |Bai1|Datapath:inst|Register4x8:inst2|register:inst|RFC:inst5|inst                                              ; regout           ;
; |Bai1|Datapath:inst|Register4x8:inst2|register:inst|RFC:inst5|inst4                                             ; |Bai1|Datapath:inst|Register4x8:inst2|register:inst|RFC:inst5|inst4                                             ; out0             ;
; |Bai1|Datapath:inst|Register4x8:inst2|register:inst|RFC:inst5|inst3                                             ; |Bai1|Datapath:inst|Register4x8:inst2|register:inst|RFC:inst5|inst3                                             ; out0             ;
; |Bai1|Datapath:inst|Register4x8:inst2|register:inst|RFC:inst5|inst2                                             ; |Bai1|Datapath:inst|Register4x8:inst2|register:inst|RFC:inst5|inst2                                             ; out0             ;
; |Bai1|Datapath:inst|Register4x8:inst2|register:inst|RFC:inst8|inst1                                             ; |Bai1|Datapath:inst|Register4x8:inst2|register:inst|RFC:inst8|inst1                                             ; out              ;
; |Bai1|Datapath:inst|Register4x8:inst2|register:inst|RFC:inst8|inst                                              ; |Bai1|Datapath:inst|Register4x8:inst2|register:inst|RFC:inst8|inst                                              ; regout           ;
; |Bai1|Datapath:inst|Register4x8:inst2|register:inst|RFC:inst12|inst1                                            ; |Bai1|Datapath:inst|Register4x8:inst2|register:inst|RFC:inst12|inst1                                            ; out              ;
; |Bai1|Datapath:inst|Register4x8:inst2|register:inst|RFC:inst12|inst                                             ; |Bai1|Datapath:inst|Register4x8:inst2|register:inst|RFC:inst12|inst                                             ; regout           ;
; |Bai1|Datapath:inst|Register4x8:inst2|register:inst|RFC:inst16|inst1                                            ; |Bai1|Datapath:inst|Register4x8:inst2|register:inst|RFC:inst16|inst1                                            ; out              ;
; |Bai1|Datapath:inst|Register4x8:inst2|register:inst|RFC:inst16|inst                                             ; |Bai1|Datapath:inst|Register4x8:inst2|register:inst|RFC:inst16|inst                                             ; regout           ;
; |Bai1|Datapath:inst|Register4x8:inst2|register:inst|RFC:inst4|inst1                                             ; |Bai1|Datapath:inst|Register4x8:inst2|register:inst|RFC:inst4|inst1                                             ; out              ;
; |Bai1|Datapath:inst|Register4x8:inst2|register:inst|RFC:inst4|inst                                              ; |Bai1|Datapath:inst|Register4x8:inst2|register:inst|RFC:inst4|inst                                              ; regout           ;
; |Bai1|Datapath:inst|Register4x8:inst2|register:inst|RFC:inst4|inst4                                             ; |Bai1|Datapath:inst|Register4x8:inst2|register:inst|RFC:inst4|inst4                                             ; out0             ;
; |Bai1|Datapath:inst|Register4x8:inst2|register:inst|RFC:inst4|inst3                                             ; |Bai1|Datapath:inst|Register4x8:inst2|register:inst|RFC:inst4|inst3                                             ; out0             ;
; |Bai1|Datapath:inst|Register4x8:inst2|register:inst|RFC:inst4|inst2                                             ; |Bai1|Datapath:inst|Register4x8:inst2|register:inst|RFC:inst4|inst2                                             ; out0             ;
; |Bai1|Datapath:inst|Register4x8:inst2|register:inst|RFC:inst15|inst1                                            ; |Bai1|Datapath:inst|Register4x8:inst2|register:inst|RFC:inst15|inst1                                            ; out              ;
; |Bai1|Datapath:inst|Register4x8:inst2|register:inst|RFC:inst15|inst                                             ; |Bai1|Datapath:inst|Register4x8:inst2|register:inst|RFC:inst15|inst                                             ; regout           ;
; |Bai1|Datapath:inst|Register4x8:inst2|register:inst|RFC:inst11|inst1                                            ; |Bai1|Datapath:inst|Register4x8:inst2|register:inst|RFC:inst11|inst1                                            ; out              ;
; |Bai1|Datapath:inst|Register4x8:inst2|register:inst|RFC:inst11|inst                                             ; |Bai1|Datapath:inst|Register4x8:inst2|register:inst|RFC:inst11|inst                                             ; regout           ;
; |Bai1|Datapath:inst|Register4x8:inst2|register:inst|RFC:inst7|inst1                                             ; |Bai1|Datapath:inst|Register4x8:inst2|register:inst|RFC:inst7|inst1                                             ; out              ;
; |Bai1|Datapath:inst|Register4x8:inst2|register:inst|RFC:inst7|inst                                              ; |Bai1|Datapath:inst|Register4x8:inst2|register:inst|RFC:inst7|inst                                              ; regout           ;
; |Bai1|Datapath:inst|Register4x8:inst2|register:inst|RFC:inst3|inst1                                             ; |Bai1|Datapath:inst|Register4x8:inst2|register:inst|RFC:inst3|inst1                                             ; out              ;
; |Bai1|Datapath:inst|Register4x8:inst2|register:inst|RFC:inst3|inst                                              ; |Bai1|Datapath:inst|Register4x8:inst2|register:inst|RFC:inst3|inst                                              ; regout           ;
; |Bai1|Datapath:inst|Register4x8:inst2|register:inst|RFC:inst3|inst2                                             ; |Bai1|Datapath:inst|Register4x8:inst2|register:inst|RFC:inst3|inst2                                             ; out0             ;
; |Bai1|Datapath:inst|Sum8Bit:inst10|Sum:inst6|inst3                                                              ; |Bai1|Datapath:inst|Sum8Bit:inst10|Sum:inst6|inst3                                                              ; out0             ;
; |Bai1|Datapath:inst|Sum8Bit:inst10|Sum:inst7|inst2                                                              ; |Bai1|Datapath:inst|Sum8Bit:inst10|Sum:inst7|inst2                                                              ; out0             ;
; |Bai1|Datapath:inst|Sum8Bit:inst10|Sum:inst7|inst4                                                              ; |Bai1|Datapath:inst|Sum8Bit:inst10|Sum:inst7|inst4                                                              ; out0             ;
; |Bai1|Datapath:inst|Sum8Bit:inst10|Sum:inst7|inst5                                                              ; |Bai1|Datapath:inst|Sum8Bit:inst10|Sum:inst7|inst5                                                              ; out0             ;
; |Bai1|Datapath:inst|Sum8Bit:inst10|Sum:inst7|inst3                                                              ; |Bai1|Datapath:inst|Sum8Bit:inst10|Sum:inst7|inst3                                                              ; out0             ;
; |Bai1|Datapath:inst|Sum8Bit:inst10|Sum:inst3|inst2                                                              ; |Bai1|Datapath:inst|Sum8Bit:inst10|Sum:inst3|inst2                                                              ; out0             ;
; |Bai1|Datapath:inst|Sum8Bit:inst10|Sum:inst3|inst4                                                              ; |Bai1|Datapath:inst|Sum8Bit:inst10|Sum:inst3|inst4                                                              ; out0             ;
; |Bai1|Datapath:inst|Sum8Bit:inst10|Sum:inst3|inst5                                                              ; |Bai1|Datapath:inst|Sum8Bit:inst10|Sum:inst3|inst5                                                              ; out0             ;
; |Bai1|Datapath:inst|Sum8Bit:inst10|Sum:inst3|inst3                                                              ; |Bai1|Datapath:inst|Sum8Bit:inst10|Sum:inst3|inst3                                                              ; out0             ;
; |Bai1|Datapath:inst|Sum8Bit:inst10|Sum:inst5|inst4                                                              ; |Bai1|Datapath:inst|Sum8Bit:inst10|Sum:inst5|inst4                                                              ; out0             ;
; |Bai1|Datapath:inst|Sum8Bit:inst10|Sum:inst5|inst5                                                              ; |Bai1|Datapath:inst|Sum8Bit:inst10|Sum:inst5|inst5                                                              ; out0             ;
; |Bai1|Datapath:inst|Sum8Bit:inst10|Sum:inst4|inst5                                                              ; |Bai1|Datapath:inst|Sum8Bit:inst10|Sum:inst4|inst5                                                              ; out0             ;
; |Bai1|Datapath:inst|Sum8Bit:inst10|Sum:inst4|inst3                                                              ; |Bai1|Datapath:inst|Sum8Bit:inst10|Sum:inst4|inst3                                                              ; out0             ;
; |Bai1|Datapath:inst|Sum8Bit:inst10|Sum:inst2|inst                                                               ; |Bai1|Datapath:inst|Sum8Bit:inst10|Sum:inst2|inst                                                               ; out0             ;
; |Bai1|Datapath:inst|Sum8Bit:inst10|Sum:inst2|inst2                                                              ; |Bai1|Datapath:inst|Sum8Bit:inst10|Sum:inst2|inst2                                                              ; out0             ;
; |Bai1|Datapath:inst|Sum8Bit:inst10|Sum:inst2|inst4                                                              ; |Bai1|Datapath:inst|Sum8Bit:inst10|Sum:inst2|inst4                                                              ; out0             ;
; |Bai1|Datapath:inst|Sum8Bit:inst10|Sum:inst2|inst5                                                              ; |Bai1|Datapath:inst|Sum8Bit:inst10|Sum:inst2|inst5                                                              ; out0             ;
; |Bai1|Datapath:inst|Sum8Bit:inst10|Sum:inst2|inst3                                                              ; |Bai1|Datapath:inst|Sum8Bit:inst10|Sum:inst2|inst3                                                              ; out0             ;
; |Bai1|Datapath:inst|Sum8Bit:inst10|Sum:inst1|inst1                                                              ; |Bai1|Datapath:inst|Sum8Bit:inst10|Sum:inst1|inst1                                                              ; out0             ;
; |Bai1|Datapath:inst|Sum8Bit:inst10|Sum:inst1|inst                                                               ; |Bai1|Datapath:inst|Sum8Bit:inst10|Sum:inst1|inst                                                               ; out0             ;
; |Bai1|Datapath:inst|Sum8Bit:inst10|Sum:inst1|inst2                                                              ; |Bai1|Datapath:inst|Sum8Bit:inst10|Sum:inst1|inst2                                                              ; out0             ;
; |Bai1|Datapath:inst|Sum8Bit:inst10|Sum:inst1|inst4                                                              ; |Bai1|Datapath:inst|Sum8Bit:inst10|Sum:inst1|inst4                                                              ; out0             ;
; |Bai1|Datapath:inst|Sum8Bit:inst10|Sum:inst1|inst5                                                              ; |Bai1|Datapath:inst|Sum8Bit:inst10|Sum:inst1|inst5                                                              ; out0             ;
; |Bai1|Datapath:inst|Sum8Bit:inst10|Sum:inst1|inst3                                                              ; |Bai1|Datapath:inst|Sum8Bit:inst10|Sum:inst1|inst3                                                              ; out0             ;
; |Bai1|Datapath:inst|Sum8Bit:inst10|Sum:inst|inst1                                                               ; |Bai1|Datapath:inst|Sum8Bit:inst10|Sum:inst|inst1                                                               ; out0             ;
; |Bai1|Datapath:inst|Sum8Bit:inst10|Sum:inst|inst                                                                ; |Bai1|Datapath:inst|Sum8Bit:inst10|Sum:inst|inst                                                                ; out0             ;
; |Bai1|Datapath:inst|MinMax:inst7|SubnBit:inst1|Sub1Bit:inst7|inst10                                             ; |Bai1|Datapath:inst|MinMax:inst7|SubnBit:inst1|Sub1Bit:inst7|inst10                                             ; out0             ;
; |Bai1|Datapath:inst|MinMax:inst7|SubnBit:inst1|Sub1Bit:inst2|inst7                                              ; |Bai1|Datapath:inst|MinMax:inst7|SubnBit:inst1|Sub1Bit:inst2|inst7                                              ; out0             ;
; |Bai1|Datapath:inst|MinMax:inst7|SubnBit:inst1|Sub1Bit:inst2|inst10                                             ; |Bai1|Datapath:inst|MinMax:inst7|SubnBit:inst1|Sub1Bit:inst2|inst10                                             ; out0             ;
; |Bai1|Datapath:inst|MinMax:inst7|SubnBit:inst1|Sub1Bit:inst1|inst7                                              ; |Bai1|Datapath:inst|MinMax:inst7|SubnBit:inst1|Sub1Bit:inst1|inst7                                              ; out0             ;
; |Bai1|Datapath:inst|MinMax:inst7|SubnBit:inst1|Sub1Bit:inst1|inst10                                             ; |Bai1|Datapath:inst|MinMax:inst7|SubnBit:inst1|Sub1Bit:inst1|inst10                                             ; out0             ;
; |Bai1|Datapath:inst|MinMax:inst7|SubnBit:inst1|Sub1Bit:inst|inst7                                               ; |Bai1|Datapath:inst|MinMax:inst7|SubnBit:inst1|Sub1Bit:inst|inst7                                               ; out0             ;
; |Bai1|Datapath:inst|MinMax:inst7|busmux:inst|lpm_mux:$00000|mux_smc:auto_generated|result_node[7]~0             ; |Bai1|Datapath:inst|MinMax:inst7|busmux:inst|lpm_mux:$00000|mux_smc:auto_generated|result_node[7]~0             ; out0             ;
; |Bai1|Datapath:inst|MinMax:inst7|busmux:inst|lpm_mux:$00000|mux_smc:auto_generated|result_node[7]~1             ; |Bai1|Datapath:inst|MinMax:inst7|busmux:inst|lpm_mux:$00000|mux_smc:auto_generated|result_node[7]~1             ; out0             ;
; |Bai1|Datapath:inst|MinMax:inst7|busmux:inst|lpm_mux:$00000|mux_smc:auto_generated|result_node[7]               ; |Bai1|Datapath:inst|MinMax:inst7|busmux:inst|lpm_mux:$00000|mux_smc:auto_generated|result_node[7]               ; out0             ;
; |Bai1|Datapath:inst|MinMax:inst7|busmux:inst|lpm_mux:$00000|mux_smc:auto_generated|result_node[6]~2             ; |Bai1|Datapath:inst|MinMax:inst7|busmux:inst|lpm_mux:$00000|mux_smc:auto_generated|result_node[6]~2             ; out0             ;
; |Bai1|Datapath:inst|MinMax:inst7|busmux:inst|lpm_mux:$00000|mux_smc:auto_generated|result_node[6]~3             ; |Bai1|Datapath:inst|MinMax:inst7|busmux:inst|lpm_mux:$00000|mux_smc:auto_generated|result_node[6]~3             ; out0             ;
; |Bai1|Datapath:inst|MinMax:inst7|busmux:inst|lpm_mux:$00000|mux_smc:auto_generated|result_node[6]               ; |Bai1|Datapath:inst|MinMax:inst7|busmux:inst|lpm_mux:$00000|mux_smc:auto_generated|result_node[6]               ; out0             ;
; |Bai1|Datapath:inst|MinMax:inst7|busmux:inst|lpm_mux:$00000|mux_smc:auto_generated|result_node[5]~4             ; |Bai1|Datapath:inst|MinMax:inst7|busmux:inst|lpm_mux:$00000|mux_smc:auto_generated|result_node[5]~4             ; out0             ;
; |Bai1|Datapath:inst|MinMax:inst7|busmux:inst|lpm_mux:$00000|mux_smc:auto_generated|result_node[5]~5             ; |Bai1|Datapath:inst|MinMax:inst7|busmux:inst|lpm_mux:$00000|mux_smc:auto_generated|result_node[5]~5             ; out0             ;
; |Bai1|Datapath:inst|MinMax:inst7|busmux:inst|lpm_mux:$00000|mux_smc:auto_generated|result_node[5]               ; |Bai1|Datapath:inst|MinMax:inst7|busmux:inst|lpm_mux:$00000|mux_smc:auto_generated|result_node[5]               ; out0             ;
; |Bai1|Datapath:inst|TriTuyetDoi:inst6|SubnBit:inst1|Sub1Bit:inst5|inst                                          ; |Bai1|Datapath:inst|TriTuyetDoi:inst6|SubnBit:inst1|Sub1Bit:inst5|inst                                          ; out0             ;
; |Bai1|Datapath:inst|TriTuyetDoi:inst6|SubnBit:inst1|Sub1Bit:inst5|inst11                                        ; |Bai1|Datapath:inst|TriTuyetDoi:inst6|SubnBit:inst1|Sub1Bit:inst5|inst11                                        ; out0             ;
; |Bai1|Datapath:inst|TriTuyetDoi:inst6|busmux:inst|lpm_mux:$00000|mux_smc:auto_generated|result_node[7]~0        ; |Bai1|Datapath:inst|TriTuyetDoi:inst6|busmux:inst|lpm_mux:$00000|mux_smc:auto_generated|result_node[7]~0        ; out0             ;
; |Bai1|Datapath:inst|TriTuyetDoi:inst6|busmux:inst|lpm_mux:$00000|mux_smc:auto_generated|result_node[6]~2        ; |Bai1|Datapath:inst|TriTuyetDoi:inst6|busmux:inst|lpm_mux:$00000|mux_smc:auto_generated|result_node[6]~2        ; out0             ;
; |Bai1|Datapath:inst|TriTuyetDoi:inst6|busmux:inst|lpm_mux:$00000|mux_smc:auto_generated|result_node[6]~3        ; |Bai1|Datapath:inst|TriTuyetDoi:inst6|busmux:inst|lpm_mux:$00000|mux_smc:auto_generated|result_node[6]~3        ; out0             ;
; |Bai1|Datapath:inst|TriTuyetDoi:inst6|busmux:inst|lpm_mux:$00000|mux_smc:auto_generated|result_node[6]          ; |Bai1|Datapath:inst|TriTuyetDoi:inst6|busmux:inst|lpm_mux:$00000|mux_smc:auto_generated|result_node[6]          ; out0             ;
; |Bai1|Datapath:inst|TriTuyetDoi:inst6|busmux:inst|lpm_mux:$00000|mux_smc:auto_generated|result_node[5]~4        ; |Bai1|Datapath:inst|TriTuyetDoi:inst6|busmux:inst|lpm_mux:$00000|mux_smc:auto_generated|result_node[5]~4        ; out0             ;
; |Bai1|Datapath:inst|TriTuyetDoi:inst6|busmux:inst|lpm_mux:$00000|mux_smc:auto_generated|result_node[5]~5        ; |Bai1|Datapath:inst|TriTuyetDoi:inst6|busmux:inst|lpm_mux:$00000|mux_smc:auto_generated|result_node[5]~5        ; out0             ;
; |Bai1|Datapath:inst|TriTuyetDoi:inst6|busmux:inst|lpm_mux:$00000|mux_smc:auto_generated|result_node[5]          ; |Bai1|Datapath:inst|TriTuyetDoi:inst6|busmux:inst|lpm_mux:$00000|mux_smc:auto_generated|result_node[5]          ; out0             ;
; |Bai1|Datapath:inst|TriTuyetDoi:inst6|busmux:inst|lpm_mux:$00000|mux_smc:auto_generated|result_node[4]~6        ; |Bai1|Datapath:inst|TriTuyetDoi:inst6|busmux:inst|lpm_mux:$00000|mux_smc:auto_generated|result_node[4]~6        ; out0             ;
; |Bai1|Datapath:inst|TriTuyetDoi:inst6|busmux:inst|lpm_mux:$00000|mux_smc:auto_generated|result_node[3]~8        ; |Bai1|Datapath:inst|TriTuyetDoi:inst6|busmux:inst|lpm_mux:$00000|mux_smc:auto_generated|result_node[3]~8        ; out0             ;
; |Bai1|Datapath:inst|TriTuyetDoi:inst6|busmux:inst|lpm_mux:$00000|mux_smc:auto_generated|result_node[2]~10       ; |Bai1|Datapath:inst|TriTuyetDoi:inst6|busmux:inst|lpm_mux:$00000|mux_smc:auto_generated|result_node[2]~10       ; out0             ;
; |Bai1|Datapath:inst|TriTuyetDoi:inst6|busmux:inst|lpm_mux:$00000|mux_smc:auto_generated|result_node[1]~12       ; |Bai1|Datapath:inst|TriTuyetDoi:inst6|busmux:inst|lpm_mux:$00000|mux_smc:auto_generated|result_node[1]~12       ; out0             ;
; |Bai1|Datapath:inst|TriTuyetDoi:inst6|busmux:inst|lpm_mux:$00000|mux_smc:auto_generated|result_node[0]~14       ; |Bai1|Datapath:inst|TriTuyetDoi:inst6|busmux:inst|lpm_mux:$00000|mux_smc:auto_generated|result_node[0]~14       ; out0             ;
; |Bai1|Datapath:inst|Mux81:inst4|Mux41:inst1|busmux:inst|lpm_mux:$00000|mux_smc:auto_generated|result_node[4]~6  ; |Bai1|Datapath:inst|Mux81:inst4|Mux41:inst1|busmux:inst|lpm_mux:$00000|mux_smc:auto_generated|result_node[4]~6  ; out0             ;
; |Bai1|Datapath:inst|Mux81:inst4|Mux41:inst1|busmux:inst|lpm_mux:$00000|mux_smc:auto_generated|result_node[3]~8  ; |Bai1|Datapath:inst|Mux81:inst4|Mux41:inst1|busmux:inst|lpm_mux:$00000|mux_smc:auto_generated|result_node[3]~8  ; out0             ;
; |Bai1|Datapath:inst|Mux81:inst4|Mux41:inst1|busmux:inst|lpm_mux:$00000|mux_smc:auto_generated|result_node[2]~10 ; |Bai1|Datapath:inst|Mux81:inst4|Mux41:inst1|busmux:inst|lpm_mux:$00000|mux_smc:auto_generated|result_node[2]~10 ; out0             ;
; |Bai1|Datapath:inst|Mux81:inst4|Mux41:inst1|busmux:inst2|lpm_mux:$00000|mux_smc:auto_generated|result_node[7]~1 ; |Bai1|Datapath:inst|Mux81:inst4|Mux41:inst1|busmux:inst2|lpm_mux:$00000|mux_smc:auto_generated|result_node[7]~1 ; out0             ;
; |Bai1|Datapath:inst|Mux81:inst4|Mux41:inst1|busmux:inst2|lpm_mux:$00000|mux_smc:auto_generated|result_node[6]~3 ; |Bai1|Datapath:inst|Mux81:inst4|Mux41:inst1|busmux:inst2|lpm_mux:$00000|mux_smc:auto_generated|result_node[6]~3 ; out0             ;
; |Bai1|Datapath:inst|Mux81:inst4|Mux41:inst1|busmux:inst2|lpm_mux:$00000|mux_smc:auto_generated|result_node[5]~5 ; |Bai1|Datapath:inst|Mux81:inst4|Mux41:inst1|busmux:inst2|lpm_mux:$00000|mux_smc:auto_generated|result_node[5]~5 ; out0             ;
; |Bai1|Datapath:inst|Mux81:inst4|Mux41:inst|busmux:inst1|lpm_mux:$00000|mux_smc:auto_generated|result_node[7]~0  ; |Bai1|Datapath:inst|Mux81:inst4|Mux41:inst|busmux:inst1|lpm_mux:$00000|mux_smc:auto_generated|result_node[7]~0  ; out0             ;
; |Bai1|Datapath:inst|Mux81:inst4|Mux41:inst|busmux:inst1|lpm_mux:$00000|mux_smc:auto_generated|result_node[7]~1  ; |Bai1|Datapath:inst|Mux81:inst4|Mux41:inst|busmux:inst1|lpm_mux:$00000|mux_smc:auto_generated|result_node[7]~1  ; out0             ;
; |Bai1|Datapath:inst|Mux81:inst4|Mux41:inst|busmux:inst1|lpm_mux:$00000|mux_smc:auto_generated|result_node[7]    ; |Bai1|Datapath:inst|Mux81:inst4|Mux41:inst|busmux:inst1|lpm_mux:$00000|mux_smc:auto_generated|result_node[7]    ; out0             ;
; |Bai1|Datapath:inst|Mux81:inst4|Mux41:inst|busmux:inst1|lpm_mux:$00000|mux_smc:auto_generated|result_node[6]~2  ; |Bai1|Datapath:inst|Mux81:inst4|Mux41:inst|busmux:inst1|lpm_mux:$00000|mux_smc:auto_generated|result_node[6]~2  ; out0             ;
; |Bai1|Datapath:inst|Mux81:inst4|Mux41:inst|busmux:inst1|lpm_mux:$00000|mux_smc:auto_generated|result_node[6]~3  ; |Bai1|Datapath:inst|Mux81:inst4|Mux41:inst|busmux:inst1|lpm_mux:$00000|mux_smc:auto_generated|result_node[6]~3  ; out0             ;
; |Bai1|Datapath:inst|Mux81:inst4|Mux41:inst|busmux:inst1|lpm_mux:$00000|mux_smc:auto_generated|result_node[6]    ; |Bai1|Datapath:inst|Mux81:inst4|Mux41:inst|busmux:inst1|lpm_mux:$00000|mux_smc:auto_generated|result_node[6]    ; out0             ;
; |Bai1|Datapath:inst|Mux81:inst4|Mux41:inst|busmux:inst1|lpm_mux:$00000|mux_smc:auto_generated|result_node[5]~5  ; |Bai1|Datapath:inst|Mux81:inst4|Mux41:inst|busmux:inst1|lpm_mux:$00000|mux_smc:auto_generated|result_node[5]~5  ; out0             ;
; |Bai1|Datapath:inst|Mux81:inst4|Mux41:inst|busmux:inst|lpm_mux:$00000|mux_smc:auto_generated|result_node[7]~0   ; |Bai1|Datapath:inst|Mux81:inst4|Mux41:inst|busmux:inst|lpm_mux:$00000|mux_smc:auto_generated|result_node[7]~0   ; out0             ;
; |Bai1|Datapath:inst|Mux81:inst4|Mux41:inst|busmux:inst|lpm_mux:$00000|mux_smc:auto_generated|result_node[7]~1   ; |Bai1|Datapath:inst|Mux81:inst4|Mux41:inst|busmux:inst|lpm_mux:$00000|mux_smc:auto_generated|result_node[7]~1   ; out0             ;
; |Bai1|Datapath:inst|Mux81:inst4|Mux41:inst|busmux:inst|lpm_mux:$00000|mux_smc:auto_generated|result_node[7]     ; |Bai1|Datapath:inst|Mux81:inst4|Mux41:inst|busmux:inst|lpm_mux:$00000|mux_smc:auto_generated|result_node[7]     ; out0             ;
; |Bai1|Datapath:inst|Mux81:inst4|Mux41:inst|busmux:inst|lpm_mux:$00000|mux_smc:auto_generated|result_node[6]~2   ; |Bai1|Datapath:inst|Mux81:inst4|Mux41:inst|busmux:inst|lpm_mux:$00000|mux_smc:auto_generated|result_node[6]~2   ; out0             ;
; |Bai1|Datapath:inst|Mux81:inst4|Mux41:inst|busmux:inst|lpm_mux:$00000|mux_smc:auto_generated|result_node[6]~3   ; |Bai1|Datapath:inst|Mux81:inst4|Mux41:inst|busmux:inst|lpm_mux:$00000|mux_smc:auto_generated|result_node[6]~3   ; out0             ;
; |Bai1|Datapath:inst|Mux81:inst4|Mux41:inst|busmux:inst|lpm_mux:$00000|mux_smc:auto_generated|result_node[6]     ; |Bai1|Datapath:inst|Mux81:inst4|Mux41:inst|busmux:inst|lpm_mux:$00000|mux_smc:auto_generated|result_node[6]     ; out0             ;
; |Bai1|Datapath:inst|Mux81:inst4|Mux41:inst|busmux:inst|lpm_mux:$00000|mux_smc:auto_generated|result_node[5]~4   ; |Bai1|Datapath:inst|Mux81:inst4|Mux41:inst|busmux:inst|lpm_mux:$00000|mux_smc:auto_generated|result_node[5]~4   ; out0             ;
; |Bai1|Datapath:inst|Mux81:inst4|Mux41:inst|busmux:inst|lpm_mux:$00000|mux_smc:auto_generated|result_node[5]~5   ; |Bai1|Datapath:inst|Mux81:inst4|Mux41:inst|busmux:inst|lpm_mux:$00000|mux_smc:auto_generated|result_node[5]~5   ; out0             ;
; |Bai1|Datapath:inst|Mux81:inst4|Mux41:inst|busmux:inst|lpm_mux:$00000|mux_smc:auto_generated|result_node[5]     ; |Bai1|Datapath:inst|Mux81:inst4|Mux41:inst|busmux:inst|lpm_mux:$00000|mux_smc:auto_generated|result_node[5]     ; out0             ;
; |Bai1|Datapath:inst|Mux81:inst4|Mux41:inst|busmux:inst|lpm_mux:$00000|mux_smc:auto_generated|result_node[3]~9   ; |Bai1|Datapath:inst|Mux81:inst4|Mux41:inst|busmux:inst|lpm_mux:$00000|mux_smc:auto_generated|result_node[3]~9   ; out0             ;
; |Bai1|Datapath:inst|Mux81:inst4|Mux41:inst|busmux:inst|lpm_mux:$00000|mux_smc:auto_generated|result_node[2]~11  ; |Bai1|Datapath:inst|Mux81:inst4|Mux41:inst|busmux:inst|lpm_mux:$00000|mux_smc:auto_generated|result_node[2]~11  ; out0             ;
; |Bai1|Datapath:inst|Mux81:inst4|Mux41:inst|busmux:inst|lpm_mux:$00000|mux_smc:auto_generated|result_node[1]~13  ; |Bai1|Datapath:inst|Mux81:inst4|Mux41:inst|busmux:inst|lpm_mux:$00000|mux_smc:auto_generated|result_node[1]~13  ; out0             ;
; |Bai1|Datapath:inst|Mux81:inst4|Mux41:inst|busmux:inst|lpm_mux:$00000|mux_smc:auto_generated|result_node[0]~15  ; |Bai1|Datapath:inst|Mux81:inst4|Mux41:inst|busmux:inst|lpm_mux:$00000|mux_smc:auto_generated|result_node[0]~15  ; out0             ;
; |Bai1|Datapath:inst|Mux81:inst4|Mux41:inst|busmux:inst2|lpm_mux:$00000|mux_smc:auto_generated|result_node[7]~0  ; |Bai1|Datapath:inst|Mux81:inst4|Mux41:inst|busmux:inst2|lpm_mux:$00000|mux_smc:auto_generated|result_node[7]~0  ; out0             ;
; |Bai1|Datapath:inst|Mux81:inst4|Mux41:inst|busmux:inst2|lpm_mux:$00000|mux_smc:auto_generated|result_node[7]~1  ; |Bai1|Datapath:inst|Mux81:inst4|Mux41:inst|busmux:inst2|lpm_mux:$00000|mux_smc:auto_generated|result_node[7]~1  ; out0             ;
; |Bai1|Datapath:inst|Mux81:inst4|Mux41:inst|busmux:inst2|lpm_mux:$00000|mux_smc:auto_generated|result_node[7]    ; |Bai1|Datapath:inst|Mux81:inst4|Mux41:inst|busmux:inst2|lpm_mux:$00000|mux_smc:auto_generated|result_node[7]    ; out0             ;
; |Bai1|Datapath:inst|Mux81:inst4|Mux41:inst|busmux:inst2|lpm_mux:$00000|mux_smc:auto_generated|result_node[6]~2  ; |Bai1|Datapath:inst|Mux81:inst4|Mux41:inst|busmux:inst2|lpm_mux:$00000|mux_smc:auto_generated|result_node[6]~2  ; out0             ;
; |Bai1|Datapath:inst|Mux81:inst4|Mux41:inst|busmux:inst2|lpm_mux:$00000|mux_smc:auto_generated|result_node[6]~3  ; |Bai1|Datapath:inst|Mux81:inst4|Mux41:inst|busmux:inst2|lpm_mux:$00000|mux_smc:auto_generated|result_node[6]~3  ; out0             ;
; |Bai1|Datapath:inst|Mux81:inst4|Mux41:inst|busmux:inst2|lpm_mux:$00000|mux_smc:auto_generated|result_node[6]    ; |Bai1|Datapath:inst|Mux81:inst4|Mux41:inst|busmux:inst2|lpm_mux:$00000|mux_smc:auto_generated|result_node[6]    ; out0             ;
; |Bai1|Datapath:inst|Mux81:inst4|Mux41:inst|busmux:inst2|lpm_mux:$00000|mux_smc:auto_generated|result_node[5]~5  ; |Bai1|Datapath:inst|Mux81:inst4|Mux41:inst|busmux:inst2|lpm_mux:$00000|mux_smc:auto_generated|result_node[5]~5  ; out0             ;
; |Bai1|Datapath:inst|Mux81:inst4|Mux41:inst|busmux:inst2|lpm_mux:$00000|mux_smc:auto_generated|result_node[3]~9  ; |Bai1|Datapath:inst|Mux81:inst4|Mux41:inst|busmux:inst2|lpm_mux:$00000|mux_smc:auto_generated|result_node[3]~9  ; out0             ;
; |Bai1|Datapath:inst|Mux81:inst4|Mux41:inst|busmux:inst2|lpm_mux:$00000|mux_smc:auto_generated|result_node[2]~11 ; |Bai1|Datapath:inst|Mux81:inst4|Mux41:inst|busmux:inst2|lpm_mux:$00000|mux_smc:auto_generated|result_node[2]~11 ; out0             ;
; |Bai1|Datapath:inst|Mux81:inst4|busmux:inst2|lpm_mux:$00000|mux_smc:auto_generated|result_node[7]~0             ; |Bai1|Datapath:inst|Mux81:inst4|busmux:inst2|lpm_mux:$00000|mux_smc:auto_generated|result_node[7]~0             ; out0             ;
; |Bai1|Datapath:inst|Mux81:inst4|busmux:inst2|lpm_mux:$00000|mux_smc:auto_generated|result_node[7]~1             ; |Bai1|Datapath:inst|Mux81:inst4|busmux:inst2|lpm_mux:$00000|mux_smc:auto_generated|result_node[7]~1             ; out0             ;
; |Bai1|Datapath:inst|Mux81:inst4|busmux:inst2|lpm_mux:$00000|mux_smc:auto_generated|result_node[7]               ; |Bai1|Datapath:inst|Mux81:inst4|busmux:inst2|lpm_mux:$00000|mux_smc:auto_generated|result_node[7]               ; out0             ;
; |Bai1|Datapath:inst|Mux81:inst4|busmux:inst2|lpm_mux:$00000|mux_smc:auto_generated|result_node[6]~2             ; |Bai1|Datapath:inst|Mux81:inst4|busmux:inst2|lpm_mux:$00000|mux_smc:auto_generated|result_node[6]~2             ; out0             ;
; |Bai1|Datapath:inst|Mux81:inst4|busmux:inst2|lpm_mux:$00000|mux_smc:auto_generated|result_node[6]~3             ; |Bai1|Datapath:inst|Mux81:inst4|busmux:inst2|lpm_mux:$00000|mux_smc:auto_generated|result_node[6]~3             ; out0             ;
; |Bai1|Datapath:inst|Mux81:inst4|busmux:inst2|lpm_mux:$00000|mux_smc:auto_generated|result_node[6]               ; |Bai1|Datapath:inst|Mux81:inst4|busmux:inst2|lpm_mux:$00000|mux_smc:auto_generated|result_node[6]               ; out0             ;
; |Bai1|Datapath:inst|Mux81:inst4|busmux:inst2|lpm_mux:$00000|mux_smc:auto_generated|result_node[5]~4             ; |Bai1|Datapath:inst|Mux81:inst4|busmux:inst2|lpm_mux:$00000|mux_smc:auto_generated|result_node[5]~4             ; out0             ;
; |Bai1|Datapath:inst|Mux81:inst4|busmux:inst2|lpm_mux:$00000|mux_smc:auto_generated|result_node[5]~5             ; |Bai1|Datapath:inst|Mux81:inst4|busmux:inst2|lpm_mux:$00000|mux_smc:auto_generated|result_node[5]~5             ; out0             ;
; |Bai1|Datapath:inst|Mux81:inst4|busmux:inst2|lpm_mux:$00000|mux_smc:auto_generated|result_node[5]               ; |Bai1|Datapath:inst|Mux81:inst4|busmux:inst2|lpm_mux:$00000|mux_smc:auto_generated|result_node[5]               ; out0             ;
; |Bai1|Datapath:inst|Register8x8:inst1|Y[7]                                                                      ; |Bai1|Datapath:inst|Register8x8:inst1|Y[7]                                                                      ; out0             ;
; |Bai1|Datapath:inst|Register8x8:inst1|Y[6]                                                                      ; |Bai1|Datapath:inst|Register8x8:inst1|Y[6]                                                                      ; out0             ;
; |Bai1|Datapath:inst|Register8x8:inst1|Y[5]                                                                      ; |Bai1|Datapath:inst|Register8x8:inst1|Y[5]                                                                      ; out0             ;
; |Bai1|Datapath:inst|Register8x8:inst1|register:inst2|RFC:inst18|inst1                                           ; |Bai1|Datapath:inst|Register8x8:inst1|register:inst2|RFC:inst18|inst1                                           ; out              ;
; |Bai1|Datapath:inst|Register8x8:inst1|register:inst2|RFC:inst18|inst                                            ; |Bai1|Datapath:inst|Register8x8:inst1|register:inst2|RFC:inst18|inst                                            ; regout           ;
; |Bai1|Datapath:inst|Register8x8:inst1|register:inst2|RFC:inst18|inst4                                           ; |Bai1|Datapath:inst|Register8x8:inst1|register:inst2|RFC:inst18|inst4                                           ; out0             ;
; |Bai1|Datapath:inst|Register8x8:inst1|register:inst2|RFC:inst18|inst3                                           ; |Bai1|Datapath:inst|Register8x8:inst1|register:inst2|RFC:inst18|inst3                                           ; out0             ;
; |Bai1|Datapath:inst|Register8x8:inst1|register:inst2|RFC:inst18|inst2                                           ; |Bai1|Datapath:inst|Register8x8:inst1|register:inst2|RFC:inst18|inst2                                           ; out0             ;
; |Bai1|Datapath:inst|Register8x8:inst1|register:inst2|RFC:inst14|inst1                                           ; |Bai1|Datapath:inst|Register8x8:inst1|register:inst2|RFC:inst14|inst1                                           ; out              ;
; |Bai1|Datapath:inst|Register8x8:inst1|register:inst2|RFC:inst14|inst                                            ; |Bai1|Datapath:inst|Register8x8:inst1|register:inst2|RFC:inst14|inst                                            ; regout           ;
; |Bai1|Datapath:inst|Register8x8:inst1|register:inst2|RFC:inst14|inst2                                           ; |Bai1|Datapath:inst|Register8x8:inst1|register:inst2|RFC:inst14|inst2                                           ; out0             ;
; |Bai1|Datapath:inst|Register8x8:inst1|register:inst2|RFC:inst17|inst1                                           ; |Bai1|Datapath:inst|Register8x8:inst1|register:inst2|RFC:inst17|inst1                                           ; out              ;
; |Bai1|Datapath:inst|Register8x8:inst1|register:inst2|RFC:inst17|inst                                            ; |Bai1|Datapath:inst|Register8x8:inst1|register:inst2|RFC:inst17|inst                                            ; regout           ;
; |Bai1|Datapath:inst|Register8x8:inst1|register:inst2|RFC:inst17|inst4                                           ; |Bai1|Datapath:inst|Register8x8:inst1|register:inst2|RFC:inst17|inst4                                           ; out0             ;
; |Bai1|Datapath:inst|Register8x8:inst1|register:inst2|RFC:inst17|inst3                                           ; |Bai1|Datapath:inst|Register8x8:inst1|register:inst2|RFC:inst17|inst3                                           ; out0             ;
; |Bai1|Datapath:inst|Register8x8:inst1|register:inst2|RFC:inst17|inst2                                           ; |Bai1|Datapath:inst|Register8x8:inst1|register:inst2|RFC:inst17|inst2                                           ; out0             ;
; |Bai1|Datapath:inst|Register8x8:inst1|register:inst2|RFC:inst13|inst1                                           ; |Bai1|Datapath:inst|Register8x8:inst1|register:inst2|RFC:inst13|inst1                                           ; out              ;
; |Bai1|Datapath:inst|Register8x8:inst1|register:inst2|RFC:inst13|inst                                            ; |Bai1|Datapath:inst|Register8x8:inst1|register:inst2|RFC:inst13|inst                                            ; regout           ;
; |Bai1|Datapath:inst|Register8x8:inst1|register:inst2|RFC:inst13|inst4                                           ; |Bai1|Datapath:inst|Register8x8:inst1|register:inst2|RFC:inst13|inst4                                           ; out0             ;
; |Bai1|Datapath:inst|Register8x8:inst1|register:inst2|RFC:inst13|inst3                                           ; |Bai1|Datapath:inst|Register8x8:inst1|register:inst2|RFC:inst13|inst3                                           ; out0             ;
; |Bai1|Datapath:inst|Register8x8:inst1|register:inst2|RFC:inst13|inst2                                           ; |Bai1|Datapath:inst|Register8x8:inst1|register:inst2|RFC:inst13|inst2                                           ; out0             ;
; |Bai1|Datapath:inst|Register8x8:inst1|register:inst2|RFC:inst9|inst1                                            ; |Bai1|Datapath:inst|Register8x8:inst1|register:inst2|RFC:inst9|inst1                                            ; out              ;
; |Bai1|Datapath:inst|Register8x8:inst1|register:inst2|RFC:inst9|inst                                             ; |Bai1|Datapath:inst|Register8x8:inst1|register:inst2|RFC:inst9|inst                                             ; regout           ;
; |Bai1|Datapath:inst|Register8x8:inst1|register:inst2|RFC:inst9|inst4                                            ; |Bai1|Datapath:inst|Register8x8:inst1|register:inst2|RFC:inst9|inst4                                            ; out0             ;
; |Bai1|Datapath:inst|Register8x8:inst1|register:inst2|RFC:inst9|inst3                                            ; |Bai1|Datapath:inst|Register8x8:inst1|register:inst2|RFC:inst9|inst3                                            ; out0             ;
; |Bai1|Datapath:inst|Register8x8:inst1|register:inst2|RFC:inst9|inst2                                            ; |Bai1|Datapath:inst|Register8x8:inst1|register:inst2|RFC:inst9|inst2                                            ; out0             ;
; |Bai1|Datapath:inst|Register8x8:inst1|register:inst2|RFC:inst5|inst1                                            ; |Bai1|Datapath:inst|Register8x8:inst1|register:inst2|RFC:inst5|inst1                                            ; out              ;
; |Bai1|Datapath:inst|Register8x8:inst1|register:inst2|RFC:inst5|inst                                             ; |Bai1|Datapath:inst|Register8x8:inst1|register:inst2|RFC:inst5|inst                                             ; regout           ;
; |Bai1|Datapath:inst|Register8x8:inst1|register:inst2|RFC:inst5|inst4                                            ; |Bai1|Datapath:inst|Register8x8:inst1|register:inst2|RFC:inst5|inst4                                            ; out0             ;
; |Bai1|Datapath:inst|Register8x8:inst1|register:inst2|RFC:inst5|inst3                                            ; |Bai1|Datapath:inst|Register8x8:inst1|register:inst2|RFC:inst5|inst3                                            ; out0             ;
; |Bai1|Datapath:inst|Register8x8:inst1|register:inst2|RFC:inst5|inst2                                            ; |Bai1|Datapath:inst|Register8x8:inst1|register:inst2|RFC:inst5|inst2                                            ; out0             ;
; |Bai1|Datapath:inst|Register8x8:inst1|register:inst2|RFC:inst8|inst1                                            ; |Bai1|Datapath:inst|Register8x8:inst1|register:inst2|RFC:inst8|inst1                                            ; out              ;
; |Bai1|Datapath:inst|Register8x8:inst1|register:inst2|RFC:inst8|inst                                             ; |Bai1|Datapath:inst|Register8x8:inst1|register:inst2|RFC:inst8|inst                                             ; regout           ;
; |Bai1|Datapath:inst|Register8x8:inst1|register:inst2|RFC:inst8|inst4                                            ; |Bai1|Datapath:inst|Register8x8:inst1|register:inst2|RFC:inst8|inst4                                            ; out0             ;
; |Bai1|Datapath:inst|Register8x8:inst1|register:inst2|RFC:inst8|inst3                                            ; |Bai1|Datapath:inst|Register8x8:inst1|register:inst2|RFC:inst8|inst3                                            ; out0             ;
; |Bai1|Datapath:inst|Register8x8:inst1|register:inst2|RFC:inst8|inst2                                            ; |Bai1|Datapath:inst|Register8x8:inst1|register:inst2|RFC:inst8|inst2                                            ; out0             ;
; |Bai1|Datapath:inst|Register8x8:inst1|register:inst2|RFC:inst12|inst1                                           ; |Bai1|Datapath:inst|Register8x8:inst1|register:inst2|RFC:inst12|inst1                                           ; out              ;
; |Bai1|Datapath:inst|Register8x8:inst1|register:inst2|RFC:inst12|inst                                            ; |Bai1|Datapath:inst|Register8x8:inst1|register:inst2|RFC:inst12|inst                                            ; regout           ;
; |Bai1|Datapath:inst|Register8x8:inst1|register:inst2|RFC:inst12|inst4                                           ; |Bai1|Datapath:inst|Register8x8:inst1|register:inst2|RFC:inst12|inst4                                           ; out0             ;
; |Bai1|Datapath:inst|Register8x8:inst1|register:inst2|RFC:inst12|inst3                                           ; |Bai1|Datapath:inst|Register8x8:inst1|register:inst2|RFC:inst12|inst3                                           ; out0             ;
; |Bai1|Datapath:inst|Register8x8:inst1|register:inst2|RFC:inst12|inst2                                           ; |Bai1|Datapath:inst|Register8x8:inst1|register:inst2|RFC:inst12|inst2                                           ; out0             ;
; |Bai1|Datapath:inst|Register8x8:inst1|register:inst2|RFC:inst16|inst1                                           ; |Bai1|Datapath:inst|Register8x8:inst1|register:inst2|RFC:inst16|inst1                                           ; out              ;
; |Bai1|Datapath:inst|Register8x8:inst1|register:inst2|RFC:inst16|inst                                            ; |Bai1|Datapath:inst|Register8x8:inst1|register:inst2|RFC:inst16|inst                                            ; regout           ;
; |Bai1|Datapath:inst|Register8x8:inst1|register:inst2|RFC:inst16|inst4                                           ; |Bai1|Datapath:inst|Register8x8:inst1|register:inst2|RFC:inst16|inst4                                           ; out0             ;
; |Bai1|Datapath:inst|Register8x8:inst1|register:inst2|RFC:inst16|inst3                                           ; |Bai1|Datapath:inst|Register8x8:inst1|register:inst2|RFC:inst16|inst3                                           ; out0             ;
; |Bai1|Datapath:inst|Register8x8:inst1|register:inst2|RFC:inst16|inst2                                           ; |Bai1|Datapath:inst|Register8x8:inst1|register:inst2|RFC:inst16|inst2                                           ; out0             ;
; |Bai1|Datapath:inst|Register8x8:inst1|register:inst2|RFC:inst4|inst1                                            ; |Bai1|Datapath:inst|Register8x8:inst1|register:inst2|RFC:inst4|inst1                                            ; out              ;
; |Bai1|Datapath:inst|Register8x8:inst1|register:inst2|RFC:inst4|inst                                             ; |Bai1|Datapath:inst|Register8x8:inst1|register:inst2|RFC:inst4|inst                                             ; regout           ;
; |Bai1|Datapath:inst|Register8x8:inst1|register:inst2|RFC:inst4|inst4                                            ; |Bai1|Datapath:inst|Register8x8:inst1|register:inst2|RFC:inst4|inst4                                            ; out0             ;
; |Bai1|Datapath:inst|Register8x8:inst1|register:inst2|RFC:inst4|inst3                                            ; |Bai1|Datapath:inst|Register8x8:inst1|register:inst2|RFC:inst4|inst3                                            ; out0             ;
; |Bai1|Datapath:inst|Register8x8:inst1|register:inst2|RFC:inst4|inst2                                            ; |Bai1|Datapath:inst|Register8x8:inst1|register:inst2|RFC:inst4|inst2                                            ; out0             ;
; |Bai1|Datapath:inst|Register8x8:inst1|register:inst2|RFC:inst15|inst1                                           ; |Bai1|Datapath:inst|Register8x8:inst1|register:inst2|RFC:inst15|inst1                                           ; out              ;
; |Bai1|Datapath:inst|Register8x8:inst1|register:inst2|RFC:inst15|inst                                            ; |Bai1|Datapath:inst|Register8x8:inst1|register:inst2|RFC:inst15|inst                                            ; regout           ;
; |Bai1|Datapath:inst|Register8x8:inst1|register:inst2|RFC:inst15|inst4                                           ; |Bai1|Datapath:inst|Register8x8:inst1|register:inst2|RFC:inst15|inst4                                           ; out0             ;
; |Bai1|Datapath:inst|Register8x8:inst1|register:inst2|RFC:inst15|inst3                                           ; |Bai1|Datapath:inst|Register8x8:inst1|register:inst2|RFC:inst15|inst3                                           ; out0             ;
; |Bai1|Datapath:inst|Register8x8:inst1|register:inst2|RFC:inst15|inst2                                           ; |Bai1|Datapath:inst|Register8x8:inst1|register:inst2|RFC:inst15|inst2                                           ; out0             ;
; |Bai1|Datapath:inst|Register8x8:inst1|register:inst2|RFC:inst11|inst1                                           ; |Bai1|Datapath:inst|Register8x8:inst1|register:inst2|RFC:inst11|inst1                                           ; out              ;
; |Bai1|Datapath:inst|Register8x8:inst1|register:inst2|RFC:inst11|inst                                            ; |Bai1|Datapath:inst|Register8x8:inst1|register:inst2|RFC:inst11|inst                                            ; regout           ;
; |Bai1|Datapath:inst|Register8x8:inst1|register:inst2|RFC:inst11|inst4                                           ; |Bai1|Datapath:inst|Register8x8:inst1|register:inst2|RFC:inst11|inst4                                           ; out0             ;
; |Bai1|Datapath:inst|Register8x8:inst1|register:inst2|RFC:inst11|inst3                                           ; |Bai1|Datapath:inst|Register8x8:inst1|register:inst2|RFC:inst11|inst3                                           ; out0             ;
; |Bai1|Datapath:inst|Register8x8:inst1|register:inst2|RFC:inst11|inst2                                           ; |Bai1|Datapath:inst|Register8x8:inst1|register:inst2|RFC:inst11|inst2                                           ; out0             ;
; |Bai1|Datapath:inst|Register8x8:inst1|register:inst2|RFC:inst7|inst1                                            ; |Bai1|Datapath:inst|Register8x8:inst1|register:inst2|RFC:inst7|inst1                                            ; out              ;
; |Bai1|Datapath:inst|Register8x8:inst1|register:inst2|RFC:inst7|inst                                             ; |Bai1|Datapath:inst|Register8x8:inst1|register:inst2|RFC:inst7|inst                                             ; regout           ;
; |Bai1|Datapath:inst|Register8x8:inst1|register:inst2|RFC:inst7|inst4                                            ; |Bai1|Datapath:inst|Register8x8:inst1|register:inst2|RFC:inst7|inst4                                            ; out0             ;
; |Bai1|Datapath:inst|Register8x8:inst1|register:inst2|RFC:inst7|inst3                                            ; |Bai1|Datapath:inst|Register8x8:inst1|register:inst2|RFC:inst7|inst3                                            ; out0             ;
; |Bai1|Datapath:inst|Register8x8:inst1|register:inst2|RFC:inst7|inst2                                            ; |Bai1|Datapath:inst|Register8x8:inst1|register:inst2|RFC:inst7|inst2                                            ; out0             ;
; |Bai1|Datapath:inst|Register8x8:inst1|register:inst2|Decoder2_4:inst20|inst                                     ; |Bai1|Datapath:inst|Register8x8:inst1|register:inst2|Decoder2_4:inst20|inst                                     ; out0             ;
; |Bai1|Datapath:inst|Register8x8:inst1|register:inst2|RFC:inst3|inst1                                            ; |Bai1|Datapath:inst|Register8x8:inst1|register:inst2|RFC:inst3|inst1                                            ; out              ;
; |Bai1|Datapath:inst|Register8x8:inst1|register:inst2|RFC:inst3|inst                                             ; |Bai1|Datapath:inst|Register8x8:inst1|register:inst2|RFC:inst3|inst                                             ; regout           ;
; |Bai1|Datapath:inst|Register8x8:inst1|register:inst2|RFC:inst3|inst4                                            ; |Bai1|Datapath:inst|Register8x8:inst1|register:inst2|RFC:inst3|inst4                                            ; out0             ;
; |Bai1|Datapath:inst|Register8x8:inst1|register:inst2|RFC:inst3|inst3                                            ; |Bai1|Datapath:inst|Register8x8:inst1|register:inst2|RFC:inst3|inst3                                            ; out0             ;
; |Bai1|Datapath:inst|Register8x8:inst1|register:inst2|RFC:inst3|inst2                                            ; |Bai1|Datapath:inst|Register8x8:inst1|register:inst2|RFC:inst3|inst2                                            ; out0             ;
; |Bai1|Datapath:inst|Register8x8:inst1|register:inst|RFC:inst18|inst1                                            ; |Bai1|Datapath:inst|Register8x8:inst1|register:inst|RFC:inst18|inst1                                            ; out              ;
; |Bai1|Datapath:inst|Register8x8:inst1|register:inst|RFC:inst18|inst                                             ; |Bai1|Datapath:inst|Register8x8:inst1|register:inst|RFC:inst18|inst                                             ; regout           ;
; |Bai1|Datapath:inst|Register8x8:inst1|register:inst|RFC:inst18|inst2                                            ; |Bai1|Datapath:inst|Register8x8:inst1|register:inst|RFC:inst18|inst2                                            ; out0             ;
; |Bai1|Datapath:inst|Register8x8:inst1|register:inst|RFC:inst17|inst1                                            ; |Bai1|Datapath:inst|Register8x8:inst1|register:inst|RFC:inst17|inst1                                            ; out              ;
; |Bai1|Datapath:inst|Register8x8:inst1|register:inst|RFC:inst17|inst                                             ; |Bai1|Datapath:inst|Register8x8:inst1|register:inst|RFC:inst17|inst                                             ; regout           ;
; |Bai1|Datapath:inst|Register8x8:inst1|register:inst|RFC:inst17|inst4                                            ; |Bai1|Datapath:inst|Register8x8:inst1|register:inst|RFC:inst17|inst4                                            ; out0             ;
; |Bai1|Datapath:inst|Register8x8:inst1|register:inst|RFC:inst17|inst3                                            ; |Bai1|Datapath:inst|Register8x8:inst1|register:inst|RFC:inst17|inst3                                            ; out0             ;
; |Bai1|Datapath:inst|Register8x8:inst1|register:inst|RFC:inst17|inst2                                            ; |Bai1|Datapath:inst|Register8x8:inst1|register:inst|RFC:inst17|inst2                                            ; out0             ;
; |Bai1|Datapath:inst|Register8x8:inst1|register:inst|RFC:inst13|inst1                                            ; |Bai1|Datapath:inst|Register8x8:inst1|register:inst|RFC:inst13|inst1                                            ; out              ;
; |Bai1|Datapath:inst|Register8x8:inst1|register:inst|RFC:inst13|inst                                             ; |Bai1|Datapath:inst|Register8x8:inst1|register:inst|RFC:inst13|inst                                             ; regout           ;
; |Bai1|Datapath:inst|Register8x8:inst1|register:inst|RFC:inst13|inst4                                            ; |Bai1|Datapath:inst|Register8x8:inst1|register:inst|RFC:inst13|inst4                                            ; out0             ;
; |Bai1|Datapath:inst|Register8x8:inst1|register:inst|RFC:inst13|inst3                                            ; |Bai1|Datapath:inst|Register8x8:inst1|register:inst|RFC:inst13|inst3                                            ; out0             ;
; |Bai1|Datapath:inst|Register8x8:inst1|register:inst|RFC:inst13|inst2                                            ; |Bai1|Datapath:inst|Register8x8:inst1|register:inst|RFC:inst13|inst2                                            ; out0             ;
; |Bai1|Datapath:inst|Register8x8:inst1|register:inst|RFC:inst9|inst1                                             ; |Bai1|Datapath:inst|Register8x8:inst1|register:inst|RFC:inst9|inst1                                             ; out              ;
; |Bai1|Datapath:inst|Register8x8:inst1|register:inst|RFC:inst9|inst                                              ; |Bai1|Datapath:inst|Register8x8:inst1|register:inst|RFC:inst9|inst                                              ; regout           ;
; |Bai1|Datapath:inst|Register8x8:inst1|register:inst|RFC:inst9|inst4                                             ; |Bai1|Datapath:inst|Register8x8:inst1|register:inst|RFC:inst9|inst4                                             ; out0             ;
; |Bai1|Datapath:inst|Register8x8:inst1|register:inst|RFC:inst9|inst3                                             ; |Bai1|Datapath:inst|Register8x8:inst1|register:inst|RFC:inst9|inst3                                             ; out0             ;
; |Bai1|Datapath:inst|Register8x8:inst1|register:inst|RFC:inst9|inst2                                             ; |Bai1|Datapath:inst|Register8x8:inst1|register:inst|RFC:inst9|inst2                                             ; out0             ;
; |Bai1|Datapath:inst|Register8x8:inst1|register:inst|RFC:inst5|inst1                                             ; |Bai1|Datapath:inst|Register8x8:inst1|register:inst|RFC:inst5|inst1                                             ; out              ;
; |Bai1|Datapath:inst|Register8x8:inst1|register:inst|RFC:inst5|inst                                              ; |Bai1|Datapath:inst|Register8x8:inst1|register:inst|RFC:inst5|inst                                              ; regout           ;
; |Bai1|Datapath:inst|Register8x8:inst1|register:inst|RFC:inst5|inst4                                             ; |Bai1|Datapath:inst|Register8x8:inst1|register:inst|RFC:inst5|inst4                                             ; out0             ;
; |Bai1|Datapath:inst|Register8x8:inst1|register:inst|RFC:inst5|inst3                                             ; |Bai1|Datapath:inst|Register8x8:inst1|register:inst|RFC:inst5|inst3                                             ; out0             ;
; |Bai1|Datapath:inst|Register8x8:inst1|register:inst|RFC:inst5|inst2                                             ; |Bai1|Datapath:inst|Register8x8:inst1|register:inst|RFC:inst5|inst2                                             ; out0             ;
; |Bai1|Datapath:inst|Register8x8:inst1|register:inst|RFC:inst8|inst1                                             ; |Bai1|Datapath:inst|Register8x8:inst1|register:inst|RFC:inst8|inst1                                             ; out              ;
; |Bai1|Datapath:inst|Register8x8:inst1|register:inst|RFC:inst8|inst                                              ; |Bai1|Datapath:inst|Register8x8:inst1|register:inst|RFC:inst8|inst                                              ; regout           ;
; |Bai1|Datapath:inst|Register8x8:inst1|register:inst|RFC:inst8|inst4                                             ; |Bai1|Datapath:inst|Register8x8:inst1|register:inst|RFC:inst8|inst4                                             ; out0             ;
; |Bai1|Datapath:inst|Register8x8:inst1|register:inst|RFC:inst8|inst3                                             ; |Bai1|Datapath:inst|Register8x8:inst1|register:inst|RFC:inst8|inst3                                             ; out0             ;
; |Bai1|Datapath:inst|Register8x8:inst1|register:inst|RFC:inst8|inst2                                             ; |Bai1|Datapath:inst|Register8x8:inst1|register:inst|RFC:inst8|inst2                                             ; out0             ;
; |Bai1|Datapath:inst|Register8x8:inst1|register:inst|RFC:inst12|inst1                                            ; |Bai1|Datapath:inst|Register8x8:inst1|register:inst|RFC:inst12|inst1                                            ; out              ;
; |Bai1|Datapath:inst|Register8x8:inst1|register:inst|RFC:inst12|inst                                             ; |Bai1|Datapath:inst|Register8x8:inst1|register:inst|RFC:inst12|inst                                             ; regout           ;
; |Bai1|Datapath:inst|Register8x8:inst1|register:inst|RFC:inst12|inst4                                            ; |Bai1|Datapath:inst|Register8x8:inst1|register:inst|RFC:inst12|inst4                                            ; out0             ;
; |Bai1|Datapath:inst|Register8x8:inst1|register:inst|RFC:inst12|inst3                                            ; |Bai1|Datapath:inst|Register8x8:inst1|register:inst|RFC:inst12|inst3                                            ; out0             ;
; |Bai1|Datapath:inst|Register8x8:inst1|register:inst|RFC:inst12|inst2                                            ; |Bai1|Datapath:inst|Register8x8:inst1|register:inst|RFC:inst12|inst2                                            ; out0             ;
; |Bai1|Datapath:inst|Register8x8:inst1|register:inst|RFC:inst16|inst1                                            ; |Bai1|Datapath:inst|Register8x8:inst1|register:inst|RFC:inst16|inst1                                            ; out              ;
; |Bai1|Datapath:inst|Register8x8:inst1|register:inst|RFC:inst16|inst                                             ; |Bai1|Datapath:inst|Register8x8:inst1|register:inst|RFC:inst16|inst                                             ; regout           ;
; |Bai1|Datapath:inst|Register8x8:inst1|register:inst|RFC:inst16|inst4                                            ; |Bai1|Datapath:inst|Register8x8:inst1|register:inst|RFC:inst16|inst4                                            ; out0             ;
; |Bai1|Datapath:inst|Register8x8:inst1|register:inst|RFC:inst16|inst3                                            ; |Bai1|Datapath:inst|Register8x8:inst1|register:inst|RFC:inst16|inst3                                            ; out0             ;
; |Bai1|Datapath:inst|Register8x8:inst1|register:inst|RFC:inst16|inst2                                            ; |Bai1|Datapath:inst|Register8x8:inst1|register:inst|RFC:inst16|inst2                                            ; out0             ;
; |Bai1|Datapath:inst|Register8x8:inst1|register:inst|RFC:inst4|inst1                                             ; |Bai1|Datapath:inst|Register8x8:inst1|register:inst|RFC:inst4|inst1                                             ; out              ;
; |Bai1|Datapath:inst|Register8x8:inst1|register:inst|RFC:inst4|inst                                              ; |Bai1|Datapath:inst|Register8x8:inst1|register:inst|RFC:inst4|inst                                              ; regout           ;
; |Bai1|Datapath:inst|Register8x8:inst1|register:inst|RFC:inst4|inst4                                             ; |Bai1|Datapath:inst|Register8x8:inst1|register:inst|RFC:inst4|inst4                                             ; out0             ;
; |Bai1|Datapath:inst|Register8x8:inst1|register:inst|RFC:inst4|inst3                                             ; |Bai1|Datapath:inst|Register8x8:inst1|register:inst|RFC:inst4|inst3                                             ; out0             ;
; |Bai1|Datapath:inst|Register8x8:inst1|register:inst|RFC:inst4|inst2                                             ; |Bai1|Datapath:inst|Register8x8:inst1|register:inst|RFC:inst4|inst2                                             ; out0             ;
; |Bai1|Datapath:inst|Register8x8:inst1|register:inst|RFC:inst15|inst1                                            ; |Bai1|Datapath:inst|Register8x8:inst1|register:inst|RFC:inst15|inst1                                            ; out              ;
; |Bai1|Datapath:inst|Register8x8:inst1|register:inst|RFC:inst15|inst                                             ; |Bai1|Datapath:inst|Register8x8:inst1|register:inst|RFC:inst15|inst                                             ; regout           ;
; |Bai1|Datapath:inst|Register8x8:inst1|register:inst|RFC:inst15|inst4                                            ; |Bai1|Datapath:inst|Register8x8:inst1|register:inst|RFC:inst15|inst4                                            ; out0             ;
; |Bai1|Datapath:inst|Register8x8:inst1|register:inst|RFC:inst15|inst3                                            ; |Bai1|Datapath:inst|Register8x8:inst1|register:inst|RFC:inst15|inst3                                            ; out0             ;
; |Bai1|Datapath:inst|Register8x8:inst1|register:inst|RFC:inst15|inst2                                            ; |Bai1|Datapath:inst|Register8x8:inst1|register:inst|RFC:inst15|inst2                                            ; out0             ;
; |Bai1|Datapath:inst|Register8x8:inst1|register:inst|RFC:inst11|inst1                                            ; |Bai1|Datapath:inst|Register8x8:inst1|register:inst|RFC:inst11|inst1                                            ; out              ;
; |Bai1|Datapath:inst|Register8x8:inst1|register:inst|RFC:inst11|inst                                             ; |Bai1|Datapath:inst|Register8x8:inst1|register:inst|RFC:inst11|inst                                             ; regout           ;
; |Bai1|Datapath:inst|Register8x8:inst1|register:inst|RFC:inst11|inst4                                            ; |Bai1|Datapath:inst|Register8x8:inst1|register:inst|RFC:inst11|inst4                                            ; out0             ;
; |Bai1|Datapath:inst|Register8x8:inst1|register:inst|RFC:inst11|inst3                                            ; |Bai1|Datapath:inst|Register8x8:inst1|register:inst|RFC:inst11|inst3                                            ; out0             ;
; |Bai1|Datapath:inst|Register8x8:inst1|register:inst|RFC:inst11|inst2                                            ; |Bai1|Datapath:inst|Register8x8:inst1|register:inst|RFC:inst11|inst2                                            ; out0             ;
; |Bai1|Datapath:inst|Register8x8:inst1|register:inst|RFC:inst7|inst1                                             ; |Bai1|Datapath:inst|Register8x8:inst1|register:inst|RFC:inst7|inst1                                             ; out              ;
; |Bai1|Datapath:inst|Register8x8:inst1|register:inst|RFC:inst7|inst                                              ; |Bai1|Datapath:inst|Register8x8:inst1|register:inst|RFC:inst7|inst                                              ; regout           ;
; |Bai1|Datapath:inst|Register8x8:inst1|register:inst|RFC:inst7|inst4                                             ; |Bai1|Datapath:inst|Register8x8:inst1|register:inst|RFC:inst7|inst4                                             ; out0             ;
; |Bai1|Datapath:inst|Register8x8:inst1|register:inst|RFC:inst7|inst3                                             ; |Bai1|Datapath:inst|Register8x8:inst1|register:inst|RFC:inst7|inst3                                             ; out0             ;
; |Bai1|Datapath:inst|Register8x8:inst1|register:inst|RFC:inst7|inst2                                             ; |Bai1|Datapath:inst|Register8x8:inst1|register:inst|RFC:inst7|inst2                                             ; out0             ;
; |Bai1|Datapath:inst|Register8x8:inst1|register:inst|RFC:inst3|inst1                                             ; |Bai1|Datapath:inst|Register8x8:inst1|register:inst|RFC:inst3|inst1                                             ; out              ;
; |Bai1|Datapath:inst|Register8x8:inst1|register:inst|RFC:inst3|inst                                              ; |Bai1|Datapath:inst|Register8x8:inst1|register:inst|RFC:inst3|inst                                              ; regout           ;
; |Bai1|Datapath:inst|Register8x8:inst1|register:inst|RFC:inst3|inst4                                             ; |Bai1|Datapath:inst|Register8x8:inst1|register:inst|RFC:inst3|inst4                                             ; out0             ;
; |Bai1|Datapath:inst|Register8x8:inst1|register:inst|RFC:inst3|inst3                                             ; |Bai1|Datapath:inst|Register8x8:inst1|register:inst|RFC:inst3|inst3                                             ; out0             ;
; |Bai1|Datapath:inst|Register8x8:inst1|register:inst|RFC:inst3|inst2                                             ; |Bai1|Datapath:inst|Register8x8:inst1|register:inst|RFC:inst3|inst2                                             ; out0             ;
; |Bai1|Datapath:inst|Register8x8:inst1|register:inst3|RFC:inst18|inst1                                           ; |Bai1|Datapath:inst|Register8x8:inst1|register:inst3|RFC:inst18|inst1                                           ; out              ;
; |Bai1|Datapath:inst|Register8x8:inst1|register:inst3|RFC:inst18|inst                                            ; |Bai1|Datapath:inst|Register8x8:inst1|register:inst3|RFC:inst18|inst                                            ; regout           ;
; |Bai1|Datapath:inst|Register8x8:inst1|register:inst3|RFC:inst18|inst4                                           ; |Bai1|Datapath:inst|Register8x8:inst1|register:inst3|RFC:inst18|inst4                                           ; out0             ;
; |Bai1|Datapath:inst|Register8x8:inst1|register:inst3|RFC:inst18|inst3                                           ; |Bai1|Datapath:inst|Register8x8:inst1|register:inst3|RFC:inst18|inst3                                           ; out0             ;
; |Bai1|Datapath:inst|Register8x8:inst1|register:inst3|RFC:inst18|inst2                                           ; |Bai1|Datapath:inst|Register8x8:inst1|register:inst3|RFC:inst18|inst2                                           ; out0             ;
; |Bai1|Datapath:inst|Register8x8:inst1|register:inst3|RFC:inst14|inst1                                           ; |Bai1|Datapath:inst|Register8x8:inst1|register:inst3|RFC:inst14|inst1                                           ; out              ;
; |Bai1|Datapath:inst|Register8x8:inst1|register:inst3|RFC:inst14|inst                                            ; |Bai1|Datapath:inst|Register8x8:inst1|register:inst3|RFC:inst14|inst                                            ; regout           ;
; |Bai1|Datapath:inst|Register8x8:inst1|register:inst3|RFC:inst14|inst2                                           ; |Bai1|Datapath:inst|Register8x8:inst1|register:inst3|RFC:inst14|inst2                                           ; out0             ;
; |Bai1|Datapath:inst|Register8x8:inst1|register:inst3|RFC:inst17|inst1                                           ; |Bai1|Datapath:inst|Register8x8:inst1|register:inst3|RFC:inst17|inst1                                           ; out              ;
; |Bai1|Datapath:inst|Register8x8:inst1|register:inst3|RFC:inst17|inst                                            ; |Bai1|Datapath:inst|Register8x8:inst1|register:inst3|RFC:inst17|inst                                            ; regout           ;
; |Bai1|Datapath:inst|Register8x8:inst1|register:inst3|RFC:inst17|inst4                                           ; |Bai1|Datapath:inst|Register8x8:inst1|register:inst3|RFC:inst17|inst4                                           ; out0             ;
; |Bai1|Datapath:inst|Register8x8:inst1|register:inst3|RFC:inst17|inst3                                           ; |Bai1|Datapath:inst|Register8x8:inst1|register:inst3|RFC:inst17|inst3                                           ; out0             ;
; |Bai1|Datapath:inst|Register8x8:inst1|register:inst3|RFC:inst17|inst2                                           ; |Bai1|Datapath:inst|Register8x8:inst1|register:inst3|RFC:inst17|inst2                                           ; out0             ;
; |Bai1|Datapath:inst|Register8x8:inst1|register:inst3|RFC:inst13|inst1                                           ; |Bai1|Datapath:inst|Register8x8:inst1|register:inst3|RFC:inst13|inst1                                           ; out              ;
; |Bai1|Datapath:inst|Register8x8:inst1|register:inst3|RFC:inst13|inst                                            ; |Bai1|Datapath:inst|Register8x8:inst1|register:inst3|RFC:inst13|inst                                            ; regout           ;
; |Bai1|Datapath:inst|Register8x8:inst1|register:inst3|RFC:inst13|inst2                                           ; |Bai1|Datapath:inst|Register8x8:inst1|register:inst3|RFC:inst13|inst2                                           ; out0             ;
; |Bai1|Datapath:inst|Register8x8:inst1|register:inst3|RFC:inst12|inst1                                           ; |Bai1|Datapath:inst|Register8x8:inst1|register:inst3|RFC:inst12|inst1                                           ; out              ;
; |Bai1|Datapath:inst|Register8x8:inst1|register:inst3|RFC:inst12|inst                                            ; |Bai1|Datapath:inst|Register8x8:inst1|register:inst3|RFC:inst12|inst                                            ; regout           ;
; |Bai1|Datapath:inst|Register8x8:inst1|register:inst3|RFC:inst12|inst2                                           ; |Bai1|Datapath:inst|Register8x8:inst1|register:inst3|RFC:inst12|inst2                                           ; out0             ;
; |Bai1|Datapath:inst|Register8x8:inst1|register:inst3|RFC:inst16|inst1                                           ; |Bai1|Datapath:inst|Register8x8:inst1|register:inst3|RFC:inst16|inst1                                           ; out              ;
; |Bai1|Datapath:inst|Register8x8:inst1|register:inst3|RFC:inst16|inst                                            ; |Bai1|Datapath:inst|Register8x8:inst1|register:inst3|RFC:inst16|inst                                            ; regout           ;
; |Bai1|Datapath:inst|Register8x8:inst1|register:inst3|RFC:inst16|inst4                                           ; |Bai1|Datapath:inst|Register8x8:inst1|register:inst3|RFC:inst16|inst4                                           ; out0             ;
; |Bai1|Datapath:inst|Register8x8:inst1|register:inst3|RFC:inst16|inst3                                           ; |Bai1|Datapath:inst|Register8x8:inst1|register:inst3|RFC:inst16|inst3                                           ; out0             ;
; |Bai1|Datapath:inst|Register8x8:inst1|register:inst3|RFC:inst16|inst2                                           ; |Bai1|Datapath:inst|Register8x8:inst1|register:inst3|RFC:inst16|inst2                                           ; out0             ;
; |Bai1|Datapath:inst|Register8x8:inst1|register:inst3|RFC:inst15|inst1                                           ; |Bai1|Datapath:inst|Register8x8:inst1|register:inst3|RFC:inst15|inst1                                           ; out              ;
; |Bai1|Datapath:inst|Register8x8:inst1|register:inst3|RFC:inst15|inst                                            ; |Bai1|Datapath:inst|Register8x8:inst1|register:inst3|RFC:inst15|inst                                            ; regout           ;
; |Bai1|Datapath:inst|Register8x8:inst1|register:inst3|RFC:inst15|inst4                                           ; |Bai1|Datapath:inst|Register8x8:inst1|register:inst3|RFC:inst15|inst4                                           ; out0             ;
; |Bai1|Datapath:inst|Register8x8:inst1|register:inst3|RFC:inst15|inst3                                           ; |Bai1|Datapath:inst|Register8x8:inst1|register:inst3|RFC:inst15|inst3                                           ; out0             ;
; |Bai1|Datapath:inst|Register8x8:inst1|register:inst3|RFC:inst15|inst2                                           ; |Bai1|Datapath:inst|Register8x8:inst1|register:inst3|RFC:inst15|inst2                                           ; out0             ;
; |Bai1|Datapath:inst|Register8x8:inst1|register:inst3|RFC:inst11|inst1                                           ; |Bai1|Datapath:inst|Register8x8:inst1|register:inst3|RFC:inst11|inst1                                           ; out              ;
; |Bai1|Datapath:inst|Register8x8:inst1|register:inst3|RFC:inst11|inst                                            ; |Bai1|Datapath:inst|Register8x8:inst1|register:inst3|RFC:inst11|inst                                            ; regout           ;
; |Bai1|Datapath:inst|Register8x8:inst1|register:inst3|RFC:inst11|inst2                                           ; |Bai1|Datapath:inst|Register8x8:inst1|register:inst3|RFC:inst11|inst2                                           ; out0             ;
; |Bai1|Datapath:inst|Register8x8:inst1|register:inst3|Decoder2_4:inst20|inst                                     ; |Bai1|Datapath:inst|Register8x8:inst1|register:inst3|Decoder2_4:inst20|inst                                     ; out0             ;
; |Bai1|Datapath:inst|Register8x8:inst1|register:inst3|RFC:inst3|inst1                                            ; |Bai1|Datapath:inst|Register8x8:inst1|register:inst3|RFC:inst3|inst1                                            ; out              ;
; |Bai1|Datapath:inst|Register8x8:inst1|register:inst3|RFC:inst3|inst                                             ; |Bai1|Datapath:inst|Register8x8:inst1|register:inst3|RFC:inst3|inst                                             ; regout           ;
; |Bai1|Datapath:inst|Register8x8:inst1|register:inst3|RFC:inst3|inst2                                            ; |Bai1|Datapath:inst|Register8x8:inst1|register:inst3|RFC:inst3|inst2                                            ; out0             ;
; |Bai1|Datapath:inst|Register8x8:inst1|register:inst1|RFC:inst14|inst1                                           ; |Bai1|Datapath:inst|Register8x8:inst1|register:inst1|RFC:inst14|inst1                                           ; out              ;
; |Bai1|Datapath:inst|Register8x8:inst1|register:inst1|RFC:inst14|inst                                            ; |Bai1|Datapath:inst|Register8x8:inst1|register:inst1|RFC:inst14|inst                                            ; regout           ;
; |Bai1|Datapath:inst|Register8x8:inst1|register:inst1|RFC:inst14|inst4                                           ; |Bai1|Datapath:inst|Register8x8:inst1|register:inst1|RFC:inst14|inst4                                           ; out0             ;
; |Bai1|Datapath:inst|Register8x8:inst1|register:inst1|RFC:inst14|inst3                                           ; |Bai1|Datapath:inst|Register8x8:inst1|register:inst1|RFC:inst14|inst3                                           ; out0             ;
; |Bai1|Datapath:inst|Register8x8:inst1|register:inst1|RFC:inst14|inst2                                           ; |Bai1|Datapath:inst|Register8x8:inst1|register:inst1|RFC:inst14|inst2                                           ; out0             ;
; |Bai1|Datapath:inst|Register8x8:inst1|register:inst1|RFC:inst10|inst1                                           ; |Bai1|Datapath:inst|Register8x8:inst1|register:inst1|RFC:inst10|inst1                                           ; out              ;
; |Bai1|Datapath:inst|Register8x8:inst1|register:inst1|RFC:inst10|inst                                            ; |Bai1|Datapath:inst|Register8x8:inst1|register:inst1|RFC:inst10|inst                                            ; regout           ;
; |Bai1|Datapath:inst|Register8x8:inst1|register:inst1|RFC:inst10|inst2                                           ; |Bai1|Datapath:inst|Register8x8:inst1|register:inst1|RFC:inst10|inst2                                           ; out0             ;
; |Bai1|Datapath:inst|Register8x8:inst1|register:inst1|RFC:inst6|inst1                                            ; |Bai1|Datapath:inst|Register8x8:inst1|register:inst1|RFC:inst6|inst1                                            ; out              ;
; |Bai1|Datapath:inst|Register8x8:inst1|register:inst1|RFC:inst6|inst                                             ; |Bai1|Datapath:inst|Register8x8:inst1|register:inst1|RFC:inst6|inst                                             ; regout           ;
; |Bai1|Datapath:inst|Register8x8:inst1|register:inst1|RFC:inst6|inst4                                            ; |Bai1|Datapath:inst|Register8x8:inst1|register:inst1|RFC:inst6|inst4                                            ; out0             ;
; |Bai1|Datapath:inst|Register8x8:inst1|register:inst1|RFC:inst6|inst3                                            ; |Bai1|Datapath:inst|Register8x8:inst1|register:inst1|RFC:inst6|inst3                                            ; out0             ;
; |Bai1|Datapath:inst|Register8x8:inst1|register:inst1|RFC:inst6|inst2                                            ; |Bai1|Datapath:inst|Register8x8:inst1|register:inst1|RFC:inst6|inst2                                            ; out0             ;
; |Bai1|Datapath:inst|Register8x8:inst1|register:inst1|RFC:inst13|inst1                                           ; |Bai1|Datapath:inst|Register8x8:inst1|register:inst1|RFC:inst13|inst1                                           ; out              ;
; |Bai1|Datapath:inst|Register8x8:inst1|register:inst1|RFC:inst13|inst                                            ; |Bai1|Datapath:inst|Register8x8:inst1|register:inst1|RFC:inst13|inst                                            ; regout           ;
; |Bai1|Datapath:inst|Register8x8:inst1|register:inst1|RFC:inst13|inst4                                           ; |Bai1|Datapath:inst|Register8x8:inst1|register:inst1|RFC:inst13|inst4                                           ; out0             ;
; |Bai1|Datapath:inst|Register8x8:inst1|register:inst1|RFC:inst13|inst3                                           ; |Bai1|Datapath:inst|Register8x8:inst1|register:inst1|RFC:inst13|inst3                                           ; out0             ;
; |Bai1|Datapath:inst|Register8x8:inst1|register:inst1|RFC:inst13|inst2                                           ; |Bai1|Datapath:inst|Register8x8:inst1|register:inst1|RFC:inst13|inst2                                           ; out0             ;
; |Bai1|Datapath:inst|Register8x8:inst1|register:inst1|RFC:inst9|inst1                                            ; |Bai1|Datapath:inst|Register8x8:inst1|register:inst1|RFC:inst9|inst1                                            ; out              ;
; |Bai1|Datapath:inst|Register8x8:inst1|register:inst1|RFC:inst9|inst                                             ; |Bai1|Datapath:inst|Register8x8:inst1|register:inst1|RFC:inst9|inst                                             ; regout           ;
; |Bai1|Datapath:inst|Register8x8:inst1|register:inst1|RFC:inst9|inst2                                            ; |Bai1|Datapath:inst|Register8x8:inst1|register:inst1|RFC:inst9|inst2                                            ; out0             ;
; |Bai1|Datapath:inst|Register8x8:inst1|register:inst1|RFC:inst5|inst1                                            ; |Bai1|Datapath:inst|Register8x8:inst1|register:inst1|RFC:inst5|inst1                                            ; out              ;
; |Bai1|Datapath:inst|Register8x8:inst1|register:inst1|RFC:inst5|inst                                             ; |Bai1|Datapath:inst|Register8x8:inst1|register:inst1|RFC:inst5|inst                                             ; regout           ;
; |Bai1|Datapath:inst|Register8x8:inst1|register:inst1|RFC:inst5|inst4                                            ; |Bai1|Datapath:inst|Register8x8:inst1|register:inst1|RFC:inst5|inst4                                            ; out0             ;
; |Bai1|Datapath:inst|Register8x8:inst1|register:inst1|RFC:inst5|inst3                                            ; |Bai1|Datapath:inst|Register8x8:inst1|register:inst1|RFC:inst5|inst3                                            ; out0             ;
; |Bai1|Datapath:inst|Register8x8:inst1|register:inst1|RFC:inst5|inst2                                            ; |Bai1|Datapath:inst|Register8x8:inst1|register:inst1|RFC:inst5|inst2                                            ; out0             ;
; |Bai1|Datapath:inst|Register8x8:inst1|register:inst1|RFC:inst8|inst1                                            ; |Bai1|Datapath:inst|Register8x8:inst1|register:inst1|RFC:inst8|inst1                                            ; out              ;
; |Bai1|Datapath:inst|Register8x8:inst1|register:inst1|RFC:inst8|inst                                             ; |Bai1|Datapath:inst|Register8x8:inst1|register:inst1|RFC:inst8|inst                                             ; regout           ;
; |Bai1|Datapath:inst|Register8x8:inst1|register:inst1|RFC:inst8|inst4                                            ; |Bai1|Datapath:inst|Register8x8:inst1|register:inst1|RFC:inst8|inst4                                            ; out0             ;
; |Bai1|Datapath:inst|Register8x8:inst1|register:inst1|RFC:inst8|inst3                                            ; |Bai1|Datapath:inst|Register8x8:inst1|register:inst1|RFC:inst8|inst3                                            ; out0             ;
; |Bai1|Datapath:inst|Register8x8:inst1|register:inst1|RFC:inst8|inst2                                            ; |Bai1|Datapath:inst|Register8x8:inst1|register:inst1|RFC:inst8|inst2                                            ; out0             ;
; |Bai1|Datapath:inst|Register8x8:inst1|register:inst1|RFC:inst12|inst1                                           ; |Bai1|Datapath:inst|Register8x8:inst1|register:inst1|RFC:inst12|inst1                                           ; out              ;
; |Bai1|Datapath:inst|Register8x8:inst1|register:inst1|RFC:inst12|inst                                            ; |Bai1|Datapath:inst|Register8x8:inst1|register:inst1|RFC:inst12|inst                                            ; regout           ;
; |Bai1|Datapath:inst|Register8x8:inst1|register:inst1|RFC:inst12|inst4                                           ; |Bai1|Datapath:inst|Register8x8:inst1|register:inst1|RFC:inst12|inst4                                           ; out0             ;
; |Bai1|Datapath:inst|Register8x8:inst1|register:inst1|RFC:inst12|inst3                                           ; |Bai1|Datapath:inst|Register8x8:inst1|register:inst1|RFC:inst12|inst3                                           ; out0             ;
; |Bai1|Datapath:inst|Register8x8:inst1|register:inst1|RFC:inst12|inst2                                           ; |Bai1|Datapath:inst|Register8x8:inst1|register:inst1|RFC:inst12|inst2                                           ; out0             ;
; |Bai1|Datapath:inst|Register8x8:inst1|register:inst1|RFC:inst16|inst1                                           ; |Bai1|Datapath:inst|Register8x8:inst1|register:inst1|RFC:inst16|inst1                                           ; out              ;
; |Bai1|Datapath:inst|Register8x8:inst1|register:inst1|RFC:inst16|inst                                            ; |Bai1|Datapath:inst|Register8x8:inst1|register:inst1|RFC:inst16|inst                                            ; regout           ;
; |Bai1|Datapath:inst|Register8x8:inst1|register:inst1|RFC:inst16|inst4                                           ; |Bai1|Datapath:inst|Register8x8:inst1|register:inst1|RFC:inst16|inst4                                           ; out0             ;
; |Bai1|Datapath:inst|Register8x8:inst1|register:inst1|RFC:inst16|inst3                                           ; |Bai1|Datapath:inst|Register8x8:inst1|register:inst1|RFC:inst16|inst3                                           ; out0             ;
; |Bai1|Datapath:inst|Register8x8:inst1|register:inst1|RFC:inst16|inst2                                           ; |Bai1|Datapath:inst|Register8x8:inst1|register:inst1|RFC:inst16|inst2                                           ; out0             ;
; |Bai1|Datapath:inst|Register8x8:inst1|register:inst1|RFC:inst4|inst1                                            ; |Bai1|Datapath:inst|Register8x8:inst1|register:inst1|RFC:inst4|inst1                                            ; out              ;
; |Bai1|Datapath:inst|Register8x8:inst1|register:inst1|RFC:inst4|inst                                             ; |Bai1|Datapath:inst|Register8x8:inst1|register:inst1|RFC:inst4|inst                                             ; regout           ;
; |Bai1|Datapath:inst|Register8x8:inst1|register:inst1|RFC:inst4|inst4                                            ; |Bai1|Datapath:inst|Register8x8:inst1|register:inst1|RFC:inst4|inst4                                            ; out0             ;
; |Bai1|Datapath:inst|Register8x8:inst1|register:inst1|RFC:inst4|inst3                                            ; |Bai1|Datapath:inst|Register8x8:inst1|register:inst1|RFC:inst4|inst3                                            ; out0             ;
; |Bai1|Datapath:inst|Register8x8:inst1|register:inst1|RFC:inst4|inst2                                            ; |Bai1|Datapath:inst|Register8x8:inst1|register:inst1|RFC:inst4|inst2                                            ; out0             ;
; |Bai1|Datapath:inst|Register8x8:inst1|register:inst1|RFC:inst15|inst1                                           ; |Bai1|Datapath:inst|Register8x8:inst1|register:inst1|RFC:inst15|inst1                                           ; out              ;
; |Bai1|Datapath:inst|Register8x8:inst1|register:inst1|RFC:inst15|inst                                            ; |Bai1|Datapath:inst|Register8x8:inst1|register:inst1|RFC:inst15|inst                                            ; regout           ;
; |Bai1|Datapath:inst|Register8x8:inst1|register:inst1|RFC:inst15|inst4                                           ; |Bai1|Datapath:inst|Register8x8:inst1|register:inst1|RFC:inst15|inst4                                           ; out0             ;
; |Bai1|Datapath:inst|Register8x8:inst1|register:inst1|RFC:inst15|inst3                                           ; |Bai1|Datapath:inst|Register8x8:inst1|register:inst1|RFC:inst15|inst3                                           ; out0             ;
; |Bai1|Datapath:inst|Register8x8:inst1|register:inst1|RFC:inst15|inst2                                           ; |Bai1|Datapath:inst|Register8x8:inst1|register:inst1|RFC:inst15|inst2                                           ; out0             ;
; |Bai1|Datapath:inst|Register8x8:inst1|register:inst1|RFC:inst11|inst1                                           ; |Bai1|Datapath:inst|Register8x8:inst1|register:inst1|RFC:inst11|inst1                                           ; out              ;
; |Bai1|Datapath:inst|Register8x8:inst1|register:inst1|RFC:inst11|inst                                            ; |Bai1|Datapath:inst|Register8x8:inst1|register:inst1|RFC:inst11|inst                                            ; regout           ;
; |Bai1|Datapath:inst|Register8x8:inst1|register:inst1|RFC:inst11|inst4                                           ; |Bai1|Datapath:inst|Register8x8:inst1|register:inst1|RFC:inst11|inst4                                           ; out0             ;
; |Bai1|Datapath:inst|Register8x8:inst1|register:inst1|RFC:inst11|inst3                                           ; |Bai1|Datapath:inst|Register8x8:inst1|register:inst1|RFC:inst11|inst3                                           ; out0             ;
; |Bai1|Datapath:inst|Register8x8:inst1|register:inst1|RFC:inst11|inst2                                           ; |Bai1|Datapath:inst|Register8x8:inst1|register:inst1|RFC:inst11|inst2                                           ; out0             ;
; |Bai1|Datapath:inst|Register8x8:inst1|register:inst1|RFC:inst7|inst1                                            ; |Bai1|Datapath:inst|Register8x8:inst1|register:inst1|RFC:inst7|inst1                                            ; out              ;
; |Bai1|Datapath:inst|Register8x8:inst1|register:inst1|RFC:inst7|inst                                             ; |Bai1|Datapath:inst|Register8x8:inst1|register:inst1|RFC:inst7|inst                                             ; regout           ;
; |Bai1|Datapath:inst|Register8x8:inst1|register:inst1|RFC:inst7|inst4                                            ; |Bai1|Datapath:inst|Register8x8:inst1|register:inst1|RFC:inst7|inst4                                            ; out0             ;
; |Bai1|Datapath:inst|Register8x8:inst1|register:inst1|RFC:inst7|inst3                                            ; |Bai1|Datapath:inst|Register8x8:inst1|register:inst1|RFC:inst7|inst3                                            ; out0             ;
; |Bai1|Datapath:inst|Register8x8:inst1|register:inst1|RFC:inst7|inst2                                            ; |Bai1|Datapath:inst|Register8x8:inst1|register:inst1|RFC:inst7|inst2                                            ; out0             ;
; |Bai1|Datapath:inst|Register8x8:inst1|register:inst1|RFC:inst3|inst1                                            ; |Bai1|Datapath:inst|Register8x8:inst1|register:inst1|RFC:inst3|inst1                                            ; out              ;
; |Bai1|Datapath:inst|Register8x8:inst1|register:inst1|RFC:inst3|inst                                             ; |Bai1|Datapath:inst|Register8x8:inst1|register:inst1|RFC:inst3|inst                                             ; regout           ;
; |Bai1|Datapath:inst|Register8x8:inst1|register:inst1|RFC:inst3|inst2                                            ; |Bai1|Datapath:inst|Register8x8:inst1|register:inst1|RFC:inst3|inst2                                            ; out0             ;
; |Bai1|Datapath:inst|MinMax:inst8|SubnBit:inst1|Sub1Bit:inst7|inst10                                             ; |Bai1|Datapath:inst|MinMax:inst8|SubnBit:inst1|Sub1Bit:inst7|inst10                                             ; out0             ;
; |Bai1|Datapath:inst|MinMax:inst8|SubnBit:inst1|Sub1Bit:inst2|inst7                                              ; |Bai1|Datapath:inst|MinMax:inst8|SubnBit:inst1|Sub1Bit:inst2|inst7                                              ; out0             ;
; |Bai1|Datapath:inst|MinMax:inst8|SubnBit:inst1|Sub1Bit:inst2|inst10                                             ; |Bai1|Datapath:inst|MinMax:inst8|SubnBit:inst1|Sub1Bit:inst2|inst10                                             ; out0             ;
; |Bai1|Datapath:inst|MinMax:inst8|SubnBit:inst1|Sub1Bit:inst1|inst7                                              ; |Bai1|Datapath:inst|MinMax:inst8|SubnBit:inst1|Sub1Bit:inst1|inst7                                              ; out0             ;
; |Bai1|Datapath:inst|MinMax:inst8|SubnBit:inst1|Sub1Bit:inst1|inst10                                             ; |Bai1|Datapath:inst|MinMax:inst8|SubnBit:inst1|Sub1Bit:inst1|inst10                                             ; out0             ;
; |Bai1|Datapath:inst|MinMax:inst8|SubnBit:inst1|Sub1Bit:inst|inst7                                               ; |Bai1|Datapath:inst|MinMax:inst8|SubnBit:inst1|Sub1Bit:inst|inst7                                               ; out0             ;
; |Bai1|Datapath:inst|MinMax:inst8|busmux:inst|lpm_mux:$00000|mux_smc:auto_generated|result_node[7]~0             ; |Bai1|Datapath:inst|MinMax:inst8|busmux:inst|lpm_mux:$00000|mux_smc:auto_generated|result_node[7]~0             ; out0             ;
; |Bai1|Datapath:inst|MinMax:inst8|busmux:inst|lpm_mux:$00000|mux_smc:auto_generated|result_node[7]~1             ; |Bai1|Datapath:inst|MinMax:inst8|busmux:inst|lpm_mux:$00000|mux_smc:auto_generated|result_node[7]~1             ; out0             ;
; |Bai1|Datapath:inst|MinMax:inst8|busmux:inst|lpm_mux:$00000|mux_smc:auto_generated|result_node[7]               ; |Bai1|Datapath:inst|MinMax:inst8|busmux:inst|lpm_mux:$00000|mux_smc:auto_generated|result_node[7]               ; out0             ;
; |Bai1|Datapath:inst|MinMax:inst8|busmux:inst|lpm_mux:$00000|mux_smc:auto_generated|result_node[6]~2             ; |Bai1|Datapath:inst|MinMax:inst8|busmux:inst|lpm_mux:$00000|mux_smc:auto_generated|result_node[6]~2             ; out0             ;
; |Bai1|Datapath:inst|MinMax:inst8|busmux:inst|lpm_mux:$00000|mux_smc:auto_generated|result_node[6]~3             ; |Bai1|Datapath:inst|MinMax:inst8|busmux:inst|lpm_mux:$00000|mux_smc:auto_generated|result_node[6]~3             ; out0             ;
; |Bai1|Datapath:inst|MinMax:inst8|busmux:inst|lpm_mux:$00000|mux_smc:auto_generated|result_node[6]               ; |Bai1|Datapath:inst|MinMax:inst8|busmux:inst|lpm_mux:$00000|mux_smc:auto_generated|result_node[6]               ; out0             ;
; |Bai1|Datapath:inst|MinMax:inst8|busmux:inst|lpm_mux:$00000|mux_smc:auto_generated|result_node[5]~4             ; |Bai1|Datapath:inst|MinMax:inst8|busmux:inst|lpm_mux:$00000|mux_smc:auto_generated|result_node[5]~4             ; out0             ;
; |Bai1|Datapath:inst|MinMax:inst8|busmux:inst|lpm_mux:$00000|mux_smc:auto_generated|result_node[5]~5             ; |Bai1|Datapath:inst|MinMax:inst8|busmux:inst|lpm_mux:$00000|mux_smc:auto_generated|result_node[5]~5             ; out0             ;
; |Bai1|Datapath:inst|MinMax:inst8|busmux:inst|lpm_mux:$00000|mux_smc:auto_generated|result_node[5]               ; |Bai1|Datapath:inst|MinMax:inst8|busmux:inst|lpm_mux:$00000|mux_smc:auto_generated|result_node[5]               ; out0             ;
; |Bai1|Datapath:inst|Mux41:inst3|busmux:inst1|lpm_mux:$00000|mux_smc:auto_generated|result_node[7]~1             ; |Bai1|Datapath:inst|Mux41:inst3|busmux:inst1|lpm_mux:$00000|mux_smc:auto_generated|result_node[7]~1             ; out0             ;
; |Bai1|Datapath:inst|Mux41:inst3|busmux:inst1|lpm_mux:$00000|mux_smc:auto_generated|result_node[6]~3             ; |Bai1|Datapath:inst|Mux41:inst3|busmux:inst1|lpm_mux:$00000|mux_smc:auto_generated|result_node[6]~3             ; out0             ;
; |Bai1|Datapath:inst|Mux41:inst3|busmux:inst1|lpm_mux:$00000|mux_smc:auto_generated|result_node[5]~5             ; |Bai1|Datapath:inst|Mux41:inst3|busmux:inst1|lpm_mux:$00000|mux_smc:auto_generated|result_node[5]~5             ; out0             ;
; |Bai1|Datapath:inst|Mux41:inst3|busmux:inst|lpm_mux:$00000|mux_smc:auto_generated|result_node[7]~0              ; |Bai1|Datapath:inst|Mux41:inst3|busmux:inst|lpm_mux:$00000|mux_smc:auto_generated|result_node[7]~0              ; out0             ;
; |Bai1|Datapath:inst|Mux41:inst3|busmux:inst|lpm_mux:$00000|mux_smc:auto_generated|result_node[7]~1              ; |Bai1|Datapath:inst|Mux41:inst3|busmux:inst|lpm_mux:$00000|mux_smc:auto_generated|result_node[7]~1              ; out0             ;
; |Bai1|Datapath:inst|Mux41:inst3|busmux:inst|lpm_mux:$00000|mux_smc:auto_generated|result_node[7]                ; |Bai1|Datapath:inst|Mux41:inst3|busmux:inst|lpm_mux:$00000|mux_smc:auto_generated|result_node[7]                ; out0             ;
; |Bai1|Datapath:inst|Mux41:inst3|busmux:inst|lpm_mux:$00000|mux_smc:auto_generated|result_node[6]~2              ; |Bai1|Datapath:inst|Mux41:inst3|busmux:inst|lpm_mux:$00000|mux_smc:auto_generated|result_node[6]~2              ; out0             ;
; |Bai1|Datapath:inst|Mux41:inst3|busmux:inst|lpm_mux:$00000|mux_smc:auto_generated|result_node[6]~3              ; |Bai1|Datapath:inst|Mux41:inst3|busmux:inst|lpm_mux:$00000|mux_smc:auto_generated|result_node[6]~3              ; out0             ;
; |Bai1|Datapath:inst|Mux41:inst3|busmux:inst|lpm_mux:$00000|mux_smc:auto_generated|result_node[6]                ; |Bai1|Datapath:inst|Mux41:inst3|busmux:inst|lpm_mux:$00000|mux_smc:auto_generated|result_node[6]                ; out0             ;
; |Bai1|Datapath:inst|Mux41:inst3|busmux:inst|lpm_mux:$00000|mux_smc:auto_generated|result_node[5]~4              ; |Bai1|Datapath:inst|Mux41:inst3|busmux:inst|lpm_mux:$00000|mux_smc:auto_generated|result_node[5]~4              ; out0             ;
; |Bai1|Datapath:inst|Mux41:inst3|busmux:inst|lpm_mux:$00000|mux_smc:auto_generated|result_node[5]~5              ; |Bai1|Datapath:inst|Mux41:inst3|busmux:inst|lpm_mux:$00000|mux_smc:auto_generated|result_node[5]~5              ; out0             ;
; |Bai1|Datapath:inst|Mux41:inst3|busmux:inst|lpm_mux:$00000|mux_smc:auto_generated|result_node[5]                ; |Bai1|Datapath:inst|Mux41:inst3|busmux:inst|lpm_mux:$00000|mux_smc:auto_generated|result_node[5]                ; out0             ;
; |Bai1|Datapath:inst|Mux41:inst3|busmux:inst|lpm_mux:$00000|mux_smc:auto_generated|result_node[2]~11             ; |Bai1|Datapath:inst|Mux41:inst3|busmux:inst|lpm_mux:$00000|mux_smc:auto_generated|result_node[2]~11             ; out0             ;
; |Bai1|Datapath:inst|Mux41:inst3|busmux:inst|lpm_mux:$00000|mux_smc:auto_generated|result_node[0]~15             ; |Bai1|Datapath:inst|Mux41:inst3|busmux:inst|lpm_mux:$00000|mux_smc:auto_generated|result_node[0]~15             ; out0             ;
; |Bai1|Datapath:inst|Mux41:inst3|busmux:inst2|lpm_mux:$00000|mux_smc:auto_generated|result_node[7]~0             ; |Bai1|Datapath:inst|Mux41:inst3|busmux:inst2|lpm_mux:$00000|mux_smc:auto_generated|result_node[7]~0             ; out0             ;
; |Bai1|Datapath:inst|Mux41:inst3|busmux:inst2|lpm_mux:$00000|mux_smc:auto_generated|result_node[7]~1             ; |Bai1|Datapath:inst|Mux41:inst3|busmux:inst2|lpm_mux:$00000|mux_smc:auto_generated|result_node[7]~1             ; out0             ;
; |Bai1|Datapath:inst|Mux41:inst3|busmux:inst2|lpm_mux:$00000|mux_smc:auto_generated|result_node[7]               ; |Bai1|Datapath:inst|Mux41:inst3|busmux:inst2|lpm_mux:$00000|mux_smc:auto_generated|result_node[7]               ; out0             ;
; |Bai1|Datapath:inst|Mux41:inst3|busmux:inst2|lpm_mux:$00000|mux_smc:auto_generated|result_node[6]~2             ; |Bai1|Datapath:inst|Mux41:inst3|busmux:inst2|lpm_mux:$00000|mux_smc:auto_generated|result_node[6]~2             ; out0             ;
; |Bai1|Datapath:inst|Mux41:inst3|busmux:inst2|lpm_mux:$00000|mux_smc:auto_generated|result_node[6]~3             ; |Bai1|Datapath:inst|Mux41:inst3|busmux:inst2|lpm_mux:$00000|mux_smc:auto_generated|result_node[6]~3             ; out0             ;
; |Bai1|Datapath:inst|Mux41:inst3|busmux:inst2|lpm_mux:$00000|mux_smc:auto_generated|result_node[6]               ; |Bai1|Datapath:inst|Mux41:inst3|busmux:inst2|lpm_mux:$00000|mux_smc:auto_generated|result_node[6]               ; out0             ;
; |Bai1|Datapath:inst|Mux41:inst3|busmux:inst2|lpm_mux:$00000|mux_smc:auto_generated|result_node[5]~4             ; |Bai1|Datapath:inst|Mux41:inst3|busmux:inst2|lpm_mux:$00000|mux_smc:auto_generated|result_node[5]~4             ; out0             ;
; |Bai1|Datapath:inst|Mux41:inst3|busmux:inst2|lpm_mux:$00000|mux_smc:auto_generated|result_node[5]~5             ; |Bai1|Datapath:inst|Mux41:inst3|busmux:inst2|lpm_mux:$00000|mux_smc:auto_generated|result_node[5]~5             ; out0             ;
; |Bai1|Datapath:inst|Mux41:inst3|busmux:inst2|lpm_mux:$00000|mux_smc:auto_generated|result_node[5]               ; |Bai1|Datapath:inst|Mux41:inst3|busmux:inst2|lpm_mux:$00000|mux_smc:auto_generated|result_node[5]               ; out0             ;
; |Bai1|Datapath:inst|Register4x8:inst|register:inst1|RFC:inst14|inst1                                            ; |Bai1|Datapath:inst|Register4x8:inst|register:inst1|RFC:inst14|inst1                                            ; out              ;
; |Bai1|Datapath:inst|Register4x8:inst|register:inst1|RFC:inst14|inst                                             ; |Bai1|Datapath:inst|Register4x8:inst|register:inst1|RFC:inst14|inst                                             ; regout           ;
; |Bai1|Datapath:inst|Register4x8:inst|register:inst1|RFC:inst14|inst4                                            ; |Bai1|Datapath:inst|Register4x8:inst|register:inst1|RFC:inst14|inst4                                            ; out0             ;
; |Bai1|Datapath:inst|Register4x8:inst|register:inst1|RFC:inst14|inst3                                            ; |Bai1|Datapath:inst|Register4x8:inst|register:inst1|RFC:inst14|inst3                                            ; out0             ;
; |Bai1|Datapath:inst|Register4x8:inst|register:inst1|RFC:inst14|inst2                                            ; |Bai1|Datapath:inst|Register4x8:inst|register:inst1|RFC:inst14|inst2                                            ; out0             ;
; |Bai1|Datapath:inst|Register4x8:inst|register:inst1|RFC:inst10|inst1                                            ; |Bai1|Datapath:inst|Register4x8:inst|register:inst1|RFC:inst10|inst1                                            ; out              ;
; |Bai1|Datapath:inst|Register4x8:inst|register:inst1|RFC:inst10|inst                                             ; |Bai1|Datapath:inst|Register4x8:inst|register:inst1|RFC:inst10|inst                                             ; regout           ;
; |Bai1|Datapath:inst|Register4x8:inst|register:inst1|RFC:inst10|inst4                                            ; |Bai1|Datapath:inst|Register4x8:inst|register:inst1|RFC:inst10|inst4                                            ; out0             ;
; |Bai1|Datapath:inst|Register4x8:inst|register:inst1|RFC:inst10|inst3                                            ; |Bai1|Datapath:inst|Register4x8:inst|register:inst1|RFC:inst10|inst3                                            ; out0             ;
; |Bai1|Datapath:inst|Register4x8:inst|register:inst1|RFC:inst10|inst2                                            ; |Bai1|Datapath:inst|Register4x8:inst|register:inst1|RFC:inst10|inst2                                            ; out0             ;
; |Bai1|Datapath:inst|Register4x8:inst|register:inst1|RFC:inst6|inst1                                             ; |Bai1|Datapath:inst|Register4x8:inst|register:inst1|RFC:inst6|inst1                                             ; out              ;
; |Bai1|Datapath:inst|Register4x8:inst|register:inst1|RFC:inst6|inst                                              ; |Bai1|Datapath:inst|Register4x8:inst|register:inst1|RFC:inst6|inst                                              ; regout           ;
; |Bai1|Datapath:inst|Register4x8:inst|register:inst1|RFC:inst6|inst4                                             ; |Bai1|Datapath:inst|Register4x8:inst|register:inst1|RFC:inst6|inst4                                             ; out0             ;
; |Bai1|Datapath:inst|Register4x8:inst|register:inst1|RFC:inst6|inst3                                             ; |Bai1|Datapath:inst|Register4x8:inst|register:inst1|RFC:inst6|inst3                                             ; out0             ;
; |Bai1|Datapath:inst|Register4x8:inst|register:inst1|RFC:inst6|inst2                                             ; |Bai1|Datapath:inst|Register4x8:inst|register:inst1|RFC:inst6|inst2                                             ; out0             ;
; |Bai1|Datapath:inst|Register4x8:inst|register:inst1|RFC:inst5|inst4                                             ; |Bai1|Datapath:inst|Register4x8:inst|register:inst1|RFC:inst5|inst4                                             ; out0             ;
; |Bai1|Datapath:inst|Register4x8:inst|register:inst1|RFC:inst8|inst1                                             ; |Bai1|Datapath:inst|Register4x8:inst|register:inst1|RFC:inst8|inst1                                             ; out              ;
; |Bai1|Datapath:inst|Register4x8:inst|register:inst1|RFC:inst8|inst                                              ; |Bai1|Datapath:inst|Register4x8:inst|register:inst1|RFC:inst8|inst                                              ; regout           ;
; |Bai1|Datapath:inst|Register4x8:inst|register:inst1|RFC:inst8|inst4                                             ; |Bai1|Datapath:inst|Register4x8:inst|register:inst1|RFC:inst8|inst4                                             ; out0             ;
; |Bai1|Datapath:inst|Register4x8:inst|register:inst1|RFC:inst8|inst3                                             ; |Bai1|Datapath:inst|Register4x8:inst|register:inst1|RFC:inst8|inst3                                             ; out0             ;
; |Bai1|Datapath:inst|Register4x8:inst|register:inst1|RFC:inst8|inst2                                             ; |Bai1|Datapath:inst|Register4x8:inst|register:inst1|RFC:inst8|inst2                                             ; out0             ;
; |Bai1|Datapath:inst|Register4x8:inst|register:inst1|RFC:inst12|inst1                                            ; |Bai1|Datapath:inst|Register4x8:inst|register:inst1|RFC:inst12|inst1                                            ; out              ;
; |Bai1|Datapath:inst|Register4x8:inst|register:inst1|RFC:inst12|inst                                             ; |Bai1|Datapath:inst|Register4x8:inst|register:inst1|RFC:inst12|inst                                             ; regout           ;
; |Bai1|Datapath:inst|Register4x8:inst|register:inst1|RFC:inst12|inst4                                            ; |Bai1|Datapath:inst|Register4x8:inst|register:inst1|RFC:inst12|inst4                                            ; out0             ;
; |Bai1|Datapath:inst|Register4x8:inst|register:inst1|RFC:inst12|inst3                                            ; |Bai1|Datapath:inst|Register4x8:inst|register:inst1|RFC:inst12|inst3                                            ; out0             ;
; |Bai1|Datapath:inst|Register4x8:inst|register:inst1|RFC:inst12|inst2                                            ; |Bai1|Datapath:inst|Register4x8:inst|register:inst1|RFC:inst12|inst2                                            ; out0             ;
; |Bai1|Datapath:inst|Register4x8:inst|register:inst1|RFC:inst4|inst1                                             ; |Bai1|Datapath:inst|Register4x8:inst|register:inst1|RFC:inst4|inst1                                             ; out              ;
; |Bai1|Datapath:inst|Register4x8:inst|register:inst1|RFC:inst4|inst                                              ; |Bai1|Datapath:inst|Register4x8:inst|register:inst1|RFC:inst4|inst                                              ; regout           ;
; |Bai1|Datapath:inst|Register4x8:inst|register:inst1|RFC:inst4|inst4                                             ; |Bai1|Datapath:inst|Register4x8:inst|register:inst1|RFC:inst4|inst4                                             ; out0             ;
; |Bai1|Datapath:inst|Register4x8:inst|register:inst1|RFC:inst4|inst3                                             ; |Bai1|Datapath:inst|Register4x8:inst|register:inst1|RFC:inst4|inst3                                             ; out0             ;
; |Bai1|Datapath:inst|Register4x8:inst|register:inst1|RFC:inst4|inst2                                             ; |Bai1|Datapath:inst|Register4x8:inst|register:inst1|RFC:inst4|inst2                                             ; out0             ;
; |Bai1|Datapath:inst|Register4x8:inst|register:inst1|RFC:inst3|inst4                                             ; |Bai1|Datapath:inst|Register4x8:inst|register:inst1|RFC:inst3|inst4                                             ; out0             ;
; |Bai1|Datapath:inst|Register4x8:inst|register:inst|A[3]                                                         ; |Bai1|Datapath:inst|Register4x8:inst|register:inst|A[3]                                                         ; out0             ;
; |Bai1|Datapath:inst|Register4x8:inst|register:inst|A[2]                                                         ; |Bai1|Datapath:inst|Register4x8:inst|register:inst|A[2]                                                         ; out0             ;
; |Bai1|Datapath:inst|Register4x8:inst|register:inst|A[1]                                                         ; |Bai1|Datapath:inst|Register4x8:inst|register:inst|A[1]                                                         ; out0             ;
; |Bai1|Datapath:inst|Register4x8:inst|register:inst|RFC:inst6|inst4                                              ; |Bai1|Datapath:inst|Register4x8:inst|register:inst|RFC:inst6|inst4                                              ; out0             ;
; |Bai1|Datapath:inst|Register4x8:inst|register:inst|RFC:inst17|inst1                                             ; |Bai1|Datapath:inst|Register4x8:inst|register:inst|RFC:inst17|inst1                                             ; out              ;
; |Bai1|Datapath:inst|Register4x8:inst|register:inst|RFC:inst17|inst                                              ; |Bai1|Datapath:inst|Register4x8:inst|register:inst|RFC:inst17|inst                                              ; regout           ;
; |Bai1|Datapath:inst|Register4x8:inst|register:inst|RFC:inst17|inst4                                             ; |Bai1|Datapath:inst|Register4x8:inst|register:inst|RFC:inst17|inst4                                             ; out0             ;
; |Bai1|Datapath:inst|Register4x8:inst|register:inst|RFC:inst17|inst3                                             ; |Bai1|Datapath:inst|Register4x8:inst|register:inst|RFC:inst17|inst3                                             ; out0             ;
; |Bai1|Datapath:inst|Register4x8:inst|register:inst|RFC:inst17|inst2                                             ; |Bai1|Datapath:inst|Register4x8:inst|register:inst|RFC:inst17|inst2                                             ; out0             ;
; |Bai1|Datapath:inst|Register4x8:inst|register:inst|RFC:inst13|inst1                                             ; |Bai1|Datapath:inst|Register4x8:inst|register:inst|RFC:inst13|inst1                                             ; out              ;
; |Bai1|Datapath:inst|Register4x8:inst|register:inst|RFC:inst13|inst                                              ; |Bai1|Datapath:inst|Register4x8:inst|register:inst|RFC:inst13|inst                                              ; regout           ;
; |Bai1|Datapath:inst|Register4x8:inst|register:inst|RFC:inst13|inst4                                             ; |Bai1|Datapath:inst|Register4x8:inst|register:inst|RFC:inst13|inst4                                             ; out0             ;
; |Bai1|Datapath:inst|Register4x8:inst|register:inst|RFC:inst13|inst3                                             ; |Bai1|Datapath:inst|Register4x8:inst|register:inst|RFC:inst13|inst3                                             ; out0             ;
; |Bai1|Datapath:inst|Register4x8:inst|register:inst|RFC:inst13|inst2                                             ; |Bai1|Datapath:inst|Register4x8:inst|register:inst|RFC:inst13|inst2                                             ; out0             ;
; |Bai1|Datapath:inst|Register4x8:inst|register:inst|RFC:inst9|inst1                                              ; |Bai1|Datapath:inst|Register4x8:inst|register:inst|RFC:inst9|inst1                                              ; out              ;
; |Bai1|Datapath:inst|Register4x8:inst|register:inst|RFC:inst9|inst                                               ; |Bai1|Datapath:inst|Register4x8:inst|register:inst|RFC:inst9|inst                                               ; regout           ;
; |Bai1|Datapath:inst|Register4x8:inst|register:inst|RFC:inst9|inst4                                              ; |Bai1|Datapath:inst|Register4x8:inst|register:inst|RFC:inst9|inst4                                              ; out0             ;
; |Bai1|Datapath:inst|Register4x8:inst|register:inst|RFC:inst9|inst3                                              ; |Bai1|Datapath:inst|Register4x8:inst|register:inst|RFC:inst9|inst3                                              ; out0             ;
; |Bai1|Datapath:inst|Register4x8:inst|register:inst|RFC:inst9|inst2                                              ; |Bai1|Datapath:inst|Register4x8:inst|register:inst|RFC:inst9|inst2                                              ; out0             ;
; |Bai1|Datapath:inst|Register4x8:inst|register:inst|RFC:inst5|inst1                                              ; |Bai1|Datapath:inst|Register4x8:inst|register:inst|RFC:inst5|inst1                                              ; out              ;
; |Bai1|Datapath:inst|Register4x8:inst|register:inst|RFC:inst5|inst                                               ; |Bai1|Datapath:inst|Register4x8:inst|register:inst|RFC:inst5|inst                                               ; regout           ;
; |Bai1|Datapath:inst|Register4x8:inst|register:inst|RFC:inst5|inst4                                              ; |Bai1|Datapath:inst|Register4x8:inst|register:inst|RFC:inst5|inst4                                              ; out0             ;
; |Bai1|Datapath:inst|Register4x8:inst|register:inst|RFC:inst5|inst3                                              ; |Bai1|Datapath:inst|Register4x8:inst|register:inst|RFC:inst5|inst3                                              ; out0             ;
; |Bai1|Datapath:inst|Register4x8:inst|register:inst|RFC:inst5|inst2                                              ; |Bai1|Datapath:inst|Register4x8:inst|register:inst|RFC:inst5|inst2                                              ; out0             ;
; |Bai1|Datapath:inst|Register4x8:inst|register:inst|RFC:inst8|inst1                                              ; |Bai1|Datapath:inst|Register4x8:inst|register:inst|RFC:inst8|inst1                                              ; out              ;
; |Bai1|Datapath:inst|Register4x8:inst|register:inst|RFC:inst8|inst                                               ; |Bai1|Datapath:inst|Register4x8:inst|register:inst|RFC:inst8|inst                                               ; regout           ;
; |Bai1|Datapath:inst|Register4x8:inst|register:inst|RFC:inst8|inst4                                              ; |Bai1|Datapath:inst|Register4x8:inst|register:inst|RFC:inst8|inst4                                              ; out0             ;
; |Bai1|Datapath:inst|Register4x8:inst|register:inst|RFC:inst8|inst3                                              ; |Bai1|Datapath:inst|Register4x8:inst|register:inst|RFC:inst8|inst3                                              ; out0             ;
; |Bai1|Datapath:inst|Register4x8:inst|register:inst|RFC:inst8|inst2                                              ; |Bai1|Datapath:inst|Register4x8:inst|register:inst|RFC:inst8|inst2                                              ; out0             ;
; |Bai1|Datapath:inst|Register4x8:inst|register:inst|RFC:inst12|inst1                                             ; |Bai1|Datapath:inst|Register4x8:inst|register:inst|RFC:inst12|inst1                                             ; out              ;
; |Bai1|Datapath:inst|Register4x8:inst|register:inst|RFC:inst12|inst                                              ; |Bai1|Datapath:inst|Register4x8:inst|register:inst|RFC:inst12|inst                                              ; regout           ;
; |Bai1|Datapath:inst|Register4x8:inst|register:inst|RFC:inst12|inst4                                             ; |Bai1|Datapath:inst|Register4x8:inst|register:inst|RFC:inst12|inst4                                             ; out0             ;
; |Bai1|Datapath:inst|Register4x8:inst|register:inst|RFC:inst12|inst3                                             ; |Bai1|Datapath:inst|Register4x8:inst|register:inst|RFC:inst12|inst3                                             ; out0             ;
; |Bai1|Datapath:inst|Register4x8:inst|register:inst|RFC:inst12|inst2                                             ; |Bai1|Datapath:inst|Register4x8:inst|register:inst|RFC:inst12|inst2                                             ; out0             ;
; |Bai1|Datapath:inst|Register4x8:inst|register:inst|RFC:inst16|inst1                                             ; |Bai1|Datapath:inst|Register4x8:inst|register:inst|RFC:inst16|inst1                                             ; out              ;
; |Bai1|Datapath:inst|Register4x8:inst|register:inst|RFC:inst16|inst                                              ; |Bai1|Datapath:inst|Register4x8:inst|register:inst|RFC:inst16|inst                                              ; regout           ;
; |Bai1|Datapath:inst|Register4x8:inst|register:inst|RFC:inst16|inst4                                             ; |Bai1|Datapath:inst|Register4x8:inst|register:inst|RFC:inst16|inst4                                             ; out0             ;
; |Bai1|Datapath:inst|Register4x8:inst|register:inst|RFC:inst16|inst3                                             ; |Bai1|Datapath:inst|Register4x8:inst|register:inst|RFC:inst16|inst3                                             ; out0             ;
; |Bai1|Datapath:inst|Register4x8:inst|register:inst|RFC:inst16|inst2                                             ; |Bai1|Datapath:inst|Register4x8:inst|register:inst|RFC:inst16|inst2                                             ; out0             ;
; |Bai1|Datapath:inst|Register4x8:inst|register:inst|RFC:inst4|inst1                                              ; |Bai1|Datapath:inst|Register4x8:inst|register:inst|RFC:inst4|inst1                                              ; out              ;
; |Bai1|Datapath:inst|Register4x8:inst|register:inst|RFC:inst4|inst                                               ; |Bai1|Datapath:inst|Register4x8:inst|register:inst|RFC:inst4|inst                                               ; regout           ;
; |Bai1|Datapath:inst|Register4x8:inst|register:inst|RFC:inst4|inst4                                              ; |Bai1|Datapath:inst|Register4x8:inst|register:inst|RFC:inst4|inst4                                              ; out0             ;
; |Bai1|Datapath:inst|Register4x8:inst|register:inst|RFC:inst4|inst3                                              ; |Bai1|Datapath:inst|Register4x8:inst|register:inst|RFC:inst4|inst3                                              ; out0             ;
; |Bai1|Datapath:inst|Register4x8:inst|register:inst|RFC:inst4|inst2                                              ; |Bai1|Datapath:inst|Register4x8:inst|register:inst|RFC:inst4|inst2                                              ; out0             ;
; |Bai1|Datapath:inst|Register4x8:inst|register:inst|RFC:inst15|inst1                                             ; |Bai1|Datapath:inst|Register4x8:inst|register:inst|RFC:inst15|inst1                                             ; out              ;
; |Bai1|Datapath:inst|Register4x8:inst|register:inst|RFC:inst15|inst                                              ; |Bai1|Datapath:inst|Register4x8:inst|register:inst|RFC:inst15|inst                                              ; regout           ;
; |Bai1|Datapath:inst|Register4x8:inst|register:inst|RFC:inst15|inst4                                             ; |Bai1|Datapath:inst|Register4x8:inst|register:inst|RFC:inst15|inst4                                             ; out0             ;
; |Bai1|Datapath:inst|Register4x8:inst|register:inst|RFC:inst15|inst3                                             ; |Bai1|Datapath:inst|Register4x8:inst|register:inst|RFC:inst15|inst3                                             ; out0             ;
; |Bai1|Datapath:inst|Register4x8:inst|register:inst|RFC:inst15|inst2                                             ; |Bai1|Datapath:inst|Register4x8:inst|register:inst|RFC:inst15|inst2                                             ; out0             ;
; |Bai1|Datapath:inst|Register4x8:inst|register:inst|RFC:inst11|inst1                                             ; |Bai1|Datapath:inst|Register4x8:inst|register:inst|RFC:inst11|inst1                                             ; out              ;
; |Bai1|Datapath:inst|Register4x8:inst|register:inst|RFC:inst11|inst                                              ; |Bai1|Datapath:inst|Register4x8:inst|register:inst|RFC:inst11|inst                                              ; regout           ;
; |Bai1|Datapath:inst|Register4x8:inst|register:inst|RFC:inst11|inst4                                             ; |Bai1|Datapath:inst|Register4x8:inst|register:inst|RFC:inst11|inst4                                             ; out0             ;
; |Bai1|Datapath:inst|Register4x8:inst|register:inst|RFC:inst11|inst3                                             ; |Bai1|Datapath:inst|Register4x8:inst|register:inst|RFC:inst11|inst3                                             ; out0             ;
; |Bai1|Datapath:inst|Register4x8:inst|register:inst|RFC:inst11|inst2                                             ; |Bai1|Datapath:inst|Register4x8:inst|register:inst|RFC:inst11|inst2                                             ; out0             ;
; |Bai1|Datapath:inst|Register4x8:inst|register:inst|RFC:inst7|inst1                                              ; |Bai1|Datapath:inst|Register4x8:inst|register:inst|RFC:inst7|inst1                                              ; out              ;
; |Bai1|Datapath:inst|Register4x8:inst|register:inst|RFC:inst7|inst                                               ; |Bai1|Datapath:inst|Register4x8:inst|register:inst|RFC:inst7|inst                                               ; regout           ;
; |Bai1|Datapath:inst|Register4x8:inst|register:inst|RFC:inst7|inst4                                              ; |Bai1|Datapath:inst|Register4x8:inst|register:inst|RFC:inst7|inst4                                              ; out0             ;
; |Bai1|Datapath:inst|Register4x8:inst|register:inst|RFC:inst7|inst3                                              ; |Bai1|Datapath:inst|Register4x8:inst|register:inst|RFC:inst7|inst3                                              ; out0             ;
; |Bai1|Datapath:inst|Register4x8:inst|register:inst|RFC:inst7|inst2                                              ; |Bai1|Datapath:inst|Register4x8:inst|register:inst|RFC:inst7|inst2                                              ; out0             ;
; |Bai1|Datapath:inst|Register4x8:inst|register:inst|RFC:inst3|inst1                                              ; |Bai1|Datapath:inst|Register4x8:inst|register:inst|RFC:inst3|inst1                                              ; out              ;
; |Bai1|Datapath:inst|Register4x8:inst|register:inst|RFC:inst3|inst                                               ; |Bai1|Datapath:inst|Register4x8:inst|register:inst|RFC:inst3|inst                                               ; regout           ;
; |Bai1|Datapath:inst|Register4x8:inst|register:inst|RFC:inst3|inst4                                              ; |Bai1|Datapath:inst|Register4x8:inst|register:inst|RFC:inst3|inst4                                              ; out0             ;
; |Bai1|Datapath:inst|Register4x8:inst|register:inst|RFC:inst3|inst3                                              ; |Bai1|Datapath:inst|Register4x8:inst|register:inst|RFC:inst3|inst3                                              ; out0             ;
; |Bai1|Datapath:inst|Register4x8:inst|register:inst|RFC:inst3|inst2                                              ; |Bai1|Datapath:inst|Register4x8:inst|register:inst|RFC:inst3|inst2                                              ; out0             ;
+-----------------------------------------------------------------------------------------------------------------+-----------------------------------------------------------------------------------------------------------------+------------------+


The following table displays output ports that do not toggle to 0 during simulation.
+------------------------------------------------------------------------------------------------------------------------------------------------------------------------------------------------------------------------------------------------------+
; Missing 0-Value Coverage                                                                                                                                                                                                                             ;
+-----------------------------------------------------------------------------------------------------------------+-----------------------------------------------------------------------------------------------------------------+------------------+
; Node Name                                                                                                       ; Output Port Name                                                                                                ; Output Port Type ;
+-----------------------------------------------------------------------------------------------------------------+-----------------------------------------------------------------------------------------------------------------+------------------+
; |Bai1|Start                                                                                                     ; |Bai1|Start                                                                                                     ; out              ;
; |Bai1|Y[4]                                                                                                      ; |Bai1|Y[4]                                                                                                      ; pin_out          ;
; |Bai1|Y[3]                                                                                                      ; |Bai1|Y[3]                                                                                                      ; pin_out          ;
; |Bai1|Y[1]                                                                                                      ; |Bai1|Y[1]                                                                                                      ; pin_out          ;
; |Bai1|In1[7]                                                                                                    ; |Bai1|In1[7]                                                                                                    ; out              ;
; |Bai1|In1[6]                                                                                                    ; |Bai1|In1[6]                                                                                                    ; out              ;
; |Bai1|In1[5]                                                                                                    ; |Bai1|In1[5]                                                                                                    ; out              ;
; |Bai1|In1[4]                                                                                                    ; |Bai1|In1[4]                                                                                                    ; out              ;
; |Bai1|In1[3]                                                                                                    ; |Bai1|In1[3]                                                                                                    ; out              ;
; |Bai1|In1[2]                                                                                                    ; |Bai1|In1[2]                                                                                                    ; out              ;
; |Bai1|In1[1]                                                                                                    ; |Bai1|In1[1]                                                                                                    ; out              ;
; |Bai1|In1[0]                                                                                                    ; |Bai1|In1[0]                                                                                                    ; out              ;
; |Bai1|In2[7]                                                                                                    ; |Bai1|In2[7]                                                                                                    ; out              ;
; |Bai1|In2[6]                                                                                                    ; |Bai1|In2[6]                                                                                                    ; out              ;
; |Bai1|In2[5]                                                                                                    ; |Bai1|In2[5]                                                                                                    ; out              ;
; |Bai1|In2[4]                                                                                                    ; |Bai1|In2[4]                                                                                                    ; out              ;
; |Bai1|In2[3]                                                                                                    ; |Bai1|In2[3]                                                                                                    ; out              ;
; |Bai1|In2[2]                                                                                                    ; |Bai1|In2[2]                                                                                                    ; out              ;
; |Bai1|In2[1]                                                                                                    ; |Bai1|In2[1]                                                                                                    ; out              ;
; |Bai1|In2[0]                                                                                                    ; |Bai1|In2[0]                                                                                                    ; out              ;
; |Bai1|Datapath:inst|inst18[4]                                                                                   ; |Bai1|Datapath:inst|inst18[4]                                                                                   ; out              ;
; |Bai1|Datapath:inst|inst18[3]                                                                                   ; |Bai1|Datapath:inst|inst18[3]                                                                                   ; out              ;
; |Bai1|Datapath:inst|inst18[1]                                                                                   ; |Bai1|Datapath:inst|inst18[1]                                                                                   ; out              ;
; |Bai1|Datapath:inst|TriTuyetDoi:inst5|SubnBit:inst1|Sub1Bit:inst5|inst11                                        ; |Bai1|Datapath:inst|TriTuyetDoi:inst5|SubnBit:inst1|Sub1Bit:inst5|inst11                                        ; out0             ;
; |Bai1|Datapath:inst|TriTuyetDoi:inst5|busmux:inst|lpm_mux:$00000|mux_smc:auto_generated|result_node[7]~0        ; |Bai1|Datapath:inst|TriTuyetDoi:inst5|busmux:inst|lpm_mux:$00000|mux_smc:auto_generated|result_node[7]~0        ; out0             ;
; |Bai1|Datapath:inst|TriTuyetDoi:inst5|busmux:inst|lpm_mux:$00000|mux_smc:auto_generated|result_node[6]~2        ; |Bai1|Datapath:inst|TriTuyetDoi:inst5|busmux:inst|lpm_mux:$00000|mux_smc:auto_generated|result_node[6]~2        ; out0             ;
; |Bai1|Datapath:inst|TriTuyetDoi:inst5|busmux:inst|lpm_mux:$00000|mux_smc:auto_generated|result_node[6]~3        ; |Bai1|Datapath:inst|TriTuyetDoi:inst5|busmux:inst|lpm_mux:$00000|mux_smc:auto_generated|result_node[6]~3        ; out0             ;
; |Bai1|Datapath:inst|TriTuyetDoi:inst5|busmux:inst|lpm_mux:$00000|mux_smc:auto_generated|result_node[6]          ; |Bai1|Datapath:inst|TriTuyetDoi:inst5|busmux:inst|lpm_mux:$00000|mux_smc:auto_generated|result_node[6]          ; out0             ;
; |Bai1|Datapath:inst|TriTuyetDoi:inst5|busmux:inst|lpm_mux:$00000|mux_smc:auto_generated|result_node[5]~4        ; |Bai1|Datapath:inst|TriTuyetDoi:inst5|busmux:inst|lpm_mux:$00000|mux_smc:auto_generated|result_node[5]~4        ; out0             ;
; |Bai1|Datapath:inst|TriTuyetDoi:inst5|busmux:inst|lpm_mux:$00000|mux_smc:auto_generated|result_node[5]~5        ; |Bai1|Datapath:inst|TriTuyetDoi:inst5|busmux:inst|lpm_mux:$00000|mux_smc:auto_generated|result_node[5]~5        ; out0             ;
; |Bai1|Datapath:inst|TriTuyetDoi:inst5|busmux:inst|lpm_mux:$00000|mux_smc:auto_generated|result_node[5]          ; |Bai1|Datapath:inst|TriTuyetDoi:inst5|busmux:inst|lpm_mux:$00000|mux_smc:auto_generated|result_node[5]          ; out0             ;
; |Bai1|Datapath:inst|TriTuyetDoi:inst5|busmux:inst|lpm_mux:$00000|mux_smc:auto_generated|result_node[4]~6        ; |Bai1|Datapath:inst|TriTuyetDoi:inst5|busmux:inst|lpm_mux:$00000|mux_smc:auto_generated|result_node[4]~6        ; out0             ;
; |Bai1|Datapath:inst|TriTuyetDoi:inst5|busmux:inst|lpm_mux:$00000|mux_smc:auto_generated|result_node[3]~8        ; |Bai1|Datapath:inst|TriTuyetDoi:inst5|busmux:inst|lpm_mux:$00000|mux_smc:auto_generated|result_node[3]~8        ; out0             ;
; |Bai1|Datapath:inst|TriTuyetDoi:inst5|busmux:inst|lpm_mux:$00000|mux_smc:auto_generated|result_node[2]~10       ; |Bai1|Datapath:inst|TriTuyetDoi:inst5|busmux:inst|lpm_mux:$00000|mux_smc:auto_generated|result_node[2]~10       ; out0             ;
; |Bai1|Datapath:inst|TriTuyetDoi:inst5|busmux:inst|lpm_mux:$00000|mux_smc:auto_generated|result_node[1]~12       ; |Bai1|Datapath:inst|TriTuyetDoi:inst5|busmux:inst|lpm_mux:$00000|mux_smc:auto_generated|result_node[1]~12       ; out0             ;
; |Bai1|Datapath:inst|TriTuyetDoi:inst5|busmux:inst|lpm_mux:$00000|mux_smc:auto_generated|result_node[0]~14       ; |Bai1|Datapath:inst|TriTuyetDoi:inst5|busmux:inst|lpm_mux:$00000|mux_smc:auto_generated|result_node[0]~14       ; out0             ;
; |Bai1|Datapath:inst|SubnBit:inst11|Sub1Bit:inst7|inst10                                                         ; |Bai1|Datapath:inst|SubnBit:inst11|Sub1Bit:inst7|inst10                                                         ; out0             ;
; |Bai1|Datapath:inst|SubnBit:inst11|Sub1Bit:inst2|inst7                                                          ; |Bai1|Datapath:inst|SubnBit:inst11|Sub1Bit:inst2|inst7                                                          ; out0             ;
; |Bai1|Datapath:inst|SubnBit:inst11|Sub1Bit:inst2|inst10                                                         ; |Bai1|Datapath:inst|SubnBit:inst11|Sub1Bit:inst2|inst10                                                         ; out0             ;
; |Bai1|Datapath:inst|SubnBit:inst11|Sub1Bit:inst1|inst7                                                          ; |Bai1|Datapath:inst|SubnBit:inst11|Sub1Bit:inst1|inst7                                                          ; out0             ;
; |Bai1|Datapath:inst|SubnBit:inst11|Sub1Bit:inst1|inst10                                                         ; |Bai1|Datapath:inst|SubnBit:inst11|Sub1Bit:inst1|inst10                                                         ; out0             ;
; |Bai1|Datapath:inst|SubnBit:inst11|Sub1Bit:inst|inst7                                                           ; |Bai1|Datapath:inst|SubnBit:inst11|Sub1Bit:inst|inst7                                                           ; out0             ;
; |Bai1|Datapath:inst|Register4x8:inst2|register:inst1|A[3]                                                       ; |Bai1|Datapath:inst|Register4x8:inst2|register:inst1|A[3]                                                       ; out0             ;
; |Bai1|Datapath:inst|Register4x8:inst2|register:inst1|A[2]                                                       ; |Bai1|Datapath:inst|Register4x8:inst2|register:inst1|A[2]                                                       ; out0             ;
; |Bai1|Datapath:inst|Register4x8:inst2|register:inst1|A[1]                                                       ; |Bai1|Datapath:inst|Register4x8:inst2|register:inst1|A[1]                                                       ; out0             ;
; |Bai1|Datapath:inst|Register4x8:inst2|register:inst1|A[0]                                                       ; |Bai1|Datapath:inst|Register4x8:inst2|register:inst1|A[0]                                                       ; out0             ;
; |Bai1|Datapath:inst|Register4x8:inst2|register:inst1|RFC:inst18|inst1                                           ; |Bai1|Datapath:inst|Register4x8:inst2|register:inst1|RFC:inst18|inst1                                           ; out              ;
; |Bai1|Datapath:inst|Register4x8:inst2|register:inst1|RFC:inst18|inst                                            ; |Bai1|Datapath:inst|Register4x8:inst2|register:inst1|RFC:inst18|inst                                            ; regout           ;
; |Bai1|Datapath:inst|Register4x8:inst2|register:inst1|RFC:inst14|inst1                                           ; |Bai1|Datapath:inst|Register4x8:inst2|register:inst1|RFC:inst14|inst1                                           ; out              ;
; |Bai1|Datapath:inst|Register4x8:inst2|register:inst1|RFC:inst14|inst                                            ; |Bai1|Datapath:inst|Register4x8:inst2|register:inst1|RFC:inst14|inst                                            ; regout           ;
; |Bai1|Datapath:inst|Register4x8:inst2|register:inst1|RFC:inst10|inst1                                           ; |Bai1|Datapath:inst|Register4x8:inst2|register:inst1|RFC:inst10|inst1                                           ; out              ;
; |Bai1|Datapath:inst|Register4x8:inst2|register:inst1|RFC:inst10|inst                                            ; |Bai1|Datapath:inst|Register4x8:inst2|register:inst1|RFC:inst10|inst                                            ; regout           ;
; |Bai1|Datapath:inst|Register4x8:inst2|register:inst1|RFC:inst6|inst1                                            ; |Bai1|Datapath:inst|Register4x8:inst2|register:inst1|RFC:inst6|inst1                                            ; out              ;
; |Bai1|Datapath:inst|Register4x8:inst2|register:inst1|RFC:inst6|inst                                             ; |Bai1|Datapath:inst|Register4x8:inst2|register:inst1|RFC:inst6|inst                                             ; regout           ;
; |Bai1|Datapath:inst|Register4x8:inst2|register:inst1|RFC:inst6|inst4                                            ; |Bai1|Datapath:inst|Register4x8:inst2|register:inst1|RFC:inst6|inst4                                            ; out0             ;
; |Bai1|Datapath:inst|Register4x8:inst2|register:inst1|RFC:inst6|inst3                                            ; |Bai1|Datapath:inst|Register4x8:inst2|register:inst1|RFC:inst6|inst3                                            ; out0             ;
; |Bai1|Datapath:inst|Register4x8:inst2|register:inst1|RFC:inst6|inst2                                            ; |Bai1|Datapath:inst|Register4x8:inst2|register:inst1|RFC:inst6|inst2                                            ; out0             ;
; |Bai1|Datapath:inst|Register4x8:inst2|register:inst1|RFC:inst17|inst1                                           ; |Bai1|Datapath:inst|Register4x8:inst2|register:inst1|RFC:inst17|inst1                                           ; out              ;
; |Bai1|Datapath:inst|Register4x8:inst2|register:inst1|RFC:inst17|inst                                            ; |Bai1|Datapath:inst|Register4x8:inst2|register:inst1|RFC:inst17|inst                                            ; regout           ;
; |Bai1|Datapath:inst|Register4x8:inst2|register:inst1|RFC:inst13|inst1                                           ; |Bai1|Datapath:inst|Register4x8:inst2|register:inst1|RFC:inst13|inst1                                           ; out              ;
; |Bai1|Datapath:inst|Register4x8:inst2|register:inst1|RFC:inst13|inst                                            ; |Bai1|Datapath:inst|Register4x8:inst2|register:inst1|RFC:inst13|inst                                            ; regout           ;
; |Bai1|Datapath:inst|Register4x8:inst2|register:inst1|RFC:inst9|inst1                                            ; |Bai1|Datapath:inst|Register4x8:inst2|register:inst1|RFC:inst9|inst1                                            ; out              ;
; |Bai1|Datapath:inst|Register4x8:inst2|register:inst1|RFC:inst9|inst                                             ; |Bai1|Datapath:inst|Register4x8:inst2|register:inst1|RFC:inst9|inst                                             ; regout           ;
; |Bai1|Datapath:inst|Register4x8:inst2|register:inst1|RFC:inst5|inst1                                            ; |Bai1|Datapath:inst|Register4x8:inst2|register:inst1|RFC:inst5|inst1                                            ; out              ;
; |Bai1|Datapath:inst|Register4x8:inst2|register:inst1|RFC:inst5|inst                                             ; |Bai1|Datapath:inst|Register4x8:inst2|register:inst1|RFC:inst5|inst                                             ; regout           ;
; |Bai1|Datapath:inst|Register4x8:inst2|register:inst1|RFC:inst5|inst4                                            ; |Bai1|Datapath:inst|Register4x8:inst2|register:inst1|RFC:inst5|inst4                                            ; out0             ;
; |Bai1|Datapath:inst|Register4x8:inst2|register:inst1|RFC:inst5|inst3                                            ; |Bai1|Datapath:inst|Register4x8:inst2|register:inst1|RFC:inst5|inst3                                            ; out0             ;
; |Bai1|Datapath:inst|Register4x8:inst2|register:inst1|RFC:inst5|inst2                                            ; |Bai1|Datapath:inst|Register4x8:inst2|register:inst1|RFC:inst5|inst2                                            ; out0             ;
; |Bai1|Datapath:inst|Register4x8:inst2|register:inst1|RFC:inst8|inst1                                            ; |Bai1|Datapath:inst|Register4x8:inst2|register:inst1|RFC:inst8|inst1                                            ; out              ;
; |Bai1|Datapath:inst|Register4x8:inst2|register:inst1|RFC:inst8|inst                                             ; |Bai1|Datapath:inst|Register4x8:inst2|register:inst1|RFC:inst8|inst                                             ; regout           ;
; |Bai1|Datapath:inst|Register4x8:inst2|register:inst1|RFC:inst12|inst1                                           ; |Bai1|Datapath:inst|Register4x8:inst2|register:inst1|RFC:inst12|inst1                                           ; out              ;
; |Bai1|Datapath:inst|Register4x8:inst2|register:inst1|RFC:inst12|inst                                            ; |Bai1|Datapath:inst|Register4x8:inst2|register:inst1|RFC:inst12|inst                                            ; regout           ;
; |Bai1|Datapath:inst|Register4x8:inst2|register:inst1|RFC:inst16|inst1                                           ; |Bai1|Datapath:inst|Register4x8:inst2|register:inst1|RFC:inst16|inst1                                           ; out              ;
; |Bai1|Datapath:inst|Register4x8:inst2|register:inst1|RFC:inst16|inst                                            ; |Bai1|Datapath:inst|Register4x8:inst2|register:inst1|RFC:inst16|inst                                            ; regout           ;
; |Bai1|Datapath:inst|Register4x8:inst2|register:inst1|RFC:inst4|inst1                                            ; |Bai1|Datapath:inst|Register4x8:inst2|register:inst1|RFC:inst4|inst1                                            ; out              ;
; |Bai1|Datapath:inst|Register4x8:inst2|register:inst1|RFC:inst4|inst                                             ; |Bai1|Datapath:inst|Register4x8:inst2|register:inst1|RFC:inst4|inst                                             ; regout           ;
; |Bai1|Datapath:inst|Register4x8:inst2|register:inst1|RFC:inst4|inst4                                            ; |Bai1|Datapath:inst|Register4x8:inst2|register:inst1|RFC:inst4|inst4                                            ; out0             ;
; |Bai1|Datapath:inst|Register4x8:inst2|register:inst1|RFC:inst4|inst3                                            ; |Bai1|Datapath:inst|Register4x8:inst2|register:inst1|RFC:inst4|inst3                                            ; out0             ;
; |Bai1|Datapath:inst|Register4x8:inst2|register:inst1|RFC:inst4|inst2                                            ; |Bai1|Datapath:inst|Register4x8:inst2|register:inst1|RFC:inst4|inst2                                            ; out0             ;
; |Bai1|Datapath:inst|Register4x8:inst2|register:inst1|RFC:inst15|inst1                                           ; |Bai1|Datapath:inst|Register4x8:inst2|register:inst1|RFC:inst15|inst1                                           ; out              ;
; |Bai1|Datapath:inst|Register4x8:inst2|register:inst1|RFC:inst15|inst                                            ; |Bai1|Datapath:inst|Register4x8:inst2|register:inst1|RFC:inst15|inst                                            ; regout           ;
; |Bai1|Datapath:inst|Register4x8:inst2|register:inst1|RFC:inst11|inst1                                           ; |Bai1|Datapath:inst|Register4x8:inst2|register:inst1|RFC:inst11|inst1                                           ; out              ;
; |Bai1|Datapath:inst|Register4x8:inst2|register:inst1|RFC:inst11|inst                                            ; |Bai1|Datapath:inst|Register4x8:inst2|register:inst1|RFC:inst11|inst                                            ; regout           ;
; |Bai1|Datapath:inst|Register4x8:inst2|register:inst1|RFC:inst7|inst1                                            ; |Bai1|Datapath:inst|Register4x8:inst2|register:inst1|RFC:inst7|inst1                                            ; out              ;
; |Bai1|Datapath:inst|Register4x8:inst2|register:inst1|RFC:inst7|inst                                             ; |Bai1|Datapath:inst|Register4x8:inst2|register:inst1|RFC:inst7|inst                                             ; regout           ;
; |Bai1|Datapath:inst|Register4x8:inst2|register:inst1|RFC:inst3|inst1                                            ; |Bai1|Datapath:inst|Register4x8:inst2|register:inst1|RFC:inst3|inst1                                            ; out              ;
; |Bai1|Datapath:inst|Register4x8:inst2|register:inst1|RFC:inst3|inst                                             ; |Bai1|Datapath:inst|Register4x8:inst2|register:inst1|RFC:inst3|inst                                             ; regout           ;
; |Bai1|Datapath:inst|Register4x8:inst2|register:inst1|RFC:inst3|inst4                                            ; |Bai1|Datapath:inst|Register4x8:inst2|register:inst1|RFC:inst3|inst4                                            ; out0             ;
; |Bai1|Datapath:inst|Register4x8:inst2|register:inst|A[3]                                                        ; |Bai1|Datapath:inst|Register4x8:inst2|register:inst|A[3]                                                        ; out0             ;
; |Bai1|Datapath:inst|Register4x8:inst2|register:inst|A[2]                                                        ; |Bai1|Datapath:inst|Register4x8:inst2|register:inst|A[2]                                                        ; out0             ;
; |Bai1|Datapath:inst|Register4x8:inst2|register:inst|A[1]                                                        ; |Bai1|Datapath:inst|Register4x8:inst2|register:inst|A[1]                                                        ; out0             ;
; |Bai1|Datapath:inst|Register4x8:inst2|register:inst|A[0]                                                        ; |Bai1|Datapath:inst|Register4x8:inst2|register:inst|A[0]                                                        ; out0             ;
; |Bai1|Datapath:inst|Register4x8:inst2|register:inst|RFC:inst18|inst1                                            ; |Bai1|Datapath:inst|Register4x8:inst2|register:inst|RFC:inst18|inst1                                            ; out              ;
; |Bai1|Datapath:inst|Register4x8:inst2|register:inst|RFC:inst18|inst                                             ; |Bai1|Datapath:inst|Register4x8:inst2|register:inst|RFC:inst18|inst                                             ; regout           ;
; |Bai1|Datapath:inst|Register4x8:inst2|register:inst|RFC:inst14|inst1                                            ; |Bai1|Datapath:inst|Register4x8:inst2|register:inst|RFC:inst14|inst1                                            ; out              ;
; |Bai1|Datapath:inst|Register4x8:inst2|register:inst|RFC:inst14|inst                                             ; |Bai1|Datapath:inst|Register4x8:inst2|register:inst|RFC:inst14|inst                                             ; regout           ;
; |Bai1|Datapath:inst|Register4x8:inst2|register:inst|RFC:inst10|inst1                                            ; |Bai1|Datapath:inst|Register4x8:inst2|register:inst|RFC:inst10|inst1                                            ; out              ;
; |Bai1|Datapath:inst|Register4x8:inst2|register:inst|RFC:inst10|inst                                             ; |Bai1|Datapath:inst|Register4x8:inst2|register:inst|RFC:inst10|inst                                             ; regout           ;
; |Bai1|Datapath:inst|Register4x8:inst2|register:inst|RFC:inst6|inst1                                             ; |Bai1|Datapath:inst|Register4x8:inst2|register:inst|RFC:inst6|inst1                                             ; out              ;
; |Bai1|Datapath:inst|Register4x8:inst2|register:inst|RFC:inst6|inst                                              ; |Bai1|Datapath:inst|Register4x8:inst2|register:inst|RFC:inst6|inst                                              ; regout           ;
; |Bai1|Datapath:inst|Register4x8:inst2|register:inst|RFC:inst6|inst4                                             ; |Bai1|Datapath:inst|Register4x8:inst2|register:inst|RFC:inst6|inst4                                             ; out0             ;
; |Bai1|Datapath:inst|Register4x8:inst2|register:inst|RFC:inst6|inst3                                             ; |Bai1|Datapath:inst|Register4x8:inst2|register:inst|RFC:inst6|inst3                                             ; out0             ;
; |Bai1|Datapath:inst|Register4x8:inst2|register:inst|RFC:inst6|inst2                                             ; |Bai1|Datapath:inst|Register4x8:inst2|register:inst|RFC:inst6|inst2                                             ; out0             ;
; |Bai1|Datapath:inst|Register4x8:inst2|register:inst|RFC:inst17|inst1                                            ; |Bai1|Datapath:inst|Register4x8:inst2|register:inst|RFC:inst17|inst1                                            ; out              ;
; |Bai1|Datapath:inst|Register4x8:inst2|register:inst|RFC:inst17|inst                                             ; |Bai1|Datapath:inst|Register4x8:inst2|register:inst|RFC:inst17|inst                                             ; regout           ;
; |Bai1|Datapath:inst|Register4x8:inst2|register:inst|RFC:inst13|inst1                                            ; |Bai1|Datapath:inst|Register4x8:inst2|register:inst|RFC:inst13|inst1                                            ; out              ;
; |Bai1|Datapath:inst|Register4x8:inst2|register:inst|RFC:inst13|inst                                             ; |Bai1|Datapath:inst|Register4x8:inst2|register:inst|RFC:inst13|inst                                             ; regout           ;
; |Bai1|Datapath:inst|Register4x8:inst2|register:inst|RFC:inst9|inst1                                             ; |Bai1|Datapath:inst|Register4x8:inst2|register:inst|RFC:inst9|inst1                                             ; out              ;
; |Bai1|Datapath:inst|Register4x8:inst2|register:inst|RFC:inst9|inst                                              ; |Bai1|Datapath:inst|Register4x8:inst2|register:inst|RFC:inst9|inst                                              ; regout           ;
; |Bai1|Datapath:inst|Register4x8:inst2|register:inst|RFC:inst5|inst1                                             ; |Bai1|Datapath:inst|Register4x8:inst2|register:inst|RFC:inst5|inst1                                             ; out              ;
; |Bai1|Datapath:inst|Register4x8:inst2|register:inst|RFC:inst5|inst                                              ; |Bai1|Datapath:inst|Register4x8:inst2|register:inst|RFC:inst5|inst                                              ; regout           ;
; |Bai1|Datapath:inst|Register4x8:inst2|register:inst|RFC:inst5|inst4                                             ; |Bai1|Datapath:inst|Register4x8:inst2|register:inst|RFC:inst5|inst4                                             ; out0             ;
; |Bai1|Datapath:inst|Register4x8:inst2|register:inst|RFC:inst5|inst3                                             ; |Bai1|Datapath:inst|Register4x8:inst2|register:inst|RFC:inst5|inst3                                             ; out0             ;
; |Bai1|Datapath:inst|Register4x8:inst2|register:inst|RFC:inst5|inst2                                             ; |Bai1|Datapath:inst|Register4x8:inst2|register:inst|RFC:inst5|inst2                                             ; out0             ;
; |Bai1|Datapath:inst|Register4x8:inst2|register:inst|RFC:inst8|inst1                                             ; |Bai1|Datapath:inst|Register4x8:inst2|register:inst|RFC:inst8|inst1                                             ; out              ;
; |Bai1|Datapath:inst|Register4x8:inst2|register:inst|RFC:inst8|inst                                              ; |Bai1|Datapath:inst|Register4x8:inst2|register:inst|RFC:inst8|inst                                              ; regout           ;
; |Bai1|Datapath:inst|Register4x8:inst2|register:inst|RFC:inst12|inst1                                            ; |Bai1|Datapath:inst|Register4x8:inst2|register:inst|RFC:inst12|inst1                                            ; out              ;
; |Bai1|Datapath:inst|Register4x8:inst2|register:inst|RFC:inst12|inst                                             ; |Bai1|Datapath:inst|Register4x8:inst2|register:inst|RFC:inst12|inst                                             ; regout           ;
; |Bai1|Datapath:inst|Register4x8:inst2|register:inst|RFC:inst16|inst1                                            ; |Bai1|Datapath:inst|Register4x8:inst2|register:inst|RFC:inst16|inst1                                            ; out              ;
; |Bai1|Datapath:inst|Register4x8:inst2|register:inst|RFC:inst16|inst                                             ; |Bai1|Datapath:inst|Register4x8:inst2|register:inst|RFC:inst16|inst                                             ; regout           ;
; |Bai1|Datapath:inst|Register4x8:inst2|register:inst|RFC:inst4|inst1                                             ; |Bai1|Datapath:inst|Register4x8:inst2|register:inst|RFC:inst4|inst1                                             ; out              ;
; |Bai1|Datapath:inst|Register4x8:inst2|register:inst|RFC:inst4|inst                                              ; |Bai1|Datapath:inst|Register4x8:inst2|register:inst|RFC:inst4|inst                                              ; regout           ;
; |Bai1|Datapath:inst|Register4x8:inst2|register:inst|RFC:inst4|inst4                                             ; |Bai1|Datapath:inst|Register4x8:inst2|register:inst|RFC:inst4|inst4                                             ; out0             ;
; |Bai1|Datapath:inst|Register4x8:inst2|register:inst|RFC:inst4|inst3                                             ; |Bai1|Datapath:inst|Register4x8:inst2|register:inst|RFC:inst4|inst3                                             ; out0             ;
; |Bai1|Datapath:inst|Register4x8:inst2|register:inst|RFC:inst4|inst2                                             ; |Bai1|Datapath:inst|Register4x8:inst2|register:inst|RFC:inst4|inst2                                             ; out0             ;
; |Bai1|Datapath:inst|Register4x8:inst2|register:inst|RFC:inst15|inst1                                            ; |Bai1|Datapath:inst|Register4x8:inst2|register:inst|RFC:inst15|inst1                                            ; out              ;
; |Bai1|Datapath:inst|Register4x8:inst2|register:inst|RFC:inst15|inst                                             ; |Bai1|Datapath:inst|Register4x8:inst2|register:inst|RFC:inst15|inst                                             ; regout           ;
; |Bai1|Datapath:inst|Register4x8:inst2|register:inst|RFC:inst11|inst1                                            ; |Bai1|Datapath:inst|Register4x8:inst2|register:inst|RFC:inst11|inst1                                            ; out              ;
; |Bai1|Datapath:inst|Register4x8:inst2|register:inst|RFC:inst11|inst                                             ; |Bai1|Datapath:inst|Register4x8:inst2|register:inst|RFC:inst11|inst                                             ; regout           ;
; |Bai1|Datapath:inst|Register4x8:inst2|register:inst|RFC:inst7|inst1                                             ; |Bai1|Datapath:inst|Register4x8:inst2|register:inst|RFC:inst7|inst1                                             ; out              ;
; |Bai1|Datapath:inst|Register4x8:inst2|register:inst|RFC:inst7|inst                                              ; |Bai1|Datapath:inst|Register4x8:inst2|register:inst|RFC:inst7|inst                                              ; regout           ;
; |Bai1|Datapath:inst|Register4x8:inst2|register:inst|RFC:inst3|inst1                                             ; |Bai1|Datapath:inst|Register4x8:inst2|register:inst|RFC:inst3|inst1                                             ; out              ;
; |Bai1|Datapath:inst|Register4x8:inst2|register:inst|RFC:inst3|inst                                              ; |Bai1|Datapath:inst|Register4x8:inst2|register:inst|RFC:inst3|inst                                              ; regout           ;
; |Bai1|Datapath:inst|Register4x8:inst2|register:inst|RFC:inst3|inst2                                             ; |Bai1|Datapath:inst|Register4x8:inst2|register:inst|RFC:inst3|inst2                                             ; out0             ;
; |Bai1|Datapath:inst|Sum8Bit:inst10|Sum:inst6|inst3                                                              ; |Bai1|Datapath:inst|Sum8Bit:inst10|Sum:inst6|inst3                                                              ; out0             ;
; |Bai1|Datapath:inst|Sum8Bit:inst10|Sum:inst7|inst2                                                              ; |Bai1|Datapath:inst|Sum8Bit:inst10|Sum:inst7|inst2                                                              ; out0             ;
; |Bai1|Datapath:inst|Sum8Bit:inst10|Sum:inst7|inst4                                                              ; |Bai1|Datapath:inst|Sum8Bit:inst10|Sum:inst7|inst4                                                              ; out0             ;
; |Bai1|Datapath:inst|Sum8Bit:inst10|Sum:inst7|inst5                                                              ; |Bai1|Datapath:inst|Sum8Bit:inst10|Sum:inst7|inst5                                                              ; out0             ;
; |Bai1|Datapath:inst|Sum8Bit:inst10|Sum:inst7|inst3                                                              ; |Bai1|Datapath:inst|Sum8Bit:inst10|Sum:inst7|inst3                                                              ; out0             ;
; |Bai1|Datapath:inst|Sum8Bit:inst10|Sum:inst3|inst2                                                              ; |Bai1|Datapath:inst|Sum8Bit:inst10|Sum:inst3|inst2                                                              ; out0             ;
; |Bai1|Datapath:inst|Sum8Bit:inst10|Sum:inst3|inst4                                                              ; |Bai1|Datapath:inst|Sum8Bit:inst10|Sum:inst3|inst4                                                              ; out0             ;
; |Bai1|Datapath:inst|Sum8Bit:inst10|Sum:inst3|inst5                                                              ; |Bai1|Datapath:inst|Sum8Bit:inst10|Sum:inst3|inst5                                                              ; out0             ;
; |Bai1|Datapath:inst|Sum8Bit:inst10|Sum:inst3|inst3                                                              ; |Bai1|Datapath:inst|Sum8Bit:inst10|Sum:inst3|inst3                                                              ; out0             ;
; |Bai1|Datapath:inst|Sum8Bit:inst10|Sum:inst5|inst4                                                              ; |Bai1|Datapath:inst|Sum8Bit:inst10|Sum:inst5|inst4                                                              ; out0             ;
; |Bai1|Datapath:inst|Sum8Bit:inst10|Sum:inst5|inst5                                                              ; |Bai1|Datapath:inst|Sum8Bit:inst10|Sum:inst5|inst5                                                              ; out0             ;
; |Bai1|Datapath:inst|Sum8Bit:inst10|Sum:inst4|inst5                                                              ; |Bai1|Datapath:inst|Sum8Bit:inst10|Sum:inst4|inst5                                                              ; out0             ;
; |Bai1|Datapath:inst|Sum8Bit:inst10|Sum:inst4|inst3                                                              ; |Bai1|Datapath:inst|Sum8Bit:inst10|Sum:inst4|inst3                                                              ; out0             ;
; |Bai1|Datapath:inst|Sum8Bit:inst10|Sum:inst2|inst                                                               ; |Bai1|Datapath:inst|Sum8Bit:inst10|Sum:inst2|inst                                                               ; out0             ;
; |Bai1|Datapath:inst|Sum8Bit:inst10|Sum:inst2|inst2                                                              ; |Bai1|Datapath:inst|Sum8Bit:inst10|Sum:inst2|inst2                                                              ; out0             ;
; |Bai1|Datapath:inst|Sum8Bit:inst10|Sum:inst2|inst4                                                              ; |Bai1|Datapath:inst|Sum8Bit:inst10|Sum:inst2|inst4                                                              ; out0             ;
; |Bai1|Datapath:inst|Sum8Bit:inst10|Sum:inst2|inst5                                                              ; |Bai1|Datapath:inst|Sum8Bit:inst10|Sum:inst2|inst5                                                              ; out0             ;
; |Bai1|Datapath:inst|Sum8Bit:inst10|Sum:inst2|inst3                                                              ; |Bai1|Datapath:inst|Sum8Bit:inst10|Sum:inst2|inst3                                                              ; out0             ;
; |Bai1|Datapath:inst|Sum8Bit:inst10|Sum:inst1|inst1                                                              ; |Bai1|Datapath:inst|Sum8Bit:inst10|Sum:inst1|inst1                                                              ; out0             ;
; |Bai1|Datapath:inst|Sum8Bit:inst10|Sum:inst1|inst                                                               ; |Bai1|Datapath:inst|Sum8Bit:inst10|Sum:inst1|inst                                                               ; out0             ;
; |Bai1|Datapath:inst|Sum8Bit:inst10|Sum:inst1|inst2                                                              ; |Bai1|Datapath:inst|Sum8Bit:inst10|Sum:inst1|inst2                                                              ; out0             ;
; |Bai1|Datapath:inst|Sum8Bit:inst10|Sum:inst1|inst4                                                              ; |Bai1|Datapath:inst|Sum8Bit:inst10|Sum:inst1|inst4                                                              ; out0             ;
; |Bai1|Datapath:inst|Sum8Bit:inst10|Sum:inst1|inst5                                                              ; |Bai1|Datapath:inst|Sum8Bit:inst10|Sum:inst1|inst5                                                              ; out0             ;
; |Bai1|Datapath:inst|Sum8Bit:inst10|Sum:inst1|inst3                                                              ; |Bai1|Datapath:inst|Sum8Bit:inst10|Sum:inst1|inst3                                                              ; out0             ;
; |Bai1|Datapath:inst|Sum8Bit:inst10|Sum:inst|inst1                                                               ; |Bai1|Datapath:inst|Sum8Bit:inst10|Sum:inst|inst1                                                               ; out0             ;
; |Bai1|Datapath:inst|Sum8Bit:inst10|Sum:inst|inst                                                                ; |Bai1|Datapath:inst|Sum8Bit:inst10|Sum:inst|inst                                                                ; out0             ;
; |Bai1|Datapath:inst|MinMax:inst7|SubnBit:inst1|Sub1Bit:inst7|inst10                                             ; |Bai1|Datapath:inst|MinMax:inst7|SubnBit:inst1|Sub1Bit:inst7|inst10                                             ; out0             ;
; |Bai1|Datapath:inst|MinMax:inst7|SubnBit:inst1|Sub1Bit:inst2|inst7                                              ; |Bai1|Datapath:inst|MinMax:inst7|SubnBit:inst1|Sub1Bit:inst2|inst7                                              ; out0             ;
; |Bai1|Datapath:inst|MinMax:inst7|SubnBit:inst1|Sub1Bit:inst2|inst10                                             ; |Bai1|Datapath:inst|MinMax:inst7|SubnBit:inst1|Sub1Bit:inst2|inst10                                             ; out0             ;
; |Bai1|Datapath:inst|MinMax:inst7|SubnBit:inst1|Sub1Bit:inst1|inst7                                              ; |Bai1|Datapath:inst|MinMax:inst7|SubnBit:inst1|Sub1Bit:inst1|inst7                                              ; out0             ;
; |Bai1|Datapath:inst|MinMax:inst7|SubnBit:inst1|Sub1Bit:inst1|inst10                                             ; |Bai1|Datapath:inst|MinMax:inst7|SubnBit:inst1|Sub1Bit:inst1|inst10                                             ; out0             ;
; |Bai1|Datapath:inst|MinMax:inst7|SubnBit:inst1|Sub1Bit:inst|inst7                                               ; |Bai1|Datapath:inst|MinMax:inst7|SubnBit:inst1|Sub1Bit:inst|inst7                                               ; out0             ;
; |Bai1|Datapath:inst|MinMax:inst7|busmux:inst|lpm_mux:$00000|mux_smc:auto_generated|result_node[7]~0             ; |Bai1|Datapath:inst|MinMax:inst7|busmux:inst|lpm_mux:$00000|mux_smc:auto_generated|result_node[7]~0             ; out0             ;
; |Bai1|Datapath:inst|MinMax:inst7|busmux:inst|lpm_mux:$00000|mux_smc:auto_generated|result_node[7]~1             ; |Bai1|Datapath:inst|MinMax:inst7|busmux:inst|lpm_mux:$00000|mux_smc:auto_generated|result_node[7]~1             ; out0             ;
; |Bai1|Datapath:inst|MinMax:inst7|busmux:inst|lpm_mux:$00000|mux_smc:auto_generated|result_node[7]               ; |Bai1|Datapath:inst|MinMax:inst7|busmux:inst|lpm_mux:$00000|mux_smc:auto_generated|result_node[7]               ; out0             ;
; |Bai1|Datapath:inst|MinMax:inst7|busmux:inst|lpm_mux:$00000|mux_smc:auto_generated|result_node[6]~2             ; |Bai1|Datapath:inst|MinMax:inst7|busmux:inst|lpm_mux:$00000|mux_smc:auto_generated|result_node[6]~2             ; out0             ;
; |Bai1|Datapath:inst|MinMax:inst7|busmux:inst|lpm_mux:$00000|mux_smc:auto_generated|result_node[6]~3             ; |Bai1|Datapath:inst|MinMax:inst7|busmux:inst|lpm_mux:$00000|mux_smc:auto_generated|result_node[6]~3             ; out0             ;
; |Bai1|Datapath:inst|MinMax:inst7|busmux:inst|lpm_mux:$00000|mux_smc:auto_generated|result_node[6]               ; |Bai1|Datapath:inst|MinMax:inst7|busmux:inst|lpm_mux:$00000|mux_smc:auto_generated|result_node[6]               ; out0             ;
; |Bai1|Datapath:inst|MinMax:inst7|busmux:inst|lpm_mux:$00000|mux_smc:auto_generated|result_node[5]~4             ; |Bai1|Datapath:inst|MinMax:inst7|busmux:inst|lpm_mux:$00000|mux_smc:auto_generated|result_node[5]~4             ; out0             ;
; |Bai1|Datapath:inst|MinMax:inst7|busmux:inst|lpm_mux:$00000|mux_smc:auto_generated|result_node[5]~5             ; |Bai1|Datapath:inst|MinMax:inst7|busmux:inst|lpm_mux:$00000|mux_smc:auto_generated|result_node[5]~5             ; out0             ;
; |Bai1|Datapath:inst|MinMax:inst7|busmux:inst|lpm_mux:$00000|mux_smc:auto_generated|result_node[5]               ; |Bai1|Datapath:inst|MinMax:inst7|busmux:inst|lpm_mux:$00000|mux_smc:auto_generated|result_node[5]               ; out0             ;
; |Bai1|Datapath:inst|TriTuyetDoi:inst6|SubnBit:inst1|Sub1Bit:inst5|inst                                          ; |Bai1|Datapath:inst|TriTuyetDoi:inst6|SubnBit:inst1|Sub1Bit:inst5|inst                                          ; out0             ;
; |Bai1|Datapath:inst|TriTuyetDoi:inst6|SubnBit:inst1|Sub1Bit:inst5|inst11                                        ; |Bai1|Datapath:inst|TriTuyetDoi:inst6|SubnBit:inst1|Sub1Bit:inst5|inst11                                        ; out0             ;
; |Bai1|Datapath:inst|TriTuyetDoi:inst6|busmux:inst|lpm_mux:$00000|mux_smc:auto_generated|result_node[7]~0        ; |Bai1|Datapath:inst|TriTuyetDoi:inst6|busmux:inst|lpm_mux:$00000|mux_smc:auto_generated|result_node[7]~0        ; out0             ;
; |Bai1|Datapath:inst|TriTuyetDoi:inst6|busmux:inst|lpm_mux:$00000|mux_smc:auto_generated|result_node[6]~2        ; |Bai1|Datapath:inst|TriTuyetDoi:inst6|busmux:inst|lpm_mux:$00000|mux_smc:auto_generated|result_node[6]~2        ; out0             ;
; |Bai1|Datapath:inst|TriTuyetDoi:inst6|busmux:inst|lpm_mux:$00000|mux_smc:auto_generated|result_node[6]~3        ; |Bai1|Datapath:inst|TriTuyetDoi:inst6|busmux:inst|lpm_mux:$00000|mux_smc:auto_generated|result_node[6]~3        ; out0             ;
; |Bai1|Datapath:inst|TriTuyetDoi:inst6|busmux:inst|lpm_mux:$00000|mux_smc:auto_generated|result_node[6]          ; |Bai1|Datapath:inst|TriTuyetDoi:inst6|busmux:inst|lpm_mux:$00000|mux_smc:auto_generated|result_node[6]          ; out0             ;
; |Bai1|Datapath:inst|TriTuyetDoi:inst6|busmux:inst|lpm_mux:$00000|mux_smc:auto_generated|result_node[5]~4        ; |Bai1|Datapath:inst|TriTuyetDoi:inst6|busmux:inst|lpm_mux:$00000|mux_smc:auto_generated|result_node[5]~4        ; out0             ;
; |Bai1|Datapath:inst|TriTuyetDoi:inst6|busmux:inst|lpm_mux:$00000|mux_smc:auto_generated|result_node[5]~5        ; |Bai1|Datapath:inst|TriTuyetDoi:inst6|busmux:inst|lpm_mux:$00000|mux_smc:auto_generated|result_node[5]~5        ; out0             ;
; |Bai1|Datapath:inst|TriTuyetDoi:inst6|busmux:inst|lpm_mux:$00000|mux_smc:auto_generated|result_node[5]          ; |Bai1|Datapath:inst|TriTuyetDoi:inst6|busmux:inst|lpm_mux:$00000|mux_smc:auto_generated|result_node[5]          ; out0             ;
; |Bai1|Datapath:inst|TriTuyetDoi:inst6|busmux:inst|lpm_mux:$00000|mux_smc:auto_generated|result_node[4]~6        ; |Bai1|Datapath:inst|TriTuyetDoi:inst6|busmux:inst|lpm_mux:$00000|mux_smc:auto_generated|result_node[4]~6        ; out0             ;
; |Bai1|Datapath:inst|TriTuyetDoi:inst6|busmux:inst|lpm_mux:$00000|mux_smc:auto_generated|result_node[3]~8        ; |Bai1|Datapath:inst|TriTuyetDoi:inst6|busmux:inst|lpm_mux:$00000|mux_smc:auto_generated|result_node[3]~8        ; out0             ;
; |Bai1|Datapath:inst|TriTuyetDoi:inst6|busmux:inst|lpm_mux:$00000|mux_smc:auto_generated|result_node[2]~10       ; |Bai1|Datapath:inst|TriTuyetDoi:inst6|busmux:inst|lpm_mux:$00000|mux_smc:auto_generated|result_node[2]~10       ; out0             ;
; |Bai1|Datapath:inst|TriTuyetDoi:inst6|busmux:inst|lpm_mux:$00000|mux_smc:auto_generated|result_node[1]~12       ; |Bai1|Datapath:inst|TriTuyetDoi:inst6|busmux:inst|lpm_mux:$00000|mux_smc:auto_generated|result_node[1]~12       ; out0             ;
; |Bai1|Datapath:inst|TriTuyetDoi:inst6|busmux:inst|lpm_mux:$00000|mux_smc:auto_generated|result_node[0]~14       ; |Bai1|Datapath:inst|TriTuyetDoi:inst6|busmux:inst|lpm_mux:$00000|mux_smc:auto_generated|result_node[0]~14       ; out0             ;
; |Bai1|Datapath:inst|Mux81:inst4|Mux41:inst1|busmux:inst|lpm_mux:$00000|mux_smc:auto_generated|result_node[4]~6  ; |Bai1|Datapath:inst|Mux81:inst4|Mux41:inst1|busmux:inst|lpm_mux:$00000|mux_smc:auto_generated|result_node[4]~6  ; out0             ;
; |Bai1|Datapath:inst|Mux81:inst4|Mux41:inst1|busmux:inst|lpm_mux:$00000|mux_smc:auto_generated|result_node[3]~8  ; |Bai1|Datapath:inst|Mux81:inst4|Mux41:inst1|busmux:inst|lpm_mux:$00000|mux_smc:auto_generated|result_node[3]~8  ; out0             ;
; |Bai1|Datapath:inst|Mux81:inst4|Mux41:inst1|busmux:inst|lpm_mux:$00000|mux_smc:auto_generated|result_node[2]~10 ; |Bai1|Datapath:inst|Mux81:inst4|Mux41:inst1|busmux:inst|lpm_mux:$00000|mux_smc:auto_generated|result_node[2]~10 ; out0             ;
; |Bai1|Datapath:inst|Mux81:inst4|Mux41:inst1|busmux:inst2|lpm_mux:$00000|mux_smc:auto_generated|result_node[7]~1 ; |Bai1|Datapath:inst|Mux81:inst4|Mux41:inst1|busmux:inst2|lpm_mux:$00000|mux_smc:auto_generated|result_node[7]~1 ; out0             ;
; |Bai1|Datapath:inst|Mux81:inst4|Mux41:inst1|busmux:inst2|lpm_mux:$00000|mux_smc:auto_generated|result_node[6]~3 ; |Bai1|Datapath:inst|Mux81:inst4|Mux41:inst1|busmux:inst2|lpm_mux:$00000|mux_smc:auto_generated|result_node[6]~3 ; out0             ;
; |Bai1|Datapath:inst|Mux81:inst4|Mux41:inst1|busmux:inst2|lpm_mux:$00000|mux_smc:auto_generated|result_node[5]~5 ; |Bai1|Datapath:inst|Mux81:inst4|Mux41:inst1|busmux:inst2|lpm_mux:$00000|mux_smc:auto_generated|result_node[5]~5 ; out0             ;
; |Bai1|Datapath:inst|Mux81:inst4|Mux41:inst|busmux:inst1|lpm_mux:$00000|mux_smc:auto_generated|result_node[7]~0  ; |Bai1|Datapath:inst|Mux81:inst4|Mux41:inst|busmux:inst1|lpm_mux:$00000|mux_smc:auto_generated|result_node[7]~0  ; out0             ;
; |Bai1|Datapath:inst|Mux81:inst4|Mux41:inst|busmux:inst1|lpm_mux:$00000|mux_smc:auto_generated|result_node[7]~1  ; |Bai1|Datapath:inst|Mux81:inst4|Mux41:inst|busmux:inst1|lpm_mux:$00000|mux_smc:auto_generated|result_node[7]~1  ; out0             ;
; |Bai1|Datapath:inst|Mux81:inst4|Mux41:inst|busmux:inst1|lpm_mux:$00000|mux_smc:auto_generated|result_node[7]    ; |Bai1|Datapath:inst|Mux81:inst4|Mux41:inst|busmux:inst1|lpm_mux:$00000|mux_smc:auto_generated|result_node[7]    ; out0             ;
; |Bai1|Datapath:inst|Mux81:inst4|Mux41:inst|busmux:inst1|lpm_mux:$00000|mux_smc:auto_generated|result_node[6]~2  ; |Bai1|Datapath:inst|Mux81:inst4|Mux41:inst|busmux:inst1|lpm_mux:$00000|mux_smc:auto_generated|result_node[6]~2  ; out0             ;
; |Bai1|Datapath:inst|Mux81:inst4|Mux41:inst|busmux:inst1|lpm_mux:$00000|mux_smc:auto_generated|result_node[6]~3  ; |Bai1|Datapath:inst|Mux81:inst4|Mux41:inst|busmux:inst1|lpm_mux:$00000|mux_smc:auto_generated|result_node[6]~3  ; out0             ;
; |Bai1|Datapath:inst|Mux81:inst4|Mux41:inst|busmux:inst1|lpm_mux:$00000|mux_smc:auto_generated|result_node[6]    ; |Bai1|Datapath:inst|Mux81:inst4|Mux41:inst|busmux:inst1|lpm_mux:$00000|mux_smc:auto_generated|result_node[6]    ; out0             ;
; |Bai1|Datapath:inst|Mux81:inst4|Mux41:inst|busmux:inst1|lpm_mux:$00000|mux_smc:auto_generated|result_node[5]~5  ; |Bai1|Datapath:inst|Mux81:inst4|Mux41:inst|busmux:inst1|lpm_mux:$00000|mux_smc:auto_generated|result_node[5]~5  ; out0             ;
; |Bai1|Datapath:inst|Mux81:inst4|Mux41:inst|busmux:inst|lpm_mux:$00000|mux_smc:auto_generated|result_node[7]~0   ; |Bai1|Datapath:inst|Mux81:inst4|Mux41:inst|busmux:inst|lpm_mux:$00000|mux_smc:auto_generated|result_node[7]~0   ; out0             ;
; |Bai1|Datapath:inst|Mux81:inst4|Mux41:inst|busmux:inst|lpm_mux:$00000|mux_smc:auto_generated|result_node[7]~1   ; |Bai1|Datapath:inst|Mux81:inst4|Mux41:inst|busmux:inst|lpm_mux:$00000|mux_smc:auto_generated|result_node[7]~1   ; out0             ;
; |Bai1|Datapath:inst|Mux81:inst4|Mux41:inst|busmux:inst|lpm_mux:$00000|mux_smc:auto_generated|result_node[7]     ; |Bai1|Datapath:inst|Mux81:inst4|Mux41:inst|busmux:inst|lpm_mux:$00000|mux_smc:auto_generated|result_node[7]     ; out0             ;
; |Bai1|Datapath:inst|Mux81:inst4|Mux41:inst|busmux:inst|lpm_mux:$00000|mux_smc:auto_generated|result_node[6]~2   ; |Bai1|Datapath:inst|Mux81:inst4|Mux41:inst|busmux:inst|lpm_mux:$00000|mux_smc:auto_generated|result_node[6]~2   ; out0             ;
; |Bai1|Datapath:inst|Mux81:inst4|Mux41:inst|busmux:inst|lpm_mux:$00000|mux_smc:auto_generated|result_node[6]~3   ; |Bai1|Datapath:inst|Mux81:inst4|Mux41:inst|busmux:inst|lpm_mux:$00000|mux_smc:auto_generated|result_node[6]~3   ; out0             ;
; |Bai1|Datapath:inst|Mux81:inst4|Mux41:inst|busmux:inst|lpm_mux:$00000|mux_smc:auto_generated|result_node[6]     ; |Bai1|Datapath:inst|Mux81:inst4|Mux41:inst|busmux:inst|lpm_mux:$00000|mux_smc:auto_generated|result_node[6]     ; out0             ;
; |Bai1|Datapath:inst|Mux81:inst4|Mux41:inst|busmux:inst|lpm_mux:$00000|mux_smc:auto_generated|result_node[5]~4   ; |Bai1|Datapath:inst|Mux81:inst4|Mux41:inst|busmux:inst|lpm_mux:$00000|mux_smc:auto_generated|result_node[5]~4   ; out0             ;
; |Bai1|Datapath:inst|Mux81:inst4|Mux41:inst|busmux:inst|lpm_mux:$00000|mux_smc:auto_generated|result_node[5]~5   ; |Bai1|Datapath:inst|Mux81:inst4|Mux41:inst|busmux:inst|lpm_mux:$00000|mux_smc:auto_generated|result_node[5]~5   ; out0             ;
; |Bai1|Datapath:inst|Mux81:inst4|Mux41:inst|busmux:inst|lpm_mux:$00000|mux_smc:auto_generated|result_node[5]     ; |Bai1|Datapath:inst|Mux81:inst4|Mux41:inst|busmux:inst|lpm_mux:$00000|mux_smc:auto_generated|result_node[5]     ; out0             ;
; |Bai1|Datapath:inst|Mux81:inst4|Mux41:inst|busmux:inst|lpm_mux:$00000|mux_smc:auto_generated|result_node[3]~9   ; |Bai1|Datapath:inst|Mux81:inst4|Mux41:inst|busmux:inst|lpm_mux:$00000|mux_smc:auto_generated|result_node[3]~9   ; out0             ;
; |Bai1|Datapath:inst|Mux81:inst4|Mux41:inst|busmux:inst|lpm_mux:$00000|mux_smc:auto_generated|result_node[2]~11  ; |Bai1|Datapath:inst|Mux81:inst4|Mux41:inst|busmux:inst|lpm_mux:$00000|mux_smc:auto_generated|result_node[2]~11  ; out0             ;
; |Bai1|Datapath:inst|Mux81:inst4|Mux41:inst|busmux:inst|lpm_mux:$00000|mux_smc:auto_generated|result_node[1]~13  ; |Bai1|Datapath:inst|Mux81:inst4|Mux41:inst|busmux:inst|lpm_mux:$00000|mux_smc:auto_generated|result_node[1]~13  ; out0             ;
; |Bai1|Datapath:inst|Mux81:inst4|Mux41:inst|busmux:inst|lpm_mux:$00000|mux_smc:auto_generated|result_node[0]~15  ; |Bai1|Datapath:inst|Mux81:inst4|Mux41:inst|busmux:inst|lpm_mux:$00000|mux_smc:auto_generated|result_node[0]~15  ; out0             ;
; |Bai1|Datapath:inst|Mux81:inst4|Mux41:inst|busmux:inst2|lpm_mux:$00000|mux_smc:auto_generated|result_node[7]~0  ; |Bai1|Datapath:inst|Mux81:inst4|Mux41:inst|busmux:inst2|lpm_mux:$00000|mux_smc:auto_generated|result_node[7]~0  ; out0             ;
; |Bai1|Datapath:inst|Mux81:inst4|Mux41:inst|busmux:inst2|lpm_mux:$00000|mux_smc:auto_generated|result_node[7]~1  ; |Bai1|Datapath:inst|Mux81:inst4|Mux41:inst|busmux:inst2|lpm_mux:$00000|mux_smc:auto_generated|result_node[7]~1  ; out0             ;
; |Bai1|Datapath:inst|Mux81:inst4|Mux41:inst|busmux:inst2|lpm_mux:$00000|mux_smc:auto_generated|result_node[7]    ; |Bai1|Datapath:inst|Mux81:inst4|Mux41:inst|busmux:inst2|lpm_mux:$00000|mux_smc:auto_generated|result_node[7]    ; out0             ;
; |Bai1|Datapath:inst|Mux81:inst4|Mux41:inst|busmux:inst2|lpm_mux:$00000|mux_smc:auto_generated|result_node[6]~2  ; |Bai1|Datapath:inst|Mux81:inst4|Mux41:inst|busmux:inst2|lpm_mux:$00000|mux_smc:auto_generated|result_node[6]~2  ; out0             ;
; |Bai1|Datapath:inst|Mux81:inst4|Mux41:inst|busmux:inst2|lpm_mux:$00000|mux_smc:auto_generated|result_node[6]~3  ; |Bai1|Datapath:inst|Mux81:inst4|Mux41:inst|busmux:inst2|lpm_mux:$00000|mux_smc:auto_generated|result_node[6]~3  ; out0             ;
; |Bai1|Datapath:inst|Mux81:inst4|Mux41:inst|busmux:inst2|lpm_mux:$00000|mux_smc:auto_generated|result_node[6]    ; |Bai1|Datapath:inst|Mux81:inst4|Mux41:inst|busmux:inst2|lpm_mux:$00000|mux_smc:auto_generated|result_node[6]    ; out0             ;
; |Bai1|Datapath:inst|Mux81:inst4|Mux41:inst|busmux:inst2|lpm_mux:$00000|mux_smc:auto_generated|result_node[5]~5  ; |Bai1|Datapath:inst|Mux81:inst4|Mux41:inst|busmux:inst2|lpm_mux:$00000|mux_smc:auto_generated|result_node[5]~5  ; out0             ;
; |Bai1|Datapath:inst|Mux81:inst4|Mux41:inst|busmux:inst2|lpm_mux:$00000|mux_smc:auto_generated|result_node[3]~9  ; |Bai1|Datapath:inst|Mux81:inst4|Mux41:inst|busmux:inst2|lpm_mux:$00000|mux_smc:auto_generated|result_node[3]~9  ; out0             ;
; |Bai1|Datapath:inst|Mux81:inst4|Mux41:inst|busmux:inst2|lpm_mux:$00000|mux_smc:auto_generated|result_node[2]~11 ; |Bai1|Datapath:inst|Mux81:inst4|Mux41:inst|busmux:inst2|lpm_mux:$00000|mux_smc:auto_generated|result_node[2]~11 ; out0             ;
; |Bai1|Datapath:inst|Mux81:inst4|busmux:inst2|lpm_mux:$00000|mux_smc:auto_generated|result_node[7]~0             ; |Bai1|Datapath:inst|Mux81:inst4|busmux:inst2|lpm_mux:$00000|mux_smc:auto_generated|result_node[7]~0             ; out0             ;
; |Bai1|Datapath:inst|Mux81:inst4|busmux:inst2|lpm_mux:$00000|mux_smc:auto_generated|result_node[7]~1             ; |Bai1|Datapath:inst|Mux81:inst4|busmux:inst2|lpm_mux:$00000|mux_smc:auto_generated|result_node[7]~1             ; out0             ;
; |Bai1|Datapath:inst|Mux81:inst4|busmux:inst2|lpm_mux:$00000|mux_smc:auto_generated|result_node[7]               ; |Bai1|Datapath:inst|Mux81:inst4|busmux:inst2|lpm_mux:$00000|mux_smc:auto_generated|result_node[7]               ; out0             ;
; |Bai1|Datapath:inst|Mux81:inst4|busmux:inst2|lpm_mux:$00000|mux_smc:auto_generated|result_node[6]~2             ; |Bai1|Datapath:inst|Mux81:inst4|busmux:inst2|lpm_mux:$00000|mux_smc:auto_generated|result_node[6]~2             ; out0             ;
; |Bai1|Datapath:inst|Mux81:inst4|busmux:inst2|lpm_mux:$00000|mux_smc:auto_generated|result_node[6]~3             ; |Bai1|Datapath:inst|Mux81:inst4|busmux:inst2|lpm_mux:$00000|mux_smc:auto_generated|result_node[6]~3             ; out0             ;
; |Bai1|Datapath:inst|Mux81:inst4|busmux:inst2|lpm_mux:$00000|mux_smc:auto_generated|result_node[6]               ; |Bai1|Datapath:inst|Mux81:inst4|busmux:inst2|lpm_mux:$00000|mux_smc:auto_generated|result_node[6]               ; out0             ;
; |Bai1|Datapath:inst|Mux81:inst4|busmux:inst2|lpm_mux:$00000|mux_smc:auto_generated|result_node[5]~4             ; |Bai1|Datapath:inst|Mux81:inst4|busmux:inst2|lpm_mux:$00000|mux_smc:auto_generated|result_node[5]~4             ; out0             ;
; |Bai1|Datapath:inst|Mux81:inst4|busmux:inst2|lpm_mux:$00000|mux_smc:auto_generated|result_node[5]~5             ; |Bai1|Datapath:inst|Mux81:inst4|busmux:inst2|lpm_mux:$00000|mux_smc:auto_generated|result_node[5]~5             ; out0             ;
; |Bai1|Datapath:inst|Mux81:inst4|busmux:inst2|lpm_mux:$00000|mux_smc:auto_generated|result_node[5]               ; |Bai1|Datapath:inst|Mux81:inst4|busmux:inst2|lpm_mux:$00000|mux_smc:auto_generated|result_node[5]               ; out0             ;
; |Bai1|Datapath:inst|Register8x8:inst1|Y[7]                                                                      ; |Bai1|Datapath:inst|Register8x8:inst1|Y[7]                                                                      ; out0             ;
; |Bai1|Datapath:inst|Register8x8:inst1|Y[6]                                                                      ; |Bai1|Datapath:inst|Register8x8:inst1|Y[6]                                                                      ; out0             ;
; |Bai1|Datapath:inst|Register8x8:inst1|Y[5]                                                                      ; |Bai1|Datapath:inst|Register8x8:inst1|Y[5]                                                                      ; out0             ;
; |Bai1|Datapath:inst|Register8x8:inst1|register:inst2|RFC:inst18|inst                                            ; |Bai1|Datapath:inst|Register8x8:inst1|register:inst2|RFC:inst18|inst                                            ; regout           ;
; |Bai1|Datapath:inst|Register8x8:inst1|register:inst2|RFC:inst18|inst4                                           ; |Bai1|Datapath:inst|Register8x8:inst1|register:inst2|RFC:inst18|inst4                                           ; out0             ;
; |Bai1|Datapath:inst|Register8x8:inst1|register:inst2|RFC:inst18|inst3                                           ; |Bai1|Datapath:inst|Register8x8:inst1|register:inst2|RFC:inst18|inst3                                           ; out0             ;
; |Bai1|Datapath:inst|Register8x8:inst1|register:inst2|RFC:inst18|inst2                                           ; |Bai1|Datapath:inst|Register8x8:inst1|register:inst2|RFC:inst18|inst2                                           ; out0             ;
; |Bai1|Datapath:inst|Register8x8:inst1|register:inst2|RFC:inst14|inst                                            ; |Bai1|Datapath:inst|Register8x8:inst1|register:inst2|RFC:inst14|inst                                            ; regout           ;
; |Bai1|Datapath:inst|Register8x8:inst1|register:inst2|RFC:inst14|inst2                                           ; |Bai1|Datapath:inst|Register8x8:inst1|register:inst2|RFC:inst14|inst2                                           ; out0             ;
; |Bai1|Datapath:inst|Register8x8:inst1|register:inst2|RFC:inst10|inst1                                           ; |Bai1|Datapath:inst|Register8x8:inst1|register:inst2|RFC:inst10|inst1                                           ; out              ;
; |Bai1|Datapath:inst|Register8x8:inst1|register:inst2|RFC:inst10|inst                                            ; |Bai1|Datapath:inst|Register8x8:inst1|register:inst2|RFC:inst10|inst                                            ; regout           ;
; |Bai1|Datapath:inst|Register8x8:inst1|register:inst2|RFC:inst6|inst1                                            ; |Bai1|Datapath:inst|Register8x8:inst1|register:inst2|RFC:inst6|inst1                                            ; out              ;
; |Bai1|Datapath:inst|Register8x8:inst1|register:inst2|RFC:inst6|inst                                             ; |Bai1|Datapath:inst|Register8x8:inst1|register:inst2|RFC:inst6|inst                                             ; regout           ;
; |Bai1|Datapath:inst|Register8x8:inst1|register:inst2|RFC:inst17|inst                                            ; |Bai1|Datapath:inst|Register8x8:inst1|register:inst2|RFC:inst17|inst                                            ; regout           ;
; |Bai1|Datapath:inst|Register8x8:inst1|register:inst2|RFC:inst17|inst4                                           ; |Bai1|Datapath:inst|Register8x8:inst1|register:inst2|RFC:inst17|inst4                                           ; out0             ;
; |Bai1|Datapath:inst|Register8x8:inst1|register:inst2|RFC:inst17|inst3                                           ; |Bai1|Datapath:inst|Register8x8:inst1|register:inst2|RFC:inst17|inst3                                           ; out0             ;
; |Bai1|Datapath:inst|Register8x8:inst1|register:inst2|RFC:inst17|inst2                                           ; |Bai1|Datapath:inst|Register8x8:inst1|register:inst2|RFC:inst17|inst2                                           ; out0             ;
; |Bai1|Datapath:inst|Register8x8:inst1|register:inst2|RFC:inst13|inst                                            ; |Bai1|Datapath:inst|Register8x8:inst1|register:inst2|RFC:inst13|inst                                            ; regout           ;
; |Bai1|Datapath:inst|Register8x8:inst1|register:inst2|RFC:inst13|inst4                                           ; |Bai1|Datapath:inst|Register8x8:inst1|register:inst2|RFC:inst13|inst4                                           ; out0             ;
; |Bai1|Datapath:inst|Register8x8:inst1|register:inst2|RFC:inst13|inst3                                           ; |Bai1|Datapath:inst|Register8x8:inst1|register:inst2|RFC:inst13|inst3                                           ; out0             ;
; |Bai1|Datapath:inst|Register8x8:inst1|register:inst2|RFC:inst13|inst2                                           ; |Bai1|Datapath:inst|Register8x8:inst1|register:inst2|RFC:inst13|inst2                                           ; out0             ;
; |Bai1|Datapath:inst|Register8x8:inst1|register:inst2|RFC:inst9|inst                                             ; |Bai1|Datapath:inst|Register8x8:inst1|register:inst2|RFC:inst9|inst                                             ; regout           ;
; |Bai1|Datapath:inst|Register8x8:inst1|register:inst2|RFC:inst9|inst4                                            ; |Bai1|Datapath:inst|Register8x8:inst1|register:inst2|RFC:inst9|inst4                                            ; out0             ;
; |Bai1|Datapath:inst|Register8x8:inst1|register:inst2|RFC:inst9|inst3                                            ; |Bai1|Datapath:inst|Register8x8:inst1|register:inst2|RFC:inst9|inst3                                            ; out0             ;
; |Bai1|Datapath:inst|Register8x8:inst1|register:inst2|RFC:inst9|inst2                                            ; |Bai1|Datapath:inst|Register8x8:inst1|register:inst2|RFC:inst9|inst2                                            ; out0             ;
; |Bai1|Datapath:inst|Register8x8:inst1|register:inst2|RFC:inst5|inst                                             ; |Bai1|Datapath:inst|Register8x8:inst1|register:inst2|RFC:inst5|inst                                             ; regout           ;
; |Bai1|Datapath:inst|Register8x8:inst1|register:inst2|RFC:inst5|inst4                                            ; |Bai1|Datapath:inst|Register8x8:inst1|register:inst2|RFC:inst5|inst4                                            ; out0             ;
; |Bai1|Datapath:inst|Register8x8:inst1|register:inst2|RFC:inst5|inst3                                            ; |Bai1|Datapath:inst|Register8x8:inst1|register:inst2|RFC:inst5|inst3                                            ; out0             ;
; |Bai1|Datapath:inst|Register8x8:inst1|register:inst2|RFC:inst5|inst2                                            ; |Bai1|Datapath:inst|Register8x8:inst1|register:inst2|RFC:inst5|inst2                                            ; out0             ;
; |Bai1|Datapath:inst|Register8x8:inst1|register:inst2|RFC:inst8|inst                                             ; |Bai1|Datapath:inst|Register8x8:inst1|register:inst2|RFC:inst8|inst                                             ; regout           ;
; |Bai1|Datapath:inst|Register8x8:inst1|register:inst2|RFC:inst8|inst4                                            ; |Bai1|Datapath:inst|Register8x8:inst1|register:inst2|RFC:inst8|inst4                                            ; out0             ;
; |Bai1|Datapath:inst|Register8x8:inst1|register:inst2|RFC:inst8|inst3                                            ; |Bai1|Datapath:inst|Register8x8:inst1|register:inst2|RFC:inst8|inst3                                            ; out0             ;
; |Bai1|Datapath:inst|Register8x8:inst1|register:inst2|RFC:inst8|inst2                                            ; |Bai1|Datapath:inst|Register8x8:inst1|register:inst2|RFC:inst8|inst2                                            ; out0             ;
; |Bai1|Datapath:inst|Register8x8:inst1|register:inst2|RFC:inst12|inst                                            ; |Bai1|Datapath:inst|Register8x8:inst1|register:inst2|RFC:inst12|inst                                            ; regout           ;
; |Bai1|Datapath:inst|Register8x8:inst1|register:inst2|RFC:inst12|inst4                                           ; |Bai1|Datapath:inst|Register8x8:inst1|register:inst2|RFC:inst12|inst4                                           ; out0             ;
; |Bai1|Datapath:inst|Register8x8:inst1|register:inst2|RFC:inst12|inst3                                           ; |Bai1|Datapath:inst|Register8x8:inst1|register:inst2|RFC:inst12|inst3                                           ; out0             ;
; |Bai1|Datapath:inst|Register8x8:inst1|register:inst2|RFC:inst12|inst2                                           ; |Bai1|Datapath:inst|Register8x8:inst1|register:inst2|RFC:inst12|inst2                                           ; out0             ;
; |Bai1|Datapath:inst|Register8x8:inst1|register:inst2|RFC:inst16|inst                                            ; |Bai1|Datapath:inst|Register8x8:inst1|register:inst2|RFC:inst16|inst                                            ; regout           ;
; |Bai1|Datapath:inst|Register8x8:inst1|register:inst2|RFC:inst16|inst4                                           ; |Bai1|Datapath:inst|Register8x8:inst1|register:inst2|RFC:inst16|inst4                                           ; out0             ;
; |Bai1|Datapath:inst|Register8x8:inst1|register:inst2|RFC:inst16|inst3                                           ; |Bai1|Datapath:inst|Register8x8:inst1|register:inst2|RFC:inst16|inst3                                           ; out0             ;
; |Bai1|Datapath:inst|Register8x8:inst1|register:inst2|RFC:inst16|inst2                                           ; |Bai1|Datapath:inst|Register8x8:inst1|register:inst2|RFC:inst16|inst2                                           ; out0             ;
; |Bai1|Datapath:inst|Register8x8:inst1|register:inst2|RFC:inst4|inst                                             ; |Bai1|Datapath:inst|Register8x8:inst1|register:inst2|RFC:inst4|inst                                             ; regout           ;
; |Bai1|Datapath:inst|Register8x8:inst1|register:inst2|RFC:inst4|inst4                                            ; |Bai1|Datapath:inst|Register8x8:inst1|register:inst2|RFC:inst4|inst4                                            ; out0             ;
; |Bai1|Datapath:inst|Register8x8:inst1|register:inst2|RFC:inst4|inst3                                            ; |Bai1|Datapath:inst|Register8x8:inst1|register:inst2|RFC:inst4|inst3                                            ; out0             ;
; |Bai1|Datapath:inst|Register8x8:inst1|register:inst2|RFC:inst4|inst2                                            ; |Bai1|Datapath:inst|Register8x8:inst1|register:inst2|RFC:inst4|inst2                                            ; out0             ;
; |Bai1|Datapath:inst|Register8x8:inst1|register:inst2|RFC:inst15|inst                                            ; |Bai1|Datapath:inst|Register8x8:inst1|register:inst2|RFC:inst15|inst                                            ; regout           ;
; |Bai1|Datapath:inst|Register8x8:inst1|register:inst2|RFC:inst15|inst4                                           ; |Bai1|Datapath:inst|Register8x8:inst1|register:inst2|RFC:inst15|inst4                                           ; out0             ;
; |Bai1|Datapath:inst|Register8x8:inst1|register:inst2|RFC:inst15|inst3                                           ; |Bai1|Datapath:inst|Register8x8:inst1|register:inst2|RFC:inst15|inst3                                           ; out0             ;
; |Bai1|Datapath:inst|Register8x8:inst1|register:inst2|RFC:inst15|inst2                                           ; |Bai1|Datapath:inst|Register8x8:inst1|register:inst2|RFC:inst15|inst2                                           ; out0             ;
; |Bai1|Datapath:inst|Register8x8:inst1|register:inst2|RFC:inst11|inst                                            ; |Bai1|Datapath:inst|Register8x8:inst1|register:inst2|RFC:inst11|inst                                            ; regout           ;
; |Bai1|Datapath:inst|Register8x8:inst1|register:inst2|RFC:inst11|inst4                                           ; |Bai1|Datapath:inst|Register8x8:inst1|register:inst2|RFC:inst11|inst4                                           ; out0             ;
; |Bai1|Datapath:inst|Register8x8:inst1|register:inst2|RFC:inst11|inst3                                           ; |Bai1|Datapath:inst|Register8x8:inst1|register:inst2|RFC:inst11|inst3                                           ; out0             ;
; |Bai1|Datapath:inst|Register8x8:inst1|register:inst2|RFC:inst11|inst2                                           ; |Bai1|Datapath:inst|Register8x8:inst1|register:inst2|RFC:inst11|inst2                                           ; out0             ;
; |Bai1|Datapath:inst|Register8x8:inst1|register:inst2|RFC:inst7|inst                                             ; |Bai1|Datapath:inst|Register8x8:inst1|register:inst2|RFC:inst7|inst                                             ; regout           ;
; |Bai1|Datapath:inst|Register8x8:inst1|register:inst2|RFC:inst7|inst4                                            ; |Bai1|Datapath:inst|Register8x8:inst1|register:inst2|RFC:inst7|inst4                                            ; out0             ;
; |Bai1|Datapath:inst|Register8x8:inst1|register:inst2|RFC:inst7|inst3                                            ; |Bai1|Datapath:inst|Register8x8:inst1|register:inst2|RFC:inst7|inst3                                            ; out0             ;
; |Bai1|Datapath:inst|Register8x8:inst1|register:inst2|RFC:inst7|inst2                                            ; |Bai1|Datapath:inst|Register8x8:inst1|register:inst2|RFC:inst7|inst2                                            ; out0             ;
; |Bai1|Datapath:inst|Register8x8:inst1|register:inst2|Decoder2_4:inst20|inst                                     ; |Bai1|Datapath:inst|Register8x8:inst1|register:inst2|Decoder2_4:inst20|inst                                     ; out0             ;
; |Bai1|Datapath:inst|Register8x8:inst1|register:inst2|RFC:inst3|inst                                             ; |Bai1|Datapath:inst|Register8x8:inst1|register:inst2|RFC:inst3|inst                                             ; regout           ;
; |Bai1|Datapath:inst|Register8x8:inst1|register:inst2|RFC:inst3|inst4                                            ; |Bai1|Datapath:inst|Register8x8:inst1|register:inst2|RFC:inst3|inst4                                            ; out0             ;
; |Bai1|Datapath:inst|Register8x8:inst1|register:inst2|RFC:inst3|inst3                                            ; |Bai1|Datapath:inst|Register8x8:inst1|register:inst2|RFC:inst3|inst3                                            ; out0             ;
; |Bai1|Datapath:inst|Register8x8:inst1|register:inst2|RFC:inst3|inst2                                            ; |Bai1|Datapath:inst|Register8x8:inst1|register:inst2|RFC:inst3|inst2                                            ; out0             ;
; |Bai1|Datapath:inst|Register8x8:inst1|register:inst|RFC:inst18|inst                                             ; |Bai1|Datapath:inst|Register8x8:inst1|register:inst|RFC:inst18|inst                                             ; regout           ;
; |Bai1|Datapath:inst|Register8x8:inst1|register:inst|RFC:inst18|inst2                                            ; |Bai1|Datapath:inst|Register8x8:inst1|register:inst|RFC:inst18|inst2                                            ; out0             ;
; |Bai1|Datapath:inst|Register8x8:inst1|register:inst|RFC:inst14|inst                                             ; |Bai1|Datapath:inst|Register8x8:inst1|register:inst|RFC:inst14|inst                                             ; regout           ;
; |Bai1|Datapath:inst|Register8x8:inst1|register:inst|RFC:inst14|inst4                                            ; |Bai1|Datapath:inst|Register8x8:inst1|register:inst|RFC:inst14|inst4                                            ; out0             ;
; |Bai1|Datapath:inst|Register8x8:inst1|register:inst|RFC:inst10|inst1                                            ; |Bai1|Datapath:inst|Register8x8:inst1|register:inst|RFC:inst10|inst1                                            ; out              ;
; |Bai1|Datapath:inst|Register8x8:inst1|register:inst|RFC:inst10|inst                                             ; |Bai1|Datapath:inst|Register8x8:inst1|register:inst|RFC:inst10|inst                                             ; regout           ;
; |Bai1|Datapath:inst|Register8x8:inst1|register:inst|RFC:inst6|inst1                                             ; |Bai1|Datapath:inst|Register8x8:inst1|register:inst|RFC:inst6|inst1                                             ; out              ;
; |Bai1|Datapath:inst|Register8x8:inst1|register:inst|RFC:inst6|inst                                              ; |Bai1|Datapath:inst|Register8x8:inst1|register:inst|RFC:inst6|inst                                              ; regout           ;
; |Bai1|Datapath:inst|Register8x8:inst1|register:inst|RFC:inst17|inst                                             ; |Bai1|Datapath:inst|Register8x8:inst1|register:inst|RFC:inst17|inst                                             ; regout           ;
; |Bai1|Datapath:inst|Register8x8:inst1|register:inst|RFC:inst17|inst4                                            ; |Bai1|Datapath:inst|Register8x8:inst1|register:inst|RFC:inst17|inst4                                            ; out0             ;
; |Bai1|Datapath:inst|Register8x8:inst1|register:inst|RFC:inst17|inst3                                            ; |Bai1|Datapath:inst|Register8x8:inst1|register:inst|RFC:inst17|inst3                                            ; out0             ;
; |Bai1|Datapath:inst|Register8x8:inst1|register:inst|RFC:inst17|inst2                                            ; |Bai1|Datapath:inst|Register8x8:inst1|register:inst|RFC:inst17|inst2                                            ; out0             ;
; |Bai1|Datapath:inst|Register8x8:inst1|register:inst|RFC:inst13|inst                                             ; |Bai1|Datapath:inst|Register8x8:inst1|register:inst|RFC:inst13|inst                                             ; regout           ;
; |Bai1|Datapath:inst|Register8x8:inst1|register:inst|RFC:inst13|inst4                                            ; |Bai1|Datapath:inst|Register8x8:inst1|register:inst|RFC:inst13|inst4                                            ; out0             ;
; |Bai1|Datapath:inst|Register8x8:inst1|register:inst|RFC:inst13|inst3                                            ; |Bai1|Datapath:inst|Register8x8:inst1|register:inst|RFC:inst13|inst3                                            ; out0             ;
; |Bai1|Datapath:inst|Register8x8:inst1|register:inst|RFC:inst13|inst2                                            ; |Bai1|Datapath:inst|Register8x8:inst1|register:inst|RFC:inst13|inst2                                            ; out0             ;
; |Bai1|Datapath:inst|Register8x8:inst1|register:inst|RFC:inst9|inst                                              ; |Bai1|Datapath:inst|Register8x8:inst1|register:inst|RFC:inst9|inst                                              ; regout           ;
; |Bai1|Datapath:inst|Register8x8:inst1|register:inst|RFC:inst9|inst4                                             ; |Bai1|Datapath:inst|Register8x8:inst1|register:inst|RFC:inst9|inst4                                             ; out0             ;
; |Bai1|Datapath:inst|Register8x8:inst1|register:inst|RFC:inst9|inst3                                             ; |Bai1|Datapath:inst|Register8x8:inst1|register:inst|RFC:inst9|inst3                                             ; out0             ;
; |Bai1|Datapath:inst|Register8x8:inst1|register:inst|RFC:inst9|inst2                                             ; |Bai1|Datapath:inst|Register8x8:inst1|register:inst|RFC:inst9|inst2                                             ; out0             ;
; |Bai1|Datapath:inst|Register8x8:inst1|register:inst|RFC:inst5|inst                                              ; |Bai1|Datapath:inst|Register8x8:inst1|register:inst|RFC:inst5|inst                                              ; regout           ;
; |Bai1|Datapath:inst|Register8x8:inst1|register:inst|RFC:inst5|inst4                                             ; |Bai1|Datapath:inst|Register8x8:inst1|register:inst|RFC:inst5|inst4                                             ; out0             ;
; |Bai1|Datapath:inst|Register8x8:inst1|register:inst|RFC:inst5|inst3                                             ; |Bai1|Datapath:inst|Register8x8:inst1|register:inst|RFC:inst5|inst3                                             ; out0             ;
; |Bai1|Datapath:inst|Register8x8:inst1|register:inst|RFC:inst5|inst2                                             ; |Bai1|Datapath:inst|Register8x8:inst1|register:inst|RFC:inst5|inst2                                             ; out0             ;
; |Bai1|Datapath:inst|Register8x8:inst1|register:inst|RFC:inst8|inst                                              ; |Bai1|Datapath:inst|Register8x8:inst1|register:inst|RFC:inst8|inst                                              ; regout           ;
; |Bai1|Datapath:inst|Register8x8:inst1|register:inst|RFC:inst8|inst4                                             ; |Bai1|Datapath:inst|Register8x8:inst1|register:inst|RFC:inst8|inst4                                             ; out0             ;
; |Bai1|Datapath:inst|Register8x8:inst1|register:inst|RFC:inst8|inst3                                             ; |Bai1|Datapath:inst|Register8x8:inst1|register:inst|RFC:inst8|inst3                                             ; out0             ;
; |Bai1|Datapath:inst|Register8x8:inst1|register:inst|RFC:inst8|inst2                                             ; |Bai1|Datapath:inst|Register8x8:inst1|register:inst|RFC:inst8|inst2                                             ; out0             ;
; |Bai1|Datapath:inst|Register8x8:inst1|register:inst|RFC:inst12|inst                                             ; |Bai1|Datapath:inst|Register8x8:inst1|register:inst|RFC:inst12|inst                                             ; regout           ;
; |Bai1|Datapath:inst|Register8x8:inst1|register:inst|RFC:inst12|inst4                                            ; |Bai1|Datapath:inst|Register8x8:inst1|register:inst|RFC:inst12|inst4                                            ; out0             ;
; |Bai1|Datapath:inst|Register8x8:inst1|register:inst|RFC:inst12|inst3                                            ; |Bai1|Datapath:inst|Register8x8:inst1|register:inst|RFC:inst12|inst3                                            ; out0             ;
; |Bai1|Datapath:inst|Register8x8:inst1|register:inst|RFC:inst12|inst2                                            ; |Bai1|Datapath:inst|Register8x8:inst1|register:inst|RFC:inst12|inst2                                            ; out0             ;
; |Bai1|Datapath:inst|Register8x8:inst1|register:inst|RFC:inst16|inst                                             ; |Bai1|Datapath:inst|Register8x8:inst1|register:inst|RFC:inst16|inst                                             ; regout           ;
; |Bai1|Datapath:inst|Register8x8:inst1|register:inst|RFC:inst16|inst4                                            ; |Bai1|Datapath:inst|Register8x8:inst1|register:inst|RFC:inst16|inst4                                            ; out0             ;
; |Bai1|Datapath:inst|Register8x8:inst1|register:inst|RFC:inst16|inst3                                            ; |Bai1|Datapath:inst|Register8x8:inst1|register:inst|RFC:inst16|inst3                                            ; out0             ;
; |Bai1|Datapath:inst|Register8x8:inst1|register:inst|RFC:inst16|inst2                                            ; |Bai1|Datapath:inst|Register8x8:inst1|register:inst|RFC:inst16|inst2                                            ; out0             ;
; |Bai1|Datapath:inst|Register8x8:inst1|register:inst|RFC:inst4|inst                                              ; |Bai1|Datapath:inst|Register8x8:inst1|register:inst|RFC:inst4|inst                                              ; regout           ;
; |Bai1|Datapath:inst|Register8x8:inst1|register:inst|RFC:inst4|inst4                                             ; |Bai1|Datapath:inst|Register8x8:inst1|register:inst|RFC:inst4|inst4                                             ; out0             ;
; |Bai1|Datapath:inst|Register8x8:inst1|register:inst|RFC:inst4|inst3                                             ; |Bai1|Datapath:inst|Register8x8:inst1|register:inst|RFC:inst4|inst3                                             ; out0             ;
; |Bai1|Datapath:inst|Register8x8:inst1|register:inst|RFC:inst4|inst2                                             ; |Bai1|Datapath:inst|Register8x8:inst1|register:inst|RFC:inst4|inst2                                             ; out0             ;
; |Bai1|Datapath:inst|Register8x8:inst1|register:inst|RFC:inst15|inst                                             ; |Bai1|Datapath:inst|Register8x8:inst1|register:inst|RFC:inst15|inst                                             ; regout           ;
; |Bai1|Datapath:inst|Register8x8:inst1|register:inst|RFC:inst15|inst4                                            ; |Bai1|Datapath:inst|Register8x8:inst1|register:inst|RFC:inst15|inst4                                            ; out0             ;
; |Bai1|Datapath:inst|Register8x8:inst1|register:inst|RFC:inst15|inst3                                            ; |Bai1|Datapath:inst|Register8x8:inst1|register:inst|RFC:inst15|inst3                                            ; out0             ;
; |Bai1|Datapath:inst|Register8x8:inst1|register:inst|RFC:inst15|inst2                                            ; |Bai1|Datapath:inst|Register8x8:inst1|register:inst|RFC:inst15|inst2                                            ; out0             ;
; |Bai1|Datapath:inst|Register8x8:inst1|register:inst|RFC:inst11|inst                                             ; |Bai1|Datapath:inst|Register8x8:inst1|register:inst|RFC:inst11|inst                                             ; regout           ;
; |Bai1|Datapath:inst|Register8x8:inst1|register:inst|RFC:inst11|inst4                                            ; |Bai1|Datapath:inst|Register8x8:inst1|register:inst|RFC:inst11|inst4                                            ; out0             ;
; |Bai1|Datapath:inst|Register8x8:inst1|register:inst|RFC:inst11|inst3                                            ; |Bai1|Datapath:inst|Register8x8:inst1|register:inst|RFC:inst11|inst3                                            ; out0             ;
; |Bai1|Datapath:inst|Register8x8:inst1|register:inst|RFC:inst11|inst2                                            ; |Bai1|Datapath:inst|Register8x8:inst1|register:inst|RFC:inst11|inst2                                            ; out0             ;
; |Bai1|Datapath:inst|Register8x8:inst1|register:inst|RFC:inst7|inst                                              ; |Bai1|Datapath:inst|Register8x8:inst1|register:inst|RFC:inst7|inst                                              ; regout           ;
; |Bai1|Datapath:inst|Register8x8:inst1|register:inst|RFC:inst7|inst4                                             ; |Bai1|Datapath:inst|Register8x8:inst1|register:inst|RFC:inst7|inst4                                             ; out0             ;
; |Bai1|Datapath:inst|Register8x8:inst1|register:inst|RFC:inst7|inst3                                             ; |Bai1|Datapath:inst|Register8x8:inst1|register:inst|RFC:inst7|inst3                                             ; out0             ;
; |Bai1|Datapath:inst|Register8x8:inst1|register:inst|RFC:inst7|inst2                                             ; |Bai1|Datapath:inst|Register8x8:inst1|register:inst|RFC:inst7|inst2                                             ; out0             ;
; |Bai1|Datapath:inst|Register8x8:inst1|register:inst|RFC:inst3|inst                                              ; |Bai1|Datapath:inst|Register8x8:inst1|register:inst|RFC:inst3|inst                                              ; regout           ;
; |Bai1|Datapath:inst|Register8x8:inst1|register:inst|RFC:inst3|inst4                                             ; |Bai1|Datapath:inst|Register8x8:inst1|register:inst|RFC:inst3|inst4                                             ; out0             ;
; |Bai1|Datapath:inst|Register8x8:inst1|register:inst|RFC:inst3|inst3                                             ; |Bai1|Datapath:inst|Register8x8:inst1|register:inst|RFC:inst3|inst3                                             ; out0             ;
; |Bai1|Datapath:inst|Register8x8:inst1|register:inst|RFC:inst3|inst2                                             ; |Bai1|Datapath:inst|Register8x8:inst1|register:inst|RFC:inst3|inst2                                             ; out0             ;
; |Bai1|Datapath:inst|Register8x8:inst1|register:inst3|RFC:inst18|inst                                            ; |Bai1|Datapath:inst|Register8x8:inst1|register:inst3|RFC:inst18|inst                                            ; regout           ;
; |Bai1|Datapath:inst|Register8x8:inst1|register:inst3|RFC:inst18|inst4                                           ; |Bai1|Datapath:inst|Register8x8:inst1|register:inst3|RFC:inst18|inst4                                           ; out0             ;
; |Bai1|Datapath:inst|Register8x8:inst1|register:inst3|RFC:inst18|inst3                                           ; |Bai1|Datapath:inst|Register8x8:inst1|register:inst3|RFC:inst18|inst3                                           ; out0             ;
; |Bai1|Datapath:inst|Register8x8:inst1|register:inst3|RFC:inst18|inst2                                           ; |Bai1|Datapath:inst|Register8x8:inst1|register:inst3|RFC:inst18|inst2                                           ; out0             ;
; |Bai1|Datapath:inst|Register8x8:inst1|register:inst3|RFC:inst14|inst                                            ; |Bai1|Datapath:inst|Register8x8:inst1|register:inst3|RFC:inst14|inst                                            ; regout           ;
; |Bai1|Datapath:inst|Register8x8:inst1|register:inst3|RFC:inst14|inst2                                           ; |Bai1|Datapath:inst|Register8x8:inst1|register:inst3|RFC:inst14|inst2                                           ; out0             ;
; |Bai1|Datapath:inst|Register8x8:inst1|register:inst3|RFC:inst10|inst1                                           ; |Bai1|Datapath:inst|Register8x8:inst1|register:inst3|RFC:inst10|inst1                                           ; out              ;
; |Bai1|Datapath:inst|Register8x8:inst1|register:inst3|RFC:inst10|inst                                            ; |Bai1|Datapath:inst|Register8x8:inst1|register:inst3|RFC:inst10|inst                                            ; regout           ;
; |Bai1|Datapath:inst|Register8x8:inst1|register:inst3|RFC:inst6|inst1                                            ; |Bai1|Datapath:inst|Register8x8:inst1|register:inst3|RFC:inst6|inst1                                            ; out              ;
; |Bai1|Datapath:inst|Register8x8:inst1|register:inst3|RFC:inst6|inst                                             ; |Bai1|Datapath:inst|Register8x8:inst1|register:inst3|RFC:inst6|inst                                             ; regout           ;
; |Bai1|Datapath:inst|Register8x8:inst1|register:inst3|RFC:inst17|inst                                            ; |Bai1|Datapath:inst|Register8x8:inst1|register:inst3|RFC:inst17|inst                                            ; regout           ;
; |Bai1|Datapath:inst|Register8x8:inst1|register:inst3|RFC:inst17|inst4                                           ; |Bai1|Datapath:inst|Register8x8:inst1|register:inst3|RFC:inst17|inst4                                           ; out0             ;
; |Bai1|Datapath:inst|Register8x8:inst1|register:inst3|RFC:inst17|inst3                                           ; |Bai1|Datapath:inst|Register8x8:inst1|register:inst3|RFC:inst17|inst3                                           ; out0             ;
; |Bai1|Datapath:inst|Register8x8:inst1|register:inst3|RFC:inst17|inst2                                           ; |Bai1|Datapath:inst|Register8x8:inst1|register:inst3|RFC:inst17|inst2                                           ; out0             ;
; |Bai1|Datapath:inst|Register8x8:inst1|register:inst3|RFC:inst13|inst                                            ; |Bai1|Datapath:inst|Register8x8:inst1|register:inst3|RFC:inst13|inst                                            ; regout           ;
; |Bai1|Datapath:inst|Register8x8:inst1|register:inst3|RFC:inst13|inst2                                           ; |Bai1|Datapath:inst|Register8x8:inst1|register:inst3|RFC:inst13|inst2                                           ; out0             ;
; |Bai1|Datapath:inst|Register8x8:inst1|register:inst3|RFC:inst9|inst1                                            ; |Bai1|Datapath:inst|Register8x8:inst1|register:inst3|RFC:inst9|inst1                                            ; out              ;
; |Bai1|Datapath:inst|Register8x8:inst1|register:inst3|RFC:inst9|inst                                             ; |Bai1|Datapath:inst|Register8x8:inst1|register:inst3|RFC:inst9|inst                                             ; regout           ;
; |Bai1|Datapath:inst|Register8x8:inst1|register:inst3|RFC:inst5|inst1                                            ; |Bai1|Datapath:inst|Register8x8:inst1|register:inst3|RFC:inst5|inst1                                            ; out              ;
; |Bai1|Datapath:inst|Register8x8:inst1|register:inst3|RFC:inst5|inst                                             ; |Bai1|Datapath:inst|Register8x8:inst1|register:inst3|RFC:inst5|inst                                             ; regout           ;
; |Bai1|Datapath:inst|Register8x8:inst1|register:inst3|RFC:inst5|inst4                                            ; |Bai1|Datapath:inst|Register8x8:inst1|register:inst3|RFC:inst5|inst4                                            ; out0             ;
; |Bai1|Datapath:inst|Register8x8:inst1|register:inst3|RFC:inst8|inst1                                            ; |Bai1|Datapath:inst|Register8x8:inst1|register:inst3|RFC:inst8|inst1                                            ; out              ;
; |Bai1|Datapath:inst|Register8x8:inst1|register:inst3|RFC:inst8|inst                                             ; |Bai1|Datapath:inst|Register8x8:inst1|register:inst3|RFC:inst8|inst                                             ; regout           ;
; |Bai1|Datapath:inst|Register8x8:inst1|register:inst3|RFC:inst12|inst                                            ; |Bai1|Datapath:inst|Register8x8:inst1|register:inst3|RFC:inst12|inst                                            ; regout           ;
; |Bai1|Datapath:inst|Register8x8:inst1|register:inst3|RFC:inst12|inst2                                           ; |Bai1|Datapath:inst|Register8x8:inst1|register:inst3|RFC:inst12|inst2                                           ; out0             ;
; |Bai1|Datapath:inst|Register8x8:inst1|register:inst3|RFC:inst16|inst                                            ; |Bai1|Datapath:inst|Register8x8:inst1|register:inst3|RFC:inst16|inst                                            ; regout           ;
; |Bai1|Datapath:inst|Register8x8:inst1|register:inst3|RFC:inst16|inst4                                           ; |Bai1|Datapath:inst|Register8x8:inst1|register:inst3|RFC:inst16|inst4                                           ; out0             ;
; |Bai1|Datapath:inst|Register8x8:inst1|register:inst3|RFC:inst16|inst3                                           ; |Bai1|Datapath:inst|Register8x8:inst1|register:inst3|RFC:inst16|inst3                                           ; out0             ;
; |Bai1|Datapath:inst|Register8x8:inst1|register:inst3|RFC:inst16|inst2                                           ; |Bai1|Datapath:inst|Register8x8:inst1|register:inst3|RFC:inst16|inst2                                           ; out0             ;
; |Bai1|Datapath:inst|Register8x8:inst1|register:inst3|RFC:inst4|inst1                                            ; |Bai1|Datapath:inst|Register8x8:inst1|register:inst3|RFC:inst4|inst1                                            ; out              ;
; |Bai1|Datapath:inst|Register8x8:inst1|register:inst3|RFC:inst4|inst                                             ; |Bai1|Datapath:inst|Register8x8:inst1|register:inst3|RFC:inst4|inst                                             ; regout           ;
; |Bai1|Datapath:inst|Register8x8:inst1|register:inst3|RFC:inst15|inst                                            ; |Bai1|Datapath:inst|Register8x8:inst1|register:inst3|RFC:inst15|inst                                            ; regout           ;
; |Bai1|Datapath:inst|Register8x8:inst1|register:inst3|RFC:inst15|inst4                                           ; |Bai1|Datapath:inst|Register8x8:inst1|register:inst3|RFC:inst15|inst4                                           ; out0             ;
; |Bai1|Datapath:inst|Register8x8:inst1|register:inst3|RFC:inst15|inst3                                           ; |Bai1|Datapath:inst|Register8x8:inst1|register:inst3|RFC:inst15|inst3                                           ; out0             ;
; |Bai1|Datapath:inst|Register8x8:inst1|register:inst3|RFC:inst15|inst2                                           ; |Bai1|Datapath:inst|Register8x8:inst1|register:inst3|RFC:inst15|inst2                                           ; out0             ;
; |Bai1|Datapath:inst|Register8x8:inst1|register:inst3|RFC:inst11|inst                                            ; |Bai1|Datapath:inst|Register8x8:inst1|register:inst3|RFC:inst11|inst                                            ; regout           ;
; |Bai1|Datapath:inst|Register8x8:inst1|register:inst3|RFC:inst11|inst2                                           ; |Bai1|Datapath:inst|Register8x8:inst1|register:inst3|RFC:inst11|inst2                                           ; out0             ;
; |Bai1|Datapath:inst|Register8x8:inst1|register:inst3|RFC:inst7|inst1                                            ; |Bai1|Datapath:inst|Register8x8:inst1|register:inst3|RFC:inst7|inst1                                            ; out              ;
; |Bai1|Datapath:inst|Register8x8:inst1|register:inst3|RFC:inst7|inst                                             ; |Bai1|Datapath:inst|Register8x8:inst1|register:inst3|RFC:inst7|inst                                             ; regout           ;
; |Bai1|Datapath:inst|Register8x8:inst1|register:inst3|Decoder2_4:inst20|inst                                     ; |Bai1|Datapath:inst|Register8x8:inst1|register:inst3|Decoder2_4:inst20|inst                                     ; out0             ;
; |Bai1|Datapath:inst|Register8x8:inst1|register:inst3|RFC:inst3|inst                                             ; |Bai1|Datapath:inst|Register8x8:inst1|register:inst3|RFC:inst3|inst                                             ; regout           ;
; |Bai1|Datapath:inst|Register8x8:inst1|register:inst3|RFC:inst3|inst2                                            ; |Bai1|Datapath:inst|Register8x8:inst1|register:inst3|RFC:inst3|inst2                                            ; out0             ;
; |Bai1|Datapath:inst|Register8x8:inst1|register:inst1|RFC:inst18|inst1                                           ; |Bai1|Datapath:inst|Register8x8:inst1|register:inst1|RFC:inst18|inst1                                           ; out              ;
; |Bai1|Datapath:inst|Register8x8:inst1|register:inst1|RFC:inst18|inst                                            ; |Bai1|Datapath:inst|Register8x8:inst1|register:inst1|RFC:inst18|inst                                            ; regout           ;
; |Bai1|Datapath:inst|Register8x8:inst1|register:inst1|RFC:inst14|inst                                            ; |Bai1|Datapath:inst|Register8x8:inst1|register:inst1|RFC:inst14|inst                                            ; regout           ;
; |Bai1|Datapath:inst|Register8x8:inst1|register:inst1|RFC:inst14|inst4                                           ; |Bai1|Datapath:inst|Register8x8:inst1|register:inst1|RFC:inst14|inst4                                           ; out0             ;
; |Bai1|Datapath:inst|Register8x8:inst1|register:inst1|RFC:inst14|inst3                                           ; |Bai1|Datapath:inst|Register8x8:inst1|register:inst1|RFC:inst14|inst3                                           ; out0             ;
; |Bai1|Datapath:inst|Register8x8:inst1|register:inst1|RFC:inst14|inst2                                           ; |Bai1|Datapath:inst|Register8x8:inst1|register:inst1|RFC:inst14|inst2                                           ; out0             ;
; |Bai1|Datapath:inst|Register8x8:inst1|register:inst1|RFC:inst10|inst                                            ; |Bai1|Datapath:inst|Register8x8:inst1|register:inst1|RFC:inst10|inst                                            ; regout           ;
; |Bai1|Datapath:inst|Register8x8:inst1|register:inst1|RFC:inst10|inst2                                           ; |Bai1|Datapath:inst|Register8x8:inst1|register:inst1|RFC:inst10|inst2                                           ; out0             ;
; |Bai1|Datapath:inst|Register8x8:inst1|register:inst1|RFC:inst6|inst                                             ; |Bai1|Datapath:inst|Register8x8:inst1|register:inst1|RFC:inst6|inst                                             ; regout           ;
; |Bai1|Datapath:inst|Register8x8:inst1|register:inst1|RFC:inst6|inst4                                            ; |Bai1|Datapath:inst|Register8x8:inst1|register:inst1|RFC:inst6|inst4                                            ; out0             ;
; |Bai1|Datapath:inst|Register8x8:inst1|register:inst1|RFC:inst6|inst3                                            ; |Bai1|Datapath:inst|Register8x8:inst1|register:inst1|RFC:inst6|inst3                                            ; out0             ;
; |Bai1|Datapath:inst|Register8x8:inst1|register:inst1|RFC:inst6|inst2                                            ; |Bai1|Datapath:inst|Register8x8:inst1|register:inst1|RFC:inst6|inst2                                            ; out0             ;
; |Bai1|Datapath:inst|Register8x8:inst1|register:inst1|RFC:inst17|inst1                                           ; |Bai1|Datapath:inst|Register8x8:inst1|register:inst1|RFC:inst17|inst1                                           ; out              ;
; |Bai1|Datapath:inst|Register8x8:inst1|register:inst1|RFC:inst17|inst                                            ; |Bai1|Datapath:inst|Register8x8:inst1|register:inst1|RFC:inst17|inst                                            ; regout           ;
; |Bai1|Datapath:inst|Register8x8:inst1|register:inst1|RFC:inst13|inst                                            ; |Bai1|Datapath:inst|Register8x8:inst1|register:inst1|RFC:inst13|inst                                            ; regout           ;
; |Bai1|Datapath:inst|Register8x8:inst1|register:inst1|RFC:inst13|inst4                                           ; |Bai1|Datapath:inst|Register8x8:inst1|register:inst1|RFC:inst13|inst4                                           ; out0             ;
; |Bai1|Datapath:inst|Register8x8:inst1|register:inst1|RFC:inst13|inst3                                           ; |Bai1|Datapath:inst|Register8x8:inst1|register:inst1|RFC:inst13|inst3                                           ; out0             ;
; |Bai1|Datapath:inst|Register8x8:inst1|register:inst1|RFC:inst13|inst2                                           ; |Bai1|Datapath:inst|Register8x8:inst1|register:inst1|RFC:inst13|inst2                                           ; out0             ;
; |Bai1|Datapath:inst|Register8x8:inst1|register:inst1|RFC:inst9|inst                                             ; |Bai1|Datapath:inst|Register8x8:inst1|register:inst1|RFC:inst9|inst                                             ; regout           ;
; |Bai1|Datapath:inst|Register8x8:inst1|register:inst1|RFC:inst9|inst2                                            ; |Bai1|Datapath:inst|Register8x8:inst1|register:inst1|RFC:inst9|inst2                                            ; out0             ;
; |Bai1|Datapath:inst|Register8x8:inst1|register:inst1|RFC:inst5|inst                                             ; |Bai1|Datapath:inst|Register8x8:inst1|register:inst1|RFC:inst5|inst                                             ; regout           ;
; |Bai1|Datapath:inst|Register8x8:inst1|register:inst1|RFC:inst5|inst4                                            ; |Bai1|Datapath:inst|Register8x8:inst1|register:inst1|RFC:inst5|inst4                                            ; out0             ;
; |Bai1|Datapath:inst|Register8x8:inst1|register:inst1|RFC:inst5|inst3                                            ; |Bai1|Datapath:inst|Register8x8:inst1|register:inst1|RFC:inst5|inst3                                            ; out0             ;
; |Bai1|Datapath:inst|Register8x8:inst1|register:inst1|RFC:inst5|inst2                                            ; |Bai1|Datapath:inst|Register8x8:inst1|register:inst1|RFC:inst5|inst2                                            ; out0             ;
; |Bai1|Datapath:inst|Register8x8:inst1|register:inst1|RFC:inst8|inst                                             ; |Bai1|Datapath:inst|Register8x8:inst1|register:inst1|RFC:inst8|inst                                             ; regout           ;
; |Bai1|Datapath:inst|Register8x8:inst1|register:inst1|RFC:inst8|inst4                                            ; |Bai1|Datapath:inst|Register8x8:inst1|register:inst1|RFC:inst8|inst4                                            ; out0             ;
; |Bai1|Datapath:inst|Register8x8:inst1|register:inst1|RFC:inst8|inst3                                            ; |Bai1|Datapath:inst|Register8x8:inst1|register:inst1|RFC:inst8|inst3                                            ; out0             ;
; |Bai1|Datapath:inst|Register8x8:inst1|register:inst1|RFC:inst8|inst2                                            ; |Bai1|Datapath:inst|Register8x8:inst1|register:inst1|RFC:inst8|inst2                                            ; out0             ;
; |Bai1|Datapath:inst|Register8x8:inst1|register:inst1|RFC:inst12|inst                                            ; |Bai1|Datapath:inst|Register8x8:inst1|register:inst1|RFC:inst12|inst                                            ; regout           ;
; |Bai1|Datapath:inst|Register8x8:inst1|register:inst1|RFC:inst12|inst4                                           ; |Bai1|Datapath:inst|Register8x8:inst1|register:inst1|RFC:inst12|inst4                                           ; out0             ;
; |Bai1|Datapath:inst|Register8x8:inst1|register:inst1|RFC:inst12|inst3                                           ; |Bai1|Datapath:inst|Register8x8:inst1|register:inst1|RFC:inst12|inst3                                           ; out0             ;
; |Bai1|Datapath:inst|Register8x8:inst1|register:inst1|RFC:inst12|inst2                                           ; |Bai1|Datapath:inst|Register8x8:inst1|register:inst1|RFC:inst12|inst2                                           ; out0             ;
; |Bai1|Datapath:inst|Register8x8:inst1|register:inst1|RFC:inst16|inst                                            ; |Bai1|Datapath:inst|Register8x8:inst1|register:inst1|RFC:inst16|inst                                            ; regout           ;
; |Bai1|Datapath:inst|Register8x8:inst1|register:inst1|RFC:inst16|inst4                                           ; |Bai1|Datapath:inst|Register8x8:inst1|register:inst1|RFC:inst16|inst4                                           ; out0             ;
; |Bai1|Datapath:inst|Register8x8:inst1|register:inst1|RFC:inst16|inst3                                           ; |Bai1|Datapath:inst|Register8x8:inst1|register:inst1|RFC:inst16|inst3                                           ; out0             ;
; |Bai1|Datapath:inst|Register8x8:inst1|register:inst1|RFC:inst16|inst2                                           ; |Bai1|Datapath:inst|Register8x8:inst1|register:inst1|RFC:inst16|inst2                                           ; out0             ;
; |Bai1|Datapath:inst|Register8x8:inst1|register:inst1|RFC:inst4|inst                                             ; |Bai1|Datapath:inst|Register8x8:inst1|register:inst1|RFC:inst4|inst                                             ; regout           ;
; |Bai1|Datapath:inst|Register8x8:inst1|register:inst1|RFC:inst4|inst4                                            ; |Bai1|Datapath:inst|Register8x8:inst1|register:inst1|RFC:inst4|inst4                                            ; out0             ;
; |Bai1|Datapath:inst|Register8x8:inst1|register:inst1|RFC:inst4|inst3                                            ; |Bai1|Datapath:inst|Register8x8:inst1|register:inst1|RFC:inst4|inst3                                            ; out0             ;
; |Bai1|Datapath:inst|Register8x8:inst1|register:inst1|RFC:inst4|inst2                                            ; |Bai1|Datapath:inst|Register8x8:inst1|register:inst1|RFC:inst4|inst2                                            ; out0             ;
; |Bai1|Datapath:inst|Register8x8:inst1|register:inst1|RFC:inst15|inst                                            ; |Bai1|Datapath:inst|Register8x8:inst1|register:inst1|RFC:inst15|inst                                            ; regout           ;
; |Bai1|Datapath:inst|Register8x8:inst1|register:inst1|RFC:inst15|inst4                                           ; |Bai1|Datapath:inst|Register8x8:inst1|register:inst1|RFC:inst15|inst4                                           ; out0             ;
; |Bai1|Datapath:inst|Register8x8:inst1|register:inst1|RFC:inst15|inst3                                           ; |Bai1|Datapath:inst|Register8x8:inst1|register:inst1|RFC:inst15|inst3                                           ; out0             ;
; |Bai1|Datapath:inst|Register8x8:inst1|register:inst1|RFC:inst15|inst2                                           ; |Bai1|Datapath:inst|Register8x8:inst1|register:inst1|RFC:inst15|inst2                                           ; out0             ;
; |Bai1|Datapath:inst|Register8x8:inst1|register:inst1|RFC:inst11|inst                                            ; |Bai1|Datapath:inst|Register8x8:inst1|register:inst1|RFC:inst11|inst                                            ; regout           ;
; |Bai1|Datapath:inst|Register8x8:inst1|register:inst1|RFC:inst11|inst4                                           ; |Bai1|Datapath:inst|Register8x8:inst1|register:inst1|RFC:inst11|inst4                                           ; out0             ;
; |Bai1|Datapath:inst|Register8x8:inst1|register:inst1|RFC:inst11|inst3                                           ; |Bai1|Datapath:inst|Register8x8:inst1|register:inst1|RFC:inst11|inst3                                           ; out0             ;
; |Bai1|Datapath:inst|Register8x8:inst1|register:inst1|RFC:inst11|inst2                                           ; |Bai1|Datapath:inst|Register8x8:inst1|register:inst1|RFC:inst11|inst2                                           ; out0             ;
; |Bai1|Datapath:inst|Register8x8:inst1|register:inst1|RFC:inst7|inst                                             ; |Bai1|Datapath:inst|Register8x8:inst1|register:inst1|RFC:inst7|inst                                             ; regout           ;
; |Bai1|Datapath:inst|Register8x8:inst1|register:inst1|RFC:inst7|inst4                                            ; |Bai1|Datapath:inst|Register8x8:inst1|register:inst1|RFC:inst7|inst4                                            ; out0             ;
; |Bai1|Datapath:inst|Register8x8:inst1|register:inst1|RFC:inst7|inst3                                            ; |Bai1|Datapath:inst|Register8x8:inst1|register:inst1|RFC:inst7|inst3                                            ; out0             ;
; |Bai1|Datapath:inst|Register8x8:inst1|register:inst1|RFC:inst7|inst2                                            ; |Bai1|Datapath:inst|Register8x8:inst1|register:inst1|RFC:inst7|inst2                                            ; out0             ;
; |Bai1|Datapath:inst|Register8x8:inst1|register:inst1|RFC:inst3|inst                                             ; |Bai1|Datapath:inst|Register8x8:inst1|register:inst1|RFC:inst3|inst                                             ; regout           ;
; |Bai1|Datapath:inst|Register8x8:inst1|register:inst1|RFC:inst3|inst2                                            ; |Bai1|Datapath:inst|Register8x8:inst1|register:inst1|RFC:inst3|inst2                                            ; out0             ;
; |Bai1|Datapath:inst|MinMax:inst8|SubnBit:inst1|Sub1Bit:inst7|inst10                                             ; |Bai1|Datapath:inst|MinMax:inst8|SubnBit:inst1|Sub1Bit:inst7|inst10                                             ; out0             ;
; |Bai1|Datapath:inst|MinMax:inst8|SubnBit:inst1|Sub1Bit:inst2|inst7                                              ; |Bai1|Datapath:inst|MinMax:inst8|SubnBit:inst1|Sub1Bit:inst2|inst7                                              ; out0             ;
; |Bai1|Datapath:inst|MinMax:inst8|SubnBit:inst1|Sub1Bit:inst2|inst10                                             ; |Bai1|Datapath:inst|MinMax:inst8|SubnBit:inst1|Sub1Bit:inst2|inst10                                             ; out0             ;
; |Bai1|Datapath:inst|MinMax:inst8|SubnBit:inst1|Sub1Bit:inst1|inst7                                              ; |Bai1|Datapath:inst|MinMax:inst8|SubnBit:inst1|Sub1Bit:inst1|inst7                                              ; out0             ;
; |Bai1|Datapath:inst|MinMax:inst8|SubnBit:inst1|Sub1Bit:inst1|inst10                                             ; |Bai1|Datapath:inst|MinMax:inst8|SubnBit:inst1|Sub1Bit:inst1|inst10                                             ; out0             ;
; |Bai1|Datapath:inst|MinMax:inst8|SubnBit:inst1|Sub1Bit:inst|inst7                                               ; |Bai1|Datapath:inst|MinMax:inst8|SubnBit:inst1|Sub1Bit:inst|inst7                                               ; out0             ;
; |Bai1|Datapath:inst|MinMax:inst8|busmux:inst|lpm_mux:$00000|mux_smc:auto_generated|result_node[7]~0             ; |Bai1|Datapath:inst|MinMax:inst8|busmux:inst|lpm_mux:$00000|mux_smc:auto_generated|result_node[7]~0             ; out0             ;
; |Bai1|Datapath:inst|MinMax:inst8|busmux:inst|lpm_mux:$00000|mux_smc:auto_generated|result_node[7]~1             ; |Bai1|Datapath:inst|MinMax:inst8|busmux:inst|lpm_mux:$00000|mux_smc:auto_generated|result_node[7]~1             ; out0             ;
; |Bai1|Datapath:inst|MinMax:inst8|busmux:inst|lpm_mux:$00000|mux_smc:auto_generated|result_node[7]               ; |Bai1|Datapath:inst|MinMax:inst8|busmux:inst|lpm_mux:$00000|mux_smc:auto_generated|result_node[7]               ; out0             ;
; |Bai1|Datapath:inst|MinMax:inst8|busmux:inst|lpm_mux:$00000|mux_smc:auto_generated|result_node[6]~2             ; |Bai1|Datapath:inst|MinMax:inst8|busmux:inst|lpm_mux:$00000|mux_smc:auto_generated|result_node[6]~2             ; out0             ;
; |Bai1|Datapath:inst|MinMax:inst8|busmux:inst|lpm_mux:$00000|mux_smc:auto_generated|result_node[6]~3             ; |Bai1|Datapath:inst|MinMax:inst8|busmux:inst|lpm_mux:$00000|mux_smc:auto_generated|result_node[6]~3             ; out0             ;
; |Bai1|Datapath:inst|MinMax:inst8|busmux:inst|lpm_mux:$00000|mux_smc:auto_generated|result_node[6]               ; |Bai1|Datapath:inst|MinMax:inst8|busmux:inst|lpm_mux:$00000|mux_smc:auto_generated|result_node[6]               ; out0             ;
; |Bai1|Datapath:inst|MinMax:inst8|busmux:inst|lpm_mux:$00000|mux_smc:auto_generated|result_node[5]~4             ; |Bai1|Datapath:inst|MinMax:inst8|busmux:inst|lpm_mux:$00000|mux_smc:auto_generated|result_node[5]~4             ; out0             ;
; |Bai1|Datapath:inst|MinMax:inst8|busmux:inst|lpm_mux:$00000|mux_smc:auto_generated|result_node[5]~5             ; |Bai1|Datapath:inst|MinMax:inst8|busmux:inst|lpm_mux:$00000|mux_smc:auto_generated|result_node[5]~5             ; out0             ;
; |Bai1|Datapath:inst|MinMax:inst8|busmux:inst|lpm_mux:$00000|mux_smc:auto_generated|result_node[5]               ; |Bai1|Datapath:inst|MinMax:inst8|busmux:inst|lpm_mux:$00000|mux_smc:auto_generated|result_node[5]               ; out0             ;
; |Bai1|Datapath:inst|Mux41:inst3|busmux:inst1|lpm_mux:$00000|mux_smc:auto_generated|result_node[7]~1             ; |Bai1|Datapath:inst|Mux41:inst3|busmux:inst1|lpm_mux:$00000|mux_smc:auto_generated|result_node[7]~1             ; out0             ;
; |Bai1|Datapath:inst|Mux41:inst3|busmux:inst1|lpm_mux:$00000|mux_smc:auto_generated|result_node[6]~3             ; |Bai1|Datapath:inst|Mux41:inst3|busmux:inst1|lpm_mux:$00000|mux_smc:auto_generated|result_node[6]~3             ; out0             ;
; |Bai1|Datapath:inst|Mux41:inst3|busmux:inst1|lpm_mux:$00000|mux_smc:auto_generated|result_node[5]~5             ; |Bai1|Datapath:inst|Mux41:inst3|busmux:inst1|lpm_mux:$00000|mux_smc:auto_generated|result_node[5]~5             ; out0             ;
; |Bai1|Datapath:inst|Mux41:inst3|busmux:inst|lpm_mux:$00000|mux_smc:auto_generated|result_node[7]~0              ; |Bai1|Datapath:inst|Mux41:inst3|busmux:inst|lpm_mux:$00000|mux_smc:auto_generated|result_node[7]~0              ; out0             ;
; |Bai1|Datapath:inst|Mux41:inst3|busmux:inst|lpm_mux:$00000|mux_smc:auto_generated|result_node[7]~1              ; |Bai1|Datapath:inst|Mux41:inst3|busmux:inst|lpm_mux:$00000|mux_smc:auto_generated|result_node[7]~1              ; out0             ;
; |Bai1|Datapath:inst|Mux41:inst3|busmux:inst|lpm_mux:$00000|mux_smc:auto_generated|result_node[7]                ; |Bai1|Datapath:inst|Mux41:inst3|busmux:inst|lpm_mux:$00000|mux_smc:auto_generated|result_node[7]                ; out0             ;
; |Bai1|Datapath:inst|Mux41:inst3|busmux:inst|lpm_mux:$00000|mux_smc:auto_generated|result_node[6]~2              ; |Bai1|Datapath:inst|Mux41:inst3|busmux:inst|lpm_mux:$00000|mux_smc:auto_generated|result_node[6]~2              ; out0             ;
; |Bai1|Datapath:inst|Mux41:inst3|busmux:inst|lpm_mux:$00000|mux_smc:auto_generated|result_node[6]~3              ; |Bai1|Datapath:inst|Mux41:inst3|busmux:inst|lpm_mux:$00000|mux_smc:auto_generated|result_node[6]~3              ; out0             ;
; |Bai1|Datapath:inst|Mux41:inst3|busmux:inst|lpm_mux:$00000|mux_smc:auto_generated|result_node[6]                ; |Bai1|Datapath:inst|Mux41:inst3|busmux:inst|lpm_mux:$00000|mux_smc:auto_generated|result_node[6]                ; out0             ;
; |Bai1|Datapath:inst|Mux41:inst3|busmux:inst|lpm_mux:$00000|mux_smc:auto_generated|result_node[5]~4              ; |Bai1|Datapath:inst|Mux41:inst3|busmux:inst|lpm_mux:$00000|mux_smc:auto_generated|result_node[5]~4              ; out0             ;
; |Bai1|Datapath:inst|Mux41:inst3|busmux:inst|lpm_mux:$00000|mux_smc:auto_generated|result_node[5]~5              ; |Bai1|Datapath:inst|Mux41:inst3|busmux:inst|lpm_mux:$00000|mux_smc:auto_generated|result_node[5]~5              ; out0             ;
; |Bai1|Datapath:inst|Mux41:inst3|busmux:inst|lpm_mux:$00000|mux_smc:auto_generated|result_node[5]                ; |Bai1|Datapath:inst|Mux41:inst3|busmux:inst|lpm_mux:$00000|mux_smc:auto_generated|result_node[5]                ; out0             ;
; |Bai1|Datapath:inst|Mux41:inst3|busmux:inst|lpm_mux:$00000|mux_smc:auto_generated|result_node[2]~11             ; |Bai1|Datapath:inst|Mux41:inst3|busmux:inst|lpm_mux:$00000|mux_smc:auto_generated|result_node[2]~11             ; out0             ;
; |Bai1|Datapath:inst|Mux41:inst3|busmux:inst|lpm_mux:$00000|mux_smc:auto_generated|result_node[0]~15             ; |Bai1|Datapath:inst|Mux41:inst3|busmux:inst|lpm_mux:$00000|mux_smc:auto_generated|result_node[0]~15             ; out0             ;
; |Bai1|Datapath:inst|Mux41:inst3|busmux:inst2|lpm_mux:$00000|mux_smc:auto_generated|result_node[7]~0             ; |Bai1|Datapath:inst|Mux41:inst3|busmux:inst2|lpm_mux:$00000|mux_smc:auto_generated|result_node[7]~0             ; out0             ;
; |Bai1|Datapath:inst|Mux41:inst3|busmux:inst2|lpm_mux:$00000|mux_smc:auto_generated|result_node[7]~1             ; |Bai1|Datapath:inst|Mux41:inst3|busmux:inst2|lpm_mux:$00000|mux_smc:auto_generated|result_node[7]~1             ; out0             ;
; |Bai1|Datapath:inst|Mux41:inst3|busmux:inst2|lpm_mux:$00000|mux_smc:auto_generated|result_node[7]               ; |Bai1|Datapath:inst|Mux41:inst3|busmux:inst2|lpm_mux:$00000|mux_smc:auto_generated|result_node[7]               ; out0             ;
; |Bai1|Datapath:inst|Mux41:inst3|busmux:inst2|lpm_mux:$00000|mux_smc:auto_generated|result_node[6]~2             ; |Bai1|Datapath:inst|Mux41:inst3|busmux:inst2|lpm_mux:$00000|mux_smc:auto_generated|result_node[6]~2             ; out0             ;
; |Bai1|Datapath:inst|Mux41:inst3|busmux:inst2|lpm_mux:$00000|mux_smc:auto_generated|result_node[6]~3             ; |Bai1|Datapath:inst|Mux41:inst3|busmux:inst2|lpm_mux:$00000|mux_smc:auto_generated|result_node[6]~3             ; out0             ;
; |Bai1|Datapath:inst|Mux41:inst3|busmux:inst2|lpm_mux:$00000|mux_smc:auto_generated|result_node[6]               ; |Bai1|Datapath:inst|Mux41:inst3|busmux:inst2|lpm_mux:$00000|mux_smc:auto_generated|result_node[6]               ; out0             ;
; |Bai1|Datapath:inst|Mux41:inst3|busmux:inst2|lpm_mux:$00000|mux_smc:auto_generated|result_node[5]~4             ; |Bai1|Datapath:inst|Mux41:inst3|busmux:inst2|lpm_mux:$00000|mux_smc:auto_generated|result_node[5]~4             ; out0             ;
; |Bai1|Datapath:inst|Mux41:inst3|busmux:inst2|lpm_mux:$00000|mux_smc:auto_generated|result_node[5]~5             ; |Bai1|Datapath:inst|Mux41:inst3|busmux:inst2|lpm_mux:$00000|mux_smc:auto_generated|result_node[5]~5             ; out0             ;
; |Bai1|Datapath:inst|Mux41:inst3|busmux:inst2|lpm_mux:$00000|mux_smc:auto_generated|result_node[5]               ; |Bai1|Datapath:inst|Mux41:inst3|busmux:inst2|lpm_mux:$00000|mux_smc:auto_generated|result_node[5]               ; out0             ;
; |Bai1|Datapath:inst|Register4x8:inst|register:inst1|RFC:inst18|inst                                             ; |Bai1|Datapath:inst|Register4x8:inst|register:inst1|RFC:inst18|inst                                             ; regout           ;
; |Bai1|Datapath:inst|Register4x8:inst|register:inst1|RFC:inst14|inst                                             ; |Bai1|Datapath:inst|Register4x8:inst|register:inst1|RFC:inst14|inst                                             ; regout           ;
; |Bai1|Datapath:inst|Register4x8:inst|register:inst1|RFC:inst14|inst4                                            ; |Bai1|Datapath:inst|Register4x8:inst|register:inst1|RFC:inst14|inst4                                            ; out0             ;
; |Bai1|Datapath:inst|Register4x8:inst|register:inst1|RFC:inst14|inst3                                            ; |Bai1|Datapath:inst|Register4x8:inst|register:inst1|RFC:inst14|inst3                                            ; out0             ;
; |Bai1|Datapath:inst|Register4x8:inst|register:inst1|RFC:inst14|inst2                                            ; |Bai1|Datapath:inst|Register4x8:inst|register:inst1|RFC:inst14|inst2                                            ; out0             ;
; |Bai1|Datapath:inst|Register4x8:inst|register:inst1|RFC:inst10|inst                                             ; |Bai1|Datapath:inst|Register4x8:inst|register:inst1|RFC:inst10|inst                                             ; regout           ;
; |Bai1|Datapath:inst|Register4x8:inst|register:inst1|RFC:inst10|inst4                                            ; |Bai1|Datapath:inst|Register4x8:inst|register:inst1|RFC:inst10|inst4                                            ; out0             ;
; |Bai1|Datapath:inst|Register4x8:inst|register:inst1|RFC:inst10|inst3                                            ; |Bai1|Datapath:inst|Register4x8:inst|register:inst1|RFC:inst10|inst3                                            ; out0             ;
; |Bai1|Datapath:inst|Register4x8:inst|register:inst1|RFC:inst10|inst2                                            ; |Bai1|Datapath:inst|Register4x8:inst|register:inst1|RFC:inst10|inst2                                            ; out0             ;
; |Bai1|Datapath:inst|Register4x8:inst|register:inst1|RFC:inst6|inst                                              ; |Bai1|Datapath:inst|Register4x8:inst|register:inst1|RFC:inst6|inst                                              ; regout           ;
; |Bai1|Datapath:inst|Register4x8:inst|register:inst1|RFC:inst6|inst4                                             ; |Bai1|Datapath:inst|Register4x8:inst|register:inst1|RFC:inst6|inst4                                             ; out0             ;
; |Bai1|Datapath:inst|Register4x8:inst|register:inst1|RFC:inst6|inst3                                             ; |Bai1|Datapath:inst|Register4x8:inst|register:inst1|RFC:inst6|inst3                                             ; out0             ;
; |Bai1|Datapath:inst|Register4x8:inst|register:inst1|RFC:inst6|inst2                                             ; |Bai1|Datapath:inst|Register4x8:inst|register:inst1|RFC:inst6|inst2                                             ; out0             ;
; |Bai1|Datapath:inst|Register4x8:inst|register:inst1|RFC:inst17|inst                                             ; |Bai1|Datapath:inst|Register4x8:inst|register:inst1|RFC:inst17|inst                                             ; regout           ;
; |Bai1|Datapath:inst|Register4x8:inst|register:inst1|RFC:inst13|inst1                                            ; |Bai1|Datapath:inst|Register4x8:inst|register:inst1|RFC:inst13|inst1                                            ; out              ;
; |Bai1|Datapath:inst|Register4x8:inst|register:inst1|RFC:inst13|inst                                             ; |Bai1|Datapath:inst|Register4x8:inst|register:inst1|RFC:inst13|inst                                             ; regout           ;
; |Bai1|Datapath:inst|Register4x8:inst|register:inst1|RFC:inst13|inst4                                            ; |Bai1|Datapath:inst|Register4x8:inst|register:inst1|RFC:inst13|inst4                                            ; out0             ;
; |Bai1|Datapath:inst|Register4x8:inst|register:inst1|RFC:inst9|inst1                                             ; |Bai1|Datapath:inst|Register4x8:inst|register:inst1|RFC:inst9|inst1                                             ; out              ;
; |Bai1|Datapath:inst|Register4x8:inst|register:inst1|RFC:inst9|inst                                              ; |Bai1|Datapath:inst|Register4x8:inst|register:inst1|RFC:inst9|inst                                              ; regout           ;
; |Bai1|Datapath:inst|Register4x8:inst|register:inst1|RFC:inst9|inst4                                             ; |Bai1|Datapath:inst|Register4x8:inst|register:inst1|RFC:inst9|inst4                                             ; out0             ;
; |Bai1|Datapath:inst|Register4x8:inst|register:inst1|RFC:inst5|inst1                                             ; |Bai1|Datapath:inst|Register4x8:inst|register:inst1|RFC:inst5|inst1                                             ; out              ;
; |Bai1|Datapath:inst|Register4x8:inst|register:inst1|RFC:inst5|inst                                              ; |Bai1|Datapath:inst|Register4x8:inst|register:inst1|RFC:inst5|inst                                              ; regout           ;
; |Bai1|Datapath:inst|Register4x8:inst|register:inst1|RFC:inst5|inst4                                             ; |Bai1|Datapath:inst|Register4x8:inst|register:inst1|RFC:inst5|inst4                                             ; out0             ;
; |Bai1|Datapath:inst|Register4x8:inst|register:inst1|RFC:inst8|inst                                              ; |Bai1|Datapath:inst|Register4x8:inst|register:inst1|RFC:inst8|inst                                              ; regout           ;
; |Bai1|Datapath:inst|Register4x8:inst|register:inst1|RFC:inst8|inst4                                             ; |Bai1|Datapath:inst|Register4x8:inst|register:inst1|RFC:inst8|inst4                                             ; out0             ;
; |Bai1|Datapath:inst|Register4x8:inst|register:inst1|RFC:inst8|inst3                                             ; |Bai1|Datapath:inst|Register4x8:inst|register:inst1|RFC:inst8|inst3                                             ; out0             ;
; |Bai1|Datapath:inst|Register4x8:inst|register:inst1|RFC:inst8|inst2                                             ; |Bai1|Datapath:inst|Register4x8:inst|register:inst1|RFC:inst8|inst2                                             ; out0             ;
; |Bai1|Datapath:inst|Register4x8:inst|register:inst1|RFC:inst12|inst                                             ; |Bai1|Datapath:inst|Register4x8:inst|register:inst1|RFC:inst12|inst                                             ; regout           ;
; |Bai1|Datapath:inst|Register4x8:inst|register:inst1|RFC:inst12|inst4                                            ; |Bai1|Datapath:inst|Register4x8:inst|register:inst1|RFC:inst12|inst4                                            ; out0             ;
; |Bai1|Datapath:inst|Register4x8:inst|register:inst1|RFC:inst12|inst3                                            ; |Bai1|Datapath:inst|Register4x8:inst|register:inst1|RFC:inst12|inst3                                            ; out0             ;
; |Bai1|Datapath:inst|Register4x8:inst|register:inst1|RFC:inst12|inst2                                            ; |Bai1|Datapath:inst|Register4x8:inst|register:inst1|RFC:inst12|inst2                                            ; out0             ;
; |Bai1|Datapath:inst|Register4x8:inst|register:inst1|RFC:inst16|inst                                             ; |Bai1|Datapath:inst|Register4x8:inst|register:inst1|RFC:inst16|inst                                             ; regout           ;
; |Bai1|Datapath:inst|Register4x8:inst|register:inst1|RFC:inst4|inst                                              ; |Bai1|Datapath:inst|Register4x8:inst|register:inst1|RFC:inst4|inst                                              ; regout           ;
; |Bai1|Datapath:inst|Register4x8:inst|register:inst1|RFC:inst4|inst4                                             ; |Bai1|Datapath:inst|Register4x8:inst|register:inst1|RFC:inst4|inst4                                             ; out0             ;
; |Bai1|Datapath:inst|Register4x8:inst|register:inst1|RFC:inst4|inst3                                             ; |Bai1|Datapath:inst|Register4x8:inst|register:inst1|RFC:inst4|inst3                                             ; out0             ;
; |Bai1|Datapath:inst|Register4x8:inst|register:inst1|RFC:inst4|inst2                                             ; |Bai1|Datapath:inst|Register4x8:inst|register:inst1|RFC:inst4|inst2                                             ; out0             ;
; |Bai1|Datapath:inst|Register4x8:inst|register:inst1|RFC:inst15|inst                                             ; |Bai1|Datapath:inst|Register4x8:inst|register:inst1|RFC:inst15|inst                                             ; regout           ;
; |Bai1|Datapath:inst|Register4x8:inst|register:inst1|RFC:inst11|inst1                                            ; |Bai1|Datapath:inst|Register4x8:inst|register:inst1|RFC:inst11|inst1                                            ; out              ;
; |Bai1|Datapath:inst|Register4x8:inst|register:inst1|RFC:inst11|inst                                             ; |Bai1|Datapath:inst|Register4x8:inst|register:inst1|RFC:inst11|inst                                             ; regout           ;
; |Bai1|Datapath:inst|Register4x8:inst|register:inst1|RFC:inst11|inst4                                            ; |Bai1|Datapath:inst|Register4x8:inst|register:inst1|RFC:inst11|inst4                                            ; out0             ;
; |Bai1|Datapath:inst|Register4x8:inst|register:inst1|RFC:inst7|inst1                                             ; |Bai1|Datapath:inst|Register4x8:inst|register:inst1|RFC:inst7|inst1                                             ; out              ;
; |Bai1|Datapath:inst|Register4x8:inst|register:inst1|RFC:inst7|inst                                              ; |Bai1|Datapath:inst|Register4x8:inst|register:inst1|RFC:inst7|inst                                              ; regout           ;
; |Bai1|Datapath:inst|Register4x8:inst|register:inst1|RFC:inst7|inst4                                             ; |Bai1|Datapath:inst|Register4x8:inst|register:inst1|RFC:inst7|inst4                                             ; out0             ;
; |Bai1|Datapath:inst|Register4x8:inst|register:inst1|RFC:inst3|inst1                                             ; |Bai1|Datapath:inst|Register4x8:inst|register:inst1|RFC:inst3|inst1                                             ; out              ;
; |Bai1|Datapath:inst|Register4x8:inst|register:inst1|RFC:inst3|inst                                              ; |Bai1|Datapath:inst|Register4x8:inst|register:inst1|RFC:inst3|inst                                              ; regout           ;
; |Bai1|Datapath:inst|Register4x8:inst|register:inst1|RFC:inst3|inst4                                             ; |Bai1|Datapath:inst|Register4x8:inst|register:inst1|RFC:inst3|inst4                                             ; out0             ;
; |Bai1|Datapath:inst|Register4x8:inst|register:inst|A[3]                                                         ; |Bai1|Datapath:inst|Register4x8:inst|register:inst|A[3]                                                         ; out0             ;
; |Bai1|Datapath:inst|Register4x8:inst|register:inst|A[2]                                                         ; |Bai1|Datapath:inst|Register4x8:inst|register:inst|A[2]                                                         ; out0             ;
; |Bai1|Datapath:inst|Register4x8:inst|register:inst|A[1]                                                         ; |Bai1|Datapath:inst|Register4x8:inst|register:inst|A[1]                                                         ; out0             ;
; |Bai1|Datapath:inst|Register4x8:inst|register:inst|RFC:inst18|inst                                              ; |Bai1|Datapath:inst|Register4x8:inst|register:inst|RFC:inst18|inst                                              ; regout           ;
; |Bai1|Datapath:inst|Register4x8:inst|register:inst|RFC:inst14|inst1                                             ; |Bai1|Datapath:inst|Register4x8:inst|register:inst|RFC:inst14|inst1                                             ; out              ;
; |Bai1|Datapath:inst|Register4x8:inst|register:inst|RFC:inst14|inst                                              ; |Bai1|Datapath:inst|Register4x8:inst|register:inst|RFC:inst14|inst                                              ; regout           ;
; |Bai1|Datapath:inst|Register4x8:inst|register:inst|RFC:inst14|inst4                                             ; |Bai1|Datapath:inst|Register4x8:inst|register:inst|RFC:inst14|inst4                                             ; out0             ;
; |Bai1|Datapath:inst|Register4x8:inst|register:inst|RFC:inst10|inst1                                             ; |Bai1|Datapath:inst|Register4x8:inst|register:inst|RFC:inst10|inst1                                             ; out              ;
; |Bai1|Datapath:inst|Register4x8:inst|register:inst|RFC:inst10|inst                                              ; |Bai1|Datapath:inst|Register4x8:inst|register:inst|RFC:inst10|inst                                              ; regout           ;
; |Bai1|Datapath:inst|Register4x8:inst|register:inst|RFC:inst10|inst4                                             ; |Bai1|Datapath:inst|Register4x8:inst|register:inst|RFC:inst10|inst4                                             ; out0             ;
; |Bai1|Datapath:inst|Register4x8:inst|register:inst|RFC:inst6|inst1                                              ; |Bai1|Datapath:inst|Register4x8:inst|register:inst|RFC:inst6|inst1                                              ; out              ;
; |Bai1|Datapath:inst|Register4x8:inst|register:inst|RFC:inst6|inst                                               ; |Bai1|Datapath:inst|Register4x8:inst|register:inst|RFC:inst6|inst                                               ; regout           ;
; |Bai1|Datapath:inst|Register4x8:inst|register:inst|RFC:inst6|inst4                                              ; |Bai1|Datapath:inst|Register4x8:inst|register:inst|RFC:inst6|inst4                                              ; out0             ;
; |Bai1|Datapath:inst|Register4x8:inst|register:inst|RFC:inst17|inst                                              ; |Bai1|Datapath:inst|Register4x8:inst|register:inst|RFC:inst17|inst                                              ; regout           ;
; |Bai1|Datapath:inst|Register4x8:inst|register:inst|RFC:inst17|inst4                                             ; |Bai1|Datapath:inst|Register4x8:inst|register:inst|RFC:inst17|inst4                                             ; out0             ;
; |Bai1|Datapath:inst|Register4x8:inst|register:inst|RFC:inst17|inst3                                             ; |Bai1|Datapath:inst|Register4x8:inst|register:inst|RFC:inst17|inst3                                             ; out0             ;
; |Bai1|Datapath:inst|Register4x8:inst|register:inst|RFC:inst17|inst2                                             ; |Bai1|Datapath:inst|Register4x8:inst|register:inst|RFC:inst17|inst2                                             ; out0             ;
; |Bai1|Datapath:inst|Register4x8:inst|register:inst|RFC:inst13|inst                                              ; |Bai1|Datapath:inst|Register4x8:inst|register:inst|RFC:inst13|inst                                              ; regout           ;
; |Bai1|Datapath:inst|Register4x8:inst|register:inst|RFC:inst13|inst4                                             ; |Bai1|Datapath:inst|Register4x8:inst|register:inst|RFC:inst13|inst4                                             ; out0             ;
; |Bai1|Datapath:inst|Register4x8:inst|register:inst|RFC:inst13|inst3                                             ; |Bai1|Datapath:inst|Register4x8:inst|register:inst|RFC:inst13|inst3                                             ; out0             ;
; |Bai1|Datapath:inst|Register4x8:inst|register:inst|RFC:inst13|inst2                                             ; |Bai1|Datapath:inst|Register4x8:inst|register:inst|RFC:inst13|inst2                                             ; out0             ;
; |Bai1|Datapath:inst|Register4x8:inst|register:inst|RFC:inst9|inst                                               ; |Bai1|Datapath:inst|Register4x8:inst|register:inst|RFC:inst9|inst                                               ; regout           ;
; |Bai1|Datapath:inst|Register4x8:inst|register:inst|RFC:inst9|inst4                                              ; |Bai1|Datapath:inst|Register4x8:inst|register:inst|RFC:inst9|inst4                                              ; out0             ;
; |Bai1|Datapath:inst|Register4x8:inst|register:inst|RFC:inst9|inst3                                              ; |Bai1|Datapath:inst|Register4x8:inst|register:inst|RFC:inst9|inst3                                              ; out0             ;
; |Bai1|Datapath:inst|Register4x8:inst|register:inst|RFC:inst9|inst2                                              ; |Bai1|Datapath:inst|Register4x8:inst|register:inst|RFC:inst9|inst2                                              ; out0             ;
; |Bai1|Datapath:inst|Register4x8:inst|register:inst|RFC:inst5|inst                                               ; |Bai1|Datapath:inst|Register4x8:inst|register:inst|RFC:inst5|inst                                               ; regout           ;
; |Bai1|Datapath:inst|Register4x8:inst|register:inst|RFC:inst5|inst4                                              ; |Bai1|Datapath:inst|Register4x8:inst|register:inst|RFC:inst5|inst4                                              ; out0             ;
; |Bai1|Datapath:inst|Register4x8:inst|register:inst|RFC:inst5|inst3                                              ; |Bai1|Datapath:inst|Register4x8:inst|register:inst|RFC:inst5|inst3                                              ; out0             ;
; |Bai1|Datapath:inst|Register4x8:inst|register:inst|RFC:inst5|inst2                                              ; |Bai1|Datapath:inst|Register4x8:inst|register:inst|RFC:inst5|inst2                                              ; out0             ;
; |Bai1|Datapath:inst|Register4x8:inst|register:inst|RFC:inst8|inst                                               ; |Bai1|Datapath:inst|Register4x8:inst|register:inst|RFC:inst8|inst                                               ; regout           ;
; |Bai1|Datapath:inst|Register4x8:inst|register:inst|RFC:inst8|inst4                                              ; |Bai1|Datapath:inst|Register4x8:inst|register:inst|RFC:inst8|inst4                                              ; out0             ;
; |Bai1|Datapath:inst|Register4x8:inst|register:inst|RFC:inst8|inst3                                              ; |Bai1|Datapath:inst|Register4x8:inst|register:inst|RFC:inst8|inst3                                              ; out0             ;
; |Bai1|Datapath:inst|Register4x8:inst|register:inst|RFC:inst8|inst2                                              ; |Bai1|Datapath:inst|Register4x8:inst|register:inst|RFC:inst8|inst2                                              ; out0             ;
; |Bai1|Datapath:inst|Register4x8:inst|register:inst|RFC:inst12|inst                                              ; |Bai1|Datapath:inst|Register4x8:inst|register:inst|RFC:inst12|inst                                              ; regout           ;
; |Bai1|Datapath:inst|Register4x8:inst|register:inst|RFC:inst12|inst4                                             ; |Bai1|Datapath:inst|Register4x8:inst|register:inst|RFC:inst12|inst4                                             ; out0             ;
; |Bai1|Datapath:inst|Register4x8:inst|register:inst|RFC:inst12|inst3                                             ; |Bai1|Datapath:inst|Register4x8:inst|register:inst|RFC:inst12|inst3                                             ; out0             ;
; |Bai1|Datapath:inst|Register4x8:inst|register:inst|RFC:inst12|inst2                                             ; |Bai1|Datapath:inst|Register4x8:inst|register:inst|RFC:inst12|inst2                                             ; out0             ;
; |Bai1|Datapath:inst|Register4x8:inst|register:inst|RFC:inst16|inst                                              ; |Bai1|Datapath:inst|Register4x8:inst|register:inst|RFC:inst16|inst                                              ; regout           ;
; |Bai1|Datapath:inst|Register4x8:inst|register:inst|RFC:inst16|inst4                                             ; |Bai1|Datapath:inst|Register4x8:inst|register:inst|RFC:inst16|inst4                                             ; out0             ;
; |Bai1|Datapath:inst|Register4x8:inst|register:inst|RFC:inst16|inst3                                             ; |Bai1|Datapath:inst|Register4x8:inst|register:inst|RFC:inst16|inst3                                             ; out0             ;
; |Bai1|Datapath:inst|Register4x8:inst|register:inst|RFC:inst16|inst2                                             ; |Bai1|Datapath:inst|Register4x8:inst|register:inst|RFC:inst16|inst2                                             ; out0             ;
; |Bai1|Datapath:inst|Register4x8:inst|register:inst|RFC:inst4|inst                                               ; |Bai1|Datapath:inst|Register4x8:inst|register:inst|RFC:inst4|inst                                               ; regout           ;
; |Bai1|Datapath:inst|Register4x8:inst|register:inst|RFC:inst4|inst4                                              ; |Bai1|Datapath:inst|Register4x8:inst|register:inst|RFC:inst4|inst4                                              ; out0             ;
; |Bai1|Datapath:inst|Register4x8:inst|register:inst|RFC:inst4|inst3                                              ; |Bai1|Datapath:inst|Register4x8:inst|register:inst|RFC:inst4|inst3                                              ; out0             ;
; |Bai1|Datapath:inst|Register4x8:inst|register:inst|RFC:inst4|inst2                                              ; |Bai1|Datapath:inst|Register4x8:inst|register:inst|RFC:inst4|inst2                                              ; out0             ;
; |Bai1|Datapath:inst|Register4x8:inst|register:inst|RFC:inst15|inst                                              ; |Bai1|Datapath:inst|Register4x8:inst|register:inst|RFC:inst15|inst                                              ; regout           ;
; |Bai1|Datapath:inst|Register4x8:inst|register:inst|RFC:inst15|inst4                                             ; |Bai1|Datapath:inst|Register4x8:inst|register:inst|RFC:inst15|inst4                                             ; out0             ;
; |Bai1|Datapath:inst|Register4x8:inst|register:inst|RFC:inst15|inst3                                             ; |Bai1|Datapath:inst|Register4x8:inst|register:inst|RFC:inst15|inst3                                             ; out0             ;
; |Bai1|Datapath:inst|Register4x8:inst|register:inst|RFC:inst15|inst2                                             ; |Bai1|Datapath:inst|Register4x8:inst|register:inst|RFC:inst15|inst2                                             ; out0             ;
; |Bai1|Datapath:inst|Register4x8:inst|register:inst|RFC:inst11|inst                                              ; |Bai1|Datapath:inst|Register4x8:inst|register:inst|RFC:inst11|inst                                              ; regout           ;
; |Bai1|Datapath:inst|Register4x8:inst|register:inst|RFC:inst11|inst4                                             ; |Bai1|Datapath:inst|Register4x8:inst|register:inst|RFC:inst11|inst4                                             ; out0             ;
; |Bai1|Datapath:inst|Register4x8:inst|register:inst|RFC:inst11|inst3                                             ; |Bai1|Datapath:inst|Register4x8:inst|register:inst|RFC:inst11|inst3                                             ; out0             ;
; |Bai1|Datapath:inst|Register4x8:inst|register:inst|RFC:inst11|inst2                                             ; |Bai1|Datapath:inst|Register4x8:inst|register:inst|RFC:inst11|inst2                                             ; out0             ;
; |Bai1|Datapath:inst|Register4x8:inst|register:inst|RFC:inst7|inst                                               ; |Bai1|Datapath:inst|Register4x8:inst|register:inst|RFC:inst7|inst                                               ; regout           ;
; |Bai1|Datapath:inst|Register4x8:inst|register:inst|RFC:inst7|inst4                                              ; |Bai1|Datapath:inst|Register4x8:inst|register:inst|RFC:inst7|inst4                                              ; out0             ;
; |Bai1|Datapath:inst|Register4x8:inst|register:inst|RFC:inst7|inst3                                              ; |Bai1|Datapath:inst|Register4x8:inst|register:inst|RFC:inst7|inst3                                              ; out0             ;
; |Bai1|Datapath:inst|Register4x8:inst|register:inst|RFC:inst7|inst2                                              ; |Bai1|Datapath:inst|Register4x8:inst|register:inst|RFC:inst7|inst2                                              ; out0             ;
; |Bai1|Datapath:inst|Register4x8:inst|register:inst|RFC:inst3|inst                                               ; |Bai1|Datapath:inst|Register4x8:inst|register:inst|RFC:inst3|inst                                               ; regout           ;
; |Bai1|Datapath:inst|Register4x8:inst|register:inst|RFC:inst3|inst4                                              ; |Bai1|Datapath:inst|Register4x8:inst|register:inst|RFC:inst3|inst4                                              ; out0             ;
; |Bai1|Datapath:inst|Register4x8:inst|register:inst|RFC:inst3|inst3                                              ; |Bai1|Datapath:inst|Register4x8:inst|register:inst|RFC:inst3|inst3                                              ; out0             ;
; |Bai1|Datapath:inst|Register4x8:inst|register:inst|RFC:inst3|inst2                                              ; |Bai1|Datapath:inst|Register4x8:inst|register:inst|RFC:inst3|inst2                                              ; out0             ;
+-----------------------------------------------------------------------------------------------------------------+-----------------------------------------------------------------------------------------------------------------+------------------+


+---------------------+
; Simulator INI Usage ;
+--------+------------+
; Option ; Usage      ;
+--------+------------+


+--------------------+
; Simulator Messages ;
+--------------------+
Info: *******************************************************************
Info: Running Quartus II 64-Bit Simulator
    Info: Version 13.0.1 Build 232 06/12/2013 Service Pack 1 SJ Web Edition
    Info: Processing started: Sat Nov 16 11:21:52 2024
Info: Command: quartus_sim --simulation_results_format=VWF Bai1 -c Bai1
Info (324025): Using vector source file "D:/study/year3/TKLLS/CE118/DoAn/Graph-partitioning/Waveform3.vwf"
Info (310003): Option to preserve fewer signal transitions to reduce memory requirements is enabled
    Info (310004): Simulation has been partitioned into sub-simulations according to the maximum transition count determined by the engine. Transitions from memory will be flushed out to disk at the end of each sub-simulation to reduce memory requirements.
Info (310002): Simulation partitioned into 1 sub-simulations
Info (328053): Simulation coverage is      41.48 %
Info (328052): Number of transitions in simulation is 26966
Info (324045): Vector file Bai1.sim.vwf is saved in VWF text format. You can compress it into CVWF format in order to reduce file size. For more details please refer to the Quartus II Help.
Info: Quartus II 64-Bit Simulator was successful. 0 errors, 0 warnings
    Info: Peak virtual memory: 4461 megabytes
    Info: Processing ended: Sat Nov 16 11:21:52 2024
    Info: Elapsed time: 00:00:00
    Info: Total CPU time (on all processors): 00:00:00


