Simulator report for LIFO
Tue Oct 08 09:37:38 2024
Quartus II 64-Bit Version 13.0.1 Build 232 06/12/2013 Service Pack 1 SJ Web Edition


---------------------
; Table of Contents ;
---------------------
  1. Legal Notice
  2. Simulator Summary
  3. Simulator Settings
  4. Simulation Waveforms
  5. Coverage Summary
  6. Complete 1/0-Value Coverage
  7. Missing 1-Value Coverage
  8. Missing 0-Value Coverage
  9. Simulator INI Usage
 10. Simulator Messages



----------------
; Legal Notice ;
----------------
Copyright (C) 1991-2013 Altera Corporation
Your use of Altera Corporation's design tools, logic functions 
and other software and tools, and its AMPP partner logic 
functions, and any output files from any of the foregoing 
(including device programming or simulation files), and any 
associated documentation or information are expressly subject 
to the terms and conditions of the Altera Program License 
Subscription Agreement, Altera MegaCore Function License 
Agreement, or other applicable license agreement, including, 
without limitation, that your use is for the sole purpose of 
programming logic devices manufactured by Altera and sold by 
Altera or its authorized distributors.  Please refer to the 
applicable agreement for further details.



+--------------------------------------------+
; Simulator Summary                          ;
+-----------------------------+--------------+
; Type                        ; Value        ;
+-----------------------------+--------------+
; Simulation Start Time       ; 0 ps         ;
; Simulation End Time         ; 1.0 us       ;
; Simulation Netlist Size     ; 576 nodes    ;
; Simulation Coverage         ;      56.51 % ;
; Total Number of Transitions ; 14911        ;
; Simulation Breakpoints      ; 0            ;
; Family                      ; Cyclone II   ;
+-----------------------------+--------------+


+-----------------------------------------------------------------------------------------------------------------------------------------------------------+
; Simulator Settings                                                                                                                                        ;
+--------------------------------------------------------------------------------------------+----------------------------------------------+---------------+
; Option                                                                                     ; Setting                                      ; Default Value ;
+--------------------------------------------------------------------------------------------+----------------------------------------------+---------------+
; Simulation mode                                                                            ; Functional                                   ; Timing        ;
; Start time                                                                                 ; 0 ns                                         ; 0 ns          ;
; Simulation results format                                                                  ; VWF                                          ;               ;
; Vector input source                                                                        ; D:/study/year3/TKLLS/DoAn/LIFO/Waveform2.vwf ;               ;
; Add pins automatically to simulation output waveforms                                      ; On                                           ; On            ;
; Check outputs                                                                              ; Off                                          ; Off           ;
; Report simulation coverage                                                                 ; On                                           ; On            ;
; Display complete 1/0 value coverage report                                                 ; On                                           ; On            ;
; Display missing 1-value coverage report                                                    ; On                                           ; On            ;
; Display missing 0-value coverage report                                                    ; On                                           ; On            ;
; Detect setup and hold time violations                                                      ; Off                                          ; Off           ;
; Detect glitches                                                                            ; Off                                          ; Off           ;
; Disable timing delays in Timing Simulation                                                 ; Off                                          ; Off           ;
; Generate Signal Activity File                                                              ; Off                                          ; Off           ;
; Generate VCD File for PowerPlay Power Analyzer                                             ; Off                                          ; Off           ;
; Group bus channels in simulation results                                                   ; Off                                          ; Off           ;
; Preserve fewer signal transitions to reduce memory requirements                            ; On                                           ; On            ;
; Trigger vector comparison with the specified mode                                          ; INPUT_EDGE                                   ; INPUT_EDGE    ;
; Disable setup and hold time violations detection in input registers of bi-directional pins ; Off                                          ; Off           ;
; Overwrite Waveform Inputs With Simulation Outputs                                          ; Off                                          ;               ;
; Perform Glitch Filtering in Timing Simulation                                              ; Auto                                         ; Auto          ;
+--------------------------------------------------------------------------------------------+----------------------------------------------+---------------+


+----------------------+
; Simulation Waveforms ;
+----------------------+
Waveform report data cannot be output to ASCII.
Please use Quartus II 64-Bit to view the waveform report data.


+--------------------------------------------------------------------+
; Coverage Summary                                                   ;
+-----------------------------------------------------+--------------+
; Type                                                ; Value        ;
+-----------------------------------------------------+--------------+
; Total coverage as a percentage                      ;      56.51 % ;
; Total nodes checked                                 ; 576          ;
; Total output ports checked                          ; 584          ;
; Total output ports with complete 1/0-value coverage ; 330          ;
; Total output ports with no 1/0-value coverage       ; 195          ;
; Total output ports with no 1-value coverage         ; 216          ;
; Total output ports with no 0-value coverage         ; 233          ;
+-----------------------------------------------------+--------------+


The following table displays output ports that toggle between 1 and 0 during simulation.
+--------------------------------------------------------------------------------------------------------------------------------------+
; Complete 1/0-Value Coverage                                                                                                          ;
+---------------------------------------------------------+---------------------------------------------------------+------------------+
; Node Name                                               ; Output Port Name                                        ; Output Port Type ;
+---------------------------------------------------------+---------------------------------------------------------+------------------+
; |LIFO|Empty                                             ; |LIFO|Empty                                             ; pin_out          ;
; |LIFO|inst6                                             ; |LIFO|inst6                                             ; out0             ;
; |LIFO|inst3                                             ; |LIFO|inst3                                             ; out0             ;
; |LIFO|Push/Pop                                          ; |LIFO|Push/Pop                                          ; out              ;
; |LIFO|CLK                                               ; |LIFO|CLK                                               ; out              ;
; |LIFO|Full                                              ; |LIFO|Full                                              ; pin_out          ;
; |LIFO|inst7                                             ; |LIFO|inst7                                             ; out0             ;
; |LIFO|pin_name1                                         ; |LIFO|pin_name1                                         ; pin_out          ;
; |LIFO|pin_name2                                         ; |LIFO|pin_name2                                         ; pin_out          ;
; |LIFO|pin_name3                                         ; |LIFO|pin_name3                                         ; pin_out          ;
; |LIFO|pin_name4                                         ; |LIFO|pin_name4                                         ; pin_out          ;
; |LIFO|IO7                                               ; |LIFO|IO7                                               ; out              ;
; |LIFO|IO7                                               ; |LIFO|IO7~result                                        ; pin_out          ;
; |LIFO|IO7~0                                             ; |LIFO|IO7~0                                             ; out0             ;
; |LIFO|inst4                                             ; |LIFO|inst4                                             ; out0             ;
; |LIFO|IO6                                               ; |LIFO|IO6                                               ; out              ;
; |LIFO|IO6                                               ; |LIFO|IO6~result                                        ; pin_out          ;
; |LIFO|IO6~0                                             ; |LIFO|IO6~0                                             ; out0             ;
; |LIFO|IO5                                               ; |LIFO|IO5                                               ; out              ;
; |LIFO|IO5                                               ; |LIFO|IO5~result                                        ; pin_out          ;
; |LIFO|IO5~0                                             ; |LIFO|IO5~0                                             ; out0             ;
; |LIFO|IO4                                               ; |LIFO|IO4                                               ; out              ;
; |LIFO|IO4                                               ; |LIFO|IO4~result                                        ; pin_out          ;
; |LIFO|IO4~0                                             ; |LIFO|IO4~0                                             ; out0             ;
; |LIFO|IO3                                               ; |LIFO|IO3                                               ; out              ;
; |LIFO|IO3                                               ; |LIFO|IO3~result                                        ; pin_out          ;
; |LIFO|IO3~0                                             ; |LIFO|IO3~0                                             ; out0             ;
; |LIFO|IO2                                               ; |LIFO|IO2                                               ; out              ;
; |LIFO|IO2                                               ; |LIFO|IO2~result                                        ; pin_out          ;
; |LIFO|IO2~0                                             ; |LIFO|IO2~0                                             ; out0             ;
; |LIFO|IO1                                               ; |LIFO|IO1                                               ; out              ;
; |LIFO|IO1                                               ; |LIFO|IO1~result                                        ; pin_out          ;
; |LIFO|IO1~0                                             ; |LIFO|IO1~0                                             ; out0             ;
; |LIFO|IO0                                               ; |LIFO|IO0                                               ; out              ;
; |LIFO|IO0                                               ; |LIFO|IO0~result                                        ; pin_out          ;
; |LIFO|IO0~0                                             ; |LIFO|IO0~0                                             ; out0             ;
; |LIFO|CounterUp_Down_set:Top-1|inst                     ; |LIFO|CounterUp_Down_set:Top-1|inst                     ; regout           ;
; |LIFO|CounterUp_Down_set:Top-1|inst1                    ; |LIFO|CounterUp_Down_set:Top-1|inst1                    ; regout           ;
; |LIFO|CounterUp_Down_set:Top-1|inst2                    ; |LIFO|CounterUp_Down_set:Top-1|inst2                    ; regout           ;
; |LIFO|CounterUp_Down_set:Top-1|inst3                    ; |LIFO|CounterUp_Down_set:Top-1|inst3                    ; regout           ;
; |LIFO|CounterUp_Down_set:Top-1|HAS:inst11|inst17        ; |LIFO|CounterUp_Down_set:Top-1|HAS:inst11|inst17        ; out0             ;
; |LIFO|CounterUp_Down_set:Top-1|HAS:inst11|inst16        ; |LIFO|CounterUp_Down_set:Top-1|HAS:inst11|inst16        ; out0             ;
; |LIFO|CounterUp_Down_set:Top-1|HAS:inst11|inst15        ; |LIFO|CounterUp_Down_set:Top-1|HAS:inst11|inst15        ; out0             ;
; |LIFO|CounterUp_Down_set:Top-1|HAS:inst11|inst14        ; |LIFO|CounterUp_Down_set:Top-1|HAS:inst11|inst14        ; out0             ;
; |LIFO|CounterUp_Down_set:Top-1|HAS:inst10|inst17        ; |LIFO|CounterUp_Down_set:Top-1|HAS:inst10|inst17        ; out0             ;
; |LIFO|CounterUp_Down_set:Top-1|HAS:inst10|inst16        ; |LIFO|CounterUp_Down_set:Top-1|HAS:inst10|inst16        ; out0             ;
; |LIFO|CounterUp_Down_set:Top-1|HAS:inst10|inst15        ; |LIFO|CounterUp_Down_set:Top-1|HAS:inst10|inst15        ; out0             ;
; |LIFO|CounterUp_Down_set:Top-1|HAS:inst10|inst14        ; |LIFO|CounterUp_Down_set:Top-1|HAS:inst10|inst14        ; out0             ;
; |LIFO|CounterUp_Down_set:Top-1|HAS:inst9|inst17         ; |LIFO|CounterUp_Down_set:Top-1|HAS:inst9|inst17         ; out0             ;
; |LIFO|CounterUp_Down_set:Top-1|HAS:inst9|inst16         ; |LIFO|CounterUp_Down_set:Top-1|HAS:inst9|inst16         ; out0             ;
; |LIFO|CounterUp_Down_set:Top-1|HAS:inst9|inst15         ; |LIFO|CounterUp_Down_set:Top-1|HAS:inst9|inst15         ; out0             ;
; |LIFO|CounterUp_Down_set:Top-1|HAS:inst9|inst14         ; |LIFO|CounterUp_Down_set:Top-1|HAS:inst9|inst14         ; out0             ;
; |LIFO|CounterUp_Down_set:Top-1|HAS:inst8|inst17         ; |LIFO|CounterUp_Down_set:Top-1|HAS:inst8|inst17         ; out0             ;
; |LIFO|Selector:inst5|Mux2:inst3|inst2                   ; |LIFO|Selector:inst5|Mux2:inst3|inst2                   ; out0             ;
; |LIFO|Selector:inst5|Mux2:inst3|inst1                   ; |LIFO|Selector:inst5|Mux2:inst3|inst1                   ; out0             ;
; |LIFO|Selector:inst5|Mux2:inst3|inst                    ; |LIFO|Selector:inst5|Mux2:inst3|inst                    ; out0             ;
; |LIFO|Selector:inst5|Mux2:inst4|inst2                   ; |LIFO|Selector:inst5|Mux2:inst4|inst2                   ; out0             ;
; |LIFO|Selector:inst5|Mux2:inst4|inst1                   ; |LIFO|Selector:inst5|Mux2:inst4|inst1                   ; out0             ;
; |LIFO|Selector:inst5|Mux2:inst4|inst                    ; |LIFO|Selector:inst5|Mux2:inst4|inst                    ; out0             ;
; |LIFO|Selector:inst5|Mux2:inst2|inst2                   ; |LIFO|Selector:inst5|Mux2:inst2|inst2                   ; out0             ;
; |LIFO|Selector:inst5|Mux2:inst2|inst1                   ; |LIFO|Selector:inst5|Mux2:inst2|inst1                   ; out0             ;
; |LIFO|Selector:inst5|Mux2:inst2|inst                    ; |LIFO|Selector:inst5|Mux2:inst2|inst                    ; out0             ;
; |LIFO|Selector:inst5|Mux2:inst|inst2                    ; |LIFO|Selector:inst5|Mux2:inst|inst2                    ; out0             ;
; |LIFO|Selector:inst5|Mux2:inst|inst1                    ; |LIFO|Selector:inst5|Mux2:inst|inst1                    ; out0             ;
; |LIFO|Selector:inst5|Mux2:inst|inst                     ; |LIFO|Selector:inst5|Mux2:inst|inst                     ; out0             ;
; |LIFO|RAM16_8:inst8|RAM4_4:inst10|inst18                ; |LIFO|RAM16_8:inst8|RAM4_4:inst10|inst18                ; out0             ;
; |LIFO|RAM16_8:inst8|RAM4_4:inst10|inst17                ; |LIFO|RAM16_8:inst8|RAM4_4:inst10|inst17                ; out0             ;
; |LIFO|RAM16_8:inst8|RAM4_4:inst10|MC:inst8|inst1        ; |LIFO|RAM16_8:inst8|RAM4_4:inst10|MC:inst8|inst1        ; out0             ;
; |LIFO|RAM16_8:inst8|RAM4_4:inst10|MC:inst11|inst1       ; |LIFO|RAM16_8:inst8|RAM4_4:inst10|MC:inst11|inst1       ; out0             ;
; |LIFO|RAM16_8:inst8|RAM4_4:inst10|MC:inst16|inst1       ; |LIFO|RAM16_8:inst8|RAM4_4:inst10|MC:inst16|inst1       ; out0             ;
; |LIFO|RAM16_8:inst8|RAM4_4:inst10|MC:inst4|inst1        ; |LIFO|RAM16_8:inst8|RAM4_4:inst10|MC:inst4|inst1        ; out0             ;
; |LIFO|RAM16_8:inst8|RAM4_4:inst10|MC:inst15|inst1       ; |LIFO|RAM16_8:inst8|RAM4_4:inst10|MC:inst15|inst1       ; out0             ;
; |LIFO|RAM16_8:inst8|RAM4_4:inst10|MC:inst10|inst1       ; |LIFO|RAM16_8:inst8|RAM4_4:inst10|MC:inst10|inst1       ; out0             ;
; |LIFO|RAM16_8:inst8|RAM4_4:inst10|MC:inst7|inst1        ; |LIFO|RAM16_8:inst8|RAM4_4:inst10|MC:inst7|inst1        ; out0             ;
; |LIFO|RAM16_8:inst8|RAM4_4:inst10|MC:inst3|inst1        ; |LIFO|RAM16_8:inst8|RAM4_4:inst10|MC:inst3|inst1        ; out0             ;
; |LIFO|RAM16_8:inst8|RAM4_4:inst10|MC:inst14|inst1       ; |LIFO|RAM16_8:inst8|RAM4_4:inst10|MC:inst14|inst1       ; out0             ;
; |LIFO|RAM16_8:inst8|RAM4_4:inst10|MC:inst12|inst1       ; |LIFO|RAM16_8:inst8|RAM4_4:inst10|MC:inst12|inst1       ; out0             ;
; |LIFO|RAM16_8:inst8|RAM4_4:inst10|MC:inst6|inst1        ; |LIFO|RAM16_8:inst8|RAM4_4:inst10|MC:inst6|inst1        ; out0             ;
; |LIFO|RAM16_8:inst8|RAM4_4:inst10|MC:inst2|inst1        ; |LIFO|RAM16_8:inst8|RAM4_4:inst10|MC:inst2|inst1        ; out0             ;
; |LIFO|RAM16_8:inst8|RAM4_4:inst10|MC:inst13|inst1       ; |LIFO|RAM16_8:inst8|RAM4_4:inst10|MC:inst13|inst1       ; out0             ;
; |LIFO|RAM16_8:inst8|RAM4_4:inst10|MC:inst9|inst1        ; |LIFO|RAM16_8:inst8|RAM4_4:inst10|MC:inst9|inst1        ; out0             ;
; |LIFO|RAM16_8:inst8|RAM4_4:inst10|MC:inst5|inst1        ; |LIFO|RAM16_8:inst8|RAM4_4:inst10|MC:inst5|inst1        ; out0             ;
; |LIFO|RAM16_8:inst8|RAM4_4:inst10|Decoder2_4:inst|inst5 ; |LIFO|RAM16_8:inst8|RAM4_4:inst10|Decoder2_4:inst|inst5 ; out0             ;
; |LIFO|RAM16_8:inst8|RAM4_4:inst10|Decoder2_4:inst|inst4 ; |LIFO|RAM16_8:inst8|RAM4_4:inst10|Decoder2_4:inst|inst4 ; out0             ;
; |LIFO|RAM16_8:inst8|RAM4_4:inst10|Decoder2_4:inst|inst3 ; |LIFO|RAM16_8:inst8|RAM4_4:inst10|Decoder2_4:inst|inst3 ; out0             ;
; |LIFO|RAM16_8:inst8|RAM4_4:inst10|Decoder2_4:inst|inst2 ; |LIFO|RAM16_8:inst8|RAM4_4:inst10|Decoder2_4:inst|inst2 ; out0             ;
; |LIFO|RAM16_8:inst8|RAM4_4:inst10|MC:inst1|inst1        ; |LIFO|RAM16_8:inst8|RAM4_4:inst10|MC:inst1|inst1        ; out0             ;
; |LIFO|RAM16_8:inst8|RAM4_4:inst8|inst18                 ; |LIFO|RAM16_8:inst8|RAM4_4:inst8|inst18                 ; out0             ;
; |LIFO|RAM16_8:inst8|RAM4_4:inst8|inst17                 ; |LIFO|RAM16_8:inst8|RAM4_4:inst8|inst17                 ; out0             ;
; |LIFO|RAM16_8:inst8|RAM4_4:inst8|IN~1                   ; |LIFO|RAM16_8:inst8|RAM4_4:inst8|IN~1                   ; out0             ;
; |LIFO|RAM16_8:inst8|RAM4_4:inst8|IN~2                   ; |LIFO|RAM16_8:inst8|RAM4_4:inst8|IN~2                   ; out0             ;
; |LIFO|RAM16_8:inst8|RAM4_4:inst8|IN~3                   ; |LIFO|RAM16_8:inst8|RAM4_4:inst8|IN~3                   ; out0             ;
; |LIFO|RAM16_8:inst8|RAM4_4:inst8|MC:inst8|inst1         ; |LIFO|RAM16_8:inst8|RAM4_4:inst8|MC:inst8|inst1         ; out0             ;
; |LIFO|RAM16_8:inst8|RAM4_4:inst8|MC:inst11|inst1        ; |LIFO|RAM16_8:inst8|RAM4_4:inst8|MC:inst11|inst1        ; out0             ;
; |LIFO|RAM16_8:inst8|RAM4_4:inst8|MC:inst16|inst1        ; |LIFO|RAM16_8:inst8|RAM4_4:inst8|MC:inst16|inst1        ; out0             ;
; |LIFO|RAM16_8:inst8|RAM4_4:inst8|MC:inst4|inst3         ; |LIFO|RAM16_8:inst8|RAM4_4:inst8|MC:inst4|inst3         ; out              ;
; |LIFO|RAM16_8:inst8|RAM4_4:inst8|MC:inst4|inst          ; |LIFO|RAM16_8:inst8|RAM4_4:inst8|MC:inst4|inst          ; out              ;
; |LIFO|RAM16_8:inst8|RAM4_4:inst8|MC:inst4|inst1         ; |LIFO|RAM16_8:inst8|RAM4_4:inst8|MC:inst4|inst1         ; out0             ;
; |LIFO|RAM16_8:inst8|RAM4_4:inst8|MC:inst15|inst1        ; |LIFO|RAM16_8:inst8|RAM4_4:inst8|MC:inst15|inst1        ; out0             ;
; |LIFO|RAM16_8:inst8|RAM4_4:inst8|MC:inst10|inst1        ; |LIFO|RAM16_8:inst8|RAM4_4:inst8|MC:inst10|inst1        ; out0             ;
; |LIFO|RAM16_8:inst8|RAM4_4:inst8|MC:inst7|inst1         ; |LIFO|RAM16_8:inst8|RAM4_4:inst8|MC:inst7|inst1         ; out0             ;
; |LIFO|RAM16_8:inst8|RAM4_4:inst8|MC:inst3|inst3         ; |LIFO|RAM16_8:inst8|RAM4_4:inst8|MC:inst3|inst3         ; out              ;
; |LIFO|RAM16_8:inst8|RAM4_4:inst8|MC:inst3|inst          ; |LIFO|RAM16_8:inst8|RAM4_4:inst8|MC:inst3|inst          ; out              ;
; |LIFO|RAM16_8:inst8|RAM4_4:inst8|MC:inst3|inst1         ; |LIFO|RAM16_8:inst8|RAM4_4:inst8|MC:inst3|inst1         ; out0             ;
; |LIFO|RAM16_8:inst8|RAM4_4:inst8|MC:inst14|inst1        ; |LIFO|RAM16_8:inst8|RAM4_4:inst8|MC:inst14|inst1        ; out0             ;
; |LIFO|RAM16_8:inst8|RAM4_4:inst8|MC:inst12|inst1        ; |LIFO|RAM16_8:inst8|RAM4_4:inst8|MC:inst12|inst1        ; out0             ;
; |LIFO|RAM16_8:inst8|RAM4_4:inst8|MC:inst6|inst1         ; |LIFO|RAM16_8:inst8|RAM4_4:inst8|MC:inst6|inst1         ; out0             ;
; |LIFO|RAM16_8:inst8|RAM4_4:inst8|MC:inst2|inst3         ; |LIFO|RAM16_8:inst8|RAM4_4:inst8|MC:inst2|inst3         ; out              ;
; |LIFO|RAM16_8:inst8|RAM4_4:inst8|MC:inst2|inst          ; |LIFO|RAM16_8:inst8|RAM4_4:inst8|MC:inst2|inst          ; out              ;
; |LIFO|RAM16_8:inst8|RAM4_4:inst8|MC:inst2|inst1         ; |LIFO|RAM16_8:inst8|RAM4_4:inst8|MC:inst2|inst1         ; out0             ;
; |LIFO|RAM16_8:inst8|RAM4_4:inst8|MC:inst13|inst1        ; |LIFO|RAM16_8:inst8|RAM4_4:inst8|MC:inst13|inst1        ; out0             ;
; |LIFO|RAM16_8:inst8|RAM4_4:inst8|MC:inst9|inst1         ; |LIFO|RAM16_8:inst8|RAM4_4:inst8|MC:inst9|inst1         ; out0             ;
; |LIFO|RAM16_8:inst8|RAM4_4:inst8|MC:inst5|inst1         ; |LIFO|RAM16_8:inst8|RAM4_4:inst8|MC:inst5|inst1         ; out0             ;
; |LIFO|RAM16_8:inst8|RAM4_4:inst8|Decoder2_4:inst|inst5  ; |LIFO|RAM16_8:inst8|RAM4_4:inst8|Decoder2_4:inst|inst5  ; out0             ;
; |LIFO|RAM16_8:inst8|RAM4_4:inst8|Decoder2_4:inst|inst4  ; |LIFO|RAM16_8:inst8|RAM4_4:inst8|Decoder2_4:inst|inst4  ; out0             ;
; |LIFO|RAM16_8:inst8|RAM4_4:inst8|Decoder2_4:inst|inst3  ; |LIFO|RAM16_8:inst8|RAM4_4:inst8|Decoder2_4:inst|inst3  ; out0             ;
; |LIFO|RAM16_8:inst8|RAM4_4:inst8|Decoder2_4:inst|inst2  ; |LIFO|RAM16_8:inst8|RAM4_4:inst8|Decoder2_4:inst|inst2  ; out0             ;
; |LIFO|RAM16_8:inst8|RAM4_4:inst8|MC:inst1|inst1         ; |LIFO|RAM16_8:inst8|RAM4_4:inst8|MC:inst1|inst1         ; out0             ;
; |LIFO|RAM16_8:inst8|RAM4_4:inst4|inst18                 ; |LIFO|RAM16_8:inst8|RAM4_4:inst4|inst18                 ; out0             ;
; |LIFO|RAM16_8:inst8|RAM4_4:inst4|MC:inst8|inst1         ; |LIFO|RAM16_8:inst8|RAM4_4:inst4|MC:inst8|inst1         ; out0             ;
; |LIFO|RAM16_8:inst8|RAM4_4:inst4|MC:inst11|inst1        ; |LIFO|RAM16_8:inst8|RAM4_4:inst4|MC:inst11|inst1        ; out0             ;
; |LIFO|RAM16_8:inst8|RAM4_4:inst4|MC:inst16|inst1        ; |LIFO|RAM16_8:inst8|RAM4_4:inst4|MC:inst16|inst1        ; out0             ;
; |LIFO|RAM16_8:inst8|RAM4_4:inst4|MC:inst4|inst1         ; |LIFO|RAM16_8:inst8|RAM4_4:inst4|MC:inst4|inst1         ; out0             ;
; |LIFO|RAM16_8:inst8|RAM4_4:inst4|MC:inst15|inst1        ; |LIFO|RAM16_8:inst8|RAM4_4:inst4|MC:inst15|inst1        ; out0             ;
; |LIFO|RAM16_8:inst8|RAM4_4:inst4|MC:inst10|inst1        ; |LIFO|RAM16_8:inst8|RAM4_4:inst4|MC:inst10|inst1        ; out0             ;
; |LIFO|RAM16_8:inst8|RAM4_4:inst4|MC:inst7|inst1         ; |LIFO|RAM16_8:inst8|RAM4_4:inst4|MC:inst7|inst1         ; out0             ;
; |LIFO|RAM16_8:inst8|RAM4_4:inst4|MC:inst3|inst1         ; |LIFO|RAM16_8:inst8|RAM4_4:inst4|MC:inst3|inst1         ; out0             ;
; |LIFO|RAM16_8:inst8|RAM4_4:inst4|MC:inst14|inst1        ; |LIFO|RAM16_8:inst8|RAM4_4:inst4|MC:inst14|inst1        ; out0             ;
; |LIFO|RAM16_8:inst8|RAM4_4:inst4|MC:inst12|inst1        ; |LIFO|RAM16_8:inst8|RAM4_4:inst4|MC:inst12|inst1        ; out0             ;
; |LIFO|RAM16_8:inst8|RAM4_4:inst4|MC:inst6|inst1         ; |LIFO|RAM16_8:inst8|RAM4_4:inst4|MC:inst6|inst1         ; out0             ;
; |LIFO|RAM16_8:inst8|RAM4_4:inst4|MC:inst2|inst1         ; |LIFO|RAM16_8:inst8|RAM4_4:inst4|MC:inst2|inst1         ; out0             ;
; |LIFO|RAM16_8:inst8|RAM4_4:inst4|MC:inst13|inst1        ; |LIFO|RAM16_8:inst8|RAM4_4:inst4|MC:inst13|inst1        ; out0             ;
; |LIFO|RAM16_8:inst8|RAM4_4:inst4|MC:inst9|inst1         ; |LIFO|RAM16_8:inst8|RAM4_4:inst4|MC:inst9|inst1         ; out0             ;
; |LIFO|RAM16_8:inst8|RAM4_4:inst4|MC:inst5|inst1         ; |LIFO|RAM16_8:inst8|RAM4_4:inst4|MC:inst5|inst1         ; out0             ;
; |LIFO|RAM16_8:inst8|RAM4_4:inst4|Decoder2_4:inst|inst5  ; |LIFO|RAM16_8:inst8|RAM4_4:inst4|Decoder2_4:inst|inst5  ; out0             ;
; |LIFO|RAM16_8:inst8|RAM4_4:inst4|Decoder2_4:inst|inst4  ; |LIFO|RAM16_8:inst8|RAM4_4:inst4|Decoder2_4:inst|inst4  ; out0             ;
; |LIFO|RAM16_8:inst8|RAM4_4:inst4|Decoder2_4:inst|inst3  ; |LIFO|RAM16_8:inst8|RAM4_4:inst4|Decoder2_4:inst|inst3  ; out0             ;
; |LIFO|RAM16_8:inst8|RAM4_4:inst4|Decoder2_4:inst|inst2  ; |LIFO|RAM16_8:inst8|RAM4_4:inst4|Decoder2_4:inst|inst2  ; out0             ;
; |LIFO|RAM16_8:inst8|RAM4_4:inst4|MC:inst1|inst1         ; |LIFO|RAM16_8:inst8|RAM4_4:inst4|MC:inst1|inst1         ; out0             ;
; |LIFO|RAM16_8:inst8|RAM4_4:inst1|inst25                 ; |LIFO|RAM16_8:inst8|RAM4_4:inst1|inst25                 ; out              ;
; |LIFO|RAM16_8:inst8|RAM4_4:inst1|IN~0                   ; |LIFO|RAM16_8:inst8|RAM4_4:inst1|IN~0                   ; out0             ;
; |LIFO|RAM16_8:inst8|RAM4_4:inst1|inst18                 ; |LIFO|RAM16_8:inst8|RAM4_4:inst1|inst18                 ; out0             ;
; |LIFO|RAM16_8:inst8|RAM4_4:inst1|inst17                 ; |LIFO|RAM16_8:inst8|RAM4_4:inst1|inst17                 ; out0             ;
; |LIFO|RAM16_8:inst8|RAM4_4:inst1|inst24                 ; |LIFO|RAM16_8:inst8|RAM4_4:inst1|inst24                 ; out              ;
; |LIFO|RAM16_8:inst8|RAM4_4:inst1|IN~1                   ; |LIFO|RAM16_8:inst8|RAM4_4:inst1|IN~1                   ; out0             ;
; |LIFO|RAM16_8:inst8|RAM4_4:inst1|inst22                 ; |LIFO|RAM16_8:inst8|RAM4_4:inst1|inst22                 ; out              ;
; |LIFO|RAM16_8:inst8|RAM4_4:inst1|IN~2                   ; |LIFO|RAM16_8:inst8|RAM4_4:inst1|IN~2                   ; out0             ;
; |LIFO|RAM16_8:inst8|RAM4_4:inst1|inst23                 ; |LIFO|RAM16_8:inst8|RAM4_4:inst1|inst23                 ; out              ;
; |LIFO|RAM16_8:inst8|RAM4_4:inst1|IN~3                   ; |LIFO|RAM16_8:inst8|RAM4_4:inst1|IN~3                   ; out0             ;
; |LIFO|RAM16_8:inst8|RAM4_4:inst1|MC:inst8|inst3         ; |LIFO|RAM16_8:inst8|RAM4_4:inst1|MC:inst8|inst3         ; out              ;
; |LIFO|RAM16_8:inst8|RAM4_4:inst1|MC:inst8|inst          ; |LIFO|RAM16_8:inst8|RAM4_4:inst1|MC:inst8|inst          ; out              ;
; |LIFO|RAM16_8:inst8|RAM4_4:inst1|MC:inst8|inst1         ; |LIFO|RAM16_8:inst8|RAM4_4:inst1|MC:inst8|inst1         ; out0             ;
; |LIFO|RAM16_8:inst8|RAM4_4:inst1|MC:inst11|inst3        ; |LIFO|RAM16_8:inst8|RAM4_4:inst1|MC:inst11|inst3        ; out              ;
; |LIFO|RAM16_8:inst8|RAM4_4:inst1|MC:inst11|inst         ; |LIFO|RAM16_8:inst8|RAM4_4:inst1|MC:inst11|inst         ; out              ;
; |LIFO|RAM16_8:inst8|RAM4_4:inst1|MC:inst11|inst1        ; |LIFO|RAM16_8:inst8|RAM4_4:inst1|MC:inst11|inst1        ; out0             ;
; |LIFO|RAM16_8:inst8|RAM4_4:inst1|MC:inst16|inst3        ; |LIFO|RAM16_8:inst8|RAM4_4:inst1|MC:inst16|inst3        ; out              ;
; |LIFO|RAM16_8:inst8|RAM4_4:inst1|MC:inst16|inst         ; |LIFO|RAM16_8:inst8|RAM4_4:inst1|MC:inst16|inst         ; out              ;
; |LIFO|RAM16_8:inst8|RAM4_4:inst1|MC:inst16|inst1        ; |LIFO|RAM16_8:inst8|RAM4_4:inst1|MC:inst16|inst1        ; out0             ;
; |LIFO|RAM16_8:inst8|RAM4_4:inst1|MC:inst4|inst1         ; |LIFO|RAM16_8:inst8|RAM4_4:inst1|MC:inst4|inst1         ; out0             ;
; |LIFO|RAM16_8:inst8|RAM4_4:inst1|MC:inst15|inst3        ; |LIFO|RAM16_8:inst8|RAM4_4:inst1|MC:inst15|inst3        ; out              ;
; |LIFO|RAM16_8:inst8|RAM4_4:inst1|MC:inst15|inst         ; |LIFO|RAM16_8:inst8|RAM4_4:inst1|MC:inst15|inst         ; out              ;
; |LIFO|RAM16_8:inst8|RAM4_4:inst1|MC:inst15|inst1        ; |LIFO|RAM16_8:inst8|RAM4_4:inst1|MC:inst15|inst1        ; out0             ;
; |LIFO|RAM16_8:inst8|RAM4_4:inst1|MC:inst10|inst3        ; |LIFO|RAM16_8:inst8|RAM4_4:inst1|MC:inst10|inst3        ; out              ;
; |LIFO|RAM16_8:inst8|RAM4_4:inst1|MC:inst10|inst         ; |LIFO|RAM16_8:inst8|RAM4_4:inst1|MC:inst10|inst         ; out              ;
; |LIFO|RAM16_8:inst8|RAM4_4:inst1|MC:inst10|inst1        ; |LIFO|RAM16_8:inst8|RAM4_4:inst1|MC:inst10|inst1        ; out0             ;
; |LIFO|RAM16_8:inst8|RAM4_4:inst1|MC:inst7|inst3         ; |LIFO|RAM16_8:inst8|RAM4_4:inst1|MC:inst7|inst3         ; out              ;
; |LIFO|RAM16_8:inst8|RAM4_4:inst1|MC:inst7|inst          ; |LIFO|RAM16_8:inst8|RAM4_4:inst1|MC:inst7|inst          ; out              ;
; |LIFO|RAM16_8:inst8|RAM4_4:inst1|MC:inst7|inst1         ; |LIFO|RAM16_8:inst8|RAM4_4:inst1|MC:inst7|inst1         ; out0             ;
; |LIFO|RAM16_8:inst8|RAM4_4:inst1|MC:inst3|inst1         ; |LIFO|RAM16_8:inst8|RAM4_4:inst1|MC:inst3|inst1         ; out0             ;
; |LIFO|RAM16_8:inst8|RAM4_4:inst1|MC:inst14|inst1        ; |LIFO|RAM16_8:inst8|RAM4_4:inst1|MC:inst14|inst1        ; out0             ;
; |LIFO|RAM16_8:inst8|RAM4_4:inst1|MC:inst12|inst3        ; |LIFO|RAM16_8:inst8|RAM4_4:inst1|MC:inst12|inst3        ; out              ;
; |LIFO|RAM16_8:inst8|RAM4_4:inst1|MC:inst12|inst         ; |LIFO|RAM16_8:inst8|RAM4_4:inst1|MC:inst12|inst         ; out              ;
; |LIFO|RAM16_8:inst8|RAM4_4:inst1|MC:inst12|inst1        ; |LIFO|RAM16_8:inst8|RAM4_4:inst1|MC:inst12|inst1        ; out0             ;
; |LIFO|RAM16_8:inst8|RAM4_4:inst1|MC:inst6|inst1         ; |LIFO|RAM16_8:inst8|RAM4_4:inst1|MC:inst6|inst1         ; out0             ;
; |LIFO|RAM16_8:inst8|RAM4_4:inst1|MC:inst2|inst1         ; |LIFO|RAM16_8:inst8|RAM4_4:inst1|MC:inst2|inst1         ; out0             ;
; |LIFO|RAM16_8:inst8|RAM4_4:inst1|MC:inst13|inst3        ; |LIFO|RAM16_8:inst8|RAM4_4:inst1|MC:inst13|inst3        ; out              ;
; |LIFO|RAM16_8:inst8|RAM4_4:inst1|MC:inst13|inst         ; |LIFO|RAM16_8:inst8|RAM4_4:inst1|MC:inst13|inst         ; out              ;
; |LIFO|RAM16_8:inst8|RAM4_4:inst1|MC:inst13|inst1        ; |LIFO|RAM16_8:inst8|RAM4_4:inst1|MC:inst13|inst1        ; out0             ;
; |LIFO|RAM16_8:inst8|RAM4_4:inst1|MC:inst9|inst3         ; |LIFO|RAM16_8:inst8|RAM4_4:inst1|MC:inst9|inst3         ; out              ;
; |LIFO|RAM16_8:inst8|RAM4_4:inst1|MC:inst9|inst          ; |LIFO|RAM16_8:inst8|RAM4_4:inst1|MC:inst9|inst          ; out              ;
; |LIFO|RAM16_8:inst8|RAM4_4:inst1|MC:inst9|inst1         ; |LIFO|RAM16_8:inst8|RAM4_4:inst1|MC:inst9|inst1         ; out0             ;
; |LIFO|RAM16_8:inst8|RAM4_4:inst1|MC:inst5|inst1         ; |LIFO|RAM16_8:inst8|RAM4_4:inst1|MC:inst5|inst1         ; out0             ;
; |LIFO|RAM16_8:inst8|RAM4_4:inst1|Decoder2_4:inst|inst5  ; |LIFO|RAM16_8:inst8|RAM4_4:inst1|Decoder2_4:inst|inst5  ; out0             ;
; |LIFO|RAM16_8:inst8|RAM4_4:inst1|Decoder2_4:inst|inst4  ; |LIFO|RAM16_8:inst8|RAM4_4:inst1|Decoder2_4:inst|inst4  ; out0             ;
; |LIFO|RAM16_8:inst8|RAM4_4:inst1|Decoder2_4:inst|inst3  ; |LIFO|RAM16_8:inst8|RAM4_4:inst1|Decoder2_4:inst|inst3  ; out0             ;
; |LIFO|RAM16_8:inst8|RAM4_4:inst1|Decoder2_4:inst|inst2  ; |LIFO|RAM16_8:inst8|RAM4_4:inst1|Decoder2_4:inst|inst2  ; out0             ;
; |LIFO|RAM16_8:inst8|RAM4_4:inst1|MC:inst1|inst1         ; |LIFO|RAM16_8:inst8|RAM4_4:inst1|MC:inst1|inst1         ; out0             ;
; |LIFO|RAM16_8:inst8|RAM4_4:inst6|inst18                 ; |LIFO|RAM16_8:inst8|RAM4_4:inst6|inst18                 ; out0             ;
; |LIFO|RAM16_8:inst8|RAM4_4:inst6|MC:inst8|inst1         ; |LIFO|RAM16_8:inst8|RAM4_4:inst6|MC:inst8|inst1         ; out0             ;
; |LIFO|RAM16_8:inst8|RAM4_4:inst6|MC:inst11|inst1        ; |LIFO|RAM16_8:inst8|RAM4_4:inst6|MC:inst11|inst1        ; out0             ;
; |LIFO|RAM16_8:inst8|RAM4_4:inst6|MC:inst16|inst1        ; |LIFO|RAM16_8:inst8|RAM4_4:inst6|MC:inst16|inst1        ; out0             ;
; |LIFO|RAM16_8:inst8|RAM4_4:inst6|MC:inst4|inst1         ; |LIFO|RAM16_8:inst8|RAM4_4:inst6|MC:inst4|inst1         ; out0             ;
; |LIFO|RAM16_8:inst8|RAM4_4:inst6|MC:inst15|inst1        ; |LIFO|RAM16_8:inst8|RAM4_4:inst6|MC:inst15|inst1        ; out0             ;
; |LIFO|RAM16_8:inst8|RAM4_4:inst6|MC:inst10|inst1        ; |LIFO|RAM16_8:inst8|RAM4_4:inst6|MC:inst10|inst1        ; out0             ;
; |LIFO|RAM16_8:inst8|RAM4_4:inst6|MC:inst7|inst1         ; |LIFO|RAM16_8:inst8|RAM4_4:inst6|MC:inst7|inst1         ; out0             ;
; |LIFO|RAM16_8:inst8|RAM4_4:inst6|MC:inst3|inst1         ; |LIFO|RAM16_8:inst8|RAM4_4:inst6|MC:inst3|inst1         ; out0             ;
; |LIFO|RAM16_8:inst8|RAM4_4:inst6|MC:inst14|inst1        ; |LIFO|RAM16_8:inst8|RAM4_4:inst6|MC:inst14|inst1        ; out0             ;
; |LIFO|RAM16_8:inst8|RAM4_4:inst6|MC:inst12|inst1        ; |LIFO|RAM16_8:inst8|RAM4_4:inst6|MC:inst12|inst1        ; out0             ;
; |LIFO|RAM16_8:inst8|RAM4_4:inst6|MC:inst6|inst1         ; |LIFO|RAM16_8:inst8|RAM4_4:inst6|MC:inst6|inst1         ; out0             ;
; |LIFO|RAM16_8:inst8|RAM4_4:inst6|MC:inst2|inst1         ; |LIFO|RAM16_8:inst8|RAM4_4:inst6|MC:inst2|inst1         ; out0             ;
; |LIFO|RAM16_8:inst8|RAM4_4:inst6|MC:inst13|inst1        ; |LIFO|RAM16_8:inst8|RAM4_4:inst6|MC:inst13|inst1        ; out0             ;
; |LIFO|RAM16_8:inst8|RAM4_4:inst6|MC:inst9|inst1         ; |LIFO|RAM16_8:inst8|RAM4_4:inst6|MC:inst9|inst1         ; out0             ;
; |LIFO|RAM16_8:inst8|RAM4_4:inst6|MC:inst5|inst1         ; |LIFO|RAM16_8:inst8|RAM4_4:inst6|MC:inst5|inst1         ; out0             ;
; |LIFO|RAM16_8:inst8|RAM4_4:inst6|Decoder2_4:inst|inst5  ; |LIFO|RAM16_8:inst8|RAM4_4:inst6|Decoder2_4:inst|inst5  ; out0             ;
; |LIFO|RAM16_8:inst8|RAM4_4:inst6|Decoder2_4:inst|inst4  ; |LIFO|RAM16_8:inst8|RAM4_4:inst6|Decoder2_4:inst|inst4  ; out0             ;
; |LIFO|RAM16_8:inst8|RAM4_4:inst6|Decoder2_4:inst|inst3  ; |LIFO|RAM16_8:inst8|RAM4_4:inst6|Decoder2_4:inst|inst3  ; out0             ;
; |LIFO|RAM16_8:inst8|RAM4_4:inst6|Decoder2_4:inst|inst2  ; |LIFO|RAM16_8:inst8|RAM4_4:inst6|Decoder2_4:inst|inst2  ; out0             ;
; |LIFO|RAM16_8:inst8|RAM4_4:inst6|MC:inst1|inst1         ; |LIFO|RAM16_8:inst8|RAM4_4:inst6|MC:inst1|inst1         ; out0             ;
; |LIFO|RAM16_8:inst8|RAM4_4:inst13|inst18                ; |LIFO|RAM16_8:inst8|RAM4_4:inst13|inst18                ; out0             ;
; |LIFO|RAM16_8:inst8|RAM4_4:inst13|inst17                ; |LIFO|RAM16_8:inst8|RAM4_4:inst13|inst17                ; out0             ;
; |LIFO|RAM16_8:inst8|RAM4_4:inst13|MC:inst8|inst1        ; |LIFO|RAM16_8:inst8|RAM4_4:inst13|MC:inst8|inst1        ; out0             ;
; |LIFO|RAM16_8:inst8|RAM4_4:inst13|MC:inst11|inst1       ; |LIFO|RAM16_8:inst8|RAM4_4:inst13|MC:inst11|inst1       ; out0             ;
; |LIFO|RAM16_8:inst8|RAM4_4:inst13|MC:inst16|inst1       ; |LIFO|RAM16_8:inst8|RAM4_4:inst13|MC:inst16|inst1       ; out0             ;
; |LIFO|RAM16_8:inst8|RAM4_4:inst13|MC:inst4|inst1        ; |LIFO|RAM16_8:inst8|RAM4_4:inst13|MC:inst4|inst1        ; out0             ;
; |LIFO|RAM16_8:inst8|RAM4_4:inst13|MC:inst15|inst1       ; |LIFO|RAM16_8:inst8|RAM4_4:inst13|MC:inst15|inst1       ; out0             ;
; |LIFO|RAM16_8:inst8|RAM4_4:inst13|MC:inst10|inst1       ; |LIFO|RAM16_8:inst8|RAM4_4:inst13|MC:inst10|inst1       ; out0             ;
; |LIFO|RAM16_8:inst8|RAM4_4:inst13|MC:inst7|inst1        ; |LIFO|RAM16_8:inst8|RAM4_4:inst13|MC:inst7|inst1        ; out0             ;
; |LIFO|RAM16_8:inst8|RAM4_4:inst13|MC:inst3|inst1        ; |LIFO|RAM16_8:inst8|RAM4_4:inst13|MC:inst3|inst1        ; out0             ;
; |LIFO|RAM16_8:inst8|RAM4_4:inst13|MC:inst14|inst1       ; |LIFO|RAM16_8:inst8|RAM4_4:inst13|MC:inst14|inst1       ; out0             ;
; |LIFO|RAM16_8:inst8|RAM4_4:inst13|MC:inst12|inst1       ; |LIFO|RAM16_8:inst8|RAM4_4:inst13|MC:inst12|inst1       ; out0             ;
; |LIFO|RAM16_8:inst8|RAM4_4:inst13|MC:inst6|inst1        ; |LIFO|RAM16_8:inst8|RAM4_4:inst13|MC:inst6|inst1        ; out0             ;
; |LIFO|RAM16_8:inst8|RAM4_4:inst13|MC:inst2|inst1        ; |LIFO|RAM16_8:inst8|RAM4_4:inst13|MC:inst2|inst1        ; out0             ;
; |LIFO|RAM16_8:inst8|RAM4_4:inst13|MC:inst13|inst1       ; |LIFO|RAM16_8:inst8|RAM4_4:inst13|MC:inst13|inst1       ; out0             ;
; |LIFO|RAM16_8:inst8|RAM4_4:inst13|MC:inst9|inst1        ; |LIFO|RAM16_8:inst8|RAM4_4:inst13|MC:inst9|inst1        ; out0             ;
; |LIFO|RAM16_8:inst8|RAM4_4:inst13|MC:inst5|inst1        ; |LIFO|RAM16_8:inst8|RAM4_4:inst13|MC:inst5|inst1        ; out0             ;
; |LIFO|RAM16_8:inst8|RAM4_4:inst13|Decoder2_4:inst|inst5 ; |LIFO|RAM16_8:inst8|RAM4_4:inst13|Decoder2_4:inst|inst5 ; out0             ;
; |LIFO|RAM16_8:inst8|RAM4_4:inst13|Decoder2_4:inst|inst4 ; |LIFO|RAM16_8:inst8|RAM4_4:inst13|Decoder2_4:inst|inst4 ; out0             ;
; |LIFO|RAM16_8:inst8|RAM4_4:inst13|Decoder2_4:inst|inst3 ; |LIFO|RAM16_8:inst8|RAM4_4:inst13|Decoder2_4:inst|inst3 ; out0             ;
; |LIFO|RAM16_8:inst8|RAM4_4:inst13|Decoder2_4:inst|inst2 ; |LIFO|RAM16_8:inst8|RAM4_4:inst13|Decoder2_4:inst|inst2 ; out0             ;
; |LIFO|RAM16_8:inst8|RAM4_4:inst13|MC:inst1|inst1        ; |LIFO|RAM16_8:inst8|RAM4_4:inst13|MC:inst1|inst1        ; out0             ;
; |LIFO|RAM16_8:inst8|RAM4_4:inst9|IN~0                   ; |LIFO|RAM16_8:inst8|RAM4_4:inst9|IN~0                   ; out0             ;
; |LIFO|RAM16_8:inst8|RAM4_4:inst9|inst18                 ; |LIFO|RAM16_8:inst8|RAM4_4:inst9|inst18                 ; out0             ;
; |LIFO|RAM16_8:inst8|RAM4_4:inst9|inst17                 ; |LIFO|RAM16_8:inst8|RAM4_4:inst9|inst17                 ; out0             ;
; |LIFO|RAM16_8:inst8|RAM4_4:inst9|IN~1                   ; |LIFO|RAM16_8:inst8|RAM4_4:inst9|IN~1                   ; out0             ;
; |LIFO|RAM16_8:inst8|RAM4_4:inst9|IN~2                   ; |LIFO|RAM16_8:inst8|RAM4_4:inst9|IN~2                   ; out0             ;
; |LIFO|RAM16_8:inst8|RAM4_4:inst9|MC:inst8|inst1         ; |LIFO|RAM16_8:inst8|RAM4_4:inst9|MC:inst8|inst1         ; out0             ;
; |LIFO|RAM16_8:inst8|RAM4_4:inst9|MC:inst11|inst1        ; |LIFO|RAM16_8:inst8|RAM4_4:inst9|MC:inst11|inst1        ; out0             ;
; |LIFO|RAM16_8:inst8|RAM4_4:inst9|MC:inst16|inst1        ; |LIFO|RAM16_8:inst8|RAM4_4:inst9|MC:inst16|inst1        ; out0             ;
; |LIFO|RAM16_8:inst8|RAM4_4:inst9|MC:inst4|inst1         ; |LIFO|RAM16_8:inst8|RAM4_4:inst9|MC:inst4|inst1         ; out0             ;
; |LIFO|RAM16_8:inst8|RAM4_4:inst9|MC:inst15|inst1        ; |LIFO|RAM16_8:inst8|RAM4_4:inst9|MC:inst15|inst1        ; out0             ;
; |LIFO|RAM16_8:inst8|RAM4_4:inst9|MC:inst10|inst1        ; |LIFO|RAM16_8:inst8|RAM4_4:inst9|MC:inst10|inst1        ; out0             ;
; |LIFO|RAM16_8:inst8|RAM4_4:inst9|MC:inst7|inst1         ; |LIFO|RAM16_8:inst8|RAM4_4:inst9|MC:inst7|inst1         ; out0             ;
; |LIFO|RAM16_8:inst8|RAM4_4:inst9|MC:inst3|inst3         ; |LIFO|RAM16_8:inst8|RAM4_4:inst9|MC:inst3|inst3         ; out              ;
; |LIFO|RAM16_8:inst8|RAM4_4:inst9|MC:inst3|inst          ; |LIFO|RAM16_8:inst8|RAM4_4:inst9|MC:inst3|inst          ; out              ;
; |LIFO|RAM16_8:inst8|RAM4_4:inst9|MC:inst3|inst1         ; |LIFO|RAM16_8:inst8|RAM4_4:inst9|MC:inst3|inst1         ; out0             ;
; |LIFO|RAM16_8:inst8|RAM4_4:inst9|MC:inst14|inst1        ; |LIFO|RAM16_8:inst8|RAM4_4:inst9|MC:inst14|inst1        ; out0             ;
; |LIFO|RAM16_8:inst8|RAM4_4:inst9|MC:inst12|inst1        ; |LIFO|RAM16_8:inst8|RAM4_4:inst9|MC:inst12|inst1        ; out0             ;
; |LIFO|RAM16_8:inst8|RAM4_4:inst9|MC:inst6|inst1         ; |LIFO|RAM16_8:inst8|RAM4_4:inst9|MC:inst6|inst1         ; out0             ;
; |LIFO|RAM16_8:inst8|RAM4_4:inst9|MC:inst2|inst3         ; |LIFO|RAM16_8:inst8|RAM4_4:inst9|MC:inst2|inst3         ; out              ;
; |LIFO|RAM16_8:inst8|RAM4_4:inst9|MC:inst2|inst          ; |LIFO|RAM16_8:inst8|RAM4_4:inst9|MC:inst2|inst          ; out              ;
; |LIFO|RAM16_8:inst8|RAM4_4:inst9|MC:inst2|inst1         ; |LIFO|RAM16_8:inst8|RAM4_4:inst9|MC:inst2|inst1         ; out0             ;
; |LIFO|RAM16_8:inst8|RAM4_4:inst9|MC:inst13|inst1        ; |LIFO|RAM16_8:inst8|RAM4_4:inst9|MC:inst13|inst1        ; out0             ;
; |LIFO|RAM16_8:inst8|RAM4_4:inst9|MC:inst9|inst1         ; |LIFO|RAM16_8:inst8|RAM4_4:inst9|MC:inst9|inst1         ; out0             ;
; |LIFO|RAM16_8:inst8|RAM4_4:inst9|MC:inst5|inst1         ; |LIFO|RAM16_8:inst8|RAM4_4:inst9|MC:inst5|inst1         ; out0             ;
; |LIFO|RAM16_8:inst8|RAM4_4:inst9|Decoder2_4:inst|inst5  ; |LIFO|RAM16_8:inst8|RAM4_4:inst9|Decoder2_4:inst|inst5  ; out0             ;
; |LIFO|RAM16_8:inst8|RAM4_4:inst9|Decoder2_4:inst|inst4  ; |LIFO|RAM16_8:inst8|RAM4_4:inst9|Decoder2_4:inst|inst4  ; out0             ;
; |LIFO|RAM16_8:inst8|RAM4_4:inst9|Decoder2_4:inst|inst3  ; |LIFO|RAM16_8:inst8|RAM4_4:inst9|Decoder2_4:inst|inst3  ; out0             ;
; |LIFO|RAM16_8:inst8|RAM4_4:inst9|Decoder2_4:inst|inst2  ; |LIFO|RAM16_8:inst8|RAM4_4:inst9|Decoder2_4:inst|inst2  ; out0             ;
; |LIFO|RAM16_8:inst8|RAM4_4:inst9|MC:inst1|inst3         ; |LIFO|RAM16_8:inst8|RAM4_4:inst9|MC:inst1|inst3         ; out              ;
; |LIFO|RAM16_8:inst8|RAM4_4:inst9|MC:inst1|inst          ; |LIFO|RAM16_8:inst8|RAM4_4:inst9|MC:inst1|inst          ; out              ;
; |LIFO|RAM16_8:inst8|RAM4_4:inst9|MC:inst1|inst1         ; |LIFO|RAM16_8:inst8|RAM4_4:inst9|MC:inst1|inst1         ; out0             ;
; |LIFO|RAM16_8:inst8|Decoder2_4:inst27|inst5             ; |LIFO|RAM16_8:inst8|Decoder2_4:inst27|inst5             ; out0             ;
; |LIFO|RAM16_8:inst8|Decoder2_4:inst27|inst4             ; |LIFO|RAM16_8:inst8|Decoder2_4:inst27|inst4             ; out0             ;
; |LIFO|RAM16_8:inst8|Decoder2_4:inst27|inst3             ; |LIFO|RAM16_8:inst8|Decoder2_4:inst27|inst3             ; out0             ;
; |LIFO|RAM16_8:inst8|Decoder2_4:inst27|inst2             ; |LIFO|RAM16_8:inst8|Decoder2_4:inst27|inst2             ; out0             ;
; |LIFO|RAM16_8:inst8|RAM4_4:inst3|inst25                 ; |LIFO|RAM16_8:inst8|RAM4_4:inst3|inst25                 ; out              ;
; |LIFO|RAM16_8:inst8|RAM4_4:inst3|IN~0                   ; |LIFO|RAM16_8:inst8|RAM4_4:inst3|IN~0                   ; out0             ;
; |LIFO|RAM16_8:inst8|RAM4_4:inst3|inst18                 ; |LIFO|RAM16_8:inst8|RAM4_4:inst3|inst18                 ; out0             ;
; |LIFO|RAM16_8:inst8|RAM4_4:inst3|inst17                 ; |LIFO|RAM16_8:inst8|RAM4_4:inst3|inst17                 ; out0             ;
; |LIFO|RAM16_8:inst8|RAM4_4:inst3|inst24                 ; |LIFO|RAM16_8:inst8|RAM4_4:inst3|inst24                 ; out              ;
; |LIFO|RAM16_8:inst8|RAM4_4:inst3|IN~1                   ; |LIFO|RAM16_8:inst8|RAM4_4:inst3|IN~1                   ; out0             ;
; |LIFO|RAM16_8:inst8|RAM4_4:inst3|inst22                 ; |LIFO|RAM16_8:inst8|RAM4_4:inst3|inst22                 ; out              ;
; |LIFO|RAM16_8:inst8|RAM4_4:inst3|IN~2                   ; |LIFO|RAM16_8:inst8|RAM4_4:inst3|IN~2                   ; out0             ;
; |LIFO|RAM16_8:inst8|RAM4_4:inst3|inst23                 ; |LIFO|RAM16_8:inst8|RAM4_4:inst3|inst23                 ; out              ;
; |LIFO|RAM16_8:inst8|RAM4_4:inst3|IN~3                   ; |LIFO|RAM16_8:inst8|RAM4_4:inst3|IN~3                   ; out0             ;
; |LIFO|RAM16_8:inst8|RAM4_4:inst3|MC:inst8|inst3         ; |LIFO|RAM16_8:inst8|RAM4_4:inst3|MC:inst8|inst3         ; out              ;
; |LIFO|RAM16_8:inst8|RAM4_4:inst3|MC:inst8|inst          ; |LIFO|RAM16_8:inst8|RAM4_4:inst3|MC:inst8|inst          ; out              ;
; |LIFO|RAM16_8:inst8|RAM4_4:inst3|MC:inst8|inst1         ; |LIFO|RAM16_8:inst8|RAM4_4:inst3|MC:inst8|inst1         ; out0             ;
; |LIFO|RAM16_8:inst8|RAM4_4:inst3|MC:inst11|inst3        ; |LIFO|RAM16_8:inst8|RAM4_4:inst3|MC:inst11|inst3        ; out              ;
; |LIFO|RAM16_8:inst8|RAM4_4:inst3|MC:inst11|inst         ; |LIFO|RAM16_8:inst8|RAM4_4:inst3|MC:inst11|inst         ; out              ;
; |LIFO|RAM16_8:inst8|RAM4_4:inst3|MC:inst11|inst1        ; |LIFO|RAM16_8:inst8|RAM4_4:inst3|MC:inst11|inst1        ; out0             ;
; |LIFO|RAM16_8:inst8|RAM4_4:inst3|MC:inst16|inst3        ; |LIFO|RAM16_8:inst8|RAM4_4:inst3|MC:inst16|inst3        ; out              ;
; |LIFO|RAM16_8:inst8|RAM4_4:inst3|MC:inst16|inst         ; |LIFO|RAM16_8:inst8|RAM4_4:inst3|MC:inst16|inst         ; out              ;
; |LIFO|RAM16_8:inst8|RAM4_4:inst3|MC:inst16|inst1        ; |LIFO|RAM16_8:inst8|RAM4_4:inst3|MC:inst16|inst1        ; out0             ;
; |LIFO|RAM16_8:inst8|RAM4_4:inst3|MC:inst4|inst1         ; |LIFO|RAM16_8:inst8|RAM4_4:inst3|MC:inst4|inst1         ; out0             ;
; |LIFO|RAM16_8:inst8|RAM4_4:inst3|MC:inst15|inst1        ; |LIFO|RAM16_8:inst8|RAM4_4:inst3|MC:inst15|inst1        ; out0             ;
; |LIFO|RAM16_8:inst8|RAM4_4:inst3|MC:inst10|inst3        ; |LIFO|RAM16_8:inst8|RAM4_4:inst3|MC:inst10|inst3        ; out              ;
; |LIFO|RAM16_8:inst8|RAM4_4:inst3|MC:inst10|inst         ; |LIFO|RAM16_8:inst8|RAM4_4:inst3|MC:inst10|inst         ; out              ;
; |LIFO|RAM16_8:inst8|RAM4_4:inst3|MC:inst10|inst1        ; |LIFO|RAM16_8:inst8|RAM4_4:inst3|MC:inst10|inst1        ; out0             ;
; |LIFO|RAM16_8:inst8|RAM4_4:inst3|MC:inst7|inst3         ; |LIFO|RAM16_8:inst8|RAM4_4:inst3|MC:inst7|inst3         ; out              ;
; |LIFO|RAM16_8:inst8|RAM4_4:inst3|MC:inst7|inst          ; |LIFO|RAM16_8:inst8|RAM4_4:inst3|MC:inst7|inst          ; out              ;
; |LIFO|RAM16_8:inst8|RAM4_4:inst3|MC:inst7|inst1         ; |LIFO|RAM16_8:inst8|RAM4_4:inst3|MC:inst7|inst1         ; out0             ;
; |LIFO|RAM16_8:inst8|RAM4_4:inst3|MC:inst3|inst1         ; |LIFO|RAM16_8:inst8|RAM4_4:inst3|MC:inst3|inst1         ; out0             ;
; |LIFO|RAM16_8:inst8|RAM4_4:inst3|MC:inst14|inst1        ; |LIFO|RAM16_8:inst8|RAM4_4:inst3|MC:inst14|inst1        ; out0             ;
; |LIFO|RAM16_8:inst8|RAM4_4:inst3|MC:inst12|inst3        ; |LIFO|RAM16_8:inst8|RAM4_4:inst3|MC:inst12|inst3        ; out              ;
; |LIFO|RAM16_8:inst8|RAM4_4:inst3|MC:inst12|inst         ; |LIFO|RAM16_8:inst8|RAM4_4:inst3|MC:inst12|inst         ; out              ;
; |LIFO|RAM16_8:inst8|RAM4_4:inst3|MC:inst12|inst1        ; |LIFO|RAM16_8:inst8|RAM4_4:inst3|MC:inst12|inst1        ; out0             ;
; |LIFO|RAM16_8:inst8|RAM4_4:inst3|MC:inst6|inst3         ; |LIFO|RAM16_8:inst8|RAM4_4:inst3|MC:inst6|inst3         ; out              ;
; |LIFO|RAM16_8:inst8|RAM4_4:inst3|MC:inst6|inst          ; |LIFO|RAM16_8:inst8|RAM4_4:inst3|MC:inst6|inst          ; out              ;
; |LIFO|RAM16_8:inst8|RAM4_4:inst3|MC:inst6|inst1         ; |LIFO|RAM16_8:inst8|RAM4_4:inst3|MC:inst6|inst1         ; out0             ;
; |LIFO|RAM16_8:inst8|RAM4_4:inst3|MC:inst2|inst1         ; |LIFO|RAM16_8:inst8|RAM4_4:inst3|MC:inst2|inst1         ; out0             ;
; |LIFO|RAM16_8:inst8|RAM4_4:inst3|MC:inst13|inst1        ; |LIFO|RAM16_8:inst8|RAM4_4:inst3|MC:inst13|inst1        ; out0             ;
; |LIFO|RAM16_8:inst8|RAM4_4:inst3|MC:inst9|inst3         ; |LIFO|RAM16_8:inst8|RAM4_4:inst3|MC:inst9|inst3         ; out              ;
; |LIFO|RAM16_8:inst8|RAM4_4:inst3|MC:inst9|inst          ; |LIFO|RAM16_8:inst8|RAM4_4:inst3|MC:inst9|inst          ; out              ;
; |LIFO|RAM16_8:inst8|RAM4_4:inst3|MC:inst9|inst1         ; |LIFO|RAM16_8:inst8|RAM4_4:inst3|MC:inst9|inst1         ; out0             ;
; |LIFO|RAM16_8:inst8|RAM4_4:inst3|MC:inst5|inst3         ; |LIFO|RAM16_8:inst8|RAM4_4:inst3|MC:inst5|inst3         ; out              ;
; |LIFO|RAM16_8:inst8|RAM4_4:inst3|MC:inst5|inst          ; |LIFO|RAM16_8:inst8|RAM4_4:inst3|MC:inst5|inst          ; out              ;
; |LIFO|RAM16_8:inst8|RAM4_4:inst3|MC:inst5|inst1         ; |LIFO|RAM16_8:inst8|RAM4_4:inst3|MC:inst5|inst1         ; out0             ;
; |LIFO|RAM16_8:inst8|RAM4_4:inst3|Decoder2_4:inst|inst5  ; |LIFO|RAM16_8:inst8|RAM4_4:inst3|Decoder2_4:inst|inst5  ; out0             ;
; |LIFO|RAM16_8:inst8|RAM4_4:inst3|Decoder2_4:inst|inst4  ; |LIFO|RAM16_8:inst8|RAM4_4:inst3|Decoder2_4:inst|inst4  ; out0             ;
; |LIFO|RAM16_8:inst8|RAM4_4:inst3|Decoder2_4:inst|inst3  ; |LIFO|RAM16_8:inst8|RAM4_4:inst3|Decoder2_4:inst|inst3  ; out0             ;
; |LIFO|RAM16_8:inst8|RAM4_4:inst3|Decoder2_4:inst|inst2  ; |LIFO|RAM16_8:inst8|RAM4_4:inst3|Decoder2_4:inst|inst2  ; out0             ;
; |LIFO|RAM16_8:inst8|RAM4_4:inst3|MC:inst1|inst1         ; |LIFO|RAM16_8:inst8|RAM4_4:inst3|MC:inst1|inst1         ; out0             ;
; |LIFO|CounterUp_Down:Top|inst                           ; |LIFO|CounterUp_Down:Top|inst                           ; regout           ;
; |LIFO|CounterUp_Down:Top|inst1                          ; |LIFO|CounterUp_Down:Top|inst1                          ; regout           ;
; |LIFO|CounterUp_Down:Top|inst2                          ; |LIFO|CounterUp_Down:Top|inst2                          ; regout           ;
; |LIFO|CounterUp_Down:Top|inst3                          ; |LIFO|CounterUp_Down:Top|inst3                          ; regout           ;
; |LIFO|CounterUp_Down:Top|HAS:inst11|inst17              ; |LIFO|CounterUp_Down:Top|HAS:inst11|inst17              ; out0             ;
; |LIFO|CounterUp_Down:Top|HAS:inst11|inst16              ; |LIFO|CounterUp_Down:Top|HAS:inst11|inst16              ; out0             ;
; |LIFO|CounterUp_Down:Top|HAS:inst11|inst15              ; |LIFO|CounterUp_Down:Top|HAS:inst11|inst15              ; out0             ;
; |LIFO|CounterUp_Down:Top|HAS:inst11|inst14              ; |LIFO|CounterUp_Down:Top|HAS:inst11|inst14              ; out0             ;
; |LIFO|CounterUp_Down:Top|HAS:inst10|inst17              ; |LIFO|CounterUp_Down:Top|HAS:inst10|inst17              ; out0             ;
; |LIFO|CounterUp_Down:Top|HAS:inst10|inst16              ; |LIFO|CounterUp_Down:Top|HAS:inst10|inst16              ; out0             ;
; |LIFO|CounterUp_Down:Top|HAS:inst10|inst15              ; |LIFO|CounterUp_Down:Top|HAS:inst10|inst15              ; out0             ;
; |LIFO|CounterUp_Down:Top|HAS:inst10|inst14              ; |LIFO|CounterUp_Down:Top|HAS:inst10|inst14              ; out0             ;
; |LIFO|CounterUp_Down:Top|HAS:inst9|inst17               ; |LIFO|CounterUp_Down:Top|HAS:inst9|inst17               ; out0             ;
; |LIFO|CounterUp_Down:Top|HAS:inst9|inst16               ; |LIFO|CounterUp_Down:Top|HAS:inst9|inst16               ; out0             ;
; |LIFO|CounterUp_Down:Top|HAS:inst9|inst15               ; |LIFO|CounterUp_Down:Top|HAS:inst9|inst15               ; out0             ;
; |LIFO|CounterUp_Down:Top|HAS:inst9|inst14               ; |LIFO|CounterUp_Down:Top|HAS:inst9|inst14               ; out0             ;
; |LIFO|CounterUp_Down:Top|HAS:inst8|inst17               ; |LIFO|CounterUp_Down:Top|HAS:inst8|inst17               ; out0             ;
+---------------------------------------------------------+---------------------------------------------------------+------------------+


The following table displays output ports that do not toggle to 1 during simulation.
+--------------------------------------------------------------------------------------------------------------------------+
; Missing 1-Value Coverage                                                                                                 ;
+---------------------------------------------------+---------------------------------------------------+------------------+
; Node Name                                         ; Output Port Name                                  ; Output Port Type ;
+---------------------------------------------------+---------------------------------------------------+------------------+
; |LIFO|Enable                                      ; |LIFO|Enable                                      ; out              ;
; |LIFO|RAM16_8:inst8|RAM4_4:inst10|inst25          ; |LIFO|RAM16_8:inst8|RAM4_4:inst10|inst25          ; out              ;
; |LIFO|RAM16_8:inst8|RAM4_4:inst10|IN~0            ; |LIFO|RAM16_8:inst8|RAM4_4:inst10|IN~0            ; out0             ;
; |LIFO|RAM16_8:inst8|RAM4_4:inst10|inst24          ; |LIFO|RAM16_8:inst8|RAM4_4:inst10|inst24          ; out              ;
; |LIFO|RAM16_8:inst8|RAM4_4:inst10|IN~1            ; |LIFO|RAM16_8:inst8|RAM4_4:inst10|IN~1            ; out0             ;
; |LIFO|RAM16_8:inst8|RAM4_4:inst10|inst22          ; |LIFO|RAM16_8:inst8|RAM4_4:inst10|inst22          ; out              ;
; |LIFO|RAM16_8:inst8|RAM4_4:inst10|IN~2            ; |LIFO|RAM16_8:inst8|RAM4_4:inst10|IN~2            ; out0             ;
; |LIFO|RAM16_8:inst8|RAM4_4:inst10|inst23          ; |LIFO|RAM16_8:inst8|RAM4_4:inst10|inst23          ; out              ;
; |LIFO|RAM16_8:inst8|RAM4_4:inst10|IN~3            ; |LIFO|RAM16_8:inst8|RAM4_4:inst10|IN~3            ; out0             ;
; |LIFO|RAM16_8:inst8|RAM4_4:inst10|MC:inst8|inst3  ; |LIFO|RAM16_8:inst8|RAM4_4:inst10|MC:inst8|inst3  ; out              ;
; |LIFO|RAM16_8:inst8|RAM4_4:inst10|MC:inst8|inst   ; |LIFO|RAM16_8:inst8|RAM4_4:inst10|MC:inst8|inst   ; out              ;
; |LIFO|RAM16_8:inst8|RAM4_4:inst10|MC:inst11|inst3 ; |LIFO|RAM16_8:inst8|RAM4_4:inst10|MC:inst11|inst3 ; out              ;
; |LIFO|RAM16_8:inst8|RAM4_4:inst10|MC:inst11|inst  ; |LIFO|RAM16_8:inst8|RAM4_4:inst10|MC:inst11|inst  ; out              ;
; |LIFO|RAM16_8:inst8|RAM4_4:inst10|MC:inst16|inst3 ; |LIFO|RAM16_8:inst8|RAM4_4:inst10|MC:inst16|inst3 ; out              ;
; |LIFO|RAM16_8:inst8|RAM4_4:inst10|MC:inst16|inst  ; |LIFO|RAM16_8:inst8|RAM4_4:inst10|MC:inst16|inst  ; out              ;
; |LIFO|RAM16_8:inst8|RAM4_4:inst10|MC:inst4|inst3  ; |LIFO|RAM16_8:inst8|RAM4_4:inst10|MC:inst4|inst3  ; out              ;
; |LIFO|RAM16_8:inst8|RAM4_4:inst10|MC:inst4|inst   ; |LIFO|RAM16_8:inst8|RAM4_4:inst10|MC:inst4|inst   ; out              ;
; |LIFO|RAM16_8:inst8|RAM4_4:inst10|MC:inst15|inst3 ; |LIFO|RAM16_8:inst8|RAM4_4:inst10|MC:inst15|inst3 ; out              ;
; |LIFO|RAM16_8:inst8|RAM4_4:inst10|MC:inst15|inst  ; |LIFO|RAM16_8:inst8|RAM4_4:inst10|MC:inst15|inst  ; out              ;
; |LIFO|RAM16_8:inst8|RAM4_4:inst10|MC:inst10|inst3 ; |LIFO|RAM16_8:inst8|RAM4_4:inst10|MC:inst10|inst3 ; out              ;
; |LIFO|RAM16_8:inst8|RAM4_4:inst10|MC:inst10|inst  ; |LIFO|RAM16_8:inst8|RAM4_4:inst10|MC:inst10|inst  ; out              ;
; |LIFO|RAM16_8:inst8|RAM4_4:inst10|MC:inst7|inst3  ; |LIFO|RAM16_8:inst8|RAM4_4:inst10|MC:inst7|inst3  ; out              ;
; |LIFO|RAM16_8:inst8|RAM4_4:inst10|MC:inst7|inst   ; |LIFO|RAM16_8:inst8|RAM4_4:inst10|MC:inst7|inst   ; out              ;
; |LIFO|RAM16_8:inst8|RAM4_4:inst10|MC:inst3|inst3  ; |LIFO|RAM16_8:inst8|RAM4_4:inst10|MC:inst3|inst3  ; out              ;
; |LIFO|RAM16_8:inst8|RAM4_4:inst10|MC:inst3|inst   ; |LIFO|RAM16_8:inst8|RAM4_4:inst10|MC:inst3|inst   ; out              ;
; |LIFO|RAM16_8:inst8|RAM4_4:inst10|MC:inst14|inst3 ; |LIFO|RAM16_8:inst8|RAM4_4:inst10|MC:inst14|inst3 ; out              ;
; |LIFO|RAM16_8:inst8|RAM4_4:inst10|MC:inst14|inst  ; |LIFO|RAM16_8:inst8|RAM4_4:inst10|MC:inst14|inst  ; out              ;
; |LIFO|RAM16_8:inst8|RAM4_4:inst10|MC:inst12|inst3 ; |LIFO|RAM16_8:inst8|RAM4_4:inst10|MC:inst12|inst3 ; out              ;
; |LIFO|RAM16_8:inst8|RAM4_4:inst10|MC:inst12|inst  ; |LIFO|RAM16_8:inst8|RAM4_4:inst10|MC:inst12|inst  ; out              ;
; |LIFO|RAM16_8:inst8|RAM4_4:inst10|MC:inst6|inst3  ; |LIFO|RAM16_8:inst8|RAM4_4:inst10|MC:inst6|inst3  ; out              ;
; |LIFO|RAM16_8:inst8|RAM4_4:inst10|MC:inst6|inst   ; |LIFO|RAM16_8:inst8|RAM4_4:inst10|MC:inst6|inst   ; out              ;
; |LIFO|RAM16_8:inst8|RAM4_4:inst10|MC:inst2|inst3  ; |LIFO|RAM16_8:inst8|RAM4_4:inst10|MC:inst2|inst3  ; out              ;
; |LIFO|RAM16_8:inst8|RAM4_4:inst10|MC:inst2|inst   ; |LIFO|RAM16_8:inst8|RAM4_4:inst10|MC:inst2|inst   ; out              ;
; |LIFO|RAM16_8:inst8|RAM4_4:inst10|MC:inst13|inst3 ; |LIFO|RAM16_8:inst8|RAM4_4:inst10|MC:inst13|inst3 ; out              ;
; |LIFO|RAM16_8:inst8|RAM4_4:inst10|MC:inst13|inst  ; |LIFO|RAM16_8:inst8|RAM4_4:inst10|MC:inst13|inst  ; out              ;
; |LIFO|RAM16_8:inst8|RAM4_4:inst10|MC:inst9|inst3  ; |LIFO|RAM16_8:inst8|RAM4_4:inst10|MC:inst9|inst3  ; out              ;
; |LIFO|RAM16_8:inst8|RAM4_4:inst10|MC:inst9|inst   ; |LIFO|RAM16_8:inst8|RAM4_4:inst10|MC:inst9|inst   ; out              ;
; |LIFO|RAM16_8:inst8|RAM4_4:inst10|MC:inst5|inst3  ; |LIFO|RAM16_8:inst8|RAM4_4:inst10|MC:inst5|inst3  ; out              ;
; |LIFO|RAM16_8:inst8|RAM4_4:inst10|MC:inst5|inst   ; |LIFO|RAM16_8:inst8|RAM4_4:inst10|MC:inst5|inst   ; out              ;
; |LIFO|RAM16_8:inst8|RAM4_4:inst10|MC:inst1|inst3  ; |LIFO|RAM16_8:inst8|RAM4_4:inst10|MC:inst1|inst3  ; out              ;
; |LIFO|RAM16_8:inst8|RAM4_4:inst10|MC:inst1|inst   ; |LIFO|RAM16_8:inst8|RAM4_4:inst10|MC:inst1|inst   ; out              ;
; |LIFO|RAM16_8:inst8|RAM4_4:inst8|MC:inst8|inst3   ; |LIFO|RAM16_8:inst8|RAM4_4:inst8|MC:inst8|inst3   ; out              ;
; |LIFO|RAM16_8:inst8|RAM4_4:inst8|MC:inst8|inst    ; |LIFO|RAM16_8:inst8|RAM4_4:inst8|MC:inst8|inst    ; out              ;
; |LIFO|RAM16_8:inst8|RAM4_4:inst8|MC:inst16|inst3  ; |LIFO|RAM16_8:inst8|RAM4_4:inst8|MC:inst16|inst3  ; out              ;
; |LIFO|RAM16_8:inst8|RAM4_4:inst8|MC:inst16|inst   ; |LIFO|RAM16_8:inst8|RAM4_4:inst8|MC:inst16|inst   ; out              ;
; |LIFO|RAM16_8:inst8|RAM4_4:inst8|MC:inst15|inst3  ; |LIFO|RAM16_8:inst8|RAM4_4:inst8|MC:inst15|inst3  ; out              ;
; |LIFO|RAM16_8:inst8|RAM4_4:inst8|MC:inst15|inst   ; |LIFO|RAM16_8:inst8|RAM4_4:inst8|MC:inst15|inst   ; out              ;
; |LIFO|RAM16_8:inst8|RAM4_4:inst8|MC:inst7|inst3   ; |LIFO|RAM16_8:inst8|RAM4_4:inst8|MC:inst7|inst3   ; out              ;
; |LIFO|RAM16_8:inst8|RAM4_4:inst8|MC:inst7|inst    ; |LIFO|RAM16_8:inst8|RAM4_4:inst8|MC:inst7|inst    ; out              ;
; |LIFO|RAM16_8:inst8|RAM4_4:inst8|MC:inst14|inst3  ; |LIFO|RAM16_8:inst8|RAM4_4:inst8|MC:inst14|inst3  ; out              ;
; |LIFO|RAM16_8:inst8|RAM4_4:inst8|MC:inst14|inst   ; |LIFO|RAM16_8:inst8|RAM4_4:inst8|MC:inst14|inst   ; out              ;
; |LIFO|RAM16_8:inst8|RAM4_4:inst8|MC:inst6|inst3   ; |LIFO|RAM16_8:inst8|RAM4_4:inst8|MC:inst6|inst3   ; out              ;
; |LIFO|RAM16_8:inst8|RAM4_4:inst8|MC:inst6|inst    ; |LIFO|RAM16_8:inst8|RAM4_4:inst8|MC:inst6|inst    ; out              ;
; |LIFO|RAM16_8:inst8|RAM4_4:inst8|MC:inst13|inst3  ; |LIFO|RAM16_8:inst8|RAM4_4:inst8|MC:inst13|inst3  ; out              ;
; |LIFO|RAM16_8:inst8|RAM4_4:inst8|MC:inst13|inst   ; |LIFO|RAM16_8:inst8|RAM4_4:inst8|MC:inst13|inst   ; out              ;
; |LIFO|RAM16_8:inst8|RAM4_4:inst8|MC:inst5|inst3   ; |LIFO|RAM16_8:inst8|RAM4_4:inst8|MC:inst5|inst3   ; out              ;
; |LIFO|RAM16_8:inst8|RAM4_4:inst8|MC:inst5|inst    ; |LIFO|RAM16_8:inst8|RAM4_4:inst8|MC:inst5|inst    ; out              ;
; |LIFO|RAM16_8:inst8|RAM4_4:inst4|inst25           ; |LIFO|RAM16_8:inst8|RAM4_4:inst4|inst25           ; out              ;
; |LIFO|RAM16_8:inst8|RAM4_4:inst4|IN~0             ; |LIFO|RAM16_8:inst8|RAM4_4:inst4|IN~0             ; out0             ;
; |LIFO|RAM16_8:inst8|RAM4_4:inst4|inst17           ; |LIFO|RAM16_8:inst8|RAM4_4:inst4|inst17           ; out0             ;
; |LIFO|RAM16_8:inst8|RAM4_4:inst4|inst24           ; |LIFO|RAM16_8:inst8|RAM4_4:inst4|inst24           ; out              ;
; |LIFO|RAM16_8:inst8|RAM4_4:inst4|IN~1             ; |LIFO|RAM16_8:inst8|RAM4_4:inst4|IN~1             ; out0             ;
; |LIFO|RAM16_8:inst8|RAM4_4:inst4|inst22           ; |LIFO|RAM16_8:inst8|RAM4_4:inst4|inst22           ; out              ;
; |LIFO|RAM16_8:inst8|RAM4_4:inst4|IN~2             ; |LIFO|RAM16_8:inst8|RAM4_4:inst4|IN~2             ; out0             ;
; |LIFO|RAM16_8:inst8|RAM4_4:inst4|inst23           ; |LIFO|RAM16_8:inst8|RAM4_4:inst4|inst23           ; out              ;
; |LIFO|RAM16_8:inst8|RAM4_4:inst4|IN~3             ; |LIFO|RAM16_8:inst8|RAM4_4:inst4|IN~3             ; out0             ;
; |LIFO|RAM16_8:inst8|RAM4_4:inst4|MC:inst8|inst3   ; |LIFO|RAM16_8:inst8|RAM4_4:inst4|MC:inst8|inst3   ; out              ;
; |LIFO|RAM16_8:inst8|RAM4_4:inst4|MC:inst8|inst    ; |LIFO|RAM16_8:inst8|RAM4_4:inst4|MC:inst8|inst    ; out              ;
; |LIFO|RAM16_8:inst8|RAM4_4:inst4|MC:inst11|inst3  ; |LIFO|RAM16_8:inst8|RAM4_4:inst4|MC:inst11|inst3  ; out              ;
; |LIFO|RAM16_8:inst8|RAM4_4:inst4|MC:inst11|inst   ; |LIFO|RAM16_8:inst8|RAM4_4:inst4|MC:inst11|inst   ; out              ;
; |LIFO|RAM16_8:inst8|RAM4_4:inst4|MC:inst16|inst3  ; |LIFO|RAM16_8:inst8|RAM4_4:inst4|MC:inst16|inst3  ; out              ;
; |LIFO|RAM16_8:inst8|RAM4_4:inst4|MC:inst16|inst   ; |LIFO|RAM16_8:inst8|RAM4_4:inst4|MC:inst16|inst   ; out              ;
; |LIFO|RAM16_8:inst8|RAM4_4:inst4|MC:inst4|inst3   ; |LIFO|RAM16_8:inst8|RAM4_4:inst4|MC:inst4|inst3   ; out              ;
; |LIFO|RAM16_8:inst8|RAM4_4:inst4|MC:inst4|inst    ; |LIFO|RAM16_8:inst8|RAM4_4:inst4|MC:inst4|inst    ; out              ;
; |LIFO|RAM16_8:inst8|RAM4_4:inst4|MC:inst15|inst3  ; |LIFO|RAM16_8:inst8|RAM4_4:inst4|MC:inst15|inst3  ; out              ;
; |LIFO|RAM16_8:inst8|RAM4_4:inst4|MC:inst15|inst   ; |LIFO|RAM16_8:inst8|RAM4_4:inst4|MC:inst15|inst   ; out              ;
; |LIFO|RAM16_8:inst8|RAM4_4:inst4|MC:inst10|inst3  ; |LIFO|RAM16_8:inst8|RAM4_4:inst4|MC:inst10|inst3  ; out              ;
; |LIFO|RAM16_8:inst8|RAM4_4:inst4|MC:inst10|inst   ; |LIFO|RAM16_8:inst8|RAM4_4:inst4|MC:inst10|inst   ; out              ;
; |LIFO|RAM16_8:inst8|RAM4_4:inst4|MC:inst7|inst3   ; |LIFO|RAM16_8:inst8|RAM4_4:inst4|MC:inst7|inst3   ; out              ;
; |LIFO|RAM16_8:inst8|RAM4_4:inst4|MC:inst7|inst    ; |LIFO|RAM16_8:inst8|RAM4_4:inst4|MC:inst7|inst    ; out              ;
; |LIFO|RAM16_8:inst8|RAM4_4:inst4|MC:inst3|inst3   ; |LIFO|RAM16_8:inst8|RAM4_4:inst4|MC:inst3|inst3   ; out              ;
; |LIFO|RAM16_8:inst8|RAM4_4:inst4|MC:inst3|inst    ; |LIFO|RAM16_8:inst8|RAM4_4:inst4|MC:inst3|inst    ; out              ;
; |LIFO|RAM16_8:inst8|RAM4_4:inst4|MC:inst14|inst3  ; |LIFO|RAM16_8:inst8|RAM4_4:inst4|MC:inst14|inst3  ; out              ;
; |LIFO|RAM16_8:inst8|RAM4_4:inst4|MC:inst14|inst   ; |LIFO|RAM16_8:inst8|RAM4_4:inst4|MC:inst14|inst   ; out              ;
; |LIFO|RAM16_8:inst8|RAM4_4:inst4|MC:inst12|inst3  ; |LIFO|RAM16_8:inst8|RAM4_4:inst4|MC:inst12|inst3  ; out              ;
; |LIFO|RAM16_8:inst8|RAM4_4:inst4|MC:inst12|inst   ; |LIFO|RAM16_8:inst8|RAM4_4:inst4|MC:inst12|inst   ; out              ;
; |LIFO|RAM16_8:inst8|RAM4_4:inst4|MC:inst6|inst3   ; |LIFO|RAM16_8:inst8|RAM4_4:inst4|MC:inst6|inst3   ; out              ;
; |LIFO|RAM16_8:inst8|RAM4_4:inst4|MC:inst6|inst    ; |LIFO|RAM16_8:inst8|RAM4_4:inst4|MC:inst6|inst    ; out              ;
; |LIFO|RAM16_8:inst8|RAM4_4:inst4|MC:inst2|inst3   ; |LIFO|RAM16_8:inst8|RAM4_4:inst4|MC:inst2|inst3   ; out              ;
; |LIFO|RAM16_8:inst8|RAM4_4:inst4|MC:inst2|inst    ; |LIFO|RAM16_8:inst8|RAM4_4:inst4|MC:inst2|inst    ; out              ;
; |LIFO|RAM16_8:inst8|RAM4_4:inst4|MC:inst13|inst3  ; |LIFO|RAM16_8:inst8|RAM4_4:inst4|MC:inst13|inst3  ; out              ;
; |LIFO|RAM16_8:inst8|RAM4_4:inst4|MC:inst13|inst   ; |LIFO|RAM16_8:inst8|RAM4_4:inst4|MC:inst13|inst   ; out              ;
; |LIFO|RAM16_8:inst8|RAM4_4:inst4|MC:inst9|inst3   ; |LIFO|RAM16_8:inst8|RAM4_4:inst4|MC:inst9|inst3   ; out              ;
; |LIFO|RAM16_8:inst8|RAM4_4:inst4|MC:inst9|inst    ; |LIFO|RAM16_8:inst8|RAM4_4:inst4|MC:inst9|inst    ; out              ;
; |LIFO|RAM16_8:inst8|RAM4_4:inst4|MC:inst5|inst3   ; |LIFO|RAM16_8:inst8|RAM4_4:inst4|MC:inst5|inst3   ; out              ;
; |LIFO|RAM16_8:inst8|RAM4_4:inst4|MC:inst5|inst    ; |LIFO|RAM16_8:inst8|RAM4_4:inst4|MC:inst5|inst    ; out              ;
; |LIFO|RAM16_8:inst8|RAM4_4:inst4|MC:inst1|inst3   ; |LIFO|RAM16_8:inst8|RAM4_4:inst4|MC:inst1|inst3   ; out              ;
; |LIFO|RAM16_8:inst8|RAM4_4:inst4|MC:inst1|inst    ; |LIFO|RAM16_8:inst8|RAM4_4:inst4|MC:inst1|inst    ; out              ;
; |LIFO|RAM16_8:inst8|RAM4_4:inst1|MC:inst14|inst3  ; |LIFO|RAM16_8:inst8|RAM4_4:inst1|MC:inst14|inst3  ; out              ;
; |LIFO|RAM16_8:inst8|RAM4_4:inst1|MC:inst14|inst   ; |LIFO|RAM16_8:inst8|RAM4_4:inst1|MC:inst14|inst   ; out              ;
; |LIFO|RAM16_8:inst8|RAM4_4:inst1|MC:inst6|inst3   ; |LIFO|RAM16_8:inst8|RAM4_4:inst1|MC:inst6|inst3   ; out              ;
; |LIFO|RAM16_8:inst8|RAM4_4:inst1|MC:inst6|inst    ; |LIFO|RAM16_8:inst8|RAM4_4:inst1|MC:inst6|inst    ; out              ;
; |LIFO|RAM16_8:inst8|RAM4_4:inst1|MC:inst5|inst3   ; |LIFO|RAM16_8:inst8|RAM4_4:inst1|MC:inst5|inst3   ; out              ;
; |LIFO|RAM16_8:inst8|RAM4_4:inst1|MC:inst5|inst    ; |LIFO|RAM16_8:inst8|RAM4_4:inst1|MC:inst5|inst    ; out              ;
; |LIFO|RAM16_8:inst8|RAM4_4:inst6|inst25           ; |LIFO|RAM16_8:inst8|RAM4_4:inst6|inst25           ; out              ;
; |LIFO|RAM16_8:inst8|RAM4_4:inst6|IN~0             ; |LIFO|RAM16_8:inst8|RAM4_4:inst6|IN~0             ; out0             ;
; |LIFO|RAM16_8:inst8|RAM4_4:inst6|inst17           ; |LIFO|RAM16_8:inst8|RAM4_4:inst6|inst17           ; out0             ;
; |LIFO|RAM16_8:inst8|RAM4_4:inst6|inst24           ; |LIFO|RAM16_8:inst8|RAM4_4:inst6|inst24           ; out              ;
; |LIFO|RAM16_8:inst8|RAM4_4:inst6|IN~1             ; |LIFO|RAM16_8:inst8|RAM4_4:inst6|IN~1             ; out0             ;
; |LIFO|RAM16_8:inst8|RAM4_4:inst6|inst22           ; |LIFO|RAM16_8:inst8|RAM4_4:inst6|inst22           ; out              ;
; |LIFO|RAM16_8:inst8|RAM4_4:inst6|IN~2             ; |LIFO|RAM16_8:inst8|RAM4_4:inst6|IN~2             ; out0             ;
; |LIFO|RAM16_8:inst8|RAM4_4:inst6|inst23           ; |LIFO|RAM16_8:inst8|RAM4_4:inst6|inst23           ; out              ;
; |LIFO|RAM16_8:inst8|RAM4_4:inst6|IN~3             ; |LIFO|RAM16_8:inst8|RAM4_4:inst6|IN~3             ; out0             ;
; |LIFO|RAM16_8:inst8|RAM4_4:inst6|MC:inst8|inst3   ; |LIFO|RAM16_8:inst8|RAM4_4:inst6|MC:inst8|inst3   ; out              ;
; |LIFO|RAM16_8:inst8|RAM4_4:inst6|MC:inst8|inst    ; |LIFO|RAM16_8:inst8|RAM4_4:inst6|MC:inst8|inst    ; out              ;
; |LIFO|RAM16_8:inst8|RAM4_4:inst6|MC:inst11|inst3  ; |LIFO|RAM16_8:inst8|RAM4_4:inst6|MC:inst11|inst3  ; out              ;
; |LIFO|RAM16_8:inst8|RAM4_4:inst6|MC:inst11|inst   ; |LIFO|RAM16_8:inst8|RAM4_4:inst6|MC:inst11|inst   ; out              ;
; |LIFO|RAM16_8:inst8|RAM4_4:inst6|MC:inst16|inst3  ; |LIFO|RAM16_8:inst8|RAM4_4:inst6|MC:inst16|inst3  ; out              ;
; |LIFO|RAM16_8:inst8|RAM4_4:inst6|MC:inst16|inst   ; |LIFO|RAM16_8:inst8|RAM4_4:inst6|MC:inst16|inst   ; out              ;
; |LIFO|RAM16_8:inst8|RAM4_4:inst6|MC:inst4|inst3   ; |LIFO|RAM16_8:inst8|RAM4_4:inst6|MC:inst4|inst3   ; out              ;
; |LIFO|RAM16_8:inst8|RAM4_4:inst6|MC:inst4|inst    ; |LIFO|RAM16_8:inst8|RAM4_4:inst6|MC:inst4|inst    ; out              ;
; |LIFO|RAM16_8:inst8|RAM4_4:inst6|MC:inst15|inst3  ; |LIFO|RAM16_8:inst8|RAM4_4:inst6|MC:inst15|inst3  ; out              ;
; |LIFO|RAM16_8:inst8|RAM4_4:inst6|MC:inst15|inst   ; |LIFO|RAM16_8:inst8|RAM4_4:inst6|MC:inst15|inst   ; out              ;
; |LIFO|RAM16_8:inst8|RAM4_4:inst6|MC:inst10|inst3  ; |LIFO|RAM16_8:inst8|RAM4_4:inst6|MC:inst10|inst3  ; out              ;
; |LIFO|RAM16_8:inst8|RAM4_4:inst6|MC:inst10|inst   ; |LIFO|RAM16_8:inst8|RAM4_4:inst6|MC:inst10|inst   ; out              ;
; |LIFO|RAM16_8:inst8|RAM4_4:inst6|MC:inst7|inst3   ; |LIFO|RAM16_8:inst8|RAM4_4:inst6|MC:inst7|inst3   ; out              ;
; |LIFO|RAM16_8:inst8|RAM4_4:inst6|MC:inst7|inst    ; |LIFO|RAM16_8:inst8|RAM4_4:inst6|MC:inst7|inst    ; out              ;
; |LIFO|RAM16_8:inst8|RAM4_4:inst6|MC:inst3|inst3   ; |LIFO|RAM16_8:inst8|RAM4_4:inst6|MC:inst3|inst3   ; out              ;
; |LIFO|RAM16_8:inst8|RAM4_4:inst6|MC:inst3|inst    ; |LIFO|RAM16_8:inst8|RAM4_4:inst6|MC:inst3|inst    ; out              ;
; |LIFO|RAM16_8:inst8|RAM4_4:inst6|MC:inst14|inst3  ; |LIFO|RAM16_8:inst8|RAM4_4:inst6|MC:inst14|inst3  ; out              ;
; |LIFO|RAM16_8:inst8|RAM4_4:inst6|MC:inst14|inst   ; |LIFO|RAM16_8:inst8|RAM4_4:inst6|MC:inst14|inst   ; out              ;
; |LIFO|RAM16_8:inst8|RAM4_4:inst6|MC:inst12|inst3  ; |LIFO|RAM16_8:inst8|RAM4_4:inst6|MC:inst12|inst3  ; out              ;
; |LIFO|RAM16_8:inst8|RAM4_4:inst6|MC:inst12|inst   ; |LIFO|RAM16_8:inst8|RAM4_4:inst6|MC:inst12|inst   ; out              ;
; |LIFO|RAM16_8:inst8|RAM4_4:inst6|MC:inst6|inst3   ; |LIFO|RAM16_8:inst8|RAM4_4:inst6|MC:inst6|inst3   ; out              ;
; |LIFO|RAM16_8:inst8|RAM4_4:inst6|MC:inst6|inst    ; |LIFO|RAM16_8:inst8|RAM4_4:inst6|MC:inst6|inst    ; out              ;
; |LIFO|RAM16_8:inst8|RAM4_4:inst6|MC:inst2|inst3   ; |LIFO|RAM16_8:inst8|RAM4_4:inst6|MC:inst2|inst3   ; out              ;
; |LIFO|RAM16_8:inst8|RAM4_4:inst6|MC:inst2|inst    ; |LIFO|RAM16_8:inst8|RAM4_4:inst6|MC:inst2|inst    ; out              ;
; |LIFO|RAM16_8:inst8|RAM4_4:inst6|MC:inst13|inst3  ; |LIFO|RAM16_8:inst8|RAM4_4:inst6|MC:inst13|inst3  ; out              ;
; |LIFO|RAM16_8:inst8|RAM4_4:inst6|MC:inst13|inst   ; |LIFO|RAM16_8:inst8|RAM4_4:inst6|MC:inst13|inst   ; out              ;
; |LIFO|RAM16_8:inst8|RAM4_4:inst6|MC:inst9|inst3   ; |LIFO|RAM16_8:inst8|RAM4_4:inst6|MC:inst9|inst3   ; out              ;
; |LIFO|RAM16_8:inst8|RAM4_4:inst6|MC:inst9|inst    ; |LIFO|RAM16_8:inst8|RAM4_4:inst6|MC:inst9|inst    ; out              ;
; |LIFO|RAM16_8:inst8|RAM4_4:inst6|MC:inst5|inst3   ; |LIFO|RAM16_8:inst8|RAM4_4:inst6|MC:inst5|inst3   ; out              ;
; |LIFO|RAM16_8:inst8|RAM4_4:inst6|MC:inst5|inst    ; |LIFO|RAM16_8:inst8|RAM4_4:inst6|MC:inst5|inst    ; out              ;
; |LIFO|RAM16_8:inst8|RAM4_4:inst6|MC:inst1|inst3   ; |LIFO|RAM16_8:inst8|RAM4_4:inst6|MC:inst1|inst3   ; out              ;
; |LIFO|RAM16_8:inst8|RAM4_4:inst6|MC:inst1|inst    ; |LIFO|RAM16_8:inst8|RAM4_4:inst6|MC:inst1|inst    ; out              ;
; |LIFO|RAM16_8:inst8|RAM4_4:inst13|inst25          ; |LIFO|RAM16_8:inst8|RAM4_4:inst13|inst25          ; out              ;
; |LIFO|RAM16_8:inst8|RAM4_4:inst13|IN~0            ; |LIFO|RAM16_8:inst8|RAM4_4:inst13|IN~0            ; out0             ;
; |LIFO|RAM16_8:inst8|RAM4_4:inst13|inst24          ; |LIFO|RAM16_8:inst8|RAM4_4:inst13|inst24          ; out              ;
; |LIFO|RAM16_8:inst8|RAM4_4:inst13|IN~1            ; |LIFO|RAM16_8:inst8|RAM4_4:inst13|IN~1            ; out0             ;
; |LIFO|RAM16_8:inst8|RAM4_4:inst13|inst22          ; |LIFO|RAM16_8:inst8|RAM4_4:inst13|inst22          ; out              ;
; |LIFO|RAM16_8:inst8|RAM4_4:inst13|IN~2            ; |LIFO|RAM16_8:inst8|RAM4_4:inst13|IN~2            ; out0             ;
; |LIFO|RAM16_8:inst8|RAM4_4:inst13|inst23          ; |LIFO|RAM16_8:inst8|RAM4_4:inst13|inst23          ; out              ;
; |LIFO|RAM16_8:inst8|RAM4_4:inst13|IN~3            ; |LIFO|RAM16_8:inst8|RAM4_4:inst13|IN~3            ; out0             ;
; |LIFO|RAM16_8:inst8|RAM4_4:inst13|MC:inst8|inst3  ; |LIFO|RAM16_8:inst8|RAM4_4:inst13|MC:inst8|inst3  ; out              ;
; |LIFO|RAM16_8:inst8|RAM4_4:inst13|MC:inst8|inst   ; |LIFO|RAM16_8:inst8|RAM4_4:inst13|MC:inst8|inst   ; out              ;
; |LIFO|RAM16_8:inst8|RAM4_4:inst13|MC:inst11|inst3 ; |LIFO|RAM16_8:inst8|RAM4_4:inst13|MC:inst11|inst3 ; out              ;
; |LIFO|RAM16_8:inst8|RAM4_4:inst13|MC:inst11|inst  ; |LIFO|RAM16_8:inst8|RAM4_4:inst13|MC:inst11|inst  ; out              ;
; |LIFO|RAM16_8:inst8|RAM4_4:inst13|MC:inst16|inst3 ; |LIFO|RAM16_8:inst8|RAM4_4:inst13|MC:inst16|inst3 ; out              ;
; |LIFO|RAM16_8:inst8|RAM4_4:inst13|MC:inst16|inst  ; |LIFO|RAM16_8:inst8|RAM4_4:inst13|MC:inst16|inst  ; out              ;
; |LIFO|RAM16_8:inst8|RAM4_4:inst13|MC:inst4|inst3  ; |LIFO|RAM16_8:inst8|RAM4_4:inst13|MC:inst4|inst3  ; out              ;
; |LIFO|RAM16_8:inst8|RAM4_4:inst13|MC:inst4|inst   ; |LIFO|RAM16_8:inst8|RAM4_4:inst13|MC:inst4|inst   ; out              ;
; |LIFO|RAM16_8:inst8|RAM4_4:inst13|MC:inst15|inst3 ; |LIFO|RAM16_8:inst8|RAM4_4:inst13|MC:inst15|inst3 ; out              ;
; |LIFO|RAM16_8:inst8|RAM4_4:inst13|MC:inst15|inst  ; |LIFO|RAM16_8:inst8|RAM4_4:inst13|MC:inst15|inst  ; out              ;
; |LIFO|RAM16_8:inst8|RAM4_4:inst13|MC:inst10|inst3 ; |LIFO|RAM16_8:inst8|RAM4_4:inst13|MC:inst10|inst3 ; out              ;
; |LIFO|RAM16_8:inst8|RAM4_4:inst13|MC:inst10|inst  ; |LIFO|RAM16_8:inst8|RAM4_4:inst13|MC:inst10|inst  ; out              ;
; |LIFO|RAM16_8:inst8|RAM4_4:inst13|MC:inst7|inst3  ; |LIFO|RAM16_8:inst8|RAM4_4:inst13|MC:inst7|inst3  ; out              ;
; |LIFO|RAM16_8:inst8|RAM4_4:inst13|MC:inst7|inst   ; |LIFO|RAM16_8:inst8|RAM4_4:inst13|MC:inst7|inst   ; out              ;
; |LIFO|RAM16_8:inst8|RAM4_4:inst13|MC:inst3|inst3  ; |LIFO|RAM16_8:inst8|RAM4_4:inst13|MC:inst3|inst3  ; out              ;
; |LIFO|RAM16_8:inst8|RAM4_4:inst13|MC:inst3|inst   ; |LIFO|RAM16_8:inst8|RAM4_4:inst13|MC:inst3|inst   ; out              ;
; |LIFO|RAM16_8:inst8|RAM4_4:inst13|MC:inst14|inst3 ; |LIFO|RAM16_8:inst8|RAM4_4:inst13|MC:inst14|inst3 ; out              ;
; |LIFO|RAM16_8:inst8|RAM4_4:inst13|MC:inst14|inst  ; |LIFO|RAM16_8:inst8|RAM4_4:inst13|MC:inst14|inst  ; out              ;
; |LIFO|RAM16_8:inst8|RAM4_4:inst13|MC:inst12|inst3 ; |LIFO|RAM16_8:inst8|RAM4_4:inst13|MC:inst12|inst3 ; out              ;
; |LIFO|RAM16_8:inst8|RAM4_4:inst13|MC:inst12|inst  ; |LIFO|RAM16_8:inst8|RAM4_4:inst13|MC:inst12|inst  ; out              ;
; |LIFO|RAM16_8:inst8|RAM4_4:inst13|MC:inst6|inst3  ; |LIFO|RAM16_8:inst8|RAM4_4:inst13|MC:inst6|inst3  ; out              ;
; |LIFO|RAM16_8:inst8|RAM4_4:inst13|MC:inst6|inst   ; |LIFO|RAM16_8:inst8|RAM4_4:inst13|MC:inst6|inst   ; out              ;
; |LIFO|RAM16_8:inst8|RAM4_4:inst13|MC:inst2|inst3  ; |LIFO|RAM16_8:inst8|RAM4_4:inst13|MC:inst2|inst3  ; out              ;
; |LIFO|RAM16_8:inst8|RAM4_4:inst13|MC:inst2|inst   ; |LIFO|RAM16_8:inst8|RAM4_4:inst13|MC:inst2|inst   ; out              ;
; |LIFO|RAM16_8:inst8|RAM4_4:inst13|MC:inst13|inst3 ; |LIFO|RAM16_8:inst8|RAM4_4:inst13|MC:inst13|inst3 ; out              ;
; |LIFO|RAM16_8:inst8|RAM4_4:inst13|MC:inst13|inst  ; |LIFO|RAM16_8:inst8|RAM4_4:inst13|MC:inst13|inst  ; out              ;
; |LIFO|RAM16_8:inst8|RAM4_4:inst13|MC:inst9|inst3  ; |LIFO|RAM16_8:inst8|RAM4_4:inst13|MC:inst9|inst3  ; out              ;
; |LIFO|RAM16_8:inst8|RAM4_4:inst13|MC:inst9|inst   ; |LIFO|RAM16_8:inst8|RAM4_4:inst13|MC:inst9|inst   ; out              ;
; |LIFO|RAM16_8:inst8|RAM4_4:inst13|MC:inst5|inst3  ; |LIFO|RAM16_8:inst8|RAM4_4:inst13|MC:inst5|inst3  ; out              ;
; |LIFO|RAM16_8:inst8|RAM4_4:inst13|MC:inst5|inst   ; |LIFO|RAM16_8:inst8|RAM4_4:inst13|MC:inst5|inst   ; out              ;
; |LIFO|RAM16_8:inst8|RAM4_4:inst13|MC:inst1|inst3  ; |LIFO|RAM16_8:inst8|RAM4_4:inst13|MC:inst1|inst3  ; out              ;
; |LIFO|RAM16_8:inst8|RAM4_4:inst13|MC:inst1|inst   ; |LIFO|RAM16_8:inst8|RAM4_4:inst13|MC:inst1|inst   ; out              ;
; |LIFO|RAM16_8:inst8|RAM4_4:inst9|inst25           ; |LIFO|RAM16_8:inst8|RAM4_4:inst9|inst25           ; out              ;
; |LIFO|RAM16_8:inst8|RAM4_4:inst9|inst24           ; |LIFO|RAM16_8:inst8|RAM4_4:inst9|inst24           ; out              ;
; |LIFO|RAM16_8:inst8|RAM4_4:inst9|inst22           ; |LIFO|RAM16_8:inst8|RAM4_4:inst9|inst22           ; out              ;
; |LIFO|RAM16_8:inst8|RAM4_4:inst9|inst23           ; |LIFO|RAM16_8:inst8|RAM4_4:inst9|inst23           ; out              ;
; |LIFO|RAM16_8:inst8|RAM4_4:inst9|IN~3             ; |LIFO|RAM16_8:inst8|RAM4_4:inst9|IN~3             ; out0             ;
; |LIFO|RAM16_8:inst8|RAM4_4:inst9|MC:inst8|inst3   ; |LIFO|RAM16_8:inst8|RAM4_4:inst9|MC:inst8|inst3   ; out              ;
; |LIFO|RAM16_8:inst8|RAM4_4:inst9|MC:inst8|inst    ; |LIFO|RAM16_8:inst8|RAM4_4:inst9|MC:inst8|inst    ; out              ;
; |LIFO|RAM16_8:inst8|RAM4_4:inst9|MC:inst11|inst3  ; |LIFO|RAM16_8:inst8|RAM4_4:inst9|MC:inst11|inst3  ; out              ;
; |LIFO|RAM16_8:inst8|RAM4_4:inst9|MC:inst11|inst   ; |LIFO|RAM16_8:inst8|RAM4_4:inst9|MC:inst11|inst   ; out              ;
; |LIFO|RAM16_8:inst8|RAM4_4:inst9|MC:inst16|inst3  ; |LIFO|RAM16_8:inst8|RAM4_4:inst9|MC:inst16|inst3  ; out              ;
; |LIFO|RAM16_8:inst8|RAM4_4:inst9|MC:inst16|inst   ; |LIFO|RAM16_8:inst8|RAM4_4:inst9|MC:inst16|inst   ; out              ;
; |LIFO|RAM16_8:inst8|RAM4_4:inst9|MC:inst4|inst3   ; |LIFO|RAM16_8:inst8|RAM4_4:inst9|MC:inst4|inst3   ; out              ;
; |LIFO|RAM16_8:inst8|RAM4_4:inst9|MC:inst4|inst    ; |LIFO|RAM16_8:inst8|RAM4_4:inst9|MC:inst4|inst    ; out              ;
; |LIFO|RAM16_8:inst8|RAM4_4:inst9|MC:inst15|inst3  ; |LIFO|RAM16_8:inst8|RAM4_4:inst9|MC:inst15|inst3  ; out              ;
; |LIFO|RAM16_8:inst8|RAM4_4:inst9|MC:inst15|inst   ; |LIFO|RAM16_8:inst8|RAM4_4:inst9|MC:inst15|inst   ; out              ;
; |LIFO|RAM16_8:inst8|RAM4_4:inst9|MC:inst10|inst3  ; |LIFO|RAM16_8:inst8|RAM4_4:inst9|MC:inst10|inst3  ; out              ;
; |LIFO|RAM16_8:inst8|RAM4_4:inst9|MC:inst10|inst   ; |LIFO|RAM16_8:inst8|RAM4_4:inst9|MC:inst10|inst   ; out              ;
; |LIFO|RAM16_8:inst8|RAM4_4:inst9|MC:inst7|inst3   ; |LIFO|RAM16_8:inst8|RAM4_4:inst9|MC:inst7|inst3   ; out              ;
; |LIFO|RAM16_8:inst8|RAM4_4:inst9|MC:inst7|inst    ; |LIFO|RAM16_8:inst8|RAM4_4:inst9|MC:inst7|inst    ; out              ;
; |LIFO|RAM16_8:inst8|RAM4_4:inst9|MC:inst14|inst3  ; |LIFO|RAM16_8:inst8|RAM4_4:inst9|MC:inst14|inst3  ; out              ;
; |LIFO|RAM16_8:inst8|RAM4_4:inst9|MC:inst14|inst   ; |LIFO|RAM16_8:inst8|RAM4_4:inst9|MC:inst14|inst   ; out              ;
; |LIFO|RAM16_8:inst8|RAM4_4:inst9|MC:inst12|inst3  ; |LIFO|RAM16_8:inst8|RAM4_4:inst9|MC:inst12|inst3  ; out              ;
; |LIFO|RAM16_8:inst8|RAM4_4:inst9|MC:inst12|inst   ; |LIFO|RAM16_8:inst8|RAM4_4:inst9|MC:inst12|inst   ; out              ;
; |LIFO|RAM16_8:inst8|RAM4_4:inst9|MC:inst6|inst3   ; |LIFO|RAM16_8:inst8|RAM4_4:inst9|MC:inst6|inst3   ; out              ;
; |LIFO|RAM16_8:inst8|RAM4_4:inst9|MC:inst6|inst    ; |LIFO|RAM16_8:inst8|RAM4_4:inst9|MC:inst6|inst    ; out              ;
; |LIFO|RAM16_8:inst8|RAM4_4:inst9|MC:inst13|inst3  ; |LIFO|RAM16_8:inst8|RAM4_4:inst9|MC:inst13|inst3  ; out              ;
; |LIFO|RAM16_8:inst8|RAM4_4:inst9|MC:inst13|inst   ; |LIFO|RAM16_8:inst8|RAM4_4:inst9|MC:inst13|inst   ; out              ;
; |LIFO|RAM16_8:inst8|RAM4_4:inst9|MC:inst9|inst3   ; |LIFO|RAM16_8:inst8|RAM4_4:inst9|MC:inst9|inst3   ; out              ;
; |LIFO|RAM16_8:inst8|RAM4_4:inst9|MC:inst9|inst    ; |LIFO|RAM16_8:inst8|RAM4_4:inst9|MC:inst9|inst    ; out              ;
; |LIFO|RAM16_8:inst8|RAM4_4:inst9|MC:inst5|inst3   ; |LIFO|RAM16_8:inst8|RAM4_4:inst9|MC:inst5|inst3   ; out              ;
; |LIFO|RAM16_8:inst8|RAM4_4:inst9|MC:inst5|inst    ; |LIFO|RAM16_8:inst8|RAM4_4:inst9|MC:inst5|inst    ; out              ;
+---------------------------------------------------+---------------------------------------------------+------------------+


The following table displays output ports that do not toggle to 0 during simulation.
+--------------------------------------------------------------------------------------------------------------------------+
; Missing 0-Value Coverage                                                                                                 ;
+---------------------------------------------------+---------------------------------------------------+------------------+
; Node Name                                         ; Output Port Name                                  ; Output Port Type ;
+---------------------------------------------------+---------------------------------------------------+------------------+
; |LIFO|Enable                                      ; |LIFO|Enable                                      ; out              ;
; |LIFO|Reset                                       ; |LIFO|Reset                                       ; out              ;
; |LIFO|RAM16_8:inst8|RAM4_4:inst10|inst25          ; |LIFO|RAM16_8:inst8|RAM4_4:inst10|inst25          ; out              ;
; |LIFO|RAM16_8:inst8|RAM4_4:inst10|IN~0            ; |LIFO|RAM16_8:inst8|RAM4_4:inst10|IN~0            ; out0             ;
; |LIFO|RAM16_8:inst8|RAM4_4:inst10|inst24          ; |LIFO|RAM16_8:inst8|RAM4_4:inst10|inst24          ; out              ;
; |LIFO|RAM16_8:inst8|RAM4_4:inst10|IN~1            ; |LIFO|RAM16_8:inst8|RAM4_4:inst10|IN~1            ; out0             ;
; |LIFO|RAM16_8:inst8|RAM4_4:inst10|inst22          ; |LIFO|RAM16_8:inst8|RAM4_4:inst10|inst22          ; out              ;
; |LIFO|RAM16_8:inst8|RAM4_4:inst10|IN~2            ; |LIFO|RAM16_8:inst8|RAM4_4:inst10|IN~2            ; out0             ;
; |LIFO|RAM16_8:inst8|RAM4_4:inst10|inst23          ; |LIFO|RAM16_8:inst8|RAM4_4:inst10|inst23          ; out              ;
; |LIFO|RAM16_8:inst8|RAM4_4:inst10|IN~3            ; |LIFO|RAM16_8:inst8|RAM4_4:inst10|IN~3            ; out0             ;
; |LIFO|RAM16_8:inst8|RAM4_4:inst10|MC:inst8|inst3  ; |LIFO|RAM16_8:inst8|RAM4_4:inst10|MC:inst8|inst3  ; out              ;
; |LIFO|RAM16_8:inst8|RAM4_4:inst10|MC:inst8|inst   ; |LIFO|RAM16_8:inst8|RAM4_4:inst10|MC:inst8|inst   ; out              ;
; |LIFO|RAM16_8:inst8|RAM4_4:inst10|MC:inst11|inst3 ; |LIFO|RAM16_8:inst8|RAM4_4:inst10|MC:inst11|inst3 ; out              ;
; |LIFO|RAM16_8:inst8|RAM4_4:inst10|MC:inst11|inst  ; |LIFO|RAM16_8:inst8|RAM4_4:inst10|MC:inst11|inst  ; out              ;
; |LIFO|RAM16_8:inst8|RAM4_4:inst10|MC:inst16|inst3 ; |LIFO|RAM16_8:inst8|RAM4_4:inst10|MC:inst16|inst3 ; out              ;
; |LIFO|RAM16_8:inst8|RAM4_4:inst10|MC:inst16|inst  ; |LIFO|RAM16_8:inst8|RAM4_4:inst10|MC:inst16|inst  ; out              ;
; |LIFO|RAM16_8:inst8|RAM4_4:inst10|MC:inst4|inst3  ; |LIFO|RAM16_8:inst8|RAM4_4:inst10|MC:inst4|inst3  ; out              ;
; |LIFO|RAM16_8:inst8|RAM4_4:inst10|MC:inst4|inst   ; |LIFO|RAM16_8:inst8|RAM4_4:inst10|MC:inst4|inst   ; out              ;
; |LIFO|RAM16_8:inst8|RAM4_4:inst10|MC:inst15|inst3 ; |LIFO|RAM16_8:inst8|RAM4_4:inst10|MC:inst15|inst3 ; out              ;
; |LIFO|RAM16_8:inst8|RAM4_4:inst10|MC:inst15|inst  ; |LIFO|RAM16_8:inst8|RAM4_4:inst10|MC:inst15|inst  ; out              ;
; |LIFO|RAM16_8:inst8|RAM4_4:inst10|MC:inst10|inst3 ; |LIFO|RAM16_8:inst8|RAM4_4:inst10|MC:inst10|inst3 ; out              ;
; |LIFO|RAM16_8:inst8|RAM4_4:inst10|MC:inst10|inst  ; |LIFO|RAM16_8:inst8|RAM4_4:inst10|MC:inst10|inst  ; out              ;
; |LIFO|RAM16_8:inst8|RAM4_4:inst10|MC:inst7|inst3  ; |LIFO|RAM16_8:inst8|RAM4_4:inst10|MC:inst7|inst3  ; out              ;
; |LIFO|RAM16_8:inst8|RAM4_4:inst10|MC:inst7|inst   ; |LIFO|RAM16_8:inst8|RAM4_4:inst10|MC:inst7|inst   ; out              ;
; |LIFO|RAM16_8:inst8|RAM4_4:inst10|MC:inst3|inst3  ; |LIFO|RAM16_8:inst8|RAM4_4:inst10|MC:inst3|inst3  ; out              ;
; |LIFO|RAM16_8:inst8|RAM4_4:inst10|MC:inst3|inst   ; |LIFO|RAM16_8:inst8|RAM4_4:inst10|MC:inst3|inst   ; out              ;
; |LIFO|RAM16_8:inst8|RAM4_4:inst10|MC:inst14|inst3 ; |LIFO|RAM16_8:inst8|RAM4_4:inst10|MC:inst14|inst3 ; out              ;
; |LIFO|RAM16_8:inst8|RAM4_4:inst10|MC:inst14|inst  ; |LIFO|RAM16_8:inst8|RAM4_4:inst10|MC:inst14|inst  ; out              ;
; |LIFO|RAM16_8:inst8|RAM4_4:inst10|MC:inst12|inst3 ; |LIFO|RAM16_8:inst8|RAM4_4:inst10|MC:inst12|inst3 ; out              ;
; |LIFO|RAM16_8:inst8|RAM4_4:inst10|MC:inst12|inst  ; |LIFO|RAM16_8:inst8|RAM4_4:inst10|MC:inst12|inst  ; out              ;
; |LIFO|RAM16_8:inst8|RAM4_4:inst10|MC:inst6|inst3  ; |LIFO|RAM16_8:inst8|RAM4_4:inst10|MC:inst6|inst3  ; out              ;
; |LIFO|RAM16_8:inst8|RAM4_4:inst10|MC:inst6|inst   ; |LIFO|RAM16_8:inst8|RAM4_4:inst10|MC:inst6|inst   ; out              ;
; |LIFO|RAM16_8:inst8|RAM4_4:inst10|MC:inst2|inst3  ; |LIFO|RAM16_8:inst8|RAM4_4:inst10|MC:inst2|inst3  ; out              ;
; |LIFO|RAM16_8:inst8|RAM4_4:inst10|MC:inst2|inst   ; |LIFO|RAM16_8:inst8|RAM4_4:inst10|MC:inst2|inst   ; out              ;
; |LIFO|RAM16_8:inst8|RAM4_4:inst10|MC:inst13|inst3 ; |LIFO|RAM16_8:inst8|RAM4_4:inst10|MC:inst13|inst3 ; out              ;
; |LIFO|RAM16_8:inst8|RAM4_4:inst10|MC:inst13|inst  ; |LIFO|RAM16_8:inst8|RAM4_4:inst10|MC:inst13|inst  ; out              ;
; |LIFO|RAM16_8:inst8|RAM4_4:inst10|MC:inst9|inst3  ; |LIFO|RAM16_8:inst8|RAM4_4:inst10|MC:inst9|inst3  ; out              ;
; |LIFO|RAM16_8:inst8|RAM4_4:inst10|MC:inst9|inst   ; |LIFO|RAM16_8:inst8|RAM4_4:inst10|MC:inst9|inst   ; out              ;
; |LIFO|RAM16_8:inst8|RAM4_4:inst10|MC:inst5|inst3  ; |LIFO|RAM16_8:inst8|RAM4_4:inst10|MC:inst5|inst3  ; out              ;
; |LIFO|RAM16_8:inst8|RAM4_4:inst10|MC:inst5|inst   ; |LIFO|RAM16_8:inst8|RAM4_4:inst10|MC:inst5|inst   ; out              ;
; |LIFO|RAM16_8:inst8|RAM4_4:inst10|MC:inst1|inst3  ; |LIFO|RAM16_8:inst8|RAM4_4:inst10|MC:inst1|inst3  ; out              ;
; |LIFO|RAM16_8:inst8|RAM4_4:inst10|MC:inst1|inst   ; |LIFO|RAM16_8:inst8|RAM4_4:inst10|MC:inst1|inst   ; out              ;
; |LIFO|RAM16_8:inst8|RAM4_4:inst8|inst25           ; |LIFO|RAM16_8:inst8|RAM4_4:inst8|inst25           ; out              ;
; |LIFO|RAM16_8:inst8|RAM4_4:inst8|IN~0             ; |LIFO|RAM16_8:inst8|RAM4_4:inst8|IN~0             ; out0             ;
; |LIFO|RAM16_8:inst8|RAM4_4:inst8|inst24           ; |LIFO|RAM16_8:inst8|RAM4_4:inst8|inst24           ; out              ;
; |LIFO|RAM16_8:inst8|RAM4_4:inst8|inst22           ; |LIFO|RAM16_8:inst8|RAM4_4:inst8|inst22           ; out              ;
; |LIFO|RAM16_8:inst8|RAM4_4:inst8|inst23           ; |LIFO|RAM16_8:inst8|RAM4_4:inst8|inst23           ; out              ;
; |LIFO|RAM16_8:inst8|RAM4_4:inst8|MC:inst8|inst3   ; |LIFO|RAM16_8:inst8|RAM4_4:inst8|MC:inst8|inst3   ; out              ;
; |LIFO|RAM16_8:inst8|RAM4_4:inst8|MC:inst8|inst    ; |LIFO|RAM16_8:inst8|RAM4_4:inst8|MC:inst8|inst    ; out              ;
; |LIFO|RAM16_8:inst8|RAM4_4:inst8|MC:inst11|inst3  ; |LIFO|RAM16_8:inst8|RAM4_4:inst8|MC:inst11|inst3  ; out              ;
; |LIFO|RAM16_8:inst8|RAM4_4:inst8|MC:inst11|inst   ; |LIFO|RAM16_8:inst8|RAM4_4:inst8|MC:inst11|inst   ; out              ;
; |LIFO|RAM16_8:inst8|RAM4_4:inst8|MC:inst16|inst3  ; |LIFO|RAM16_8:inst8|RAM4_4:inst8|MC:inst16|inst3  ; out              ;
; |LIFO|RAM16_8:inst8|RAM4_4:inst8|MC:inst16|inst   ; |LIFO|RAM16_8:inst8|RAM4_4:inst8|MC:inst16|inst   ; out              ;
; |LIFO|RAM16_8:inst8|RAM4_4:inst8|MC:inst15|inst3  ; |LIFO|RAM16_8:inst8|RAM4_4:inst8|MC:inst15|inst3  ; out              ;
; |LIFO|RAM16_8:inst8|RAM4_4:inst8|MC:inst15|inst   ; |LIFO|RAM16_8:inst8|RAM4_4:inst8|MC:inst15|inst   ; out              ;
; |LIFO|RAM16_8:inst8|RAM4_4:inst8|MC:inst10|inst3  ; |LIFO|RAM16_8:inst8|RAM4_4:inst8|MC:inst10|inst3  ; out              ;
; |LIFO|RAM16_8:inst8|RAM4_4:inst8|MC:inst10|inst   ; |LIFO|RAM16_8:inst8|RAM4_4:inst8|MC:inst10|inst   ; out              ;
; |LIFO|RAM16_8:inst8|RAM4_4:inst8|MC:inst7|inst3   ; |LIFO|RAM16_8:inst8|RAM4_4:inst8|MC:inst7|inst3   ; out              ;
; |LIFO|RAM16_8:inst8|RAM4_4:inst8|MC:inst7|inst    ; |LIFO|RAM16_8:inst8|RAM4_4:inst8|MC:inst7|inst    ; out              ;
; |LIFO|RAM16_8:inst8|RAM4_4:inst8|MC:inst14|inst3  ; |LIFO|RAM16_8:inst8|RAM4_4:inst8|MC:inst14|inst3  ; out              ;
; |LIFO|RAM16_8:inst8|RAM4_4:inst8|MC:inst14|inst   ; |LIFO|RAM16_8:inst8|RAM4_4:inst8|MC:inst14|inst   ; out              ;
; |LIFO|RAM16_8:inst8|RAM4_4:inst8|MC:inst12|inst3  ; |LIFO|RAM16_8:inst8|RAM4_4:inst8|MC:inst12|inst3  ; out              ;
; |LIFO|RAM16_8:inst8|RAM4_4:inst8|MC:inst12|inst   ; |LIFO|RAM16_8:inst8|RAM4_4:inst8|MC:inst12|inst   ; out              ;
; |LIFO|RAM16_8:inst8|RAM4_4:inst8|MC:inst6|inst3   ; |LIFO|RAM16_8:inst8|RAM4_4:inst8|MC:inst6|inst3   ; out              ;
; |LIFO|RAM16_8:inst8|RAM4_4:inst8|MC:inst6|inst    ; |LIFO|RAM16_8:inst8|RAM4_4:inst8|MC:inst6|inst    ; out              ;
; |LIFO|RAM16_8:inst8|RAM4_4:inst8|MC:inst13|inst3  ; |LIFO|RAM16_8:inst8|RAM4_4:inst8|MC:inst13|inst3  ; out              ;
; |LIFO|RAM16_8:inst8|RAM4_4:inst8|MC:inst13|inst   ; |LIFO|RAM16_8:inst8|RAM4_4:inst8|MC:inst13|inst   ; out              ;
; |LIFO|RAM16_8:inst8|RAM4_4:inst8|MC:inst9|inst3   ; |LIFO|RAM16_8:inst8|RAM4_4:inst8|MC:inst9|inst3   ; out              ;
; |LIFO|RAM16_8:inst8|RAM4_4:inst8|MC:inst9|inst    ; |LIFO|RAM16_8:inst8|RAM4_4:inst8|MC:inst9|inst    ; out              ;
; |LIFO|RAM16_8:inst8|RAM4_4:inst8|MC:inst5|inst3   ; |LIFO|RAM16_8:inst8|RAM4_4:inst8|MC:inst5|inst3   ; out              ;
; |LIFO|RAM16_8:inst8|RAM4_4:inst8|MC:inst5|inst    ; |LIFO|RAM16_8:inst8|RAM4_4:inst8|MC:inst5|inst    ; out              ;
; |LIFO|RAM16_8:inst8|RAM4_4:inst8|MC:inst1|inst3   ; |LIFO|RAM16_8:inst8|RAM4_4:inst8|MC:inst1|inst3   ; out              ;
; |LIFO|RAM16_8:inst8|RAM4_4:inst8|MC:inst1|inst    ; |LIFO|RAM16_8:inst8|RAM4_4:inst8|MC:inst1|inst    ; out              ;
; |LIFO|RAM16_8:inst8|RAM4_4:inst4|inst25           ; |LIFO|RAM16_8:inst8|RAM4_4:inst4|inst25           ; out              ;
; |LIFO|RAM16_8:inst8|RAM4_4:inst4|IN~0             ; |LIFO|RAM16_8:inst8|RAM4_4:inst4|IN~0             ; out0             ;
; |LIFO|RAM16_8:inst8|RAM4_4:inst4|inst17           ; |LIFO|RAM16_8:inst8|RAM4_4:inst4|inst17           ; out0             ;
; |LIFO|RAM16_8:inst8|RAM4_4:inst4|inst24           ; |LIFO|RAM16_8:inst8|RAM4_4:inst4|inst24           ; out              ;
; |LIFO|RAM16_8:inst8|RAM4_4:inst4|IN~1             ; |LIFO|RAM16_8:inst8|RAM4_4:inst4|IN~1             ; out0             ;
; |LIFO|RAM16_8:inst8|RAM4_4:inst4|inst22           ; |LIFO|RAM16_8:inst8|RAM4_4:inst4|inst22           ; out              ;
; |LIFO|RAM16_8:inst8|RAM4_4:inst4|IN~2             ; |LIFO|RAM16_8:inst8|RAM4_4:inst4|IN~2             ; out0             ;
; |LIFO|RAM16_8:inst8|RAM4_4:inst4|inst23           ; |LIFO|RAM16_8:inst8|RAM4_4:inst4|inst23           ; out              ;
; |LIFO|RAM16_8:inst8|RAM4_4:inst4|IN~3             ; |LIFO|RAM16_8:inst8|RAM4_4:inst4|IN~3             ; out0             ;
; |LIFO|RAM16_8:inst8|RAM4_4:inst4|MC:inst8|inst3   ; |LIFO|RAM16_8:inst8|RAM4_4:inst4|MC:inst8|inst3   ; out              ;
; |LIFO|RAM16_8:inst8|RAM4_4:inst4|MC:inst8|inst    ; |LIFO|RAM16_8:inst8|RAM4_4:inst4|MC:inst8|inst    ; out              ;
; |LIFO|RAM16_8:inst8|RAM4_4:inst4|MC:inst11|inst3  ; |LIFO|RAM16_8:inst8|RAM4_4:inst4|MC:inst11|inst3  ; out              ;
; |LIFO|RAM16_8:inst8|RAM4_4:inst4|MC:inst11|inst   ; |LIFO|RAM16_8:inst8|RAM4_4:inst4|MC:inst11|inst   ; out              ;
; |LIFO|RAM16_8:inst8|RAM4_4:inst4|MC:inst16|inst3  ; |LIFO|RAM16_8:inst8|RAM4_4:inst4|MC:inst16|inst3  ; out              ;
; |LIFO|RAM16_8:inst8|RAM4_4:inst4|MC:inst16|inst   ; |LIFO|RAM16_8:inst8|RAM4_4:inst4|MC:inst16|inst   ; out              ;
; |LIFO|RAM16_8:inst8|RAM4_4:inst4|MC:inst4|inst3   ; |LIFO|RAM16_8:inst8|RAM4_4:inst4|MC:inst4|inst3   ; out              ;
; |LIFO|RAM16_8:inst8|RAM4_4:inst4|MC:inst4|inst    ; |LIFO|RAM16_8:inst8|RAM4_4:inst4|MC:inst4|inst    ; out              ;
; |LIFO|RAM16_8:inst8|RAM4_4:inst4|MC:inst15|inst3  ; |LIFO|RAM16_8:inst8|RAM4_4:inst4|MC:inst15|inst3  ; out              ;
; |LIFO|RAM16_8:inst8|RAM4_4:inst4|MC:inst15|inst   ; |LIFO|RAM16_8:inst8|RAM4_4:inst4|MC:inst15|inst   ; out              ;
; |LIFO|RAM16_8:inst8|RAM4_4:inst4|MC:inst10|inst3  ; |LIFO|RAM16_8:inst8|RAM4_4:inst4|MC:inst10|inst3  ; out              ;
; |LIFO|RAM16_8:inst8|RAM4_4:inst4|MC:inst10|inst   ; |LIFO|RAM16_8:inst8|RAM4_4:inst4|MC:inst10|inst   ; out              ;
; |LIFO|RAM16_8:inst8|RAM4_4:inst4|MC:inst7|inst3   ; |LIFO|RAM16_8:inst8|RAM4_4:inst4|MC:inst7|inst3   ; out              ;
; |LIFO|RAM16_8:inst8|RAM4_4:inst4|MC:inst7|inst    ; |LIFO|RAM16_8:inst8|RAM4_4:inst4|MC:inst7|inst    ; out              ;
; |LIFO|RAM16_8:inst8|RAM4_4:inst4|MC:inst3|inst3   ; |LIFO|RAM16_8:inst8|RAM4_4:inst4|MC:inst3|inst3   ; out              ;
; |LIFO|RAM16_8:inst8|RAM4_4:inst4|MC:inst3|inst    ; |LIFO|RAM16_8:inst8|RAM4_4:inst4|MC:inst3|inst    ; out              ;
; |LIFO|RAM16_8:inst8|RAM4_4:inst4|MC:inst14|inst3  ; |LIFO|RAM16_8:inst8|RAM4_4:inst4|MC:inst14|inst3  ; out              ;
; |LIFO|RAM16_8:inst8|RAM4_4:inst4|MC:inst14|inst   ; |LIFO|RAM16_8:inst8|RAM4_4:inst4|MC:inst14|inst   ; out              ;
; |LIFO|RAM16_8:inst8|RAM4_4:inst4|MC:inst12|inst3  ; |LIFO|RAM16_8:inst8|RAM4_4:inst4|MC:inst12|inst3  ; out              ;
; |LIFO|RAM16_8:inst8|RAM4_4:inst4|MC:inst12|inst   ; |LIFO|RAM16_8:inst8|RAM4_4:inst4|MC:inst12|inst   ; out              ;
; |LIFO|RAM16_8:inst8|RAM4_4:inst4|MC:inst6|inst3   ; |LIFO|RAM16_8:inst8|RAM4_4:inst4|MC:inst6|inst3   ; out              ;
; |LIFO|RAM16_8:inst8|RAM4_4:inst4|MC:inst6|inst    ; |LIFO|RAM16_8:inst8|RAM4_4:inst4|MC:inst6|inst    ; out              ;
; |LIFO|RAM16_8:inst8|RAM4_4:inst4|MC:inst2|inst3   ; |LIFO|RAM16_8:inst8|RAM4_4:inst4|MC:inst2|inst3   ; out              ;
; |LIFO|RAM16_8:inst8|RAM4_4:inst4|MC:inst2|inst    ; |LIFO|RAM16_8:inst8|RAM4_4:inst4|MC:inst2|inst    ; out              ;
; |LIFO|RAM16_8:inst8|RAM4_4:inst4|MC:inst13|inst3  ; |LIFO|RAM16_8:inst8|RAM4_4:inst4|MC:inst13|inst3  ; out              ;
; |LIFO|RAM16_8:inst8|RAM4_4:inst4|MC:inst13|inst   ; |LIFO|RAM16_8:inst8|RAM4_4:inst4|MC:inst13|inst   ; out              ;
; |LIFO|RAM16_8:inst8|RAM4_4:inst4|MC:inst9|inst3   ; |LIFO|RAM16_8:inst8|RAM4_4:inst4|MC:inst9|inst3   ; out              ;
; |LIFO|RAM16_8:inst8|RAM4_4:inst4|MC:inst9|inst    ; |LIFO|RAM16_8:inst8|RAM4_4:inst4|MC:inst9|inst    ; out              ;
; |LIFO|RAM16_8:inst8|RAM4_4:inst4|MC:inst5|inst3   ; |LIFO|RAM16_8:inst8|RAM4_4:inst4|MC:inst5|inst3   ; out              ;
; |LIFO|RAM16_8:inst8|RAM4_4:inst4|MC:inst5|inst    ; |LIFO|RAM16_8:inst8|RAM4_4:inst4|MC:inst5|inst    ; out              ;
; |LIFO|RAM16_8:inst8|RAM4_4:inst4|MC:inst1|inst3   ; |LIFO|RAM16_8:inst8|RAM4_4:inst4|MC:inst1|inst3   ; out              ;
; |LIFO|RAM16_8:inst8|RAM4_4:inst4|MC:inst1|inst    ; |LIFO|RAM16_8:inst8|RAM4_4:inst4|MC:inst1|inst    ; out              ;
; |LIFO|RAM16_8:inst8|RAM4_4:inst1|MC:inst4|inst3   ; |LIFO|RAM16_8:inst8|RAM4_4:inst1|MC:inst4|inst3   ; out              ;
; |LIFO|RAM16_8:inst8|RAM4_4:inst1|MC:inst4|inst    ; |LIFO|RAM16_8:inst8|RAM4_4:inst1|MC:inst4|inst    ; out              ;
; |LIFO|RAM16_8:inst8|RAM4_4:inst1|MC:inst3|inst3   ; |LIFO|RAM16_8:inst8|RAM4_4:inst1|MC:inst3|inst3   ; out              ;
; |LIFO|RAM16_8:inst8|RAM4_4:inst1|MC:inst3|inst    ; |LIFO|RAM16_8:inst8|RAM4_4:inst1|MC:inst3|inst    ; out              ;
; |LIFO|RAM16_8:inst8|RAM4_4:inst1|MC:inst2|inst3   ; |LIFO|RAM16_8:inst8|RAM4_4:inst1|MC:inst2|inst3   ; out              ;
; |LIFO|RAM16_8:inst8|RAM4_4:inst1|MC:inst2|inst    ; |LIFO|RAM16_8:inst8|RAM4_4:inst1|MC:inst2|inst    ; out              ;
; |LIFO|RAM16_8:inst8|RAM4_4:inst1|MC:inst1|inst3   ; |LIFO|RAM16_8:inst8|RAM4_4:inst1|MC:inst1|inst3   ; out              ;
; |LIFO|RAM16_8:inst8|RAM4_4:inst1|MC:inst1|inst    ; |LIFO|RAM16_8:inst8|RAM4_4:inst1|MC:inst1|inst    ; out              ;
; |LIFO|RAM16_8:inst8|RAM4_4:inst6|inst25           ; |LIFO|RAM16_8:inst8|RAM4_4:inst6|inst25           ; out              ;
; |LIFO|RAM16_8:inst8|RAM4_4:inst6|IN~0             ; |LIFO|RAM16_8:inst8|RAM4_4:inst6|IN~0             ; out0             ;
; |LIFO|RAM16_8:inst8|RAM4_4:inst6|inst17           ; |LIFO|RAM16_8:inst8|RAM4_4:inst6|inst17           ; out0             ;
; |LIFO|RAM16_8:inst8|RAM4_4:inst6|inst24           ; |LIFO|RAM16_8:inst8|RAM4_4:inst6|inst24           ; out              ;
; |LIFO|RAM16_8:inst8|RAM4_4:inst6|IN~1             ; |LIFO|RAM16_8:inst8|RAM4_4:inst6|IN~1             ; out0             ;
; |LIFO|RAM16_8:inst8|RAM4_4:inst6|inst22           ; |LIFO|RAM16_8:inst8|RAM4_4:inst6|inst22           ; out              ;
; |LIFO|RAM16_8:inst8|RAM4_4:inst6|IN~2             ; |LIFO|RAM16_8:inst8|RAM4_4:inst6|IN~2             ; out0             ;
; |LIFO|RAM16_8:inst8|RAM4_4:inst6|inst23           ; |LIFO|RAM16_8:inst8|RAM4_4:inst6|inst23           ; out              ;
; |LIFO|RAM16_8:inst8|RAM4_4:inst6|IN~3             ; |LIFO|RAM16_8:inst8|RAM4_4:inst6|IN~3             ; out0             ;
; |LIFO|RAM16_8:inst8|RAM4_4:inst6|MC:inst8|inst3   ; |LIFO|RAM16_8:inst8|RAM4_4:inst6|MC:inst8|inst3   ; out              ;
; |LIFO|RAM16_8:inst8|RAM4_4:inst6|MC:inst8|inst    ; |LIFO|RAM16_8:inst8|RAM4_4:inst6|MC:inst8|inst    ; out              ;
; |LIFO|RAM16_8:inst8|RAM4_4:inst6|MC:inst11|inst3  ; |LIFO|RAM16_8:inst8|RAM4_4:inst6|MC:inst11|inst3  ; out              ;
; |LIFO|RAM16_8:inst8|RAM4_4:inst6|MC:inst11|inst   ; |LIFO|RAM16_8:inst8|RAM4_4:inst6|MC:inst11|inst   ; out              ;
; |LIFO|RAM16_8:inst8|RAM4_4:inst6|MC:inst16|inst3  ; |LIFO|RAM16_8:inst8|RAM4_4:inst6|MC:inst16|inst3  ; out              ;
; |LIFO|RAM16_8:inst8|RAM4_4:inst6|MC:inst16|inst   ; |LIFO|RAM16_8:inst8|RAM4_4:inst6|MC:inst16|inst   ; out              ;
; |LIFO|RAM16_8:inst8|RAM4_4:inst6|MC:inst4|inst3   ; |LIFO|RAM16_8:inst8|RAM4_4:inst6|MC:inst4|inst3   ; out              ;
; |LIFO|RAM16_8:inst8|RAM4_4:inst6|MC:inst4|inst    ; |LIFO|RAM16_8:inst8|RAM4_4:inst6|MC:inst4|inst    ; out              ;
; |LIFO|RAM16_8:inst8|RAM4_4:inst6|MC:inst15|inst3  ; |LIFO|RAM16_8:inst8|RAM4_4:inst6|MC:inst15|inst3  ; out              ;
; |LIFO|RAM16_8:inst8|RAM4_4:inst6|MC:inst15|inst   ; |LIFO|RAM16_8:inst8|RAM4_4:inst6|MC:inst15|inst   ; out              ;
; |LIFO|RAM16_8:inst8|RAM4_4:inst6|MC:inst10|inst3  ; |LIFO|RAM16_8:inst8|RAM4_4:inst6|MC:inst10|inst3  ; out              ;
; |LIFO|RAM16_8:inst8|RAM4_4:inst6|MC:inst10|inst   ; |LIFO|RAM16_8:inst8|RAM4_4:inst6|MC:inst10|inst   ; out              ;
; |LIFO|RAM16_8:inst8|RAM4_4:inst6|MC:inst7|inst3   ; |LIFO|RAM16_8:inst8|RAM4_4:inst6|MC:inst7|inst3   ; out              ;
; |LIFO|RAM16_8:inst8|RAM4_4:inst6|MC:inst7|inst    ; |LIFO|RAM16_8:inst8|RAM4_4:inst6|MC:inst7|inst    ; out              ;
; |LIFO|RAM16_8:inst8|RAM4_4:inst6|MC:inst3|inst3   ; |LIFO|RAM16_8:inst8|RAM4_4:inst6|MC:inst3|inst3   ; out              ;
; |LIFO|RAM16_8:inst8|RAM4_4:inst6|MC:inst3|inst    ; |LIFO|RAM16_8:inst8|RAM4_4:inst6|MC:inst3|inst    ; out              ;
; |LIFO|RAM16_8:inst8|RAM4_4:inst6|MC:inst14|inst3  ; |LIFO|RAM16_8:inst8|RAM4_4:inst6|MC:inst14|inst3  ; out              ;
; |LIFO|RAM16_8:inst8|RAM4_4:inst6|MC:inst14|inst   ; |LIFO|RAM16_8:inst8|RAM4_4:inst6|MC:inst14|inst   ; out              ;
; |LIFO|RAM16_8:inst8|RAM4_4:inst6|MC:inst12|inst3  ; |LIFO|RAM16_8:inst8|RAM4_4:inst6|MC:inst12|inst3  ; out              ;
; |LIFO|RAM16_8:inst8|RAM4_4:inst6|MC:inst12|inst   ; |LIFO|RAM16_8:inst8|RAM4_4:inst6|MC:inst12|inst   ; out              ;
; |LIFO|RAM16_8:inst8|RAM4_4:inst6|MC:inst6|inst3   ; |LIFO|RAM16_8:inst8|RAM4_4:inst6|MC:inst6|inst3   ; out              ;
; |LIFO|RAM16_8:inst8|RAM4_4:inst6|MC:inst6|inst    ; |LIFO|RAM16_8:inst8|RAM4_4:inst6|MC:inst6|inst    ; out              ;
; |LIFO|RAM16_8:inst8|RAM4_4:inst6|MC:inst2|inst3   ; |LIFO|RAM16_8:inst8|RAM4_4:inst6|MC:inst2|inst3   ; out              ;
; |LIFO|RAM16_8:inst8|RAM4_4:inst6|MC:inst2|inst    ; |LIFO|RAM16_8:inst8|RAM4_4:inst6|MC:inst2|inst    ; out              ;
; |LIFO|RAM16_8:inst8|RAM4_4:inst6|MC:inst13|inst3  ; |LIFO|RAM16_8:inst8|RAM4_4:inst6|MC:inst13|inst3  ; out              ;
; |LIFO|RAM16_8:inst8|RAM4_4:inst6|MC:inst13|inst   ; |LIFO|RAM16_8:inst8|RAM4_4:inst6|MC:inst13|inst   ; out              ;
; |LIFO|RAM16_8:inst8|RAM4_4:inst6|MC:inst9|inst3   ; |LIFO|RAM16_8:inst8|RAM4_4:inst6|MC:inst9|inst3   ; out              ;
; |LIFO|RAM16_8:inst8|RAM4_4:inst6|MC:inst9|inst    ; |LIFO|RAM16_8:inst8|RAM4_4:inst6|MC:inst9|inst    ; out              ;
; |LIFO|RAM16_8:inst8|RAM4_4:inst6|MC:inst5|inst3   ; |LIFO|RAM16_8:inst8|RAM4_4:inst6|MC:inst5|inst3   ; out              ;
; |LIFO|RAM16_8:inst8|RAM4_4:inst6|MC:inst5|inst    ; |LIFO|RAM16_8:inst8|RAM4_4:inst6|MC:inst5|inst    ; out              ;
; |LIFO|RAM16_8:inst8|RAM4_4:inst6|MC:inst1|inst3   ; |LIFO|RAM16_8:inst8|RAM4_4:inst6|MC:inst1|inst3   ; out              ;
; |LIFO|RAM16_8:inst8|RAM4_4:inst6|MC:inst1|inst    ; |LIFO|RAM16_8:inst8|RAM4_4:inst6|MC:inst1|inst    ; out              ;
; |LIFO|RAM16_8:inst8|RAM4_4:inst13|inst25          ; |LIFO|RAM16_8:inst8|RAM4_4:inst13|inst25          ; out              ;
; |LIFO|RAM16_8:inst8|RAM4_4:inst13|IN~0            ; |LIFO|RAM16_8:inst8|RAM4_4:inst13|IN~0            ; out0             ;
; |LIFO|RAM16_8:inst8|RAM4_4:inst13|inst24          ; |LIFO|RAM16_8:inst8|RAM4_4:inst13|inst24          ; out              ;
; |LIFO|RAM16_8:inst8|RAM4_4:inst13|IN~1            ; |LIFO|RAM16_8:inst8|RAM4_4:inst13|IN~1            ; out0             ;
; |LIFO|RAM16_8:inst8|RAM4_4:inst13|inst22          ; |LIFO|RAM16_8:inst8|RAM4_4:inst13|inst22          ; out              ;
; |LIFO|RAM16_8:inst8|RAM4_4:inst13|IN~2            ; |LIFO|RAM16_8:inst8|RAM4_4:inst13|IN~2            ; out0             ;
; |LIFO|RAM16_8:inst8|RAM4_4:inst13|inst23          ; |LIFO|RAM16_8:inst8|RAM4_4:inst13|inst23          ; out              ;
; |LIFO|RAM16_8:inst8|RAM4_4:inst13|IN~3            ; |LIFO|RAM16_8:inst8|RAM4_4:inst13|IN~3            ; out0             ;
; |LIFO|RAM16_8:inst8|RAM4_4:inst13|MC:inst8|inst3  ; |LIFO|RAM16_8:inst8|RAM4_4:inst13|MC:inst8|inst3  ; out              ;
; |LIFO|RAM16_8:inst8|RAM4_4:inst13|MC:inst8|inst   ; |LIFO|RAM16_8:inst8|RAM4_4:inst13|MC:inst8|inst   ; out              ;
; |LIFO|RAM16_8:inst8|RAM4_4:inst13|MC:inst11|inst3 ; |LIFO|RAM16_8:inst8|RAM4_4:inst13|MC:inst11|inst3 ; out              ;
; |LIFO|RAM16_8:inst8|RAM4_4:inst13|MC:inst11|inst  ; |LIFO|RAM16_8:inst8|RAM4_4:inst13|MC:inst11|inst  ; out              ;
; |LIFO|RAM16_8:inst8|RAM4_4:inst13|MC:inst16|inst3 ; |LIFO|RAM16_8:inst8|RAM4_4:inst13|MC:inst16|inst3 ; out              ;
; |LIFO|RAM16_8:inst8|RAM4_4:inst13|MC:inst16|inst  ; |LIFO|RAM16_8:inst8|RAM4_4:inst13|MC:inst16|inst  ; out              ;
; |LIFO|RAM16_8:inst8|RAM4_4:inst13|MC:inst4|inst3  ; |LIFO|RAM16_8:inst8|RAM4_4:inst13|MC:inst4|inst3  ; out              ;
; |LIFO|RAM16_8:inst8|RAM4_4:inst13|MC:inst4|inst   ; |LIFO|RAM16_8:inst8|RAM4_4:inst13|MC:inst4|inst   ; out              ;
; |LIFO|RAM16_8:inst8|RAM4_4:inst13|MC:inst15|inst3 ; |LIFO|RAM16_8:inst8|RAM4_4:inst13|MC:inst15|inst3 ; out              ;
; |LIFO|RAM16_8:inst8|RAM4_4:inst13|MC:inst15|inst  ; |LIFO|RAM16_8:inst8|RAM4_4:inst13|MC:inst15|inst  ; out              ;
; |LIFO|RAM16_8:inst8|RAM4_4:inst13|MC:inst10|inst3 ; |LIFO|RAM16_8:inst8|RAM4_4:inst13|MC:inst10|inst3 ; out              ;
; |LIFO|RAM16_8:inst8|RAM4_4:inst13|MC:inst10|inst  ; |LIFO|RAM16_8:inst8|RAM4_4:inst13|MC:inst10|inst  ; out              ;
; |LIFO|RAM16_8:inst8|RAM4_4:inst13|MC:inst7|inst3  ; |LIFO|RAM16_8:inst8|RAM4_4:inst13|MC:inst7|inst3  ; out              ;
; |LIFO|RAM16_8:inst8|RAM4_4:inst13|MC:inst7|inst   ; |LIFO|RAM16_8:inst8|RAM4_4:inst13|MC:inst7|inst   ; out              ;
; |LIFO|RAM16_8:inst8|RAM4_4:inst13|MC:inst3|inst3  ; |LIFO|RAM16_8:inst8|RAM4_4:inst13|MC:inst3|inst3  ; out              ;
; |LIFO|RAM16_8:inst8|RAM4_4:inst13|MC:inst3|inst   ; |LIFO|RAM16_8:inst8|RAM4_4:inst13|MC:inst3|inst   ; out              ;
; |LIFO|RAM16_8:inst8|RAM4_4:inst13|MC:inst14|inst3 ; |LIFO|RAM16_8:inst8|RAM4_4:inst13|MC:inst14|inst3 ; out              ;
; |LIFO|RAM16_8:inst8|RAM4_4:inst13|MC:inst14|inst  ; |LIFO|RAM16_8:inst8|RAM4_4:inst13|MC:inst14|inst  ; out              ;
; |LIFO|RAM16_8:inst8|RAM4_4:inst13|MC:inst12|inst3 ; |LIFO|RAM16_8:inst8|RAM4_4:inst13|MC:inst12|inst3 ; out              ;
; |LIFO|RAM16_8:inst8|RAM4_4:inst13|MC:inst12|inst  ; |LIFO|RAM16_8:inst8|RAM4_4:inst13|MC:inst12|inst  ; out              ;
; |LIFO|RAM16_8:inst8|RAM4_4:inst13|MC:inst6|inst3  ; |LIFO|RAM16_8:inst8|RAM4_4:inst13|MC:inst6|inst3  ; out              ;
; |LIFO|RAM16_8:inst8|RAM4_4:inst13|MC:inst6|inst   ; |LIFO|RAM16_8:inst8|RAM4_4:inst13|MC:inst6|inst   ; out              ;
; |LIFO|RAM16_8:inst8|RAM4_4:inst13|MC:inst2|inst3  ; |LIFO|RAM16_8:inst8|RAM4_4:inst13|MC:inst2|inst3  ; out              ;
; |LIFO|RAM16_8:inst8|RAM4_4:inst13|MC:inst2|inst   ; |LIFO|RAM16_8:inst8|RAM4_4:inst13|MC:inst2|inst   ; out              ;
; |LIFO|RAM16_8:inst8|RAM4_4:inst13|MC:inst13|inst3 ; |LIFO|RAM16_8:inst8|RAM4_4:inst13|MC:inst13|inst3 ; out              ;
; |LIFO|RAM16_8:inst8|RAM4_4:inst13|MC:inst13|inst  ; |LIFO|RAM16_8:inst8|RAM4_4:inst13|MC:inst13|inst  ; out              ;
; |LIFO|RAM16_8:inst8|RAM4_4:inst13|MC:inst9|inst3  ; |LIFO|RAM16_8:inst8|RAM4_4:inst13|MC:inst9|inst3  ; out              ;
; |LIFO|RAM16_8:inst8|RAM4_4:inst13|MC:inst9|inst   ; |LIFO|RAM16_8:inst8|RAM4_4:inst13|MC:inst9|inst   ; out              ;
; |LIFO|RAM16_8:inst8|RAM4_4:inst13|MC:inst5|inst3  ; |LIFO|RAM16_8:inst8|RAM4_4:inst13|MC:inst5|inst3  ; out              ;
; |LIFO|RAM16_8:inst8|RAM4_4:inst13|MC:inst5|inst   ; |LIFO|RAM16_8:inst8|RAM4_4:inst13|MC:inst5|inst   ; out              ;
; |LIFO|RAM16_8:inst8|RAM4_4:inst13|MC:inst1|inst3  ; |LIFO|RAM16_8:inst8|RAM4_4:inst13|MC:inst1|inst3  ; out              ;
; |LIFO|RAM16_8:inst8|RAM4_4:inst13|MC:inst1|inst   ; |LIFO|RAM16_8:inst8|RAM4_4:inst13|MC:inst1|inst   ; out              ;
; |LIFO|RAM16_8:inst8|RAM4_4:inst9|MC:inst8|inst3   ; |LIFO|RAM16_8:inst8|RAM4_4:inst9|MC:inst8|inst3   ; out              ;
; |LIFO|RAM16_8:inst8|RAM4_4:inst9|MC:inst8|inst    ; |LIFO|RAM16_8:inst8|RAM4_4:inst9|MC:inst8|inst    ; out              ;
; |LIFO|RAM16_8:inst8|RAM4_4:inst9|MC:inst16|inst3  ; |LIFO|RAM16_8:inst8|RAM4_4:inst9|MC:inst16|inst3  ; out              ;
; |LIFO|RAM16_8:inst8|RAM4_4:inst9|MC:inst16|inst   ; |LIFO|RAM16_8:inst8|RAM4_4:inst9|MC:inst16|inst   ; out              ;
; |LIFO|RAM16_8:inst8|RAM4_4:inst9|MC:inst15|inst3  ; |LIFO|RAM16_8:inst8|RAM4_4:inst9|MC:inst15|inst3  ; out              ;
; |LIFO|RAM16_8:inst8|RAM4_4:inst9|MC:inst15|inst   ; |LIFO|RAM16_8:inst8|RAM4_4:inst9|MC:inst15|inst   ; out              ;
; |LIFO|RAM16_8:inst8|RAM4_4:inst9|MC:inst7|inst3   ; |LIFO|RAM16_8:inst8|RAM4_4:inst9|MC:inst7|inst3   ; out              ;
; |LIFO|RAM16_8:inst8|RAM4_4:inst9|MC:inst7|inst    ; |LIFO|RAM16_8:inst8|RAM4_4:inst9|MC:inst7|inst    ; out              ;
; |LIFO|RAM16_8:inst8|RAM4_4:inst9|MC:inst14|inst3  ; |LIFO|RAM16_8:inst8|RAM4_4:inst9|MC:inst14|inst3  ; out              ;
; |LIFO|RAM16_8:inst8|RAM4_4:inst9|MC:inst14|inst   ; |LIFO|RAM16_8:inst8|RAM4_4:inst9|MC:inst14|inst   ; out              ;
; |LIFO|RAM16_8:inst8|RAM4_4:inst9|MC:inst6|inst3   ; |LIFO|RAM16_8:inst8|RAM4_4:inst9|MC:inst6|inst3   ; out              ;
; |LIFO|RAM16_8:inst8|RAM4_4:inst9|MC:inst6|inst    ; |LIFO|RAM16_8:inst8|RAM4_4:inst9|MC:inst6|inst    ; out              ;
; |LIFO|RAM16_8:inst8|RAM4_4:inst9|MC:inst13|inst3  ; |LIFO|RAM16_8:inst8|RAM4_4:inst9|MC:inst13|inst3  ; out              ;
; |LIFO|RAM16_8:inst8|RAM4_4:inst9|MC:inst13|inst   ; |LIFO|RAM16_8:inst8|RAM4_4:inst9|MC:inst13|inst   ; out              ;
; |LIFO|RAM16_8:inst8|RAM4_4:inst9|MC:inst5|inst3   ; |LIFO|RAM16_8:inst8|RAM4_4:inst9|MC:inst5|inst3   ; out              ;
; |LIFO|RAM16_8:inst8|RAM4_4:inst9|MC:inst5|inst    ; |LIFO|RAM16_8:inst8|RAM4_4:inst9|MC:inst5|inst    ; out              ;
; |LIFO|RAM16_8:inst8|RAM4_4:inst3|MC:inst4|inst3   ; |LIFO|RAM16_8:inst8|RAM4_4:inst3|MC:inst4|inst3   ; out              ;
; |LIFO|RAM16_8:inst8|RAM4_4:inst3|MC:inst4|inst    ; |LIFO|RAM16_8:inst8|RAM4_4:inst3|MC:inst4|inst    ; out              ;
; |LIFO|RAM16_8:inst8|RAM4_4:inst3|MC:inst15|inst3  ; |LIFO|RAM16_8:inst8|RAM4_4:inst3|MC:inst15|inst3  ; out              ;
; |LIFO|RAM16_8:inst8|RAM4_4:inst3|MC:inst15|inst   ; |LIFO|RAM16_8:inst8|RAM4_4:inst3|MC:inst15|inst   ; out              ;
; |LIFO|RAM16_8:inst8|RAM4_4:inst3|MC:inst3|inst3   ; |LIFO|RAM16_8:inst8|RAM4_4:inst3|MC:inst3|inst3   ; out              ;
; |LIFO|RAM16_8:inst8|RAM4_4:inst3|MC:inst3|inst    ; |LIFO|RAM16_8:inst8|RAM4_4:inst3|MC:inst3|inst    ; out              ;
; |LIFO|RAM16_8:inst8|RAM4_4:inst3|MC:inst14|inst3  ; |LIFO|RAM16_8:inst8|RAM4_4:inst3|MC:inst14|inst3  ; out              ;
; |LIFO|RAM16_8:inst8|RAM4_4:inst3|MC:inst14|inst   ; |LIFO|RAM16_8:inst8|RAM4_4:inst3|MC:inst14|inst   ; out              ;
; |LIFO|RAM16_8:inst8|RAM4_4:inst3|MC:inst2|inst3   ; |LIFO|RAM16_8:inst8|RAM4_4:inst3|MC:inst2|inst3   ; out              ;
; |LIFO|RAM16_8:inst8|RAM4_4:inst3|MC:inst2|inst    ; |LIFO|RAM16_8:inst8|RAM4_4:inst3|MC:inst2|inst    ; out              ;
; |LIFO|RAM16_8:inst8|RAM4_4:inst3|MC:inst13|inst3  ; |LIFO|RAM16_8:inst8|RAM4_4:inst3|MC:inst13|inst3  ; out              ;
; |LIFO|RAM16_8:inst8|RAM4_4:inst3|MC:inst13|inst   ; |LIFO|RAM16_8:inst8|RAM4_4:inst3|MC:inst13|inst   ; out              ;
; |LIFO|RAM16_8:inst8|RAM4_4:inst3|MC:inst1|inst3   ; |LIFO|RAM16_8:inst8|RAM4_4:inst3|MC:inst1|inst3   ; out              ;
; |LIFO|RAM16_8:inst8|RAM4_4:inst3|MC:inst1|inst    ; |LIFO|RAM16_8:inst8|RAM4_4:inst3|MC:inst1|inst    ; out              ;
+---------------------------------------------------+---------------------------------------------------+------------------+


+---------------------+
; Simulator INI Usage ;
+--------+------------+
; Option ; Usage      ;
+--------+------------+


+--------------------+
; Simulator Messages ;
+--------------------+
Info: *******************************************************************
Info: Running Quartus II 64-Bit Simulator
    Info: Version 13.0.1 Build 232 06/12/2013 Service Pack 1 SJ Web Edition
    Info: Processing started: Tue Oct 08 09:37:38 2024
Info: Command: quartus_sim --simulation_results_format=VWF LIFO -c LIFO
Info (324025): Using vector source file "D:/study/year3/TKLLS/DoAn/LIFO/Waveform2.vwf"
Info (310003): Option to preserve fewer signal transitions to reduce memory requirements is enabled
    Info (310004): Simulation has been partitioned into sub-simulations according to the maximum transition count determined by the engine. Transitions from memory will be flushed out to disk at the end of each sub-simulation to reduce memory requirements.
Info (310002): Simulation partitioned into 1 sub-simulations
Info (328053): Simulation coverage is      56.51 %
Info (328052): Number of transitions in simulation is 14911
Info (324045): Vector file LIFO.sim.vwf is saved in VWF text format. You can compress it into CVWF format in order to reduce file size. For more details please refer to the Quartus II Help.
Info: Quartus II 64-Bit Simulator was successful. 0 errors, 0 warnings
    Info: Peak virtual memory: 4445 megabytes
    Info: Processing ended: Tue Oct 08 09:37:38 2024
    Info: Elapsed time: 00:00:00
    Info: Total CPU time (on all processors): 00:00:00


